"ID","TIME","ETA_V2","ETA_KA","ETA_CL"
1,0,0.39542,-0.10506,0.40935
1,24,0.39542,-0.10506,0.40935
1,47.98,0.39542,-0.10506,0.40935
1,48,0.39542,-0.10506,0.40935
1,71.97,0.39542,-0.10506,0.40935
1,72,0.39542,-0.10506,0.40935
1,96,0.39542,-0.10506,0.40935
1,119.97,0.39542,-0.10506,0.40935
1,120,0.39542,-0.10506,0.40935
1,144,0.39542,-0.10506,0.40935
1,168,0.39542,-0.10506,0.40935
1,191.97,0.39542,-0.10506,0.40935
1,192,0.39542,-0.10506,0.40935
1,216,0.39542,-0.10506,0.40935
1,240,0.39542,-0.10506,0.40935
1,263.97,0.39542,-0.10506,0.40935
1,264,0.39542,-0.10506,0.40935
1,289,0.39542,-0.10506,0.40935
1,313,0.39542,-0.10506,0.40935
1,335.97,0.39542,-0.10506,0.40935
1,337,0.39542,-0.10506,0.40935
1,361,0.39542,-0.10506,0.40935
1,385,0.39542,-0.10506,0.40935
1,407.97,0.39542,-0.10506,0.40935
1,409,0.39542,-0.10506,0.40935
1,433,0.39542,-0.10506,0.40935
1,457,0.39542,-0.10506,0.40935
1,479.97,0.39542,-0.10506,0.40935
1,481,0.39542,-0.10506,0.40935
1,481,0.39542,-0.10506,0.40935
1,482,0.39542,-0.10506,0.40935
1,483,0.39542,-0.10506,0.40935
1,484,0.39542,-0.10506,0.40935
1,485,0.39542,-0.10506,0.40935
1,486,0.39542,-0.10506,0.40935
1,487,0.39542,-0.10506,0.40935
1,488,0.39542,-0.10506,0.40935
1,492,0.39542,-0.10506,0.40935
1,504,0.39542,-0.10506,0.40935
2,0,-0.085189,0.19127,-0.52936
2,24,-0.085189,0.19127,-0.52936
2,47.97,-0.085189,0.19127,-0.52936
2,48,-0.085189,0.19127,-0.52936
2,71.97,-0.085189,0.19127,-0.52936
2,72,-0.085189,0.19127,-0.52936
2,96,-0.085189,0.19127,-0.52936
2,120,-0.085189,0.19127,-0.52936
2,120.05,-0.085189,0.19127,-0.52936
2,144,-0.085189,0.19127,-0.52936
2,168,-0.085189,0.19127,-0.52936
2,191.97,-0.085189,0.19127,-0.52936
2,192,-0.085189,0.19127,-0.52936
2,216,-0.085189,0.19127,-0.52936
2,240,-0.085189,0.19127,-0.52936
2,264,-0.085189,0.19127,-0.52936
2,289,-0.085189,0.19127,-0.52936
2,313,-0.085189,0.19127,-0.52936
2,335.97,-0.085189,0.19127,-0.52936
2,337,-0.085189,0.19127,-0.52936
2,361,-0.085189,0.19127,-0.52936
2,385,-0.085189,0.19127,-0.52936
2,407.97,-0.085189,0.19127,-0.52936
2,409,-0.085189,0.19127,-0.52936
2,433,-0.085189,0.19127,-0.52936
2,457,-0.085189,0.19127,-0.52936
2,479.97,-0.085189,0.19127,-0.52936
2,481,-0.085189,0.19127,-0.52936
2,481,-0.085189,0.19127,-0.52936
2,482,-0.085189,0.19127,-0.52936
2,483,-0.085189,0.19127,-0.52936
2,484.15,-0.085189,0.19127,-0.52936
2,485,-0.085189,0.19127,-0.52936
2,486,-0.085189,0.19127,-0.52936
2,487,-0.085189,0.19127,-0.52936
2,488,-0.085189,0.19127,-0.52936
2,492,-0.085189,0.19127,-0.52936
2,504,-0.085189,0.19127,-0.52936
3,0,0.25138,-0.25201,0.2366
3,24,0.25138,-0.25201,0.2366
3,47.97,0.25138,-0.25201,0.2366
3,48,0.25138,-0.25201,0.2366
3,71.97,0.25138,-0.25201,0.2366
3,72,0.25138,-0.25201,0.2366
3,96,0.25138,-0.25201,0.2366
3,119.97,0.25138,-0.25201,0.2366
3,120,0.25138,-0.25201,0.2366
3,144,0.25138,-0.25201,0.2366
3,168,0.25138,-0.25201,0.2366
3,191.97,0.25138,-0.25201,0.2366
3,192,0.25138,-0.25201,0.2366
3,216,0.25138,-0.25201,0.2366
3,240,0.25138,-0.25201,0.2366
3,263.97,0.25138,-0.25201,0.2366
3,264,0.25138,-0.25201,0.2366
3,289,0.25138,-0.25201,0.2366
3,313,0.25138,-0.25201,0.2366
3,335.97,0.25138,-0.25201,0.2366
3,337,0.25138,-0.25201,0.2366
3,361,0.25138,-0.25201,0.2366
3,385,0.25138,-0.25201,0.2366
3,407.97,0.25138,-0.25201,0.2366
3,409,0.25138,-0.25201,0.2366
3,433,0.25138,-0.25201,0.2366
3,457,0.25138,-0.25201,0.2366
3,479.97,0.25138,-0.25201,0.2366
3,481,0.25138,-0.25201,0.2366
3,481,0.25138,-0.25201,0.2366
3,482,0.25138,-0.25201,0.2366
3,483,0.25138,-0.25201,0.2366
3,484,0.25138,-0.25201,0.2366
3,485,0.25138,-0.25201,0.2366
3,486,0.25138,-0.25201,0.2366
3,487,0.25138,-0.25201,0.2366
3,488,0.25138,-0.25201,0.2366
3,492,0.25138,-0.25201,0.2366
3,504,0.25138,-0.25201,0.2366
4,0,0.28919,-0.78678,0.49678
4,24,0.28919,-0.78678,0.49678
4,47.97,0.28919,-0.78678,0.49678
4,48,0.28919,-0.78678,0.49678
4,71.97,0.28919,-0.78678,0.49678
4,72,0.28919,-0.78678,0.49678
4,96,0.28919,-0.78678,0.49678
4,119.97,0.28919,-0.78678,0.49678
4,120,0.28919,-0.78678,0.49678
4,144,0.28919,-0.78678,0.49678
4,168,0.28919,-0.78678,0.49678
4,191.97,0.28919,-0.78678,0.49678
4,192,0.28919,-0.78678,0.49678
4,216,0.28919,-0.78678,0.49678
4,240,0.28919,-0.78678,0.49678
4,263.93,0.28919,-0.78678,0.49678
4,264,0.28919,-0.78678,0.49678
4,288.03,0.28919,-0.78678,0.49678
4,312,0.28919,-0.78678,0.49678
4,336,0.28919,-0.78678,0.49678
4,336,0.28919,-0.78678,0.49678
4,360,0.28919,-0.78678,0.49678
4,384,0.28919,-0.78678,0.49678
4,407.97,0.28919,-0.78678,0.49678
4,408,0.28919,-0.78678,0.49678
4,432,0.28919,-0.78678,0.49678
4,456,0.28919,-0.78678,0.49678
4,479.98,0.28919,-0.78678,0.49678
4,480,0.28919,-0.78678,0.49678
4,481,0.28919,-0.78678,0.49678
4,482,0.28919,-0.78678,0.49678
4,483,0.28919,-0.78678,0.49678
4,484,0.28919,-0.78678,0.49678
4,485,0.28919,-0.78678,0.49678
4,486,0.28919,-0.78678,0.49678
4,487,0.28919,-0.78678,0.49678
4,488,0.28919,-0.78678,0.49678
4,492,0.28919,-0.78678,0.49678
4,504,0.28919,-0.78678,0.49678
5,0,-0.093476,-0.28564,0.46277
5,24,-0.093476,-0.28564,0.46277
5,47.97,-0.093476,-0.28564,0.46277
5,48,-0.093476,-0.28564,0.46277
5,71.97,-0.093476,-0.28564,0.46277
5,72,-0.093476,-0.28564,0.46277
5,96,-0.093476,-0.28564,0.46277
5,119.97,-0.093476,-0.28564,0.46277
5,120,-0.093476,-0.28564,0.46277
5,144,-0.093476,-0.28564,0.46277
5,168,-0.093476,-0.28564,0.46277
5,191.98,-0.093476,-0.28564,0.46277
5,192,-0.093476,-0.28564,0.46277
5,216.02,-0.093476,-0.28564,0.46277
5,240,-0.093476,-0.28564,0.46277
5,263.97,-0.093476,-0.28564,0.46277
5,264,-0.093476,-0.28564,0.46277
5,288.03,-0.093476,-0.28564,0.46277
5,312,-0.093476,-0.28564,0.46277
5,335.97,-0.093476,-0.28564,0.46277
5,336,-0.093476,-0.28564,0.46277
5,360,-0.093476,-0.28564,0.46277
5,384,-0.093476,-0.28564,0.46277
5,407.97,-0.093476,-0.28564,0.46277
5,408,-0.093476,-0.28564,0.46277
5,432,-0.093476,-0.28564,0.46277
5,456,-0.093476,-0.28564,0.46277
5,479.97,-0.093476,-0.28564,0.46277
5,480,-0.093476,-0.28564,0.46277
5,481,-0.093476,-0.28564,0.46277
5,482,-0.093476,-0.28564,0.46277
5,483,-0.093476,-0.28564,0.46277
5,484,-0.093476,-0.28564,0.46277
5,485,-0.093476,-0.28564,0.46277
5,486,-0.093476,-0.28564,0.46277
5,487,-0.093476,-0.28564,0.46277
5,488,-0.093476,-0.28564,0.46277
5,492,-0.093476,-0.28564,0.46277
5,504,-0.093476,-0.28564,0.46277
6,0,-0.6914,0.22665,-0.21574
6,24,-0.6914,0.22665,-0.21574
6,47.97,-0.6914,0.22665,-0.21574
6,48,-0.6914,0.22665,-0.21574
6,71.97,-0.6914,0.22665,-0.21574
6,72,-0.6914,0.22665,-0.21574
6,96,-0.6914,0.22665,-0.21574
6,119.97,-0.6914,0.22665,-0.21574
6,120,-0.6914,0.22665,-0.21574
6,144,-0.6914,0.22665,-0.21574
6,168,-0.6914,0.22665,-0.21574
6,191.97,-0.6914,0.22665,-0.21574
6,192,-0.6914,0.22665,-0.21574
6,216.03,-0.6914,0.22665,-0.21574
6,240,-0.6914,0.22665,-0.21574
6,263.97,-0.6914,0.22665,-0.21574
6,264,-0.6914,0.22665,-0.21574
6,288,-0.6914,0.22665,-0.21574
6,312,-0.6914,0.22665,-0.21574
6,335.97,-0.6914,0.22665,-0.21574
6,336,-0.6914,0.22665,-0.21574
6,360,-0.6914,0.22665,-0.21574
6,384,-0.6914,0.22665,-0.21574
6,407.97,-0.6914,0.22665,-0.21574
6,408,-0.6914,0.22665,-0.21574
6,432,-0.6914,0.22665,-0.21574
6,456,-0.6914,0.22665,-0.21574
6,479.97,-0.6914,0.22665,-0.21574
6,480,-0.6914,0.22665,-0.21574
6,481,-0.6914,0.22665,-0.21574
6,482,-0.6914,0.22665,-0.21574
6,483,-0.6914,0.22665,-0.21574
6,484,-0.6914,0.22665,-0.21574
6,485,-0.6914,0.22665,-0.21574
6,486,-0.6914,0.22665,-0.21574
6,487,-0.6914,0.22665,-0.21574
6,488,-0.6914,0.22665,-0.21574
6,492,-0.6914,0.22665,-0.21574
6,504,-0.6914,0.22665,-0.21574
7,0,-0.40522,0.49693,-0.42875
7,24,-0.40522,0.49693,-0.42875
7,47.97,-0.40522,0.49693,-0.42875
7,48,-0.40522,0.49693,-0.42875
7,71.97,-0.40522,0.49693,-0.42875
7,72,-0.40522,0.49693,-0.42875
7,96,-0.40522,0.49693,-0.42875
7,119.97,-0.40522,0.49693,-0.42875
7,120,-0.40522,0.49693,-0.42875
7,144,-0.40522,0.49693,-0.42875
7,168,-0.40522,0.49693,-0.42875
7,191.97,-0.40522,0.49693,-0.42875
7,192,-0.40522,0.49693,-0.42875
7,216,-0.40522,0.49693,-0.42875
7,240,-0.40522,0.49693,-0.42875
7,263.97,-0.40522,0.49693,-0.42875
7,264,-0.40522,0.49693,-0.42875
7,288,-0.40522,0.49693,-0.42875
7,312,-0.40522,0.49693,-0.42875
7,335.97,-0.40522,0.49693,-0.42875
7,336,-0.40522,0.49693,-0.42875
7,360,-0.40522,0.49693,-0.42875
7,384,-0.40522,0.49693,-0.42875
7,407.97,-0.40522,0.49693,-0.42875
7,408,-0.40522,0.49693,-0.42875
7,432,-0.40522,0.49693,-0.42875
7,456,-0.40522,0.49693,-0.42875
7,479.97,-0.40522,0.49693,-0.42875
7,480,-0.40522,0.49693,-0.42875
7,481,-0.40522,0.49693,-0.42875
7,482,-0.40522,0.49693,-0.42875
7,483,-0.40522,0.49693,-0.42875
7,484,-0.40522,0.49693,-0.42875
7,485,-0.40522,0.49693,-0.42875
7,486.02,-0.40522,0.49693,-0.42875
7,487,-0.40522,0.49693,-0.42875
7,488,-0.40522,0.49693,-0.42875
7,492,-0.40522,0.49693,-0.42875
7,504,-0.40522,0.49693,-0.42875
8,0,-0.2733,0.33321,-0.02043
8,23.92,-0.2733,0.33321,-0.02043
8,47.92,-0.2733,0.33321,-0.02043
8,47.97,-0.2733,0.33321,-0.02043
8,71.92,-0.2733,0.33321,-0.02043
8,71.97,-0.2733,0.33321,-0.02043
8,95.92,-0.2733,0.33321,-0.02043
8,119.92,-0.2733,0.33321,-0.02043
8,119.97,-0.2733,0.33321,-0.02043
8,143.92,-0.2733,0.33321,-0.02043
8,167.92,-0.2733,0.33321,-0.02043
8,191.92,-0.2733,0.33321,-0.02043
8,191.97,-0.2733,0.33321,-0.02043
8,215.92,-0.2733,0.33321,-0.02043
8,239.92,-0.2733,0.33321,-0.02043
8,263.92,-0.2733,0.33321,-0.02043
8,263.97,-0.2733,0.33321,-0.02043
8,287.92,-0.2733,0.33321,-0.02043
8,311.92,-0.2733,0.33321,-0.02043
8,335.92,-0.2733,0.33321,-0.02043
8,335.97,-0.2733,0.33321,-0.02043
8,359.92,-0.2733,0.33321,-0.02043
8,383.92,-0.2733,0.33321,-0.02043
8,407.92,-0.2733,0.33321,-0.02043
8,407.97,-0.2733,0.33321,-0.02043
8,431.92,-0.2733,0.33321,-0.02043
8,455.92,-0.2733,0.33321,-0.02043
8,479.92,-0.2733,0.33321,-0.02043
8,479.97,-0.2733,0.33321,-0.02043
8,481,-0.2733,0.33321,-0.02043
8,482,-0.2733,0.33321,-0.02043
8,483,-0.2733,0.33321,-0.02043
8,484,-0.2733,0.33321,-0.02043
8,485,-0.2733,0.33321,-0.02043
8,486,-0.2733,0.33321,-0.02043
8,487,-0.2733,0.33321,-0.02043
8,488,-0.2733,0.33321,-0.02043
8,492,-0.2733,0.33321,-0.02043
8,504,-0.2733,0.33321,-0.02043
9,0,-0.043913,0.030871,-0.46391
9,24,-0.043913,0.030871,-0.46391
9,47.97,-0.043913,0.030871,-0.46391
9,48,-0.043913,0.030871,-0.46391
9,71.97,-0.043913,0.030871,-0.46391
9,72,-0.043913,0.030871,-0.46391
9,96,-0.043913,0.030871,-0.46391
9,119.97,-0.043913,0.030871,-0.46391
9,120,-0.043913,0.030871,-0.46391
9,144,-0.043913,0.030871,-0.46391
9,168,-0.043913,0.030871,-0.46391
9,191.97,-0.043913,0.030871,-0.46391
9,192,-0.043913,0.030871,-0.46391
9,216,-0.043913,0.030871,-0.46391
9,240,-0.043913,0.030871,-0.46391
9,263.97,-0.043913,0.030871,-0.46391
9,264,-0.043913,0.030871,-0.46391
9,288,-0.043913,0.030871,-0.46391
9,312,-0.043913,0.030871,-0.46391
9,335.97,-0.043913,0.030871,-0.46391
9,336,-0.043913,0.030871,-0.46391
9,360,-0.043913,0.030871,-0.46391
9,384,-0.043913,0.030871,-0.46391
9,407.97,-0.043913,0.030871,-0.46391
9,408,-0.043913,0.030871,-0.46391
9,432,-0.043913,0.030871,-0.46391
9,456,-0.043913,0.030871,-0.46391
9,479.98,-0.043913,0.030871,-0.46391
9,480,-0.043913,0.030871,-0.46391
9,481,-0.043913,0.030871,-0.46391
9,482,-0.043913,0.030871,-0.46391
9,483,-0.043913,0.030871,-0.46391
9,484,-0.043913,0.030871,-0.46391
9,485,-0.043913,0.030871,-0.46391
9,486,-0.043913,0.030871,-0.46391
9,487,-0.043913,0.030871,-0.46391
9,488,-0.043913,0.030871,-0.46391
9,492,-0.043913,0.030871,-0.46391
9,504,-0.043913,0.030871,-0.46391
10,0,0.22988,-0.46393,0.79795
10,24,0.22988,-0.46393,0.79795
10,48,0.22988,-0.46393,0.79795
10,71.97,0.22988,-0.46393,0.79795
10,72,0.22988,-0.46393,0.79795
10,96,0.22988,-0.46393,0.79795
10,119.97,0.22988,-0.46393,0.79795
10,120,0.22988,-0.46393,0.79795
10,144,0.22988,-0.46393,0.79795
10,168,0.22988,-0.46393,0.79795
10,191.97,0.22988,-0.46393,0.79795
10,192,0.22988,-0.46393,0.79795
10,216,0.22988,-0.46393,0.79795
10,240,0.22988,-0.46393,0.79795
10,263.97,0.22988,-0.46393,0.79795
10,264,0.22988,-0.46393,0.79795
10,288,0.22988,-0.46393,0.79795
10,312,0.22988,-0.46393,0.79795
10,335.97,0.22988,-0.46393,0.79795
10,336,0.22988,-0.46393,0.79795
10,360,0.22988,-0.46393,0.79795
10,384,0.22988,-0.46393,0.79795
10,407.97,0.22988,-0.46393,0.79795
10,408,0.22988,-0.46393,0.79795
10,432,0.22988,-0.46393,0.79795
10,456,0.22988,-0.46393,0.79795
10,479.97,0.22988,-0.46393,0.79795
10,480,0.22988,-0.46393,0.79795
10,481,0.22988,-0.46393,0.79795
10,482,0.22988,-0.46393,0.79795
10,483,0.22988,-0.46393,0.79795
10,484,0.22988,-0.46393,0.79795
10,485,0.22988,-0.46393,0.79795
10,486,0.22988,-0.46393,0.79795
10,487,0.22988,-0.46393,0.79795
10,488,0.22988,-0.46393,0.79795
10,492,0.22988,-0.46393,0.79795
10,504,0.22988,-0.46393,0.79795
11,0,0.47395,-0.26666,-0.47705
11,24,0.47395,-0.26666,-0.47705
11,47.98,0.47395,-0.26666,-0.47705
11,48,0.47395,-0.26666,-0.47705
11,71.97,0.47395,-0.26666,-0.47705
11,72,0.47395,-0.26666,-0.47705
11,96,0.47395,-0.26666,-0.47705
11,119.97,0.47395,-0.26666,-0.47705
11,120,0.47395,-0.26666,-0.47705
11,144,0.47395,-0.26666,-0.47705
11,168,0.47395,-0.26666,-0.47705
11,191.97,0.47395,-0.26666,-0.47705
11,192,0.47395,-0.26666,-0.47705
11,216,0.47395,-0.26666,-0.47705
11,240,0.47395,-0.26666,-0.47705
11,263.97,0.47395,-0.26666,-0.47705
11,264,0.47395,-0.26666,-0.47705
11,288,0.47395,-0.26666,-0.47705
11,312,0.47395,-0.26666,-0.47705
11,335.97,0.47395,-0.26666,-0.47705
11,336,0.47395,-0.26666,-0.47705
11,360,0.47395,-0.26666,-0.47705
11,384,0.47395,-0.26666,-0.47705
11,407.97,0.47395,-0.26666,-0.47705
11,408,0.47395,-0.26666,-0.47705
11,432,0.47395,-0.26666,-0.47705
11,456,0.47395,-0.26666,-0.47705
11,479.97,0.47395,-0.26666,-0.47705
11,480,0.47395,-0.26666,-0.47705
11,481,0.47395,-0.26666,-0.47705
11,482,0.47395,-0.26666,-0.47705
11,483,0.47395,-0.26666,-0.47705
11,484,0.47395,-0.26666,-0.47705
11,485,0.47395,-0.26666,-0.47705
11,486,0.47395,-0.26666,-0.47705
11,487,0.47395,-0.26666,-0.47705
11,488,0.47395,-0.26666,-0.47705
11,492,0.47395,-0.26666,-0.47705
11,504,0.47395,-0.26666,-0.47705
12,0,-0.29877,-0.043545,-0.23517
12,24,-0.29877,-0.043545,-0.23517
12,47.97,-0.29877,-0.043545,-0.23517
12,48,-0.29877,-0.043545,-0.23517
12,71.97,-0.29877,-0.043545,-0.23517
12,72,-0.29877,-0.043545,-0.23517
12,96,-0.29877,-0.043545,-0.23517
12,119.97,-0.29877,-0.043545,-0.23517
12,120,-0.29877,-0.043545,-0.23517
12,144,-0.29877,-0.043545,-0.23517
12,168,-0.29877,-0.043545,-0.23517
12,191.97,-0.29877,-0.043545,-0.23517
12,192,-0.29877,-0.043545,-0.23517
12,216,-0.29877,-0.043545,-0.23517
12,240,-0.29877,-0.043545,-0.23517
12,263.97,-0.29877,-0.043545,-0.23517
12,264,-0.29877,-0.043545,-0.23517
12,288,-0.29877,-0.043545,-0.23517
12,312,-0.29877,-0.043545,-0.23517
12,335.97,-0.29877,-0.043545,-0.23517
12,336,-0.29877,-0.043545,-0.23517
12,360,-0.29877,-0.043545,-0.23517
12,384,-0.29877,-0.043545,-0.23517
12,407.97,-0.29877,-0.043545,-0.23517
12,408,-0.29877,-0.043545,-0.23517
12,432,-0.29877,-0.043545,-0.23517
12,456,-0.29877,-0.043545,-0.23517
12,479.97,-0.29877,-0.043545,-0.23517
12,480,-0.29877,-0.043545,-0.23517
12,481,-0.29877,-0.043545,-0.23517
12,482,-0.29877,-0.043545,-0.23517
12,484,-0.29877,-0.043545,-0.23517
12,485,-0.29877,-0.043545,-0.23517
12,486,-0.29877,-0.043545,-0.23517
12,487,-0.29877,-0.043545,-0.23517
12,488,-0.29877,-0.043545,-0.23517
12,504,-0.29877,-0.043545,-0.23517
13,0,-0.1751,0.12524,-0.58356
13,24,-0.1751,0.12524,-0.58356
13,47.97,-0.1751,0.12524,-0.58356
13,48,-0.1751,0.12524,-0.58356
13,71.97,-0.1751,0.12524,-0.58356
13,72,-0.1751,0.12524,-0.58356
13,96,-0.1751,0.12524,-0.58356
13,119.97,-0.1751,0.12524,-0.58356
13,120,-0.1751,0.12524,-0.58356
13,144,-0.1751,0.12524,-0.58356
13,168,-0.1751,0.12524,-0.58356
13,191.97,-0.1751,0.12524,-0.58356
13,192,-0.1751,0.12524,-0.58356
13,216,-0.1751,0.12524,-0.58356
13,240,-0.1751,0.12524,-0.58356
13,263.97,-0.1751,0.12524,-0.58356
13,264,-0.1751,0.12524,-0.58356
13,288,-0.1751,0.12524,-0.58356
13,312,-0.1751,0.12524,-0.58356
13,335.97,-0.1751,0.12524,-0.58356
13,336,-0.1751,0.12524,-0.58356
13,360,-0.1751,0.12524,-0.58356
13,384,-0.1751,0.12524,-0.58356
13,407.97,-0.1751,0.12524,-0.58356
13,408,-0.1751,0.12524,-0.58356
13,432,-0.1751,0.12524,-0.58356
13,455,-0.1751,0.12524,-0.58356
13,479,-0.1751,0.12524,-0.58356
13,479.97,-0.1751,0.12524,-0.58356
13,481,-0.1751,0.12524,-0.58356
13,482.13,-0.1751,0.12524,-0.58356
13,483,-0.1751,0.12524,-0.58356
13,484,-0.1751,0.12524,-0.58356
13,485,-0.1751,0.12524,-0.58356
13,486,-0.1751,0.12524,-0.58356
13,487,-0.1751,0.12524,-0.58356
13,488,-0.1751,0.12524,-0.58356
13,492,-0.1751,0.12524,-0.58356
13,504.07,-0.1751,0.12524,-0.58356
14,0,0.0283,0.26214,-0.33481
14,24,0.0283,0.26214,-0.33481
14,47.97,0.0283,0.26214,-0.33481
14,48,0.0283,0.26214,-0.33481
14,71.97,0.0283,0.26214,-0.33481
14,72,0.0283,0.26214,-0.33481
14,96,0.0283,0.26214,-0.33481
14,119.97,0.0283,0.26214,-0.33481
14,120,0.0283,0.26214,-0.33481
14,144,0.0283,0.26214,-0.33481
14,168,0.0283,0.26214,-0.33481
14,191.97,0.0283,0.26214,-0.33481
14,192,0.0283,0.26214,-0.33481
14,216,0.0283,0.26214,-0.33481
14,240,0.0283,0.26214,-0.33481
14,263.97,0.0283,0.26214,-0.33481
14,264,0.0283,0.26214,-0.33481
14,288,0.0283,0.26214,-0.33481
14,312,0.0283,0.26214,-0.33481
14,335.97,0.0283,0.26214,-0.33481
14,336,0.0283,0.26214,-0.33481
14,360,0.0283,0.26214,-0.33481
14,384,0.0283,0.26214,-0.33481
14,407.97,0.0283,0.26214,-0.33481
14,408,0.0283,0.26214,-0.33481
14,432,0.0283,0.26214,-0.33481
14,456,0.0283,0.26214,-0.33481
14,479.97,0.0283,0.26214,-0.33481
14,480,0.0283,0.26214,-0.33481
14,481.03,0.0283,0.26214,-0.33481
14,482,0.0283,0.26214,-0.33481
14,483,0.0283,0.26214,-0.33481
14,484,0.0283,0.26214,-0.33481
14,485,0.0283,0.26214,-0.33481
14,486,0.0283,0.26214,-0.33481
14,487,0.0283,0.26214,-0.33481
14,488,0.0283,0.26214,-0.33481
14,492,0.0283,0.26214,-0.33481
14,504,0.0283,0.26214,-0.33481
15,0,-0.89687,0.398,0.48754
15,24,-0.89687,0.398,0.48754
15,47.97,-0.89687,0.398,0.48754
15,48,-0.89687,0.398,0.48754
15,71.97,-0.89687,0.398,0.48754
15,72,-0.89687,0.398,0.48754
15,96,-0.89687,0.398,0.48754
15,119.97,-0.89687,0.398,0.48754
15,120,-0.89687,0.398,0.48754
15,144,-0.89687,0.398,0.48754
15,168,-0.89687,0.398,0.48754
15,191.97,-0.89687,0.398,0.48754
15,192,-0.89687,0.398,0.48754
15,216,-0.89687,0.398,0.48754
15,240,-0.89687,0.398,0.48754
15,263.97,-0.89687,0.398,0.48754
15,264,-0.89687,0.398,0.48754
15,288,-0.89687,0.398,0.48754
15,312,-0.89687,0.398,0.48754
15,335.97,-0.89687,0.398,0.48754
15,336,-0.89687,0.398,0.48754
15,360,-0.89687,0.398,0.48754
15,384,-0.89687,0.398,0.48754
15,408,-0.89687,0.398,0.48754
15,408,-0.89687,0.398,0.48754
15,432.03,-0.89687,0.398,0.48754
15,456,-0.89687,0.398,0.48754
15,479.97,-0.89687,0.398,0.48754
15,480,-0.89687,0.398,0.48754
15,481,-0.89687,0.398,0.48754
15,482,-0.89687,0.398,0.48754
15,483,-0.89687,0.398,0.48754
15,484,-0.89687,0.398,0.48754
15,485,-0.89687,0.398,0.48754
15,486,-0.89687,0.398,0.48754
15,487,-0.89687,0.398,0.48754
15,488,-0.89687,0.398,0.48754
15,492,-0.89687,0.398,0.48754
15,504,-0.89687,0.398,0.48754
16,0,-0.4335,-0.64237,0.88578
16,24,-0.4335,-0.64237,0.88578
16,47.97,-0.4335,-0.64237,0.88578
16,48,-0.4335,-0.64237,0.88578
16,71.97,-0.4335,-0.64237,0.88578
16,72,-0.4335,-0.64237,0.88578
16,96,-0.4335,-0.64237,0.88578
16,119.97,-0.4335,-0.64237,0.88578
16,120,-0.4335,-0.64237,0.88578
16,144,-0.4335,-0.64237,0.88578
16,168,-0.4335,-0.64237,0.88578
16,191.97,-0.4335,-0.64237,0.88578
16,192,-0.4335,-0.64237,0.88578
16,216,-0.4335,-0.64237,0.88578
16,240,-0.4335,-0.64237,0.88578
16,263.97,-0.4335,-0.64237,0.88578
16,264,-0.4335,-0.64237,0.88578
16,288,-0.4335,-0.64237,0.88578
16,312,-0.4335,-0.64237,0.88578
16,335.97,-0.4335,-0.64237,0.88578
16,336,-0.4335,-0.64237,0.88578
16,360,-0.4335,-0.64237,0.88578
16,384,-0.4335,-0.64237,0.88578
16,407.97,-0.4335,-0.64237,0.88578
16,408,-0.4335,-0.64237,0.88578
16,432,-0.4335,-0.64237,0.88578
16,456,-0.4335,-0.64237,0.88578
16,479.97,-0.4335,-0.64237,0.88578
16,480,-0.4335,-0.64237,0.88578
16,481,-0.4335,-0.64237,0.88578
16,482,-0.4335,-0.64237,0.88578
16,483,-0.4335,-0.64237,0.88578
16,484,-0.4335,-0.64237,0.88578
16,485,-0.4335,-0.64237,0.88578
16,486,-0.4335,-0.64237,0.88578
16,487,-0.4335,-0.64237,0.88578
16,488,-0.4335,-0.64237,0.88578
16,492,-0.4335,-0.64237,0.88578
16,504,-0.4335,-0.64237,0.88578
17,0,0.22102,-0.016588,-0.18359
17,24,0.22102,-0.016588,-0.18359
17,47.97,0.22102,-0.016588,-0.18359
17,48,0.22102,-0.016588,-0.18359
17,71.97,0.22102,-0.016588,-0.18359
17,72,0.22102,-0.016588,-0.18359
17,96,0.22102,-0.016588,-0.18359
17,119.97,0.22102,-0.016588,-0.18359
17,120,0.22102,-0.016588,-0.18359
17,144,0.22102,-0.016588,-0.18359
17,168,0.22102,-0.016588,-0.18359
17,191.97,0.22102,-0.016588,-0.18359
17,192,0.22102,-0.016588,-0.18359
17,216,0.22102,-0.016588,-0.18359
17,240,0.22102,-0.016588,-0.18359
17,263.97,0.22102,-0.016588,-0.18359
17,264,0.22102,-0.016588,-0.18359
17,289,0.22102,-0.016588,-0.18359
17,313,0.22102,-0.016588,-0.18359
17,335.97,0.22102,-0.016588,-0.18359
17,337,0.22102,-0.016588,-0.18359
17,361,0.22102,-0.016588,-0.18359
17,385,0.22102,-0.016588,-0.18359
17,407.97,0.22102,-0.016588,-0.18359
17,409,0.22102,-0.016588,-0.18359
17,433,0.22102,-0.016588,-0.18359
17,457,0.22102,-0.016588,-0.18359
17,479.97,0.22102,-0.016588,-0.18359
17,481,0.22102,-0.016588,-0.18359
17,481,0.22102,-0.016588,-0.18359
17,482,0.22102,-0.016588,-0.18359
17,483,0.22102,-0.016588,-0.18359
17,484,0.22102,-0.016588,-0.18359
17,485,0.22102,-0.016588,-0.18359
17,486,0.22102,-0.016588,-0.18359
17,487,0.22102,-0.016588,-0.18359
17,488,0.22102,-0.016588,-0.18359
17,492,0.22102,-0.016588,-0.18359
17,504,0.22102,-0.016588,-0.18359
18,0,-0.45236,0.41078,-0.35822
18,24,-0.45236,0.41078,-0.35822
18,47.97,-0.45236,0.41078,-0.35822
18,48,-0.45236,0.41078,-0.35822
18,71.97,-0.45236,0.41078,-0.35822
18,72,-0.45236,0.41078,-0.35822
18,96,-0.45236,0.41078,-0.35822
18,119.97,-0.45236,0.41078,-0.35822
18,120,-0.45236,0.41078,-0.35822
18,144,-0.45236,0.41078,-0.35822
18,168,-0.45236,0.41078,-0.35822
18,191.97,-0.45236,0.41078,-0.35822
18,192,-0.45236,0.41078,-0.35822
18,216,-0.45236,0.41078,-0.35822
18,240,-0.45236,0.41078,-0.35822
18,263.97,-0.45236,0.41078,-0.35822
18,264,-0.45236,0.41078,-0.35822
18,289,-0.45236,0.41078,-0.35822
18,313,-0.45236,0.41078,-0.35822
18,335.97,-0.45236,0.41078,-0.35822
18,337,-0.45236,0.41078,-0.35822
18,361,-0.45236,0.41078,-0.35822
18,385,-0.45236,0.41078,-0.35822
18,407.97,-0.45236,0.41078,-0.35822
18,409,-0.45236,0.41078,-0.35822
18,433,-0.45236,0.41078,-0.35822
18,457,-0.45236,0.41078,-0.35822
18,479.97,-0.45236,0.41078,-0.35822
18,481,-0.45236,0.41078,-0.35822
18,481,-0.45236,0.41078,-0.35822
18,482,-0.45236,0.41078,-0.35822
18,483,-0.45236,0.41078,-0.35822
18,484,-0.45236,0.41078,-0.35822
18,485,-0.45236,0.41078,-0.35822
18,486,-0.45236,0.41078,-0.35822
18,487,-0.45236,0.41078,-0.35822
18,488,-0.45236,0.41078,-0.35822
18,492,-0.45236,0.41078,-0.35822
18,504,-0.45236,0.41078,-0.35822
19,0,0.08355,-0.50235,0.062348
19,24,0.08355,-0.50235,0.062348
19,47.97,0.08355,-0.50235,0.062348
19,48,0.08355,-0.50235,0.062348
19,71.97,0.08355,-0.50235,0.062348
19,72,0.08355,-0.50235,0.062348
19,96,0.08355,-0.50235,0.062348
19,119.98,0.08355,-0.50235,0.062348
19,120,0.08355,-0.50235,0.062348
19,144,0.08355,-0.50235,0.062348
19,168,0.08355,-0.50235,0.062348
19,191.97,0.08355,-0.50235,0.062348
19,192,0.08355,-0.50235,0.062348
19,216,0.08355,-0.50235,0.062348
19,240,0.08355,-0.50235,0.062348
19,263.97,0.08355,-0.50235,0.062348
19,264,0.08355,-0.50235,0.062348
19,289,0.08355,-0.50235,0.062348
19,313,0.08355,-0.50235,0.062348
19,335.97,0.08355,-0.50235,0.062348
19,337,0.08355,-0.50235,0.062348
19,361,0.08355,-0.50235,0.062348
19,385,0.08355,-0.50235,0.062348
19,407.98,0.08355,-0.50235,0.062348
19,409,0.08355,-0.50235,0.062348
19,433,0.08355,-0.50235,0.062348
19,457,0.08355,-0.50235,0.062348
19,479.97,0.08355,-0.50235,0.062348
19,481,0.08355,-0.50235,0.062348
19,481,0.08355,-0.50235,0.062348
19,482,0.08355,-0.50235,0.062348
19,483,0.08355,-0.50235,0.062348
19,484,0.08355,-0.50235,0.062348
19,485,0.08355,-0.50235,0.062348
19,486,0.08355,-0.50235,0.062348
19,487,0.08355,-0.50235,0.062348
19,488,0.08355,-0.50235,0.062348
19,492,0.08355,-0.50235,0.062348
19,504,0.08355,-0.50235,0.062348
20,0,-0.45021,-0.10029,-0.50426
20,24,-0.45021,-0.10029,-0.50426
20,47.97,-0.45021,-0.10029,-0.50426
20,48,-0.45021,-0.10029,-0.50426
20,71.97,-0.45021,-0.10029,-0.50426
20,72,-0.45021,-0.10029,-0.50426
20,96,-0.45021,-0.10029,-0.50426
20,119.97,-0.45021,-0.10029,-0.50426
20,120,-0.45021,-0.10029,-0.50426
20,144,-0.45021,-0.10029,-0.50426
20,168,-0.45021,-0.10029,-0.50426
20,191.97,-0.45021,-0.10029,-0.50426
20,192,-0.45021,-0.10029,-0.50426
20,216,-0.45021,-0.10029,-0.50426
20,240,-0.45021,-0.10029,-0.50426
20,263.97,-0.45021,-0.10029,-0.50426
20,264,-0.45021,-0.10029,-0.50426
20,289,-0.45021,-0.10029,-0.50426
20,313,-0.45021,-0.10029,-0.50426
20,336,-0.45021,-0.10029,-0.50426
20,337,-0.45021,-0.10029,-0.50426
20,361,-0.45021,-0.10029,-0.50426
20,385,-0.45021,-0.10029,-0.50426
20,407.97,-0.45021,-0.10029,-0.50426
20,409,-0.45021,-0.10029,-0.50426
20,433,-0.45021,-0.10029,-0.50426
20,457,-0.45021,-0.10029,-0.50426
20,479.97,-0.45021,-0.10029,-0.50426
20,481,-0.45021,-0.10029,-0.50426
20,481,-0.45021,-0.10029,-0.50426
20,482,-0.45021,-0.10029,-0.50426
20,483,-0.45021,-0.10029,-0.50426
20,484,-0.45021,-0.10029,-0.50426
20,485,-0.45021,-0.10029,-0.50426
20,486,-0.45021,-0.10029,-0.50426
20,487,-0.45021,-0.10029,-0.50426
20,488,-0.45021,-0.10029,-0.50426
20,492,-0.45021,-0.10029,-0.50426
20,504,-0.45021,-0.10029,-0.50426
21,0,-0.22596,0.063706,0.21595
21,24,-0.22596,0.063706,0.21595
21,47.97,-0.22596,0.063706,0.21595
21,48,-0.22596,0.063706,0.21595
21,71.97,-0.22596,0.063706,0.21595
21,72,-0.22596,0.063706,0.21595
21,96,-0.22596,0.063706,0.21595
21,119.97,-0.22596,0.063706,0.21595
21,120,-0.22596,0.063706,0.21595
21,144,-0.22596,0.063706,0.21595
21,168,-0.22596,0.063706,0.21595
21,191.97,-0.22596,0.063706,0.21595
21,192,-0.22596,0.063706,0.21595
21,216,-0.22596,0.063706,0.21595
21,240,-0.22596,0.063706,0.21595
21,263.95,-0.22596,0.063706,0.21595
21,264,-0.22596,0.063706,0.21595
21,288.13,-0.22596,0.063706,0.21595
21,312,-0.22596,0.063706,0.21595
21,335.97,-0.22596,0.063706,0.21595
21,336,-0.22596,0.063706,0.21595
21,360,-0.22596,0.063706,0.21595
21,384,-0.22596,0.063706,0.21595
21,407.97,-0.22596,0.063706,0.21595
21,408,-0.22596,0.063706,0.21595
21,432,-0.22596,0.063706,0.21595
21,456,-0.22596,0.063706,0.21595
21,479.98,-0.22596,0.063706,0.21595
21,480,-0.22596,0.063706,0.21595
21,481,-0.22596,0.063706,0.21595
21,482,-0.22596,0.063706,0.21595
21,483,-0.22596,0.063706,0.21595
21,484,-0.22596,0.063706,0.21595
21,485,-0.22596,0.063706,0.21595
21,486,-0.22596,0.063706,0.21595
21,487,-0.22596,0.063706,0.21595
21,488,-0.22596,0.063706,0.21595
21,492,-0.22596,0.063706,0.21595
21,504,-0.22596,0.063706,0.21595
22,0,0.036701,-0.044329,-0.097588
22,24,0.036701,-0.044329,-0.097588
22,47.98,0.036701,-0.044329,-0.097588
22,48,0.036701,-0.044329,-0.097588
22,71.97,0.036701,-0.044329,-0.097588
22,72,0.036701,-0.044329,-0.097588
22,96,0.036701,-0.044329,-0.097588
22,119.97,0.036701,-0.044329,-0.097588
22,120,0.036701,-0.044329,-0.097588
22,144,0.036701,-0.044329,-0.097588
22,168,0.036701,-0.044329,-0.097588
22,191.97,0.036701,-0.044329,-0.097588
22,192,0.036701,-0.044329,-0.097588
22,216,0.036701,-0.044329,-0.097588
22,240,0.036701,-0.044329,-0.097588
22,263.97,0.036701,-0.044329,-0.097588
22,264,0.036701,-0.044329,-0.097588
22,288,0.036701,-0.044329,-0.097588
22,312,0.036701,-0.044329,-0.097588
22,335.97,0.036701,-0.044329,-0.097588
22,336,0.036701,-0.044329,-0.097588
22,360,0.036701,-0.044329,-0.097588
22,384,0.036701,-0.044329,-0.097588
22,407.97,0.036701,-0.044329,-0.097588
22,408,0.036701,-0.044329,-0.097588
22,432,0.036701,-0.044329,-0.097588
22,456,0.036701,-0.044329,-0.097588
22,479.98,0.036701,-0.044329,-0.097588
22,480,0.036701,-0.044329,-0.097588
22,481,0.036701,-0.044329,-0.097588
22,482.05,0.036701,-0.044329,-0.097588
22,483,0.036701,-0.044329,-0.097588
22,484,0.036701,-0.044329,-0.097588
22,485,0.036701,-0.044329,-0.097588
22,486.05,0.036701,-0.044329,-0.097588
22,487,0.036701,-0.044329,-0.097588
22,488,0.036701,-0.044329,-0.097588
22,492,0.036701,-0.044329,-0.097588
22,504,0.036701,-0.044329,-0.097588
23,0,0.072347,-0.10281,-0.49274
23,24,0.072347,-0.10281,-0.49274
23,47.97,0.072347,-0.10281,-0.49274
23,48,0.072347,-0.10281,-0.49274
23,71.97,0.072347,-0.10281,-0.49274
23,72,0.072347,-0.10281,-0.49274
23,96,0.072347,-0.10281,-0.49274
23,119.97,0.072347,-0.10281,-0.49274
23,120,0.072347,-0.10281,-0.49274
23,144,0.072347,-0.10281,-0.49274
23,168,0.072347,-0.10281,-0.49274
23,191.97,0.072347,-0.10281,-0.49274
23,192,0.072347,-0.10281,-0.49274
23,216,0.072347,-0.10281,-0.49274
23,240,0.072347,-0.10281,-0.49274
23,263.97,0.072347,-0.10281,-0.49274
23,264,0.072347,-0.10281,-0.49274
23,288,0.072347,-0.10281,-0.49274
23,312,0.072347,-0.10281,-0.49274
23,335.97,0.072347,-0.10281,-0.49274
23,336,0.072347,-0.10281,-0.49274
23,360,0.072347,-0.10281,-0.49274
23,384,0.072347,-0.10281,-0.49274
23,407.97,0.072347,-0.10281,-0.49274
23,408,0.072347,-0.10281,-0.49274
23,432,0.072347,-0.10281,-0.49274
23,456,0.072347,-0.10281,-0.49274
23,479.98,0.072347,-0.10281,-0.49274
23,480,0.072347,-0.10281,-0.49274
23,481,0.072347,-0.10281,-0.49274
23,482,0.072347,-0.10281,-0.49274
23,483,0.072347,-0.10281,-0.49274
23,484,0.072347,-0.10281,-0.49274
23,485,0.072347,-0.10281,-0.49274
23,486,0.072347,-0.10281,-0.49274
23,487,0.072347,-0.10281,-0.49274
23,488,0.072347,-0.10281,-0.49274
23,492.02,0.072347,-0.10281,-0.49274
23,504,0.072347,-0.10281,-0.49274
24,0,0.35612,-0.24251,-0.02842
24,24,0.35612,-0.24251,-0.02842
24,47.97,0.35612,-0.24251,-0.02842
24,48,0.35612,-0.24251,-0.02842
24,71.97,0.35612,-0.24251,-0.02842
24,72,0.35612,-0.24251,-0.02842
24,96,0.35612,-0.24251,-0.02842
24,119.97,0.35612,-0.24251,-0.02842
24,120,0.35612,-0.24251,-0.02842
24,144,0.35612,-0.24251,-0.02842
24,168,0.35612,-0.24251,-0.02842
24,191.97,0.35612,-0.24251,-0.02842
24,192,0.35612,-0.24251,-0.02842
24,216,0.35612,-0.24251,-0.02842
24,240,0.35612,-0.24251,-0.02842
24,263.97,0.35612,-0.24251,-0.02842
24,264,0.35612,-0.24251,-0.02842
24,288,0.35612,-0.24251,-0.02842
24,312,0.35612,-0.24251,-0.02842
24,335.97,0.35612,-0.24251,-0.02842
24,336,0.35612,-0.24251,-0.02842
24,360,0.35612,-0.24251,-0.02842
24,384,0.35612,-0.24251,-0.02842
24,407.97,0.35612,-0.24251,-0.02842
24,408,0.35612,-0.24251,-0.02842
24,432,0.35612,-0.24251,-0.02842
24,456,0.35612,-0.24251,-0.02842
24,479.97,0.35612,-0.24251,-0.02842
24,480,0.35612,-0.24251,-0.02842
24,481,0.35612,-0.24251,-0.02842
24,482,0.35612,-0.24251,-0.02842
24,483,0.35612,-0.24251,-0.02842
24,484,0.35612,-0.24251,-0.02842
24,485,0.35612,-0.24251,-0.02842
24,486,0.35612,-0.24251,-0.02842
24,487,0.35612,-0.24251,-0.02842
24,488,0.35612,-0.24251,-0.02842
24,492,0.35612,-0.24251,-0.02842
24,504,0.35612,-0.24251,-0.02842
25,0,0.033279,0.47714,0.63039
25,24,0.033279,0.47714,0.63039
25,47.97,0.033279,0.47714,0.63039
25,48,0.033279,0.47714,0.63039
25,71.97,0.033279,0.47714,0.63039
25,72,0.033279,0.47714,0.63039
25,96,0.033279,0.47714,0.63039
25,119.97,0.033279,0.47714,0.63039
25,120,0.033279,0.47714,0.63039
25,144,0.033279,0.47714,0.63039
25,168,0.033279,0.47714,0.63039
25,191.97,0.033279,0.47714,0.63039
25,192,0.033279,0.47714,0.63039
25,216,0.033279,0.47714,0.63039
25,240,0.033279,0.47714,0.63039
25,263.98,0.033279,0.47714,0.63039
25,264,0.033279,0.47714,0.63039
25,288,0.033279,0.47714,0.63039
25,312,0.033279,0.47714,0.63039
25,335.97,0.033279,0.47714,0.63039
25,336,0.033279,0.47714,0.63039
25,360,0.033279,0.47714,0.63039
25,384,0.033279,0.47714,0.63039
25,407.97,0.033279,0.47714,0.63039
25,408,0.033279,0.47714,0.63039
25,432,0.033279,0.47714,0.63039
25,456,0.033279,0.47714,0.63039
25,479.97,0.033279,0.47714,0.63039
25,480,0.033279,0.47714,0.63039
25,481,0.033279,0.47714,0.63039
25,482.03,0.033279,0.47714,0.63039
25,483,0.033279,0.47714,0.63039
25,484,0.033279,0.47714,0.63039
25,485,0.033279,0.47714,0.63039
25,486,0.033279,0.47714,0.63039
25,487,0.033279,0.47714,0.63039
25,488.05,0.033279,0.47714,0.63039
25,492,0.033279,0.47714,0.63039
25,504,0.033279,0.47714,0.63039
26,0,0.025336,-0.0025622,-0.20833
26,24,0.025336,-0.0025622,-0.20833
26,47.97,0.025336,-0.0025622,-0.20833
26,48,0.025336,-0.0025622,-0.20833
26,71.97,0.025336,-0.0025622,-0.20833
26,72,0.025336,-0.0025622,-0.20833
26,96,0.025336,-0.0025622,-0.20833
26,119.97,0.025336,-0.0025622,-0.20833
27,0,-0.050928,-0.23529,0.17739
27,24,-0.050928,-0.23529,0.17739
27,47.97,-0.050928,-0.23529,0.17739
27,48,-0.050928,-0.23529,0.17739
27,71.98,-0.050928,-0.23529,0.17739
27,72,-0.050928,-0.23529,0.17739
27,96,-0.050928,-0.23529,0.17739
27,119.97,-0.050928,-0.23529,0.17739
27,120,-0.050928,-0.23529,0.17739
27,144,-0.050928,-0.23529,0.17739
27,168,-0.050928,-0.23529,0.17739
27,191.97,-0.050928,-0.23529,0.17739
27,192,-0.050928,-0.23529,0.17739
27,216,-0.050928,-0.23529,0.17739
27,240,-0.050928,-0.23529,0.17739
27,263.97,-0.050928,-0.23529,0.17739
27,264,-0.050928,-0.23529,0.17739
27,288,-0.050928,-0.23529,0.17739
27,312,-0.050928,-0.23529,0.17739
27,335.97,-0.050928,-0.23529,0.17739
27,336,-0.050928,-0.23529,0.17739
27,360,-0.050928,-0.23529,0.17739
27,384,-0.050928,-0.23529,0.17739
27,407.97,-0.050928,-0.23529,0.17739
27,408,-0.050928,-0.23529,0.17739
27,432,-0.050928,-0.23529,0.17739
27,456,-0.050928,-0.23529,0.17739
27,479.97,-0.050928,-0.23529,0.17739
27,480,-0.050928,-0.23529,0.17739
27,481,-0.050928,-0.23529,0.17739
27,482,-0.050928,-0.23529,0.17739
27,483,-0.050928,-0.23529,0.17739
27,484,-0.050928,-0.23529,0.17739
27,485,-0.050928,-0.23529,0.17739
27,486,-0.050928,-0.23529,0.17739
27,487,-0.050928,-0.23529,0.17739
27,488,-0.050928,-0.23529,0.17739
27,492,-0.050928,-0.23529,0.17739
27,504,-0.050928,-0.23529,0.17739
28,0,0.01332,0.056335,-0.73379
28,24.02,0.01332,0.056335,-0.73379
28,47.98,0.01332,0.056335,-0.73379
28,48,0.01332,0.056335,-0.73379
28,71.97,0.01332,0.056335,-0.73379
28,72.08,0.01332,0.056335,-0.73379
28,96,0.01332,0.056335,-0.73379
28,119.97,0.01332,0.056335,-0.73379
28,120,0.01332,0.056335,-0.73379
28,144,0.01332,0.056335,-0.73379
28,168,0.01332,0.056335,-0.73379
28,191.97,0.01332,0.056335,-0.73379
28,192,0.01332,0.056335,-0.73379
28,216,0.01332,0.056335,-0.73379
28,240,0.01332,0.056335,-0.73379
28,263.97,0.01332,0.056335,-0.73379
28,264,0.01332,0.056335,-0.73379
28,288,0.01332,0.056335,-0.73379
28,312,0.01332,0.056335,-0.73379
28,335.98,0.01332,0.056335,-0.73379
28,336,0.01332,0.056335,-0.73379
28,360,0.01332,0.056335,-0.73379
28,384,0.01332,0.056335,-0.73379
28,407.97,0.01332,0.056335,-0.73379
28,408,0.01332,0.056335,-0.73379
28,432,0.01332,0.056335,-0.73379
28,456,0.01332,0.056335,-0.73379
28,479.97,0.01332,0.056335,-0.73379
28,480,0.01332,0.056335,-0.73379
28,481.05,0.01332,0.056335,-0.73379
28,482,0.01332,0.056335,-0.73379
28,483,0.01332,0.056335,-0.73379
28,484,0.01332,0.056335,-0.73379
28,485,0.01332,0.056335,-0.73379
28,486,0.01332,0.056335,-0.73379
28,487,0.01332,0.056335,-0.73379
28,488,0.01332,0.056335,-0.73379
28,504,0.01332,0.056335,-0.73379
29,0,-0.23668,0.11893,-0.56624
29,24,-0.23668,0.11893,-0.56624
29,47.98,-0.23668,0.11893,-0.56624
29,48,-0.23668,0.11893,-0.56624
29,71.97,-0.23668,0.11893,-0.56624
29,72,-0.23668,0.11893,-0.56624
29,96,-0.23668,0.11893,-0.56624
29,119.97,-0.23668,0.11893,-0.56624
29,120,-0.23668,0.11893,-0.56624
29,144,-0.23668,0.11893,-0.56624
29,168,-0.23668,0.11893,-0.56624
29,191.97,-0.23668,0.11893,-0.56624
29,192,-0.23668,0.11893,-0.56624
29,216,-0.23668,0.11893,-0.56624
29,240,-0.23668,0.11893,-0.56624
29,263.97,-0.23668,0.11893,-0.56624
29,264,-0.23668,0.11893,-0.56624
29,288,-0.23668,0.11893,-0.56624
29,312,-0.23668,0.11893,-0.56624
29,335.97,-0.23668,0.11893,-0.56624
29,336,-0.23668,0.11893,-0.56624
29,360,-0.23668,0.11893,-0.56624
29,384,-0.23668,0.11893,-0.56624
29,408,-0.23668,0.11893,-0.56624
29,408,-0.23668,0.11893,-0.56624
29,432,-0.23668,0.11893,-0.56624
29,456,-0.23668,0.11893,-0.56624
29,479.97,-0.23668,0.11893,-0.56624
29,480,-0.23668,0.11893,-0.56624
29,481.03,-0.23668,0.11893,-0.56624
29,482,-0.23668,0.11893,-0.56624
29,483,-0.23668,0.11893,-0.56624
29,484,-0.23668,0.11893,-0.56624
29,485,-0.23668,0.11893,-0.56624
29,486,-0.23668,0.11893,-0.56624
29,487,-0.23668,0.11893,-0.56624
29,488,-0.23668,0.11893,-0.56624
29,492,-0.23668,0.11893,-0.56624
29,504,-0.23668,0.11893,-0.56624
30,0,0.36785,0.014298,0.23016
30,24,0.36785,0.014298,0.23016
30,47.97,0.36785,0.014298,0.23016
30,48,0.36785,0.014298,0.23016
30,71.97,0.36785,0.014298,0.23016
30,72,0.36785,0.014298,0.23016
30,96,0.36785,0.014298,0.23016
30,119.97,0.36785,0.014298,0.23016
30,120,0.36785,0.014298,0.23016
30,144,0.36785,0.014298,0.23016
30,168,0.36785,0.014298,0.23016
30,191.97,0.36785,0.014298,0.23016
30,192,0.36785,0.014298,0.23016
30,216,0.36785,0.014298,0.23016
30,240,0.36785,0.014298,0.23016
30,263.97,0.36785,0.014298,0.23016
30,264,0.36785,0.014298,0.23016
30,288,0.36785,0.014298,0.23016
30,312,0.36785,0.014298,0.23016
30,335.97,0.36785,0.014298,0.23016
30,336,0.36785,0.014298,0.23016
30,360,0.36785,0.014298,0.23016
30,384,0.36785,0.014298,0.23016
30,407.97,0.36785,0.014298,0.23016
30,408,0.36785,0.014298,0.23016
30,432,0.36785,0.014298,0.23016
30,455,0.36785,0.014298,0.23016
30,479,0.36785,0.014298,0.23016
30,479.97,0.36785,0.014298,0.23016
30,481,0.36785,0.014298,0.23016
30,482,0.36785,0.014298,0.23016
30,483,0.36785,0.014298,0.23016
30,484,0.36785,0.014298,0.23016
30,485,0.36785,0.014298,0.23016
30,486.08,0.36785,0.014298,0.23016
30,487,0.36785,0.014298,0.23016
30,488,0.36785,0.014298,0.23016
30,492,0.36785,0.014298,0.23016
30,504,0.36785,0.014298,0.23016
31,0,-0.27793,-0.28254,-0.034955
31,24,-0.27793,-0.28254,-0.034955
31,47.97,-0.27793,-0.28254,-0.034955
31,48,-0.27793,-0.28254,-0.034955
31,71.97,-0.27793,-0.28254,-0.034955
31,72,-0.27793,-0.28254,-0.034955
31,96,-0.27793,-0.28254,-0.034955
31,119.97,-0.27793,-0.28254,-0.034955
31,120,-0.27793,-0.28254,-0.034955
31,144,-0.27793,-0.28254,-0.034955
31,168,-0.27793,-0.28254,-0.034955
31,191.97,-0.27793,-0.28254,-0.034955
31,192,-0.27793,-0.28254,-0.034955
31,216,-0.27793,-0.28254,-0.034955
31,240,-0.27793,-0.28254,-0.034955
31,263.97,-0.27793,-0.28254,-0.034955
31,264,-0.27793,-0.28254,-0.034955
31,288,-0.27793,-0.28254,-0.034955
31,312,-0.27793,-0.28254,-0.034955
31,335.97,-0.27793,-0.28254,-0.034955
31,336,-0.27793,-0.28254,-0.034955
31,360,-0.27793,-0.28254,-0.034955
31,384,-0.27793,-0.28254,-0.034955
31,407.97,-0.27793,-0.28254,-0.034955
31,408,-0.27793,-0.28254,-0.034955
31,432,-0.27793,-0.28254,-0.034955
31,456,-0.27793,-0.28254,-0.034955
31,479.97,-0.27793,-0.28254,-0.034955
31,480,-0.27793,-0.28254,-0.034955
31,481,-0.27793,-0.28254,-0.034955
31,482,-0.27793,-0.28254,-0.034955
31,483,-0.27793,-0.28254,-0.034955
31,484.02,-0.27793,-0.28254,-0.034955
31,485,-0.27793,-0.28254,-0.034955
31,486.02,-0.27793,-0.28254,-0.034955
31,487,-0.27793,-0.28254,-0.034955
31,488,-0.27793,-0.28254,-0.034955
31,492,-0.27793,-0.28254,-0.034955
31,504,-0.27793,-0.28254,-0.034955
32,0,0.17045,-0.23522,-0.19485
32,24,0.17045,-0.23522,-0.19485
32,47.97,0.17045,-0.23522,-0.19485
32,48,0.17045,-0.23522,-0.19485
32,71.97,0.17045,-0.23522,-0.19485
32,72,0.17045,-0.23522,-0.19485
32,96,0.17045,-0.23522,-0.19485
32,119.97,0.17045,-0.23522,-0.19485
32,120,0.17045,-0.23522,-0.19485
32,144,0.17045,-0.23522,-0.19485
32,168,0.17045,-0.23522,-0.19485
32,191.97,0.17045,-0.23522,-0.19485
32,192,0.17045,-0.23522,-0.19485
32,216,0.17045,-0.23522,-0.19485
32,240,0.17045,-0.23522,-0.19485
32,263.97,0.17045,-0.23522,-0.19485
32,264,0.17045,-0.23522,-0.19485
32,288,0.17045,-0.23522,-0.19485
32,312,0.17045,-0.23522,-0.19485
32,335.97,0.17045,-0.23522,-0.19485
32,336,0.17045,-0.23522,-0.19485
32,360,0.17045,-0.23522,-0.19485
32,384,0.17045,-0.23522,-0.19485
32,407.97,0.17045,-0.23522,-0.19485
32,408,0.17045,-0.23522,-0.19485
32,432,0.17045,-0.23522,-0.19485
32,456,0.17045,-0.23522,-0.19485
32,479.97,0.17045,-0.23522,-0.19485
32,480,0.17045,-0.23522,-0.19485
32,481,0.17045,-0.23522,-0.19485
32,482,0.17045,-0.23522,-0.19485
32,483.05,0.17045,-0.23522,-0.19485
32,484,0.17045,-0.23522,-0.19485
32,485,0.17045,-0.23522,-0.19485
32,486.03,0.17045,-0.23522,-0.19485
32,487,0.17045,-0.23522,-0.19485
32,488,0.17045,-0.23522,-0.19485
32,492,0.17045,-0.23522,-0.19485
32,504,0.17045,-0.23522,-0.19485
33,0,-0.44387,-0.48903,-0.043312
33,1,-0.44387,-0.48903,-0.043312
33,2,-0.44387,-0.48903,-0.043312
33,3,-0.44387,-0.48903,-0.043312
33,5,-0.44387,-0.48903,-0.043312
33,6,-0.44387,-0.48903,-0.043312
33,8,-0.44387,-0.48903,-0.043312
33,12,-0.44387,-0.48903,-0.043312
33,23.92,-0.44387,-0.48903,-0.043312
33,24,-0.44387,-0.48903,-0.043312
33,47.92,-0.44387,-0.48903,-0.043312
33,48,-0.44387,-0.48903,-0.043312
33,71.92,-0.44387,-0.48903,-0.043312
33,72,-0.44387,-0.48903,-0.043312
33,96.08,-0.44387,-0.48903,-0.043312
33,119.92,-0.44387,-0.48903,-0.043312
33,120,-0.44387,-0.48903,-0.043312
33,144,-0.44387,-0.48903,-0.043312
33,168,-0.44387,-0.48903,-0.043312
33,191.92,-0.44387,-0.48903,-0.043312
33,192,-0.44387,-0.48903,-0.043312
33,216,-0.44387,-0.48903,-0.043312
33,240,-0.44387,-0.48903,-0.043312
33,263.92,-0.44387,-0.48903,-0.043312
33,264,-0.44387,-0.48903,-0.043312
33,288,-0.44387,-0.48903,-0.043312
33,312,-0.44387,-0.48903,-0.043312
33,335.92,-0.44387,-0.48903,-0.043312
33,336,-0.44387,-0.48903,-0.043312
33,360,-0.44387,-0.48903,-0.043312
33,384,-0.44387,-0.48903,-0.043312
33,407.92,-0.44387,-0.48903,-0.043312
33,408,-0.44387,-0.48903,-0.043312
33,432,-0.44387,-0.48903,-0.043312
33,456,-0.44387,-0.48903,-0.043312
33,479.92,-0.44387,-0.48903,-0.043312
33,480,-0.44387,-0.48903,-0.043312
33,481,-0.44387,-0.48903,-0.043312
33,482,-0.44387,-0.48903,-0.043312
33,483,-0.44387,-0.48903,-0.043312
33,485,-0.44387,-0.48903,-0.043312
33,486,-0.44387,-0.48903,-0.043312
33,488,-0.44387,-0.48903,-0.043312
33,492,-0.44387,-0.48903,-0.043312
33,504,-0.44387,-0.48903,-0.043312
33,528,-0.44387,-0.48903,-0.043312
33,552,-0.44387,-0.48903,-0.043312
33,576,-0.44387,-0.48903,-0.043312
33,600,-0.44387,-0.48903,-0.043312
33,672.45,-0.44387,-0.48903,-0.043312
33,724,-0.44387,-0.48903,-0.043312
34,0,-0.28143,0.19388,-0.3449
34,1,-0.28143,0.19388,-0.3449
34,2,-0.28143,0.19388,-0.3449
34,3,-0.28143,0.19388,-0.3449
34,5,-0.28143,0.19388,-0.3449
34,6,-0.28143,0.19388,-0.3449
34,8,-0.28143,0.19388,-0.3449
34,12,-0.28143,0.19388,-0.3449
34,23.92,-0.28143,0.19388,-0.3449
34,24,-0.28143,0.19388,-0.3449
34,47.92,-0.28143,0.19388,-0.3449
34,48,-0.28143,0.19388,-0.3449
34,71.92,-0.28143,0.19388,-0.3449
34,72,-0.28143,0.19388,-0.3449
34,96.08,-0.28143,0.19388,-0.3449
34,119.92,-0.28143,0.19388,-0.3449
34,120,-0.28143,0.19388,-0.3449
34,144,-0.28143,0.19388,-0.3449
34,168,-0.28143,0.19388,-0.3449
34,191.92,-0.28143,0.19388,-0.3449
34,192,-0.28143,0.19388,-0.3449
34,216,-0.28143,0.19388,-0.3449
34,240,-0.28143,0.19388,-0.3449
34,263.92,-0.28143,0.19388,-0.3449
34,264,-0.28143,0.19388,-0.3449
34,288,-0.28143,0.19388,-0.3449
34,312,-0.28143,0.19388,-0.3449
34,335.92,-0.28143,0.19388,-0.3449
34,336,-0.28143,0.19388,-0.3449
34,360,-0.28143,0.19388,-0.3449
34,384,-0.28143,0.19388,-0.3449
34,407.92,-0.28143,0.19388,-0.3449
34,408,-0.28143,0.19388,-0.3449
34,432,-0.28143,0.19388,-0.3449
34,456,-0.28143,0.19388,-0.3449
34,479.92,-0.28143,0.19388,-0.3449
34,480,-0.28143,0.19388,-0.3449
34,481,-0.28143,0.19388,-0.3449
34,482,-0.28143,0.19388,-0.3449
34,483,-0.28143,0.19388,-0.3449
34,485,-0.28143,0.19388,-0.3449
34,486,-0.28143,0.19388,-0.3449
34,488,-0.28143,0.19388,-0.3449
34,492,-0.28143,0.19388,-0.3449
34,504.05,-0.28143,0.19388,-0.3449
34,528,-0.28143,0.19388,-0.3449
34,552.25,-0.28143,0.19388,-0.3449
34,576,-0.28143,0.19388,-0.3449
34,600,-0.28143,0.19388,-0.3449
34,672.5,-0.28143,0.19388,-0.3449
34,720.25,-0.28143,0.19388,-0.3449
35,0,0.46323,0.42052,-0.022972
35,1,0.46323,0.42052,-0.022972
35,2,0.46323,0.42052,-0.022972
35,3,0.46323,0.42052,-0.022972
35,5,0.46323,0.42052,-0.022972
35,6,0.46323,0.42052,-0.022972
35,8,0.46323,0.42052,-0.022972
35,12,0.46323,0.42052,-0.022972
35,23.92,0.46323,0.42052,-0.022972
35,24,0.46323,0.42052,-0.022972
35,47.92,0.46323,0.42052,-0.022972
35,48,0.46323,0.42052,-0.022972
35,71.92,0.46323,0.42052,-0.022972
35,72,0.46323,0.42052,-0.022972
35,96,0.46323,0.42052,-0.022972
35,119.92,0.46323,0.42052,-0.022972
35,120,0.46323,0.42052,-0.022972
35,144,0.46323,0.42052,-0.022972
35,168,0.46323,0.42052,-0.022972
35,191.92,0.46323,0.42052,-0.022972
35,192,0.46323,0.42052,-0.022972
35,216,0.46323,0.42052,-0.022972
35,240,0.46323,0.42052,-0.022972
35,263.92,0.46323,0.42052,-0.022972
35,264,0.46323,0.42052,-0.022972
35,288,0.46323,0.42052,-0.022972
35,312,0.46323,0.42052,-0.022972
35,335.92,0.46323,0.42052,-0.022972
35,336,0.46323,0.42052,-0.022972
35,360,0.46323,0.42052,-0.022972
35,384,0.46323,0.42052,-0.022972
35,407.92,0.46323,0.42052,-0.022972
35,408,0.46323,0.42052,-0.022972
35,432,0.46323,0.42052,-0.022972
35,456,0.46323,0.42052,-0.022972
35,479.92,0.46323,0.42052,-0.022972
35,480,0.46323,0.42052,-0.022972
35,481,0.46323,0.42052,-0.022972
35,482,0.46323,0.42052,-0.022972
35,483,0.46323,0.42052,-0.022972
35,485,0.46323,0.42052,-0.022972
35,486,0.46323,0.42052,-0.022972
35,488,0.46323,0.42052,-0.022972
35,492,0.46323,0.42052,-0.022972
35,504,0.46323,0.42052,-0.022972
35,528,0.46323,0.42052,-0.022972
35,552.25,0.46323,0.42052,-0.022972
35,576,0.46323,0.42052,-0.022972
35,600,0.46323,0.42052,-0.022972
35,671.9,0.46323,0.42052,-0.022972
35,723.83,0.46323,0.42052,-0.022972
36,0,0.39073,0.14602,0.51682
36,1,0.39073,0.14602,0.51682
36,2,0.39073,0.14602,0.51682
36,3,0.39073,0.14602,0.51682
36,5,0.39073,0.14602,0.51682
36,6,0.39073,0.14602,0.51682
36,8,0.39073,0.14602,0.51682
36,12,0.39073,0.14602,0.51682
36,23.92,0.39073,0.14602,0.51682
36,24,0.39073,0.14602,0.51682
36,47.92,0.39073,0.14602,0.51682
36,48,0.39073,0.14602,0.51682
36,71.92,0.39073,0.14602,0.51682
36,72,0.39073,0.14602,0.51682
36,96,0.39073,0.14602,0.51682
36,119.92,0.39073,0.14602,0.51682
36,120,0.39073,0.14602,0.51682
36,144,0.39073,0.14602,0.51682
36,168,0.39073,0.14602,0.51682
36,191.92,0.39073,0.14602,0.51682
36,192,0.39073,0.14602,0.51682
36,216,0.39073,0.14602,0.51682
36,240,0.39073,0.14602,0.51682
36,263.88,0.39073,0.14602,0.51682
36,264.03,0.39073,0.14602,0.51682
36,288,0.39073,0.14602,0.51682
36,312,0.39073,0.14602,0.51682
36,335.92,0.39073,0.14602,0.51682
36,336,0.39073,0.14602,0.51682
36,360,0.39073,0.14602,0.51682
36,384,0.39073,0.14602,0.51682
36,407.92,0.39073,0.14602,0.51682
36,408,0.39073,0.14602,0.51682
36,432,0.39073,0.14602,0.51682
36,456,0.39073,0.14602,0.51682
36,479.92,0.39073,0.14602,0.51682
36,480,0.39073,0.14602,0.51682
36,481,0.39073,0.14602,0.51682
36,482,0.39073,0.14602,0.51682
36,483,0.39073,0.14602,0.51682
36,485,0.39073,0.14602,0.51682
36,486,0.39073,0.14602,0.51682
36,488,0.39073,0.14602,0.51682
36,492,0.39073,0.14602,0.51682
36,504,0.39073,0.14602,0.51682
36,528,0.39073,0.14602,0.51682
36,552.17,0.39073,0.14602,0.51682
36,576,0.39073,0.14602,0.51682
36,600,0.39073,0.14602,0.51682
36,671.85,0.39073,0.14602,0.51682
36,723.88,0.39073,0.14602,0.51682
37,0,-0.072778,0.31842,0.05476
37,1,-0.072778,0.31842,0.05476
37,2,-0.072778,0.31842,0.05476
37,3,-0.072778,0.31842,0.05476
37,5,-0.072778,0.31842,0.05476
37,6,-0.072778,0.31842,0.05476
37,8,-0.072778,0.31842,0.05476
37,12,-0.072778,0.31842,0.05476
37,23.92,-0.072778,0.31842,0.05476
38,0,-0.018835,0.19018,-0.51381
38,1,-0.018835,0.19018,-0.51381
38,2,-0.018835,0.19018,-0.51381
38,3,-0.018835,0.19018,-0.51381
38,5,-0.018835,0.19018,-0.51381
38,6,-0.018835,0.19018,-0.51381
38,8,-0.018835,0.19018,-0.51381
38,12,-0.018835,0.19018,-0.51381
38,23.92,-0.018835,0.19018,-0.51381
39,0,0.81478,-0.056833,-0.31866
39,1,0.81478,-0.056833,-0.31866
39,2,0.81478,-0.056833,-0.31866
39,3,0.81478,-0.056833,-0.31866
39,5,0.81478,-0.056833,-0.31866
39,6,0.81478,-0.056833,-0.31866
39,8,0.81478,-0.056833,-0.31866
39,12,0.81478,-0.056833,-0.31866
39,23.92,0.81478,-0.056833,-0.31866
39,24,0.81478,-0.056833,-0.31866
39,47.92,0.81478,-0.056833,-0.31866
39,48,0.81478,-0.056833,-0.31866
39,72,0.81478,-0.056833,-0.31866
39,72,0.81478,-0.056833,-0.31866
39,96,0.81478,-0.056833,-0.31866
39,119.92,0.81478,-0.056833,-0.31866
39,120,0.81478,-0.056833,-0.31866
39,144,0.81478,-0.056833,-0.31866
39,168,0.81478,-0.056833,-0.31866
39,191.92,0.81478,-0.056833,-0.31866
39,192,0.81478,-0.056833,-0.31866
39,216,0.81478,-0.056833,-0.31866
39,240,0.81478,-0.056833,-0.31866
39,263.92,0.81478,-0.056833,-0.31866
39,264,0.81478,-0.056833,-0.31866
39,288,0.81478,-0.056833,-0.31866
39,312,0.81478,-0.056833,-0.31866
39,335.92,0.81478,-0.056833,-0.31866
39,336,0.81478,-0.056833,-0.31866
39,360,0.81478,-0.056833,-0.31866
39,384,0.81478,-0.056833,-0.31866
39,407.92,0.81478,-0.056833,-0.31866
39,408,0.81478,-0.056833,-0.31866
39,432,0.81478,-0.056833,-0.31866
39,456,0.81478,-0.056833,-0.31866
39,479.92,0.81478,-0.056833,-0.31866
39,480,0.81478,-0.056833,-0.31866
39,481,0.81478,-0.056833,-0.31866
39,482,0.81478,-0.056833,-0.31866
39,483,0.81478,-0.056833,-0.31866
39,485,0.81478,-0.056833,-0.31866
39,486,0.81478,-0.056833,-0.31866
39,488,0.81478,-0.056833,-0.31866
39,492,0.81478,-0.056833,-0.31866
39,504,0.81478,-0.056833,-0.31866
39,528.07,0.81478,-0.056833,-0.31866
39,552,0.81478,-0.056833,-0.31866
39,576.05,0.81478,-0.056833,-0.31866
39,600.28,0.81478,-0.056833,-0.31866
39,672,0.81478,-0.056833,-0.31866
39,720.07,0.81478,-0.056833,-0.31866
40,0,0.12231,0.3796,0.01203
40,1,0.12231,0.3796,0.01203
40,2,0.12231,0.3796,0.01203
40,3,0.12231,0.3796,0.01203
40,5,0.12231,0.3796,0.01203
40,6,0.12231,0.3796,0.01203
40,8,0.12231,0.3796,0.01203
40,12,0.12231,0.3796,0.01203
40,23.93,0.12231,0.3796,0.01203
40,24,0.12231,0.3796,0.01203
40,47.92,0.12231,0.3796,0.01203
40,48,0.12231,0.3796,0.01203
40,71.92,0.12231,0.3796,0.01203
40,72,0.12231,0.3796,0.01203
40,96,0.12231,0.3796,0.01203
40,119.92,0.12231,0.3796,0.01203
40,120,0.12231,0.3796,0.01203
40,144,0.12231,0.3796,0.01203
40,168,0.12231,0.3796,0.01203
40,191.92,0.12231,0.3796,0.01203
40,192,0.12231,0.3796,0.01203
40,216,0.12231,0.3796,0.01203
40,240,0.12231,0.3796,0.01203
40,263.92,0.12231,0.3796,0.01203
40,264,0.12231,0.3796,0.01203
40,288,0.12231,0.3796,0.01203
40,312,0.12231,0.3796,0.01203
40,335.92,0.12231,0.3796,0.01203
40,336,0.12231,0.3796,0.01203
40,360,0.12231,0.3796,0.01203
40,384,0.12231,0.3796,0.01203
40,407.92,0.12231,0.3796,0.01203
40,408,0.12231,0.3796,0.01203
40,432,0.12231,0.3796,0.01203
40,456,0.12231,0.3796,0.01203
40,479.92,0.12231,0.3796,0.01203
40,480,0.12231,0.3796,0.01203
40,481,0.12231,0.3796,0.01203
40,482,0.12231,0.3796,0.01203
40,483,0.12231,0.3796,0.01203
40,485,0.12231,0.3796,0.01203
40,486,0.12231,0.3796,0.01203
40,488,0.12231,0.3796,0.01203
40,492,0.12231,0.3796,0.01203
40,504,0.12231,0.3796,0.01203
40,528,0.12231,0.3796,0.01203
40,552.03,0.12231,0.3796,0.01203
40,576,0.12231,0.3796,0.01203
40,600,0.12231,0.3796,0.01203
40,673.88,0.12231,0.3796,0.01203
40,720,0.12231,0.3796,0.01203
41,0,0.61864,-0.12885,0.65433
41,1,0.61864,-0.12885,0.65433
41,2,0.61864,-0.12885,0.65433
41,3,0.61864,-0.12885,0.65433
41,5,0.61864,-0.12885,0.65433
41,6,0.61864,-0.12885,0.65433
41,8,0.61864,-0.12885,0.65433
41,12,0.61864,-0.12885,0.65433
41,23.92,0.61864,-0.12885,0.65433
41,24,0.61864,-0.12885,0.65433
41,47.92,0.61864,-0.12885,0.65433
41,48,0.61864,-0.12885,0.65433
41,71.92,0.61864,-0.12885,0.65433
41,72,0.61864,-0.12885,0.65433
41,96,0.61864,-0.12885,0.65433
41,119.92,0.61864,-0.12885,0.65433
41,120,0.61864,-0.12885,0.65433
41,144,0.61864,-0.12885,0.65433
41,168,0.61864,-0.12885,0.65433
41,190.92,0.61864,-0.12885,0.65433
41,192,0.61864,-0.12885,0.65433
41,216,0.61864,-0.12885,0.65433
41,240,0.61864,-0.12885,0.65433
41,263.92,0.61864,-0.12885,0.65433
41,264,0.61864,-0.12885,0.65433
41,288,0.61864,-0.12885,0.65433
41,312,0.61864,-0.12885,0.65433
41,335.92,0.61864,-0.12885,0.65433
41,336,0.61864,-0.12885,0.65433
41,360,0.61864,-0.12885,0.65433
41,384,0.61864,-0.12885,0.65433
41,407.92,0.61864,-0.12885,0.65433
41,408,0.61864,-0.12885,0.65433
41,432,0.61864,-0.12885,0.65433
41,456,0.61864,-0.12885,0.65433
41,479.92,0.61864,-0.12885,0.65433
41,480,0.61864,-0.12885,0.65433
41,481,0.61864,-0.12885,0.65433
41,482,0.61864,-0.12885,0.65433
41,483,0.61864,-0.12885,0.65433
41,485,0.61864,-0.12885,0.65433
41,486,0.61864,-0.12885,0.65433
41,488,0.61864,-0.12885,0.65433
41,492,0.61864,-0.12885,0.65433
41,504,0.61864,-0.12885,0.65433
41,528,0.61864,-0.12885,0.65433
41,552.05,0.61864,-0.12885,0.65433
41,576,0.61864,-0.12885,0.65433
41,600,0.61864,-0.12885,0.65433
41,672,0.61864,-0.12885,0.65433
41,720,0.61864,-0.12885,0.65433
42,0,0.075494,-0.16012,0.021231
42,1,0.075494,-0.16012,0.021231
42,2,0.075494,-0.16012,0.021231
42,3,0.075494,-0.16012,0.021231
42,5,0.075494,-0.16012,0.021231
42,6,0.075494,-0.16012,0.021231
42,8,0.075494,-0.16012,0.021231
42,23.92,0.075494,-0.16012,0.021231
42,24,0.075494,-0.16012,0.021231
42,47.92,0.075494,-0.16012,0.021231
42,48,0.075494,-0.16012,0.021231
42,71.92,0.075494,-0.16012,0.021231
42,72,0.075494,-0.16012,0.021231
42,96,0.075494,-0.16012,0.021231
42,119.92,0.075494,-0.16012,0.021231
42,120,0.075494,-0.16012,0.021231
42,144,0.075494,-0.16012,0.021231
42,168,0.075494,-0.16012,0.021231
42,190.92,0.075494,-0.16012,0.021231
42,192,0.075494,-0.16012,0.021231
42,216,0.075494,-0.16012,0.021231
42,240,0.075494,-0.16012,0.021231
42,263.92,0.075494,-0.16012,0.021231
42,264,0.075494,-0.16012,0.021231
42,288,0.075494,-0.16012,0.021231
42,312,0.075494,-0.16012,0.021231
42,335.92,0.075494,-0.16012,0.021231
42,336,0.075494,-0.16012,0.021231
42,360,0.075494,-0.16012,0.021231
42,384,0.075494,-0.16012,0.021231
42,407.92,0.075494,-0.16012,0.021231
42,408,0.075494,-0.16012,0.021231
42,432,0.075494,-0.16012,0.021231
42,456,0.075494,-0.16012,0.021231
42,479.92,0.075494,-0.16012,0.021231
42,480,0.075494,-0.16012,0.021231
42,481,0.075494,-0.16012,0.021231
42,482,0.075494,-0.16012,0.021231
42,483,0.075494,-0.16012,0.021231
42,485,0.075494,-0.16012,0.021231
42,486,0.075494,-0.16012,0.021231
42,488,0.075494,-0.16012,0.021231
42,492,0.075494,-0.16012,0.021231
42,504,0.075494,-0.16012,0.021231
42,528,0.075494,-0.16012,0.021231
42,552,0.075494,-0.16012,0.021231
42,576,0.075494,-0.16012,0.021231
42,600,0.075494,-0.16012,0.021231
42,672,0.075494,-0.16012,0.021231
42,720,0.075494,-0.16012,0.021231
43,0,-0.6486,0.32653,0.0065314
43,1,-0.6486,0.32653,0.0065314
43,2,-0.6486,0.32653,0.0065314
43,3,-0.6486,0.32653,0.0065314
43,5,-0.6486,0.32653,0.0065314
43,6,-0.6486,0.32653,0.0065314
43,8,-0.6486,0.32653,0.0065314
43,12,-0.6486,0.32653,0.0065314
43,23.92,-0.6486,0.32653,0.0065314
43,24,-0.6486,0.32653,0.0065314
43,47.92,-0.6486,0.32653,0.0065314
43,48,-0.6486,0.32653,0.0065314
43,71.92,-0.6486,0.32653,0.0065314
43,72,-0.6486,0.32653,0.0065314
43,96,-0.6486,0.32653,0.0065314
43,119.92,-0.6486,0.32653,0.0065314
43,120,-0.6486,0.32653,0.0065314
43,144,-0.6486,0.32653,0.0065314
43,168,-0.6486,0.32653,0.0065314
43,191.92,-0.6486,0.32653,0.0065314
43,192,-0.6486,0.32653,0.0065314
43,216,-0.6486,0.32653,0.0065314
43,240,-0.6486,0.32653,0.0065314
43,263.92,-0.6486,0.32653,0.0065314
43,264,-0.6486,0.32653,0.0065314
43,288,-0.6486,0.32653,0.0065314
43,312,-0.6486,0.32653,0.0065314
43,335.92,-0.6486,0.32653,0.0065314
43,336,-0.6486,0.32653,0.0065314
43,360,-0.6486,0.32653,0.0065314
43,384,-0.6486,0.32653,0.0065314
43,407.92,-0.6486,0.32653,0.0065314
43,408,-0.6486,0.32653,0.0065314
43,432,-0.6486,0.32653,0.0065314
43,456,-0.6486,0.32653,0.0065314
43,479.92,-0.6486,0.32653,0.0065314
43,480,-0.6486,0.32653,0.0065314
43,481,-0.6486,0.32653,0.0065314
43,482,-0.6486,0.32653,0.0065314
43,483,-0.6486,0.32653,0.0065314
43,485,-0.6486,0.32653,0.0065314
43,486,-0.6486,0.32653,0.0065314
43,488,-0.6486,0.32653,0.0065314
43,492,-0.6486,0.32653,0.0065314
43,504,-0.6486,0.32653,0.0065314
43,528,-0.6486,0.32653,0.0065314
43,552.03,-0.6486,0.32653,0.0065314
43,576,-0.6486,0.32653,0.0065314
43,600,-0.6486,0.32653,0.0065314
43,672,-0.6486,0.32653,0.0065314
43,720,-0.6486,0.32653,0.0065314
44,0,0.26211,0.017094,-0.67938
44,1,0.26211,0.017094,-0.67938
44,2,0.26211,0.017094,-0.67938
44,3,0.26211,0.017094,-0.67938
44,5.02,0.26211,0.017094,-0.67938
44,6,0.26211,0.017094,-0.67938
44,8.05,0.26211,0.017094,-0.67938
44,12,0.26211,0.017094,-0.67938
44,23.92,0.26211,0.017094,-0.67938
44,24,0.26211,0.017094,-0.67938
44,47.92,0.26211,0.017094,-0.67938
44,48,0.26211,0.017094,-0.67938
44,71.92,0.26211,0.017094,-0.67938
44,72,0.26211,0.017094,-0.67938
44,96,0.26211,0.017094,-0.67938
44,119.92,0.26211,0.017094,-0.67938
44,120,0.26211,0.017094,-0.67938
44,144,0.26211,0.017094,-0.67938
44,168,0.26211,0.017094,-0.67938
44,191.92,0.26211,0.017094,-0.67938
44,192,0.26211,0.017094,-0.67938
44,216,0.26211,0.017094,-0.67938
44,240,0.26211,0.017094,-0.67938
44,263.92,0.26211,0.017094,-0.67938
44,264,0.26211,0.017094,-0.67938
44,288,0.26211,0.017094,-0.67938
44,312,0.26211,0.017094,-0.67938
44,335.92,0.26211,0.017094,-0.67938
44,336,0.26211,0.017094,-0.67938
44,360,0.26211,0.017094,-0.67938
44,384,0.26211,0.017094,-0.67938
44,407.92,0.26211,0.017094,-0.67938
44,408,0.26211,0.017094,-0.67938
44,432,0.26211,0.017094,-0.67938
44,456,0.26211,0.017094,-0.67938
44,479.92,0.26211,0.017094,-0.67938
44,480,0.26211,0.017094,-0.67938
44,481,0.26211,0.017094,-0.67938
44,482,0.26211,0.017094,-0.67938
44,483,0.26211,0.017094,-0.67938
44,485,0.26211,0.017094,-0.67938
44,486,0.26211,0.017094,-0.67938
44,488,0.26211,0.017094,-0.67938
44,492,0.26211,0.017094,-0.67938
44,504,0.26211,0.017094,-0.67938
44,528,0.26211,0.017094,-0.67938
44,552.03,0.26211,0.017094,-0.67938
44,576.07,0.26211,0.017094,-0.67938
44,600,0.26211,0.017094,-0.67938
44,673.43,0.26211,0.017094,-0.67938
44,720,0.26211,0.017094,-0.67938
45,0,-0.27703,-0.88441,-0.59158
45,1,-0.27703,-0.88441,-0.59158
45,2,-0.27703,-0.88441,-0.59158
45,3,-0.27703,-0.88441,-0.59158
45,5,-0.27703,-0.88441,-0.59158
45,6,-0.27703,-0.88441,-0.59158
45,8,-0.27703,-0.88441,-0.59158
45,12,-0.27703,-0.88441,-0.59158
45,23.92,-0.27703,-0.88441,-0.59158
45,24,-0.27703,-0.88441,-0.59158
45,47.92,-0.27703,-0.88441,-0.59158
45,48,-0.27703,-0.88441,-0.59158
45,71.92,-0.27703,-0.88441,-0.59158
45,72,-0.27703,-0.88441,-0.59158
45,96,-0.27703,-0.88441,-0.59158
45,119.92,-0.27703,-0.88441,-0.59158
45,120,-0.27703,-0.88441,-0.59158
45,144,-0.27703,-0.88441,-0.59158
45,168,-0.27703,-0.88441,-0.59158
45,191.92,-0.27703,-0.88441,-0.59158
45,192,-0.27703,-0.88441,-0.59158
45,216,-0.27703,-0.88441,-0.59158
45,240,-0.27703,-0.88441,-0.59158
45,263.92,-0.27703,-0.88441,-0.59158
45,264,-0.27703,-0.88441,-0.59158
45,288,-0.27703,-0.88441,-0.59158
45,312,-0.27703,-0.88441,-0.59158
45,335.92,-0.27703,-0.88441,-0.59158
45,336,-0.27703,-0.88441,-0.59158
45,360,-0.27703,-0.88441,-0.59158
45,384,-0.27703,-0.88441,-0.59158
45,407.92,-0.27703,-0.88441,-0.59158
45,408,-0.27703,-0.88441,-0.59158
45,432,-0.27703,-0.88441,-0.59158
45,456,-0.27703,-0.88441,-0.59158
45,479.92,-0.27703,-0.88441,-0.59158
45,480,-0.27703,-0.88441,-0.59158
45,481,-0.27703,-0.88441,-0.59158
45,482,-0.27703,-0.88441,-0.59158
45,483,-0.27703,-0.88441,-0.59158
45,485,-0.27703,-0.88441,-0.59158
45,486,-0.27703,-0.88441,-0.59158
45,488,-0.27703,-0.88441,-0.59158
45,492,-0.27703,-0.88441,-0.59158
45,504,-0.27703,-0.88441,-0.59158
45,528,-0.27703,-0.88441,-0.59158
45,552,-0.27703,-0.88441,-0.59158
45,576,-0.27703,-0.88441,-0.59158
45,600,-0.27703,-0.88441,-0.59158
45,672.03,-0.27703,-0.88441,-0.59158
45,720,-0.27703,-0.88441,-0.59158
46,0,-0.20358,0.82201,-0.81552
46,1,-0.20358,0.82201,-0.81552
46,2,-0.20358,0.82201,-0.81552
46,3,-0.20358,0.82201,-0.81552
46,5,-0.20358,0.82201,-0.81552
46,6,-0.20358,0.82201,-0.81552
46,8,-0.20358,0.82201,-0.81552
46,12,-0.20358,0.82201,-0.81552
46,23.92,-0.20358,0.82201,-0.81552
46,24,-0.20358,0.82201,-0.81552
46,47.92,-0.20358,0.82201,-0.81552
46,48,-0.20358,0.82201,-0.81552
46,71.92,-0.20358,0.82201,-0.81552
46,72,-0.20358,0.82201,-0.81552
46,96,-0.20358,0.82201,-0.81552
46,119.92,-0.20358,0.82201,-0.81552
46,120,-0.20358,0.82201,-0.81552
46,144,-0.20358,0.82201,-0.81552
46,168,-0.20358,0.82201,-0.81552
46,191.92,-0.20358,0.82201,-0.81552
46,192,-0.20358,0.82201,-0.81552
46,216,-0.20358,0.82201,-0.81552
46,240,-0.20358,0.82201,-0.81552
46,263.92,-0.20358,0.82201,-0.81552
46,264,-0.20358,0.82201,-0.81552
46,288,-0.20358,0.82201,-0.81552
46,312,-0.20358,0.82201,-0.81552
46,335.92,-0.20358,0.82201,-0.81552
46,336,-0.20358,0.82201,-0.81552
46,360,-0.20358,0.82201,-0.81552
46,384,-0.20358,0.82201,-0.81552
46,407.95,-0.20358,0.82201,-0.81552
46,408,-0.20358,0.82201,-0.81552
46,432,-0.20358,0.82201,-0.81552
46,456,-0.20358,0.82201,-0.81552
46,479.92,-0.20358,0.82201,-0.81552
46,480,-0.20358,0.82201,-0.81552
46,481,-0.20358,0.82201,-0.81552
46,482,-0.20358,0.82201,-0.81552
46,483,-0.20358,0.82201,-0.81552
46,485,-0.20358,0.82201,-0.81552
46,486,-0.20358,0.82201,-0.81552
46,488,-0.20358,0.82201,-0.81552
46,492,-0.20358,0.82201,-0.81552
46,504,-0.20358,0.82201,-0.81552
46,528,-0.20358,0.82201,-0.81552
46,552.25,-0.20358,0.82201,-0.81552
46,576.92,-0.20358,0.82201,-0.81552
46,600,-0.20358,0.82201,-0.81552
46,672,-0.20358,0.82201,-0.81552
46,720,-0.20358,0.82201,-0.81552
47,0,-0.83361,0.10071,-0.45832
47,1,-0.83361,0.10071,-0.45832
47,2,-0.83361,0.10071,-0.45832
47,3,-0.83361,0.10071,-0.45832
47,5,-0.83361,0.10071,-0.45832
47,6,-0.83361,0.10071,-0.45832
47,8,-0.83361,0.10071,-0.45832
47,12,-0.83361,0.10071,-0.45832
47,23.92,-0.83361,0.10071,-0.45832
47,24,-0.83361,0.10071,-0.45832
47,47.83,-0.83361,0.10071,-0.45832
47,48.08,-0.83361,0.10071,-0.45832
47,71.92,-0.83361,0.10071,-0.45832
47,72,-0.83361,0.10071,-0.45832
47,96,-0.83361,0.10071,-0.45832
47,119.92,-0.83361,0.10071,-0.45832
47,120,-0.83361,0.10071,-0.45832
47,144,-0.83361,0.10071,-0.45832
47,168,-0.83361,0.10071,-0.45832
47,191.92,-0.83361,0.10071,-0.45832
47,192,-0.83361,0.10071,-0.45832
47,216,-0.83361,0.10071,-0.45832
47,240,-0.83361,0.10071,-0.45832
47,263.92,-0.83361,0.10071,-0.45832
47,264,-0.83361,0.10071,-0.45832
47,288,-0.83361,0.10071,-0.45832
47,312,-0.83361,0.10071,-0.45832
47,335.92,-0.83361,0.10071,-0.45832
47,336,-0.83361,0.10071,-0.45832
47,360,-0.83361,0.10071,-0.45832
47,384,-0.83361,0.10071,-0.45832
47,407.92,-0.83361,0.10071,-0.45832
47,408,-0.83361,0.10071,-0.45832
47,432,-0.83361,0.10071,-0.45832
47,456,-0.83361,0.10071,-0.45832
47,479.92,-0.83361,0.10071,-0.45832
47,480,-0.83361,0.10071,-0.45832
47,481,-0.83361,0.10071,-0.45832
47,482,-0.83361,0.10071,-0.45832
47,483,-0.83361,0.10071,-0.45832
47,485,-0.83361,0.10071,-0.45832
47,486.12,-0.83361,0.10071,-0.45832
47,488,-0.83361,0.10071,-0.45832
47,492,-0.83361,0.10071,-0.45832
47,504,-0.83361,0.10071,-0.45832
47,528,-0.83361,0.10071,-0.45832
47,552,-0.83361,0.10071,-0.45832
47,576.03,-0.83361,0.10071,-0.45832
47,600,-0.83361,0.10071,-0.45832
47,672.02,-0.83361,0.10071,-0.45832
48,0,0.29924,-0.22092,0.50482
48,1,0.29924,-0.22092,0.50482
48,2,0.29924,-0.22092,0.50482
48,3,0.29924,-0.22092,0.50482
48,5,0.29924,-0.22092,0.50482
48,6,0.29924,-0.22092,0.50482
48,8.15,0.29924,-0.22092,0.50482
48,12,0.29924,-0.22092,0.50482
48,23.92,0.29924,-0.22092,0.50482
49,0,0.15121,-0.14442,0.22889
49,1,0.15121,-0.14442,0.22889
49,2,0.15121,-0.14442,0.22889
49,3,0.15121,-0.14442,0.22889
49,5,0.15121,-0.14442,0.22889
49,6,0.15121,-0.14442,0.22889
49,8,0.15121,-0.14442,0.22889
49,12,0.15121,-0.14442,0.22889
49,24,0.15121,-0.14442,0.22889
49,47.92,0.15121,-0.14442,0.22889
49,48,0.15121,-0.14442,0.22889
49,71.92,0.15121,-0.14442,0.22889
49,72,0.15121,-0.14442,0.22889
49,96,0.15121,-0.14442,0.22889
49,119.92,0.15121,-0.14442,0.22889
49,120,0.15121,-0.14442,0.22889
49,144,0.15121,-0.14442,0.22889
49,168,0.15121,-0.14442,0.22889
49,191.92,0.15121,-0.14442,0.22889
49,192,0.15121,-0.14442,0.22889
49,216,0.15121,-0.14442,0.22889
49,240,0.15121,-0.14442,0.22889
49,263.92,0.15121,-0.14442,0.22889
49,264,0.15121,-0.14442,0.22889
49,288,0.15121,-0.14442,0.22889
49,312,0.15121,-0.14442,0.22889
49,335.92,0.15121,-0.14442,0.22889
49,336,0.15121,-0.14442,0.22889
49,360,0.15121,-0.14442,0.22889
49,384,0.15121,-0.14442,0.22889
49,407.92,0.15121,-0.14442,0.22889
49,408,0.15121,-0.14442,0.22889
49,432,0.15121,-0.14442,0.22889
49,456,0.15121,-0.14442,0.22889
49,479.92,0.15121,-0.14442,0.22889
49,480,0.15121,-0.14442,0.22889
49,481.03,0.15121,-0.14442,0.22889
49,482,0.15121,-0.14442,0.22889
49,483,0.15121,-0.14442,0.22889
49,485,0.15121,-0.14442,0.22889
49,486,0.15121,-0.14442,0.22889
49,488,0.15121,-0.14442,0.22889
49,492,0.15121,-0.14442,0.22889
49,504,0.15121,-0.14442,0.22889
49,528,0.15121,-0.14442,0.22889
49,553.37,0.15121,-0.14442,0.22889
49,576,0.15121,-0.14442,0.22889
49,600,0.15121,-0.14442,0.22889
49,672,0.15121,-0.14442,0.22889
49,720,0.15121,-0.14442,0.22889
50,0,-0.62112,0.60874,0.85805
50,1,-0.62112,0.60874,0.85805
50,2,-0.62112,0.60874,0.85805
50,3,-0.62112,0.60874,0.85805
50,5,-0.62112,0.60874,0.85805
50,6,-0.62112,0.60874,0.85805
50,8,-0.62112,0.60874,0.85805
50,12,-0.62112,0.60874,0.85805
50,24,-0.62112,0.60874,0.85805
50,24,-0.62112,0.60874,0.85805
50,47.92,-0.62112,0.60874,0.85805
50,48,-0.62112,0.60874,0.85805
50,71.92,-0.62112,0.60874,0.85805
50,72,-0.62112,0.60874,0.85805
50,96,-0.62112,0.60874,0.85805
50,119.92,-0.62112,0.60874,0.85805
50,120,-0.62112,0.60874,0.85805
50,144,-0.62112,0.60874,0.85805
50,168,-0.62112,0.60874,0.85805
50,191.92,-0.62112,0.60874,0.85805
50,192,-0.62112,0.60874,0.85805
50,216,-0.62112,0.60874,0.85805
50,240,-0.62112,0.60874,0.85805
50,263.92,-0.62112,0.60874,0.85805
50,264,-0.62112,0.60874,0.85805
50,288,-0.62112,0.60874,0.85805
50,312,-0.62112,0.60874,0.85805
50,335.92,-0.62112,0.60874,0.85805
50,336,-0.62112,0.60874,0.85805
50,360,-0.62112,0.60874,0.85805
50,384,-0.62112,0.60874,0.85805
50,407.92,-0.62112,0.60874,0.85805
50,408,-0.62112,0.60874,0.85805
50,432,-0.62112,0.60874,0.85805
50,456,-0.62112,0.60874,0.85805
50,479.92,-0.62112,0.60874,0.85805
50,480,-0.62112,0.60874,0.85805
50,481,-0.62112,0.60874,0.85805
50,482,-0.62112,0.60874,0.85805
50,483,-0.62112,0.60874,0.85805
50,485,-0.62112,0.60874,0.85805
50,486,-0.62112,0.60874,0.85805
50,488,-0.62112,0.60874,0.85805
50,492.08,-0.62112,0.60874,0.85805
50,504,-0.62112,0.60874,0.85805
50,528,-0.62112,0.60874,0.85805
50,552,-0.62112,0.60874,0.85805
50,576,-0.62112,0.60874,0.85805
50,600.02,-0.62112,0.60874,0.85805
50,672,-0.62112,0.60874,0.85805
50,720,-0.62112,0.60874,0.85805
51,0,0.3538,-0.0063379,-0.18438
51,1,0.3538,-0.0063379,-0.18438
51,2.02,0.3538,-0.0063379,-0.18438
51,3,0.3538,-0.0063379,-0.18438
51,5,0.3538,-0.0063379,-0.18438
51,6,0.3538,-0.0063379,-0.18438
51,8,0.3538,-0.0063379,-0.18438
51,12,0.3538,-0.0063379,-0.18438
51,23.92,0.3538,-0.0063379,-0.18438
52,0,-0.086668,0.17729,-0.53583
52,24,-0.086668,0.17729,-0.53583
52,47.98,-0.086668,0.17729,-0.53583
52,48,-0.086668,0.17729,-0.53583
52,71.97,-0.086668,0.17729,-0.53583
52,72,-0.086668,0.17729,-0.53583
52,96,-0.086668,0.17729,-0.53583
52,119.97,-0.086668,0.17729,-0.53583
52,120,-0.086668,0.17729,-0.53583
52,144,-0.086668,0.17729,-0.53583
52,168,-0.086668,0.17729,-0.53583
52,191.97,-0.086668,0.17729,-0.53583
52,192,-0.086668,0.17729,-0.53583
52,216,-0.086668,0.17729,-0.53583
52,240,-0.086668,0.17729,-0.53583
52,263.97,-0.086668,0.17729,-0.53583
52,264,-0.086668,0.17729,-0.53583
52,289,-0.086668,0.17729,-0.53583
52,313,-0.086668,0.17729,-0.53583
52,335.97,-0.086668,0.17729,-0.53583
52,337,-0.086668,0.17729,-0.53583
52,361,-0.086668,0.17729,-0.53583
52,385,-0.086668,0.17729,-0.53583
52,407.97,-0.086668,0.17729,-0.53583
52,409,-0.086668,0.17729,-0.53583
52,433,-0.086668,0.17729,-0.53583
52,457,-0.086668,0.17729,-0.53583
52,479.97,-0.086668,0.17729,-0.53583
52,481,-0.086668,0.17729,-0.53583
52,481,-0.086668,0.17729,-0.53583
52,482,-0.086668,0.17729,-0.53583
52,483,-0.086668,0.17729,-0.53583
52,484,-0.086668,0.17729,-0.53583
52,485,-0.086668,0.17729,-0.53583
52,486,-0.086668,0.17729,-0.53583
52,487,-0.086668,0.17729,-0.53583
52,488,-0.086668,0.17729,-0.53583
52,492,-0.086668,0.17729,-0.53583
52,504,-0.086668,0.17729,-0.53583
53,0,0.84665,-0.39252,0.74563
53,24,0.84665,-0.39252,0.74563
53,47.97,0.84665,-0.39252,0.74563
53,48,0.84665,-0.39252,0.74563
53,71.97,0.84665,-0.39252,0.74563
53,72,0.84665,-0.39252,0.74563
53,96,0.84665,-0.39252,0.74563
53,120,0.84665,-0.39252,0.74563
53,120.05,0.84665,-0.39252,0.74563
53,144,0.84665,-0.39252,0.74563
53,168,0.84665,-0.39252,0.74563
53,191.97,0.84665,-0.39252,0.74563
53,192,0.84665,-0.39252,0.74563
53,216,0.84665,-0.39252,0.74563
53,240,0.84665,-0.39252,0.74563
53,264,0.84665,-0.39252,0.74563
53,289,0.84665,-0.39252,0.74563
53,313,0.84665,-0.39252,0.74563
53,335.97,0.84665,-0.39252,0.74563
53,337,0.84665,-0.39252,0.74563
53,361,0.84665,-0.39252,0.74563
53,385,0.84665,-0.39252,0.74563
53,407.97,0.84665,-0.39252,0.74563
53,409,0.84665,-0.39252,0.74563
53,433,0.84665,-0.39252,0.74563
53,457,0.84665,-0.39252,0.74563
53,479.97,0.84665,-0.39252,0.74563
53,481,0.84665,-0.39252,0.74563
53,481,0.84665,-0.39252,0.74563
53,482,0.84665,-0.39252,0.74563
53,483,0.84665,-0.39252,0.74563
53,484.15,0.84665,-0.39252,0.74563
53,485,0.84665,-0.39252,0.74563
53,486,0.84665,-0.39252,0.74563
53,487,0.84665,-0.39252,0.74563
53,488,0.84665,-0.39252,0.74563
53,492,0.84665,-0.39252,0.74563
53,504,0.84665,-0.39252,0.74563
54,0,0.14755,-0.20296,-0.71105
54,24,0.14755,-0.20296,-0.71105
54,47.97,0.14755,-0.20296,-0.71105
54,48,0.14755,-0.20296,-0.71105
54,71.97,0.14755,-0.20296,-0.71105
54,72,0.14755,-0.20296,-0.71105
54,96,0.14755,-0.20296,-0.71105
54,119.97,0.14755,-0.20296,-0.71105
54,120,0.14755,-0.20296,-0.71105
54,144,0.14755,-0.20296,-0.71105
54,168,0.14755,-0.20296,-0.71105
54,191.97,0.14755,-0.20296,-0.71105
54,192,0.14755,-0.20296,-0.71105
54,216,0.14755,-0.20296,-0.71105
54,240,0.14755,-0.20296,-0.71105
54,263.97,0.14755,-0.20296,-0.71105
54,264,0.14755,-0.20296,-0.71105
54,289,0.14755,-0.20296,-0.71105
54,313,0.14755,-0.20296,-0.71105
54,335.97,0.14755,-0.20296,-0.71105
54,337,0.14755,-0.20296,-0.71105
54,361,0.14755,-0.20296,-0.71105
54,385,0.14755,-0.20296,-0.71105
54,407.97,0.14755,-0.20296,-0.71105
54,409,0.14755,-0.20296,-0.71105
54,433,0.14755,-0.20296,-0.71105
54,457,0.14755,-0.20296,-0.71105
54,479.97,0.14755,-0.20296,-0.71105
54,481,0.14755,-0.20296,-0.71105
54,481,0.14755,-0.20296,-0.71105
54,482,0.14755,-0.20296,-0.71105
54,483,0.14755,-0.20296,-0.71105
54,484,0.14755,-0.20296,-0.71105
54,485,0.14755,-0.20296,-0.71105
54,486,0.14755,-0.20296,-0.71105
54,487,0.14755,-0.20296,-0.71105
54,488,0.14755,-0.20296,-0.71105
54,492,0.14755,-0.20296,-0.71105
54,504,0.14755,-0.20296,-0.71105
55,0,0.053735,-0.22056,-0.18423
55,24,0.053735,-0.22056,-0.18423
55,47.97,0.053735,-0.22056,-0.18423
55,48,0.053735,-0.22056,-0.18423
55,71.97,0.053735,-0.22056,-0.18423
55,72,0.053735,-0.22056,-0.18423
55,96,0.053735,-0.22056,-0.18423
55,119.97,0.053735,-0.22056,-0.18423
55,120,0.053735,-0.22056,-0.18423
55,144,0.053735,-0.22056,-0.18423
55,168,0.053735,-0.22056,-0.18423
55,191.97,0.053735,-0.22056,-0.18423
55,192,0.053735,-0.22056,-0.18423
55,216,0.053735,-0.22056,-0.18423
55,240,0.053735,-0.22056,-0.18423
55,263.93,0.053735,-0.22056,-0.18423
55,264,0.053735,-0.22056,-0.18423
55,288.03,0.053735,-0.22056,-0.18423
55,312,0.053735,-0.22056,-0.18423
55,336,0.053735,-0.22056,-0.18423
55,336,0.053735,-0.22056,-0.18423
55,360,0.053735,-0.22056,-0.18423
55,384,0.053735,-0.22056,-0.18423
55,407.97,0.053735,-0.22056,-0.18423
55,408,0.053735,-0.22056,-0.18423
55,432,0.053735,-0.22056,-0.18423
55,456,0.053735,-0.22056,-0.18423
55,479.98,0.053735,-0.22056,-0.18423
55,480,0.053735,-0.22056,-0.18423
55,481,0.053735,-0.22056,-0.18423
55,482,0.053735,-0.22056,-0.18423
55,483,0.053735,-0.22056,-0.18423
55,484,0.053735,-0.22056,-0.18423
55,485,0.053735,-0.22056,-0.18423
55,486,0.053735,-0.22056,-0.18423
55,487,0.053735,-0.22056,-0.18423
55,488,0.053735,-0.22056,-0.18423
55,492,0.053735,-0.22056,-0.18423
55,504,0.053735,-0.22056,-0.18423
56,0,0.35527,-0.084701,-0.24375
56,24,0.35527,-0.084701,-0.24375
56,47.97,0.35527,-0.084701,-0.24375
56,48,0.35527,-0.084701,-0.24375
56,71.97,0.35527,-0.084701,-0.24375
56,72,0.35527,-0.084701,-0.24375
56,96,0.35527,-0.084701,-0.24375
56,119.97,0.35527,-0.084701,-0.24375
56,120,0.35527,-0.084701,-0.24375
56,144,0.35527,-0.084701,-0.24375
56,168,0.35527,-0.084701,-0.24375
56,191.98,0.35527,-0.084701,-0.24375
56,192,0.35527,-0.084701,-0.24375
56,216.02,0.35527,-0.084701,-0.24375
56,240,0.35527,-0.084701,-0.24375
56,263.97,0.35527,-0.084701,-0.24375
56,264,0.35527,-0.084701,-0.24375
56,288.03,0.35527,-0.084701,-0.24375
56,312,0.35527,-0.084701,-0.24375
56,335.97,0.35527,-0.084701,-0.24375
56,336,0.35527,-0.084701,-0.24375
56,360,0.35527,-0.084701,-0.24375
56,384,0.35527,-0.084701,-0.24375
56,407.97,0.35527,-0.084701,-0.24375
56,408,0.35527,-0.084701,-0.24375
56,432,0.35527,-0.084701,-0.24375
56,456,0.35527,-0.084701,-0.24375
56,479.97,0.35527,-0.084701,-0.24375
56,480,0.35527,-0.084701,-0.24375
56,481,0.35527,-0.084701,-0.24375
56,482,0.35527,-0.084701,-0.24375
56,483,0.35527,-0.084701,-0.24375
56,484,0.35527,-0.084701,-0.24375
56,485,0.35527,-0.084701,-0.24375
56,486,0.35527,-0.084701,-0.24375
56,487,0.35527,-0.084701,-0.24375
56,488,0.35527,-0.084701,-0.24375
56,492,0.35527,-0.084701,-0.24375
56,504,0.35527,-0.084701,-0.24375
57,0,-0.097185,0.29515,0.34655
57,24,-0.097185,0.29515,0.34655
57,47.97,-0.097185,0.29515,0.34655
57,48,-0.097185,0.29515,0.34655
57,71.97,-0.097185,0.29515,0.34655
57,72,-0.097185,0.29515,0.34655
57,96,-0.097185,0.29515,0.34655
57,119.97,-0.097185,0.29515,0.34655
57,120,-0.097185,0.29515,0.34655
57,144,-0.097185,0.29515,0.34655
57,168,-0.097185,0.29515,0.34655
57,191.97,-0.097185,0.29515,0.34655
57,192,-0.097185,0.29515,0.34655
57,216.03,-0.097185,0.29515,0.34655
57,240,-0.097185,0.29515,0.34655
57,263.97,-0.097185,0.29515,0.34655
57,264,-0.097185,0.29515,0.34655
57,288,-0.097185,0.29515,0.34655
57,312,-0.097185,0.29515,0.34655
57,335.97,-0.097185,0.29515,0.34655
57,336,-0.097185,0.29515,0.34655
57,360,-0.097185,0.29515,0.34655
57,384,-0.097185,0.29515,0.34655
57,407.97,-0.097185,0.29515,0.34655
57,408,-0.097185,0.29515,0.34655
57,432,-0.097185,0.29515,0.34655
57,456,-0.097185,0.29515,0.34655
57,479.97,-0.097185,0.29515,0.34655
57,480,-0.097185,0.29515,0.34655
57,481,-0.097185,0.29515,0.34655
57,482,-0.097185,0.29515,0.34655
57,483,-0.097185,0.29515,0.34655
57,484,-0.097185,0.29515,0.34655
57,485,-0.097185,0.29515,0.34655
57,486,-0.097185,0.29515,0.34655
57,487,-0.097185,0.29515,0.34655
57,488,-0.097185,0.29515,0.34655
57,492,-0.097185,0.29515,0.34655
57,504,-0.097185,0.29515,0.34655
58,0,0.15235,-0.16013,-0.47315
58,24,0.15235,-0.16013,-0.47315
58,47.97,0.15235,-0.16013,-0.47315
58,48,0.15235,-0.16013,-0.47315
58,71.97,0.15235,-0.16013,-0.47315
58,72,0.15235,-0.16013,-0.47315
58,96,0.15235,-0.16013,-0.47315
58,119.97,0.15235,-0.16013,-0.47315
58,120,0.15235,-0.16013,-0.47315
58,144,0.15235,-0.16013,-0.47315
58,168,0.15235,-0.16013,-0.47315
58,191.97,0.15235,-0.16013,-0.47315
58,192,0.15235,-0.16013,-0.47315
58,216,0.15235,-0.16013,-0.47315
58,240,0.15235,-0.16013,-0.47315
58,263.97,0.15235,-0.16013,-0.47315
58,264,0.15235,-0.16013,-0.47315
58,288,0.15235,-0.16013,-0.47315
58,312,0.15235,-0.16013,-0.47315
58,335.97,0.15235,-0.16013,-0.47315
58,336,0.15235,-0.16013,-0.47315
58,360,0.15235,-0.16013,-0.47315
58,384,0.15235,-0.16013,-0.47315
58,407.97,0.15235,-0.16013,-0.47315
58,408,0.15235,-0.16013,-0.47315
58,432,0.15235,-0.16013,-0.47315
58,456,0.15235,-0.16013,-0.47315
58,479.97,0.15235,-0.16013,-0.47315
58,480,0.15235,-0.16013,-0.47315
58,481,0.15235,-0.16013,-0.47315
58,482,0.15235,-0.16013,-0.47315
58,483,0.15235,-0.16013,-0.47315
58,484,0.15235,-0.16013,-0.47315
58,485,0.15235,-0.16013,-0.47315
58,486.02,0.15235,-0.16013,-0.47315
58,487,0.15235,-0.16013,-0.47315
58,488,0.15235,-0.16013,-0.47315
58,492,0.15235,-0.16013,-0.47315
58,504,0.15235,-0.16013,-0.47315
59,0,-0.2774,-0.13681,-1.0548
59,23.92,-0.2774,-0.13681,-1.0548
59,47.92,-0.2774,-0.13681,-1.0548
59,47.97,-0.2774,-0.13681,-1.0548
59,71.92,-0.2774,-0.13681,-1.0548
59,71.97,-0.2774,-0.13681,-1.0548
59,95.92,-0.2774,-0.13681,-1.0548
59,119.92,-0.2774,-0.13681,-1.0548
59,119.97,-0.2774,-0.13681,-1.0548
59,143.92,-0.2774,-0.13681,-1.0548
59,167.92,-0.2774,-0.13681,-1.0548
59,191.92,-0.2774,-0.13681,-1.0548
59,191.97,-0.2774,-0.13681,-1.0548
59,215.92,-0.2774,-0.13681,-1.0548
59,239.92,-0.2774,-0.13681,-1.0548
59,263.92,-0.2774,-0.13681,-1.0548
59,263.97,-0.2774,-0.13681,-1.0548
59,287.92,-0.2774,-0.13681,-1.0548
59,311.92,-0.2774,-0.13681,-1.0548
59,335.92,-0.2774,-0.13681,-1.0548
59,335.97,-0.2774,-0.13681,-1.0548
59,359.92,-0.2774,-0.13681,-1.0548
59,383.92,-0.2774,-0.13681,-1.0548
59,407.92,-0.2774,-0.13681,-1.0548
59,407.97,-0.2774,-0.13681,-1.0548
59,431.92,-0.2774,-0.13681,-1.0548
59,455.92,-0.2774,-0.13681,-1.0548
59,479.92,-0.2774,-0.13681,-1.0548
59,479.97,-0.2774,-0.13681,-1.0548
59,481,-0.2774,-0.13681,-1.0548
59,482,-0.2774,-0.13681,-1.0548
59,483,-0.2774,-0.13681,-1.0548
59,484,-0.2774,-0.13681,-1.0548
59,485,-0.2774,-0.13681,-1.0548
59,486,-0.2774,-0.13681,-1.0548
59,487,-0.2774,-0.13681,-1.0548
59,488,-0.2774,-0.13681,-1.0548
59,492,-0.2774,-0.13681,-1.0548
59,504,-0.2774,-0.13681,-1.0548
60,0,-0.82119,-0.042826,0.26124
60,24,-0.82119,-0.042826,0.26124
60,47.97,-0.82119,-0.042826,0.26124
60,48,-0.82119,-0.042826,0.26124
60,71.97,-0.82119,-0.042826,0.26124
60,72,-0.82119,-0.042826,0.26124
60,96,-0.82119,-0.042826,0.26124
60,119.97,-0.82119,-0.042826,0.26124
60,120,-0.82119,-0.042826,0.26124
60,144,-0.82119,-0.042826,0.26124
60,168,-0.82119,-0.042826,0.26124
60,191.97,-0.82119,-0.042826,0.26124
60,192,-0.82119,-0.042826,0.26124
60,216,-0.82119,-0.042826,0.26124
60,240,-0.82119,-0.042826,0.26124
60,263.97,-0.82119,-0.042826,0.26124
60,264,-0.82119,-0.042826,0.26124
60,288,-0.82119,-0.042826,0.26124
60,312,-0.82119,-0.042826,0.26124
60,335.97,-0.82119,-0.042826,0.26124
60,336,-0.82119,-0.042826,0.26124
60,360,-0.82119,-0.042826,0.26124
60,384,-0.82119,-0.042826,0.26124
60,407.97,-0.82119,-0.042826,0.26124
60,408,-0.82119,-0.042826,0.26124
60,432,-0.82119,-0.042826,0.26124
60,456,-0.82119,-0.042826,0.26124
60,479.98,-0.82119,-0.042826,0.26124
60,480,-0.82119,-0.042826,0.26124
60,481,-0.82119,-0.042826,0.26124
60,482,-0.82119,-0.042826,0.26124
60,483,-0.82119,-0.042826,0.26124
60,484,-0.82119,-0.042826,0.26124
60,485,-0.82119,-0.042826,0.26124
60,486,-0.82119,-0.042826,0.26124
60,487,-0.82119,-0.042826,0.26124
60,488,-0.82119,-0.042826,0.26124
60,492,-0.82119,-0.042826,0.26124
60,504,-0.82119,-0.042826,0.26124
61,0,-0.048509,-0.35308,0.19439
61,24,-0.048509,-0.35308,0.19439
61,48,-0.048509,-0.35308,0.19439
61,71.97,-0.048509,-0.35308,0.19439
61,72,-0.048509,-0.35308,0.19439
61,96,-0.048509,-0.35308,0.19439
61,119.97,-0.048509,-0.35308,0.19439
61,120,-0.048509,-0.35308,0.19439
61,144,-0.048509,-0.35308,0.19439
61,168,-0.048509,-0.35308,0.19439
61,191.97,-0.048509,-0.35308,0.19439
61,192,-0.048509,-0.35308,0.19439
61,216,-0.048509,-0.35308,0.19439
61,240,-0.048509,-0.35308,0.19439
61,263.97,-0.048509,-0.35308,0.19439
61,264,-0.048509,-0.35308,0.19439
61,288,-0.048509,-0.35308,0.19439
61,312,-0.048509,-0.35308,0.19439
61,335.97,-0.048509,-0.35308,0.19439
61,336,-0.048509,-0.35308,0.19439
61,360,-0.048509,-0.35308,0.19439
61,384,-0.048509,-0.35308,0.19439
61,407.97,-0.048509,-0.35308,0.19439
61,408,-0.048509,-0.35308,0.19439
61,432,-0.048509,-0.35308,0.19439
61,456,-0.048509,-0.35308,0.19439
61,479.97,-0.048509,-0.35308,0.19439
61,480,-0.048509,-0.35308,0.19439
61,481,-0.048509,-0.35308,0.19439
61,482,-0.048509,-0.35308,0.19439
61,483,-0.048509,-0.35308,0.19439
61,484,-0.048509,-0.35308,0.19439
61,485,-0.048509,-0.35308,0.19439
61,486,-0.048509,-0.35308,0.19439
61,487,-0.048509,-0.35308,0.19439
61,488,-0.048509,-0.35308,0.19439
61,492,-0.048509,-0.35308,0.19439
61,504,-0.048509,-0.35308,0.19439
62,0,-0.59617,0.10876,0.18362
62,24,-0.59617,0.10876,0.18362
62,47.98,-0.59617,0.10876,0.18362
62,48,-0.59617,0.10876,0.18362
62,71.97,-0.59617,0.10876,0.18362
62,72,-0.59617,0.10876,0.18362
62,96,-0.59617,0.10876,0.18362
62,119.97,-0.59617,0.10876,0.18362
62,120,-0.59617,0.10876,0.18362
62,144,-0.59617,0.10876,0.18362
62,168,-0.59617,0.10876,0.18362
62,191.97,-0.59617,0.10876,0.18362
62,192,-0.59617,0.10876,0.18362
62,216,-0.59617,0.10876,0.18362
62,240,-0.59617,0.10876,0.18362
62,263.97,-0.59617,0.10876,0.18362
62,264,-0.59617,0.10876,0.18362
62,288,-0.59617,0.10876,0.18362
62,312,-0.59617,0.10876,0.18362
62,335.97,-0.59617,0.10876,0.18362
62,336,-0.59617,0.10876,0.18362
62,360,-0.59617,0.10876,0.18362
62,384,-0.59617,0.10876,0.18362
62,407.97,-0.59617,0.10876,0.18362
62,408,-0.59617,0.10876,0.18362
62,432,-0.59617,0.10876,0.18362
62,456,-0.59617,0.10876,0.18362
62,479.97,-0.59617,0.10876,0.18362
62,480,-0.59617,0.10876,0.18362
62,481,-0.59617,0.10876,0.18362
62,482,-0.59617,0.10876,0.18362
62,483,-0.59617,0.10876,0.18362
62,484,-0.59617,0.10876,0.18362
62,485,-0.59617,0.10876,0.18362
62,486,-0.59617,0.10876,0.18362
62,487,-0.59617,0.10876,0.18362
62,488,-0.59617,0.10876,0.18362
62,492,-0.59617,0.10876,0.18362
62,504,-0.59617,0.10876,0.18362
63,0,-0.38216,-0.18555,-0.1468
63,24,-0.38216,-0.18555,-0.1468
63,47.97,-0.38216,-0.18555,-0.1468
63,48,-0.38216,-0.18555,-0.1468
63,71.97,-0.38216,-0.18555,-0.1468
63,72,-0.38216,-0.18555,-0.1468
63,96,-0.38216,-0.18555,-0.1468
63,119.97,-0.38216,-0.18555,-0.1468
63,120,-0.38216,-0.18555,-0.1468
63,144,-0.38216,-0.18555,-0.1468
63,168,-0.38216,-0.18555,-0.1468
63,191.97,-0.38216,-0.18555,-0.1468
63,192,-0.38216,-0.18555,-0.1468
63,216,-0.38216,-0.18555,-0.1468
63,240,-0.38216,-0.18555,-0.1468
63,263.97,-0.38216,-0.18555,-0.1468
63,264,-0.38216,-0.18555,-0.1468
63,288,-0.38216,-0.18555,-0.1468
63,312,-0.38216,-0.18555,-0.1468
63,335.97,-0.38216,-0.18555,-0.1468
63,336,-0.38216,-0.18555,-0.1468
63,360,-0.38216,-0.18555,-0.1468
63,384,-0.38216,-0.18555,-0.1468
63,407.97,-0.38216,-0.18555,-0.1468
63,408,-0.38216,-0.18555,-0.1468
63,432,-0.38216,-0.18555,-0.1468
63,456,-0.38216,-0.18555,-0.1468
63,479.97,-0.38216,-0.18555,-0.1468
63,480,-0.38216,-0.18555,-0.1468
63,481,-0.38216,-0.18555,-0.1468
63,482,-0.38216,-0.18555,-0.1468
63,484,-0.38216,-0.18555,-0.1468
63,485,-0.38216,-0.18555,-0.1468
63,486,-0.38216,-0.18555,-0.1468
63,487,-0.38216,-0.18555,-0.1468
63,488,-0.38216,-0.18555,-0.1468
63,504,-0.38216,-0.18555,-0.1468
64,0,0.12204,-0.091851,-0.20252
64,24,0.12204,-0.091851,-0.20252
64,47.97,0.12204,-0.091851,-0.20252
64,48,0.12204,-0.091851,-0.20252
64,71.97,0.12204,-0.091851,-0.20252
64,72,0.12204,-0.091851,-0.20252
64,96,0.12204,-0.091851,-0.20252
64,119.97,0.12204,-0.091851,-0.20252
64,120,0.12204,-0.091851,-0.20252
64,144,0.12204,-0.091851,-0.20252
64,168,0.12204,-0.091851,-0.20252
64,191.97,0.12204,-0.091851,-0.20252
64,192,0.12204,-0.091851,-0.20252
64,216,0.12204,-0.091851,-0.20252
64,240,0.12204,-0.091851,-0.20252
64,263.97,0.12204,-0.091851,-0.20252
64,264,0.12204,-0.091851,-0.20252
64,288,0.12204,-0.091851,-0.20252
64,312,0.12204,-0.091851,-0.20252
64,335.97,0.12204,-0.091851,-0.20252
64,336,0.12204,-0.091851,-0.20252
64,360,0.12204,-0.091851,-0.20252
64,384,0.12204,-0.091851,-0.20252
64,407.97,0.12204,-0.091851,-0.20252
64,408,0.12204,-0.091851,-0.20252
64,432,0.12204,-0.091851,-0.20252
64,455,0.12204,-0.091851,-0.20252
64,479,0.12204,-0.091851,-0.20252
64,479.97,0.12204,-0.091851,-0.20252
64,481,0.12204,-0.091851,-0.20252
64,482.13,0.12204,-0.091851,-0.20252
64,483,0.12204,-0.091851,-0.20252
64,484,0.12204,-0.091851,-0.20252
64,485,0.12204,-0.091851,-0.20252
64,486,0.12204,-0.091851,-0.20252
64,487,0.12204,-0.091851,-0.20252
64,488,0.12204,-0.091851,-0.20252
64,492,0.12204,-0.091851,-0.20252
64,504.07,0.12204,-0.091851,-0.20252
65,0,-0.22038,-0.0020446,-0.34484
65,24,-0.22038,-0.0020446,-0.34484
65,47.97,-0.22038,-0.0020446,-0.34484
65,48,-0.22038,-0.0020446,-0.34484
65,71.97,-0.22038,-0.0020446,-0.34484
65,72,-0.22038,-0.0020446,-0.34484
65,96,-0.22038,-0.0020446,-0.34484
65,119.97,-0.22038,-0.0020446,-0.34484
65,120,-0.22038,-0.0020446,-0.34484
65,144,-0.22038,-0.0020446,-0.34484
65,168,-0.22038,-0.0020446,-0.34484
65,191.97,-0.22038,-0.0020446,-0.34484
65,192,-0.22038,-0.0020446,-0.34484
65,216,-0.22038,-0.0020446,-0.34484
65,240,-0.22038,-0.0020446,-0.34484
65,263.97,-0.22038,-0.0020446,-0.34484
65,264,-0.22038,-0.0020446,-0.34484
65,288,-0.22038,-0.0020446,-0.34484
65,312,-0.22038,-0.0020446,-0.34484
65,335.97,-0.22038,-0.0020446,-0.34484
65,336,-0.22038,-0.0020446,-0.34484
65,360,-0.22038,-0.0020446,-0.34484
65,384,-0.22038,-0.0020446,-0.34484
65,407.97,-0.22038,-0.0020446,-0.34484
65,408,-0.22038,-0.0020446,-0.34484
65,432,-0.22038,-0.0020446,-0.34484
65,456,-0.22038,-0.0020446,-0.34484
65,479.97,-0.22038,-0.0020446,-0.34484
65,480,-0.22038,-0.0020446,-0.34484
65,481.03,-0.22038,-0.0020446,-0.34484
65,482,-0.22038,-0.0020446,-0.34484
65,483,-0.22038,-0.0020446,-0.34484
65,484,-0.22038,-0.0020446,-0.34484
65,485,-0.22038,-0.0020446,-0.34484
65,486,-0.22038,-0.0020446,-0.34484
65,487,-0.22038,-0.0020446,-0.34484
65,488,-0.22038,-0.0020446,-0.34484
65,492,-0.22038,-0.0020446,-0.34484
65,504,-0.22038,-0.0020446,-0.34484
66,0,-0.0088487,0.26056,0.30419
66,24,-0.0088487,0.26056,0.30419
66,47.97,-0.0088487,0.26056,0.30419
66,48,-0.0088487,0.26056,0.30419
66,71.97,-0.0088487,0.26056,0.30419
66,72,-0.0088487,0.26056,0.30419
66,96,-0.0088487,0.26056,0.30419
66,119.97,-0.0088487,0.26056,0.30419
66,120,-0.0088487,0.26056,0.30419
66,144,-0.0088487,0.26056,0.30419
66,168,-0.0088487,0.26056,0.30419
66,191.97,-0.0088487,0.26056,0.30419
66,192,-0.0088487,0.26056,0.30419
66,216,-0.0088487,0.26056,0.30419
66,240,-0.0088487,0.26056,0.30419
66,263.97,-0.0088487,0.26056,0.30419
66,264,-0.0088487,0.26056,0.30419
66,288,-0.0088487,0.26056,0.30419
66,312,-0.0088487,0.26056,0.30419
66,335.97,-0.0088487,0.26056,0.30419
66,336,-0.0088487,0.26056,0.30419
66,360,-0.0088487,0.26056,0.30419
66,384,-0.0088487,0.26056,0.30419
66,408,-0.0088487,0.26056,0.30419
66,408,-0.0088487,0.26056,0.30419
66,432.03,-0.0088487,0.26056,0.30419
66,456,-0.0088487,0.26056,0.30419
66,479.97,-0.0088487,0.26056,0.30419
66,480,-0.0088487,0.26056,0.30419
66,481,-0.0088487,0.26056,0.30419
66,482,-0.0088487,0.26056,0.30419
66,483,-0.0088487,0.26056,0.30419
66,484,-0.0088487,0.26056,0.30419
66,485,-0.0088487,0.26056,0.30419
66,486,-0.0088487,0.26056,0.30419
66,487,-0.0088487,0.26056,0.30419
66,488,-0.0088487,0.26056,0.30419
66,492,-0.0088487,0.26056,0.30419
66,504,-0.0088487,0.26056,0.30419
67,0,-0.20645,-0.081965,-0.64464
67,24,-0.20645,-0.081965,-0.64464
67,47.97,-0.20645,-0.081965,-0.64464
67,48,-0.20645,-0.081965,-0.64464
67,71.97,-0.20645,-0.081965,-0.64464
67,72,-0.20645,-0.081965,-0.64464
67,96,-0.20645,-0.081965,-0.64464
67,119.97,-0.20645,-0.081965,-0.64464
67,120,-0.20645,-0.081965,-0.64464
67,144,-0.20645,-0.081965,-0.64464
67,168,-0.20645,-0.081965,-0.64464
67,191.97,-0.20645,-0.081965,-0.64464
67,192,-0.20645,-0.081965,-0.64464
67,216,-0.20645,-0.081965,-0.64464
67,240,-0.20645,-0.081965,-0.64464
67,263.97,-0.20645,-0.081965,-0.64464
67,264,-0.20645,-0.081965,-0.64464
67,288,-0.20645,-0.081965,-0.64464
67,312,-0.20645,-0.081965,-0.64464
67,335.97,-0.20645,-0.081965,-0.64464
67,336,-0.20645,-0.081965,-0.64464
67,360,-0.20645,-0.081965,-0.64464
67,384,-0.20645,-0.081965,-0.64464
67,407.97,-0.20645,-0.081965,-0.64464
67,408,-0.20645,-0.081965,-0.64464
67,432,-0.20645,-0.081965,-0.64464
67,456,-0.20645,-0.081965,-0.64464
67,479.97,-0.20645,-0.081965,-0.64464
67,480,-0.20645,-0.081965,-0.64464
67,481,-0.20645,-0.081965,-0.64464
67,482,-0.20645,-0.081965,-0.64464
67,483,-0.20645,-0.081965,-0.64464
67,484,-0.20645,-0.081965,-0.64464
67,485,-0.20645,-0.081965,-0.64464
67,486,-0.20645,-0.081965,-0.64464
67,487,-0.20645,-0.081965,-0.64464
67,488,-0.20645,-0.081965,-0.64464
67,492,-0.20645,-0.081965,-0.64464
67,504,-0.20645,-0.081965,-0.64464
68,0,-0.11655,0.0102,-0.0054093
68,24,-0.11655,0.0102,-0.0054093
68,47.97,-0.11655,0.0102,-0.0054093
68,48,-0.11655,0.0102,-0.0054093
68,71.97,-0.11655,0.0102,-0.0054093
68,72,-0.11655,0.0102,-0.0054093
68,96,-0.11655,0.0102,-0.0054093
68,119.97,-0.11655,0.0102,-0.0054093
68,120,-0.11655,0.0102,-0.0054093
68,144,-0.11655,0.0102,-0.0054093
68,168,-0.11655,0.0102,-0.0054093
68,191.97,-0.11655,0.0102,-0.0054093
68,192,-0.11655,0.0102,-0.0054093
68,216,-0.11655,0.0102,-0.0054093
68,240,-0.11655,0.0102,-0.0054093
68,263.97,-0.11655,0.0102,-0.0054093
68,264,-0.11655,0.0102,-0.0054093
68,289,-0.11655,0.0102,-0.0054093
68,313,-0.11655,0.0102,-0.0054093
68,335.97,-0.11655,0.0102,-0.0054093
68,337,-0.11655,0.0102,-0.0054093
68,361,-0.11655,0.0102,-0.0054093
68,385,-0.11655,0.0102,-0.0054093
68,407.97,-0.11655,0.0102,-0.0054093
68,409,-0.11655,0.0102,-0.0054093
68,433,-0.11655,0.0102,-0.0054093
68,457,-0.11655,0.0102,-0.0054093
68,479.97,-0.11655,0.0102,-0.0054093
68,481,-0.11655,0.0102,-0.0054093
68,481,-0.11655,0.0102,-0.0054093
68,482,-0.11655,0.0102,-0.0054093
68,483,-0.11655,0.0102,-0.0054093
68,484,-0.11655,0.0102,-0.0054093
68,485,-0.11655,0.0102,-0.0054093
68,486,-0.11655,0.0102,-0.0054093
68,487,-0.11655,0.0102,-0.0054093
68,488,-0.11655,0.0102,-0.0054093
68,492,-0.11655,0.0102,-0.0054093
68,504,-0.11655,0.0102,-0.0054093
69,0,0.2353,-0.1078,-0.37651
69,24,0.2353,-0.1078,-0.37651
69,47.97,0.2353,-0.1078,-0.37651
69,48,0.2353,-0.1078,-0.37651
69,71.97,0.2353,-0.1078,-0.37651
69,72,0.2353,-0.1078,-0.37651
69,96,0.2353,-0.1078,-0.37651
69,119.97,0.2353,-0.1078,-0.37651
69,120,0.2353,-0.1078,-0.37651
69,144,0.2353,-0.1078,-0.37651
69,168,0.2353,-0.1078,-0.37651
69,191.97,0.2353,-0.1078,-0.37651
69,192,0.2353,-0.1078,-0.37651
69,216,0.2353,-0.1078,-0.37651
69,240,0.2353,-0.1078,-0.37651
69,263.97,0.2353,-0.1078,-0.37651
69,264,0.2353,-0.1078,-0.37651
69,289,0.2353,-0.1078,-0.37651
69,313,0.2353,-0.1078,-0.37651
69,335.97,0.2353,-0.1078,-0.37651
69,337,0.2353,-0.1078,-0.37651
69,361,0.2353,-0.1078,-0.37651
69,385,0.2353,-0.1078,-0.37651
69,407.97,0.2353,-0.1078,-0.37651
69,409,0.2353,-0.1078,-0.37651
69,433,0.2353,-0.1078,-0.37651
69,457,0.2353,-0.1078,-0.37651
69,479.97,0.2353,-0.1078,-0.37651
69,481,0.2353,-0.1078,-0.37651
69,481,0.2353,-0.1078,-0.37651
69,482,0.2353,-0.1078,-0.37651
69,483,0.2353,-0.1078,-0.37651
69,484,0.2353,-0.1078,-0.37651
69,485,0.2353,-0.1078,-0.37651
69,486,0.2353,-0.1078,-0.37651
69,487,0.2353,-0.1078,-0.37651
69,488,0.2353,-0.1078,-0.37651
69,492,0.2353,-0.1078,-0.37651
69,504,0.2353,-0.1078,-0.37651
70,0,-0.18764,0.071279,0.041941
70,24,-0.18764,0.071279,0.041941
70,47.97,-0.18764,0.071279,0.041941
70,48,-0.18764,0.071279,0.041941
70,71.97,-0.18764,0.071279,0.041941
70,72,-0.18764,0.071279,0.041941
70,96,-0.18764,0.071279,0.041941
70,119.98,-0.18764,0.071279,0.041941
70,120,-0.18764,0.071279,0.041941
70,144,-0.18764,0.071279,0.041941
70,168,-0.18764,0.071279,0.041941
70,191.97,-0.18764,0.071279,0.041941
70,192,-0.18764,0.071279,0.041941
70,216,-0.18764,0.071279,0.041941
70,240,-0.18764,0.071279,0.041941
70,263.97,-0.18764,0.071279,0.041941
70,264,-0.18764,0.071279,0.041941
70,289,-0.18764,0.071279,0.041941
70,313,-0.18764,0.071279,0.041941
70,335.97,-0.18764,0.071279,0.041941
70,337,-0.18764,0.071279,0.041941
70,361,-0.18764,0.071279,0.041941
70,385,-0.18764,0.071279,0.041941
70,407.98,-0.18764,0.071279,0.041941
70,409,-0.18764,0.071279,0.041941
70,433,-0.18764,0.071279,0.041941
70,457,-0.18764,0.071279,0.041941
70,479.97,-0.18764,0.071279,0.041941
70,481,-0.18764,0.071279,0.041941
70,481,-0.18764,0.071279,0.041941
70,482,-0.18764,0.071279,0.041941
70,483,-0.18764,0.071279,0.041941
70,484,-0.18764,0.071279,0.041941
70,485,-0.18764,0.071279,0.041941
70,486,-0.18764,0.071279,0.041941
70,487,-0.18764,0.071279,0.041941
70,488,-0.18764,0.071279,0.041941
70,492,-0.18764,0.071279,0.041941
70,504,-0.18764,0.071279,0.041941
71,0,0.11026,-0.010729,-0.25009
71,24,0.11026,-0.010729,-0.25009
71,47.97,0.11026,-0.010729,-0.25009
71,48,0.11026,-0.010729,-0.25009
71,71.97,0.11026,-0.010729,-0.25009
71,72,0.11026,-0.010729,-0.25009
71,96,0.11026,-0.010729,-0.25009
71,119.97,0.11026,-0.010729,-0.25009
71,120,0.11026,-0.010729,-0.25009
71,144,0.11026,-0.010729,-0.25009
71,168,0.11026,-0.010729,-0.25009
71,191.97,0.11026,-0.010729,-0.25009
71,192,0.11026,-0.010729,-0.25009
71,216,0.11026,-0.010729,-0.25009
71,240,0.11026,-0.010729,-0.25009
71,263.97,0.11026,-0.010729,-0.25009
71,264,0.11026,-0.010729,-0.25009
71,289,0.11026,-0.010729,-0.25009
71,313,0.11026,-0.010729,-0.25009
71,336,0.11026,-0.010729,-0.25009
71,337,0.11026,-0.010729,-0.25009
71,361,0.11026,-0.010729,-0.25009
71,385,0.11026,-0.010729,-0.25009
71,407.97,0.11026,-0.010729,-0.25009
71,409,0.11026,-0.010729,-0.25009
71,433,0.11026,-0.010729,-0.25009
71,457,0.11026,-0.010729,-0.25009
71,479.97,0.11026,-0.010729,-0.25009
71,481,0.11026,-0.010729,-0.25009
71,481,0.11026,-0.010729,-0.25009
71,482,0.11026,-0.010729,-0.25009
71,483,0.11026,-0.010729,-0.25009
71,484,0.11026,-0.010729,-0.25009
71,485,0.11026,-0.010729,-0.25009
71,486,0.11026,-0.010729,-0.25009
71,487,0.11026,-0.010729,-0.25009
71,488,0.11026,-0.010729,-0.25009
71,492,0.11026,-0.010729,-0.25009
71,504,0.11026,-0.010729,-0.25009
72,0,-0.050531,0.23125,-0.43507
72,24,-0.050531,0.23125,-0.43507
72,47.97,-0.050531,0.23125,-0.43507
72,48,-0.050531,0.23125,-0.43507
72,71.97,-0.050531,0.23125,-0.43507
72,72,-0.050531,0.23125,-0.43507
72,96,-0.050531,0.23125,-0.43507
72,119.97,-0.050531,0.23125,-0.43507
72,120,-0.050531,0.23125,-0.43507
72,144,-0.050531,0.23125,-0.43507
72,168,-0.050531,0.23125,-0.43507
72,191.97,-0.050531,0.23125,-0.43507
72,192,-0.050531,0.23125,-0.43507
72,216,-0.050531,0.23125,-0.43507
72,240,-0.050531,0.23125,-0.43507
72,263.95,-0.050531,0.23125,-0.43507
72,264,-0.050531,0.23125,-0.43507
72,288.13,-0.050531,0.23125,-0.43507
72,312,-0.050531,0.23125,-0.43507
72,335.97,-0.050531,0.23125,-0.43507
72,336,-0.050531,0.23125,-0.43507
72,360,-0.050531,0.23125,-0.43507
72,384,-0.050531,0.23125,-0.43507
72,407.97,-0.050531,0.23125,-0.43507
72,408,-0.050531,0.23125,-0.43507
72,432,-0.050531,0.23125,-0.43507
72,456,-0.050531,0.23125,-0.43507
72,479.98,-0.050531,0.23125,-0.43507
72,480,-0.050531,0.23125,-0.43507
72,481,-0.050531,0.23125,-0.43507
72,482,-0.050531,0.23125,-0.43507
72,483,-0.050531,0.23125,-0.43507
72,484,-0.050531,0.23125,-0.43507
72,485,-0.050531,0.23125,-0.43507
72,486,-0.050531,0.23125,-0.43507
72,487,-0.050531,0.23125,-0.43507
72,488,-0.050531,0.23125,-0.43507
72,492,-0.050531,0.23125,-0.43507
72,504,-0.050531,0.23125,-0.43507
73,0,-0.30931,0.10441,-0.14555
73,24,-0.30931,0.10441,-0.14555
73,47.98,-0.30931,0.10441,-0.14555
73,48,-0.30931,0.10441,-0.14555
73,71.97,-0.30931,0.10441,-0.14555
73,72,-0.30931,0.10441,-0.14555
73,96,-0.30931,0.10441,-0.14555
73,119.97,-0.30931,0.10441,-0.14555
73,120,-0.30931,0.10441,-0.14555
73,144,-0.30931,0.10441,-0.14555
73,168,-0.30931,0.10441,-0.14555
73,191.97,-0.30931,0.10441,-0.14555
73,192,-0.30931,0.10441,-0.14555
73,216,-0.30931,0.10441,-0.14555
73,240,-0.30931,0.10441,-0.14555
73,263.97,-0.30931,0.10441,-0.14555
73,264,-0.30931,0.10441,-0.14555
73,288,-0.30931,0.10441,-0.14555
73,312,-0.30931,0.10441,-0.14555
73,335.97,-0.30931,0.10441,-0.14555
73,336,-0.30931,0.10441,-0.14555
73,360,-0.30931,0.10441,-0.14555
73,384,-0.30931,0.10441,-0.14555
73,407.97,-0.30931,0.10441,-0.14555
73,408,-0.30931,0.10441,-0.14555
73,432,-0.30931,0.10441,-0.14555
73,456,-0.30931,0.10441,-0.14555
73,479.98,-0.30931,0.10441,-0.14555
73,480,-0.30931,0.10441,-0.14555
73,481,-0.30931,0.10441,-0.14555
73,482.05,-0.30931,0.10441,-0.14555
73,483,-0.30931,0.10441,-0.14555
73,484,-0.30931,0.10441,-0.14555
73,485,-0.30931,0.10441,-0.14555
73,486.05,-0.30931,0.10441,-0.14555
73,487,-0.30931,0.10441,-0.14555
73,488,-0.30931,0.10441,-0.14555
73,492,-0.30931,0.10441,-0.14555
73,504,-0.30931,0.10441,-0.14555
74,0,-0.068299,0.28788,-0.032089
74,24,-0.068299,0.28788,-0.032089
74,47.97,-0.068299,0.28788,-0.032089
74,48,-0.068299,0.28788,-0.032089
74,71.97,-0.068299,0.28788,-0.032089
74,72,-0.068299,0.28788,-0.032089
74,96,-0.068299,0.28788,-0.032089
74,119.97,-0.068299,0.28788,-0.032089
74,120,-0.068299,0.28788,-0.032089
74,144,-0.068299,0.28788,-0.032089
74,168,-0.068299,0.28788,-0.032089
74,191.97,-0.068299,0.28788,-0.032089
74,192,-0.068299,0.28788,-0.032089
74,216,-0.068299,0.28788,-0.032089
74,240,-0.068299,0.28788,-0.032089
74,263.97,-0.068299,0.28788,-0.032089
74,264,-0.068299,0.28788,-0.032089
74,288,-0.068299,0.28788,-0.032089
74,312,-0.068299,0.28788,-0.032089
74,335.97,-0.068299,0.28788,-0.032089
74,336,-0.068299,0.28788,-0.032089
74,360,-0.068299,0.28788,-0.032089
74,384,-0.068299,0.28788,-0.032089
74,407.97,-0.068299,0.28788,-0.032089
74,408,-0.068299,0.28788,-0.032089
74,432,-0.068299,0.28788,-0.032089
74,456,-0.068299,0.28788,-0.032089
74,479.98,-0.068299,0.28788,-0.032089
74,480,-0.068299,0.28788,-0.032089
74,481,-0.068299,0.28788,-0.032089
74,482,-0.068299,0.28788,-0.032089
74,483,-0.068299,0.28788,-0.032089
74,484,-0.068299,0.28788,-0.032089
74,485,-0.068299,0.28788,-0.032089
74,486,-0.068299,0.28788,-0.032089
74,487,-0.068299,0.28788,-0.032089
74,488,-0.068299,0.28788,-0.032089
74,492.02,-0.068299,0.28788,-0.032089
74,504,-0.068299,0.28788,-0.032089
75,0,0.17364,-0.27789,0.57621
75,24,0.17364,-0.27789,0.57621
75,47.97,0.17364,-0.27789,0.57621
75,48,0.17364,-0.27789,0.57621
75,71.97,0.17364,-0.27789,0.57621
75,72,0.17364,-0.27789,0.57621
75,96,0.17364,-0.27789,0.57621
75,119.97,0.17364,-0.27789,0.57621
75,120,0.17364,-0.27789,0.57621
75,144,0.17364,-0.27789,0.57621
75,168,0.17364,-0.27789,0.57621
75,191.97,0.17364,-0.27789,0.57621
75,192,0.17364,-0.27789,0.57621
75,216,0.17364,-0.27789,0.57621
75,240,0.17364,-0.27789,0.57621
75,263.97,0.17364,-0.27789,0.57621
75,264,0.17364,-0.27789,0.57621
75,288,0.17364,-0.27789,0.57621
75,312,0.17364,-0.27789,0.57621
75,335.97,0.17364,-0.27789,0.57621
75,336,0.17364,-0.27789,0.57621
75,360,0.17364,-0.27789,0.57621
75,384,0.17364,-0.27789,0.57621
75,407.97,0.17364,-0.27789,0.57621
75,408,0.17364,-0.27789,0.57621
75,432,0.17364,-0.27789,0.57621
75,456,0.17364,-0.27789,0.57621
75,479.97,0.17364,-0.27789,0.57621
75,480,0.17364,-0.27789,0.57621
75,481,0.17364,-0.27789,0.57621
75,482,0.17364,-0.27789,0.57621
75,483,0.17364,-0.27789,0.57621
75,484,0.17364,-0.27789,0.57621
75,485,0.17364,-0.27789,0.57621
75,486,0.17364,-0.27789,0.57621
75,487,0.17364,-0.27789,0.57621
75,488,0.17364,-0.27789,0.57621
75,492,0.17364,-0.27789,0.57621
75,504,0.17364,-0.27789,0.57621
76,0,0.25478,0.092903,0.084233
76,24,0.25478,0.092903,0.084233
76,47.97,0.25478,0.092903,0.084233
76,48,0.25478,0.092903,0.084233
76,71.97,0.25478,0.092903,0.084233
76,72,0.25478,0.092903,0.084233
76,96,0.25478,0.092903,0.084233
76,119.97,0.25478,0.092903,0.084233
76,120,0.25478,0.092903,0.084233
76,144,0.25478,0.092903,0.084233
76,168,0.25478,0.092903,0.084233
76,191.97,0.25478,0.092903,0.084233
76,192,0.25478,0.092903,0.084233
76,216,0.25478,0.092903,0.084233
76,240,0.25478,0.092903,0.084233
76,263.98,0.25478,0.092903,0.084233
76,264,0.25478,0.092903,0.084233
76,288,0.25478,0.092903,0.084233
76,312,0.25478,0.092903,0.084233
76,335.97,0.25478,0.092903,0.084233
76,336,0.25478,0.092903,0.084233
76,360,0.25478,0.092903,0.084233
76,384,0.25478,0.092903,0.084233
76,407.97,0.25478,0.092903,0.084233
76,408,0.25478,0.092903,0.084233
76,432,0.25478,0.092903,0.084233
76,456,0.25478,0.092903,0.084233
76,479.97,0.25478,0.092903,0.084233
76,480,0.25478,0.092903,0.084233
76,481,0.25478,0.092903,0.084233
76,482.03,0.25478,0.092903,0.084233
76,483,0.25478,0.092903,0.084233
76,484,0.25478,0.092903,0.084233
76,485,0.25478,0.092903,0.084233
76,486,0.25478,0.092903,0.084233
76,487,0.25478,0.092903,0.084233
76,488.05,0.25478,0.092903,0.084233
76,492,0.25478,0.092903,0.084233
76,504,0.25478,0.092903,0.084233
77,0,-0.054058,0.0069004,0.21947
77,24,-0.054058,0.0069004,0.21947
77,47.97,-0.054058,0.0069004,0.21947
77,48,-0.054058,0.0069004,0.21947
77,71.97,-0.054058,0.0069004,0.21947
77,72,-0.054058,0.0069004,0.21947
77,96,-0.054058,0.0069004,0.21947
77,119.97,-0.054058,0.0069004,0.21947
78,0,-0.045323,0.020122,0.33381
78,24,-0.045323,0.020122,0.33381
78,47.97,-0.045323,0.020122,0.33381
78,48,-0.045323,0.020122,0.33381
78,71.98,-0.045323,0.020122,0.33381
78,72,-0.045323,0.020122,0.33381
78,96,-0.045323,0.020122,0.33381
78,119.97,-0.045323,0.020122,0.33381
78,120,-0.045323,0.020122,0.33381
78,144,-0.045323,0.020122,0.33381
78,168,-0.045323,0.020122,0.33381
78,191.97,-0.045323,0.020122,0.33381
78,192,-0.045323,0.020122,0.33381
78,216,-0.045323,0.020122,0.33381
78,240,-0.045323,0.020122,0.33381
78,263.97,-0.045323,0.020122,0.33381
78,264,-0.045323,0.020122,0.33381
78,288,-0.045323,0.020122,0.33381
78,312,-0.045323,0.020122,0.33381
78,335.97,-0.045323,0.020122,0.33381
78,336,-0.045323,0.020122,0.33381
78,360,-0.045323,0.020122,0.33381
78,384,-0.045323,0.020122,0.33381
78,407.97,-0.045323,0.020122,0.33381
78,408,-0.045323,0.020122,0.33381
78,432,-0.045323,0.020122,0.33381
78,456,-0.045323,0.020122,0.33381
78,479.97,-0.045323,0.020122,0.33381
78,480,-0.045323,0.020122,0.33381
78,481,-0.045323,0.020122,0.33381
78,482,-0.045323,0.020122,0.33381
78,483,-0.045323,0.020122,0.33381
78,484,-0.045323,0.020122,0.33381
78,485,-0.045323,0.020122,0.33381
78,486,-0.045323,0.020122,0.33381
78,487,-0.045323,0.020122,0.33381
78,488,-0.045323,0.020122,0.33381
78,492,-0.045323,0.020122,0.33381
78,504,-0.045323,0.020122,0.33381
79,0,-0.29684,-0.36205,-0.34879
79,24.02,-0.29684,-0.36205,-0.34879
79,47.98,-0.29684,-0.36205,-0.34879
79,48,-0.29684,-0.36205,-0.34879
79,71.97,-0.29684,-0.36205,-0.34879
79,72.08,-0.29684,-0.36205,-0.34879
79,96,-0.29684,-0.36205,-0.34879
79,119.97,-0.29684,-0.36205,-0.34879
79,120,-0.29684,-0.36205,-0.34879
79,144,-0.29684,-0.36205,-0.34879
79,168,-0.29684,-0.36205,-0.34879
79,191.97,-0.29684,-0.36205,-0.34879
79,192,-0.29684,-0.36205,-0.34879
79,216,-0.29684,-0.36205,-0.34879
79,240,-0.29684,-0.36205,-0.34879
79,263.97,-0.29684,-0.36205,-0.34879
79,264,-0.29684,-0.36205,-0.34879
79,288,-0.29684,-0.36205,-0.34879
79,312,-0.29684,-0.36205,-0.34879
79,335.98,-0.29684,-0.36205,-0.34879
79,336,-0.29684,-0.36205,-0.34879
79,360,-0.29684,-0.36205,-0.34879
79,384,-0.29684,-0.36205,-0.34879
79,407.97,-0.29684,-0.36205,-0.34879
79,408,-0.29684,-0.36205,-0.34879
79,432,-0.29684,-0.36205,-0.34879
79,456,-0.29684,-0.36205,-0.34879
79,479.97,-0.29684,-0.36205,-0.34879
79,480,-0.29684,-0.36205,-0.34879
79,481.05,-0.29684,-0.36205,-0.34879
79,482,-0.29684,-0.36205,-0.34879
79,483,-0.29684,-0.36205,-0.34879
79,484,-0.29684,-0.36205,-0.34879
79,485,-0.29684,-0.36205,-0.34879
79,486,-0.29684,-0.36205,-0.34879
79,487,-0.29684,-0.36205,-0.34879
79,488,-0.29684,-0.36205,-0.34879
79,504,-0.29684,-0.36205,-0.34879
80,0,-0.071141,0.04934,-0.735
80,24,-0.071141,0.04934,-0.735
80,47.98,-0.071141,0.04934,-0.735
80,48,-0.071141,0.04934,-0.735
80,71.97,-0.071141,0.04934,-0.735
80,72,-0.071141,0.04934,-0.735
80,96,-0.071141,0.04934,-0.735
80,119.97,-0.071141,0.04934,-0.735
80,120,-0.071141,0.04934,-0.735
80,144,-0.071141,0.04934,-0.735
80,168,-0.071141,0.04934,-0.735
80,191.97,-0.071141,0.04934,-0.735
80,192,-0.071141,0.04934,-0.735
80,216,-0.071141,0.04934,-0.735
80,240,-0.071141,0.04934,-0.735
80,263.97,-0.071141,0.04934,-0.735
80,264,-0.071141,0.04934,-0.735
80,288,-0.071141,0.04934,-0.735
80,312,-0.071141,0.04934,-0.735
80,335.97,-0.071141,0.04934,-0.735
80,336,-0.071141,0.04934,-0.735
80,360,-0.071141,0.04934,-0.735
80,384,-0.071141,0.04934,-0.735
80,408,-0.071141,0.04934,-0.735
80,408,-0.071141,0.04934,-0.735
80,432,-0.071141,0.04934,-0.735
80,456,-0.071141,0.04934,-0.735
80,479.97,-0.071141,0.04934,-0.735
80,480,-0.071141,0.04934,-0.735
80,481.03,-0.071141,0.04934,-0.735
80,482,-0.071141,0.04934,-0.735
80,483,-0.071141,0.04934,-0.735
80,484,-0.071141,0.04934,-0.735
80,485,-0.071141,0.04934,-0.735
80,486,-0.071141,0.04934,-0.735
80,487,-0.071141,0.04934,-0.735
80,488,-0.071141,0.04934,-0.735
80,492,-0.071141,0.04934,-0.735
80,504,-0.071141,0.04934,-0.735
81,0,-0.70802,-0.16202,0.10618
81,24,-0.70802,-0.16202,0.10618
81,47.97,-0.70802,-0.16202,0.10618
81,48,-0.70802,-0.16202,0.10618
81,71.97,-0.70802,-0.16202,0.10618
81,72,-0.70802,-0.16202,0.10618
81,96,-0.70802,-0.16202,0.10618
81,119.97,-0.70802,-0.16202,0.10618
81,120,-0.70802,-0.16202,0.10618
81,144,-0.70802,-0.16202,0.10618
81,168,-0.70802,-0.16202,0.10618
81,191.97,-0.70802,-0.16202,0.10618
81,192,-0.70802,-0.16202,0.10618
81,216,-0.70802,-0.16202,0.10618
81,240,-0.70802,-0.16202,0.10618
81,263.97,-0.70802,-0.16202,0.10618
81,264,-0.70802,-0.16202,0.10618
81,288,-0.70802,-0.16202,0.10618
81,312,-0.70802,-0.16202,0.10618
81,335.97,-0.70802,-0.16202,0.10618
81,336,-0.70802,-0.16202,0.10618
81,360,-0.70802,-0.16202,0.10618
81,384,-0.70802,-0.16202,0.10618
81,407.97,-0.70802,-0.16202,0.10618
81,408,-0.70802,-0.16202,0.10618
81,432,-0.70802,-0.16202,0.10618
81,455,-0.70802,-0.16202,0.10618
81,479,-0.70802,-0.16202,0.10618
81,479.97,-0.70802,-0.16202,0.10618
81,481,-0.70802,-0.16202,0.10618
81,482,-0.70802,-0.16202,0.10618
81,483,-0.70802,-0.16202,0.10618
81,484,-0.70802,-0.16202,0.10618
81,485,-0.70802,-0.16202,0.10618
81,486.08,-0.70802,-0.16202,0.10618
81,487,-0.70802,-0.16202,0.10618
81,488,-0.70802,-0.16202,0.10618
81,492,-0.70802,-0.16202,0.10618
81,504,-0.70802,-0.16202,0.10618
82,0,0.49273,-0.15659,0.069362
82,24,0.49273,-0.15659,0.069362
82,47.97,0.49273,-0.15659,0.069362
82,48,0.49273,-0.15659,0.069362
82,71.97,0.49273,-0.15659,0.069362
82,72,0.49273,-0.15659,0.069362
82,96,0.49273,-0.15659,0.069362
82,119.97,0.49273,-0.15659,0.069362
82,120,0.49273,-0.15659,0.069362
82,144,0.49273,-0.15659,0.069362
82,168,0.49273,-0.15659,0.069362
82,191.97,0.49273,-0.15659,0.069362
82,192,0.49273,-0.15659,0.069362
82,216,0.49273,-0.15659,0.069362
82,240,0.49273,-0.15659,0.069362
82,263.97,0.49273,-0.15659,0.069362
82,264,0.49273,-0.15659,0.069362
82,288,0.49273,-0.15659,0.069362
82,312,0.49273,-0.15659,0.069362
82,335.97,0.49273,-0.15659,0.069362
82,336,0.49273,-0.15659,0.069362
82,360,0.49273,-0.15659,0.069362
82,384,0.49273,-0.15659,0.069362
82,407.97,0.49273,-0.15659,0.069362
82,408,0.49273,-0.15659,0.069362
82,432,0.49273,-0.15659,0.069362
82,456,0.49273,-0.15659,0.069362
82,479.97,0.49273,-0.15659,0.069362
82,480,0.49273,-0.15659,0.069362
82,481,0.49273,-0.15659,0.069362
82,482,0.49273,-0.15659,0.069362
82,483,0.49273,-0.15659,0.069362
82,484.02,0.49273,-0.15659,0.069362
82,485,0.49273,-0.15659,0.069362
82,486.02,0.49273,-0.15659,0.069362
82,487,0.49273,-0.15659,0.069362
82,488,0.49273,-0.15659,0.069362
82,492,0.49273,-0.15659,0.069362
82,504,0.49273,-0.15659,0.069362
83,0,0.12178,-0.16997,-0.10361
83,24,0.12178,-0.16997,-0.10361
83,47.97,0.12178,-0.16997,-0.10361
83,48,0.12178,-0.16997,-0.10361
83,71.97,0.12178,-0.16997,-0.10361
83,72,0.12178,-0.16997,-0.10361
83,96,0.12178,-0.16997,-0.10361
83,119.97,0.12178,-0.16997,-0.10361
83,120,0.12178,-0.16997,-0.10361
83,144,0.12178,-0.16997,-0.10361
83,168,0.12178,-0.16997,-0.10361
83,191.97,0.12178,-0.16997,-0.10361
83,192,0.12178,-0.16997,-0.10361
83,216,0.12178,-0.16997,-0.10361
83,240,0.12178,-0.16997,-0.10361
83,263.97,0.12178,-0.16997,-0.10361
83,264,0.12178,-0.16997,-0.10361
83,288,0.12178,-0.16997,-0.10361
83,312,0.12178,-0.16997,-0.10361
83,335.97,0.12178,-0.16997,-0.10361
83,336,0.12178,-0.16997,-0.10361
83,360,0.12178,-0.16997,-0.10361
83,384,0.12178,-0.16997,-0.10361
83,407.97,0.12178,-0.16997,-0.10361
83,408,0.12178,-0.16997,-0.10361
83,432,0.12178,-0.16997,-0.10361
83,456,0.12178,-0.16997,-0.10361
83,479.97,0.12178,-0.16997,-0.10361
83,480,0.12178,-0.16997,-0.10361
83,481,0.12178,-0.16997,-0.10361
83,482,0.12178,-0.16997,-0.10361
83,483.05,0.12178,-0.16997,-0.10361
83,484,0.12178,-0.16997,-0.10361
83,485,0.12178,-0.16997,-0.10361
83,486.03,0.12178,-0.16997,-0.10361
83,487,0.12178,-0.16997,-0.10361
83,488,0.12178,-0.16997,-0.10361
83,492,0.12178,-0.16997,-0.10361
83,504,0.12178,-0.16997,-0.10361
84,0,0.12553,-0.027503,-0.087185
84,502,0.12553,-0.027503,-0.087185
84,505.92,0.12553,-0.027503,-0.087185
84,526.25,0.12553,-0.027503,-0.087185
84,550.42,0.12553,-0.027503,-0.087185
84,671,0.12553,-0.027503,-0.087185
84,983.75,0.12553,-0.027503,-0.087185
84,1006.3,0.12553,-0.027503,-0.087185
85,0,-0.091967,-0.028875,0.21927
85,476.75,-0.091967,-0.028875,0.21927
85,503,-0.091967,-0.028875,0.21927
85,524.75,-0.091967,-0.028875,0.21927
85,545,-0.091967,-0.028875,0.21927
85,548.75,-0.091967,-0.028875,0.21927
85,597,-0.091967,-0.028875,0.21927
85,932.75,-0.091967,-0.028875,0.21927
85,954.58,-0.091967,-0.028875,0.21927
85,956.75,-0.091967,-0.028875,0.21927
85,980.75,-0.091967,-0.028875,0.21927
85,993.67,-0.091967,-0.028875,0.21927
86,0,-0.18385,-0.015575,0.72904
86,478.33,-0.18385,-0.015575,0.72904
86,478.58,-0.18385,-0.015575,0.72904
86,935.5,-0.18385,-0.015575,0.72904
86,958.58,-0.18385,-0.015575,0.72904
86,959.5,-0.18385,-0.015575,0.72904
86,982.33,-0.18385,-0.015575,0.72904
86,996.75,-0.18385,-0.015575,0.72904
87,0,-0.0074305,0.012605,0.22146
87,503.43,-0.0074305,0.012605,0.22146
87,505.52,-0.0074305,0.012605,0.22146
87,527.5,-0.0074305,0.012605,0.22146
87,551.25,-0.0074305,0.012605,0.22146
87,551.5,-0.0074305,0.012605,0.22146
87,984,-0.0074305,0.012605,0.22146
87,1006.9,-0.0074305,0.012605,0.22146
87,1008,-0.0074305,0.012605,0.22146
87,1031.5,-0.0074305,0.012605,0.22146
87,1043.9,-0.0074305,0.012605,0.22146
88,0,-0.15793,0.043977,0.14781
88,383.87,-0.15793,0.043977,0.14781
88,386.87,-0.15793,0.043977,0.14781
88,407.87,-0.15793,0.043977,0.14781
88,431.37,-0.15793,0.043977,0.14781
88,431.87,-0.15793,0.043977,0.14781
88,503.87,-0.15793,0.043977,0.14781
88,888.53,-0.15793,0.043977,0.14781
88,912.53,-0.15793,0.043977,0.14781
88,935.87,-0.15793,0.043977,0.14781
89,0,0.055881,0.027265,0.16618
89,424,0.055881,0.027265,0.16618
89,434.25,0.055881,0.027265,0.16618
89,456,0.055881,0.027265,0.16618
89,479.75,0.055881,0.027265,0.16618
89,480,0.055881,0.027265,0.16618
89,915,0.055881,0.027265,0.16618
89,935.67,0.055881,0.027265,0.16618
89,939,0.055881,0.027265,0.16618
89,960,0.055881,0.027265,0.16618
89,973,0.055881,0.027265,0.16618
90,0,-0.22091,0.063627,0.52061
90,430.85,-0.22091,0.063627,0.52061
90,433.18,-0.22091,0.063627,0.52061
90,454.68,-0.22091,0.063627,0.52061
90,478.18,-0.22091,0.063627,0.52061
90,478.68,-0.22091,0.063627,0.52061
90,574.68,-0.22091,0.063627,0.52061
90,911.68,-0.22091,0.063627,0.52061
90,935.68,-0.22091,0.063627,0.52061
90,958.85,-0.22091,0.063627,0.52061
91,0,-0.17106,-0.032152,0.53246
91,95.75,-0.17106,-0.032152,0.53246
91,431.83,-0.17106,-0.032152,0.53246
91,455.92,-0.17106,-0.032152,0.53246
91,479.92,-0.17106,-0.032152,0.53246
91,552.25,-0.17106,-0.032152,0.53246
91,912.25,-0.17106,-0.032152,0.53246
91,935.6,-0.17106,-0.032152,0.53246
91,936.25,-0.17106,-0.032152,0.53246
91,960,-0.17106,-0.032152,0.53246
91,973.33,-0.17106,-0.032152,0.53246
92,0,-0.045857,-0.026943,-0.22912
92,97.25,-0.045857,-0.026943,-0.22912
92,553.25,-0.045857,-0.026943,-0.22912
92,600,-0.045857,-0.026943,-0.22912
92,624,-0.045857,-0.026943,-0.22912
92,672.75,-0.045857,-0.026943,-0.22912
92,912.17,-0.045857,-0.026943,-0.22912
92,936.07,-0.045857,-0.026943,-0.22912
92,936.17,-0.045857,-0.026943,-0.22912
92,960.25,-0.045857,-0.026943,-0.22912
92,973.9,-0.045857,-0.026943,-0.22912
93,0,0.036286,0.0008812,-0.067706
93,25.25,0.036286,0.0008812,-0.067706
93,475.75,0.036286,0.0008812,-0.067706
93,478.5,0.036286,0.0008812,-0.067706
93,499,0.036286,0.0008812,-0.067706
93,522.75,0.036286,0.0008812,-0.067706
93,523,0.036286,0.0008812,-0.067706
93,956.5,0.036286,0.0008812,-0.067706
93,979.08,0.036286,0.0008812,-0.067706
93,980.5,0.036286,0.0008812,-0.067706
93,1003.2,0.036286,0.0008812,-0.067706
93,1016,0.036286,0.0008812,-0.067706
94,0,0.16545,-0.11824,-0.65034
94,479.5,0.16545,-0.11824,-0.65034
94,481.95,0.16545,-0.11824,-0.65034
94,503.5,0.16545,-0.11824,-0.65034
94,527.6,0.16545,-0.11824,-0.65034
94,938.5,0.16545,-0.11824,-0.65034
94,959.57,0.16545,-0.11824,-0.65034
94,962.5,0.16545,-0.11824,-0.65034
94,983.5,0.16545,-0.11824,-0.65034
94,997,0.16545,-0.11824,-0.65034
95,0,0.21992,-0.14459,0.021202
95,48.5,0.21992,-0.14459,0.021202
95,455.08,0.21992,-0.14459,0.021202
95,457.63,0.21992,-0.14459,0.021202
95,477.17,0.21992,-0.14459,0.021202
96,0,-0.026196,0.0063517,0.17956
96,456,-0.026196,0.0063517,0.17956
96,960.17,-0.026196,0.0063517,0.17956
96,973,-0.026196,0.0063517,0.17956
97,0,-0.18062,0.10227,-0.20482
97,432.33,-0.18062,0.10227,-0.20482
97,434.5,-0.18062,0.10227,-0.20482
97,456.33,-0.18062,0.10227,-0.20482
97,479.17,-0.18062,0.10227,-0.20482
97,480.33,-0.18062,0.10227,-0.20482
97,912.5,-0.18062,0.10227,-0.20482
97,936.5,-0.18062,0.10227,-0.20482
97,960.33,-0.18062,0.10227,-0.20482
97,974.33,-0.18062,0.10227,-0.20482
98,0,0.19303,-0.18652,0.62105
98,431,0.19303,-0.18652,0.62105
98,433.42,0.19303,-0.18652,0.62105
98,455,0.19303,-0.18652,0.62105
98,478.75,0.19303,-0.18652,0.62105
98,479,0.19303,-0.18652,0.62105
98,912,0.19303,-0.18652,0.62105
98,933.75,0.19303,-0.18652,0.62105
98,936,0.19303,-0.18652,0.62105
98,960,0.19303,-0.18652,0.62105
98,973,0.19303,-0.18652,0.62105
99,0,0.047463,0.023209,-0.054531
99,456,0.047463,0.023209,-0.054531
99,459,0.047463,0.023209,-0.054531
99,480,0.047463,0.023209,-0.054531
99,503.75,0.047463,0.023209,-0.054531
99,504,0.047463,0.023209,-0.054531
99,912.5,0.047463,0.023209,-0.054531
99,935.75,0.047463,0.023209,-0.054531
99,936.5,0.047463,0.023209,-0.054531
99,960,0.047463,0.023209,-0.054531
99,974,0.047463,0.023209,-0.054531
100,0,0.38226,-0.32824,0.12837
100,455.25,0.38226,-0.32824,0.12837
100,457.67,0.38226,-0.32824,0.12837
100,479.17,0.38226,-0.32824,0.12837
100,502.92,0.38226,-0.32824,0.12837
100,503.17,0.38226,-0.32824,0.12837
100,936.17,0.38226,-0.32824,0.12837
100,959,0.38226,-0.32824,0.12837
100,960.17,0.38226,-0.32824,0.12837
100,983.17,0.38226,-0.32824,0.12837
100,996.42,0.38226,-0.32824,0.12837
101,0,-0.11484,-0.012333,-0.11554
101,432,-0.11484,-0.012333,-0.11554
101,435.08,-0.11484,-0.012333,-0.11554
101,456,-0.11484,-0.012333,-0.11554
101,479.75,-0.11484,-0.012333,-0.11554
101,480,-0.11484,-0.012333,-0.11554
101,912,-0.11484,-0.012333,-0.11554
101,936.17,-0.11484,-0.012333,-0.11554
101,960,-0.11484,-0.012333,-0.11554
101,974.83,-0.11484,-0.012333,-0.11554
102,0,-0.24235,0.078739,-0.44087
102,384,-0.24235,0.078739,-0.44087
102,386.58,-0.24235,0.078739,-0.44087
102,962,-0.24235,0.078739,-0.44087
102,983.5,-0.24235,0.078739,-0.44087
102,986,-0.24235,0.078739,-0.44087
102,1008,-0.24235,0.078739,-0.44087
102,1022.1,-0.24235,0.078739,-0.44087
103,0,-0.81212,0.23313,0.24711
103,503.08,-0.81212,0.23313,0.24711
103,505.67,-0.81212,0.23313,0.24711
103,527.33,-0.81212,0.23313,0.24711
103,550.5,-0.81212,0.23313,0.24711
103,551.33,-0.81212,0.23313,0.24711
103,982.5,-0.81212,0.23313,0.24711
103,1006.3,-0.81212,0.23313,0.24711
103,1006.5,-0.81212,0.23313,0.24711
103,1031,-0.81212,0.23313,0.24711
103,1044.8,-0.81212,0.23313,0.24711
104,0,0.11855,-0.14739,-0.59088
104,504.25,0.11855,-0.14739,-0.59088
104,506.67,0.11855,-0.14739,-0.59088
104,528.17,0.11855,-0.14739,-0.59088
104,551.58,0.11855,-0.14739,-0.59088
104,552.17,0.11855,-0.14739,-0.59088
104,984,0.11855,-0.14739,-0.59088
104,1007.7,0.11855,-0.14739,-0.59088
104,1008,0.11855,-0.14739,-0.59088
104,1032.2,0.11855,-0.14739,-0.59088
104,1045.6,0.11855,-0.14739,-0.59088
105,0,-0.40366,0.1636,-0.5302
105,503.83,-0.40366,0.1636,-0.5302
105,506.33,-0.40366,0.1636,-0.5302
105,527.92,-0.40366,0.1636,-0.5302
105,551.33,-0.40366,0.1636,-0.5302
105,551.92,-0.40366,0.1636,-0.5302
105,983.83,-0.40366,0.1636,-0.5302
105,1007.3,-0.40366,0.1636,-0.5302
105,1007.8,-0.40366,0.1636,-0.5302
105,1031.8,-0.40366,0.1636,-0.5302
105,1045.5,-0.40366,0.1636,-0.5302
106,0,-0.080262,-0.02647,0.24091
106,455.7,-0.080262,-0.02647,0.24091
106,458.2,-0.080262,-0.02647,0.24091
106,479.7,-0.080262,-0.02647,0.24091
106,503.2,-0.080262,-0.02647,0.24091
106,503.7,-0.080262,-0.02647,0.24091
106,935.37,-0.080262,-0.02647,0.24091
106,959.28,-0.080262,-0.02647,0.24091
106,959.37,-0.080262,-0.02647,0.24091
106,983.7,-0.080262,-0.02647,0.24091
106,997.33,-0.080262,-0.02647,0.24091
107,0,0.13144,-0.083317,-1.0183
107,454.67,0.13144,-0.083317,-1.0183
107,457.17,0.13144,-0.083317,-1.0183
107,478.67,0.13144,-0.083317,-1.0183
107,502.05,0.13144,-0.083317,-1.0183
107,502.67,0.13144,-0.083317,-1.0183
107,934.17,0.13144,-0.083317,-1.0183
107,958,0.13144,-0.083317,-1.0183
107,958.17,0.13144,-0.083317,-1.0183
107,982.67,0.13144,-0.083317,-1.0183
107,996.42,0.13144,-0.083317,-1.0183
108,0,0.30789,-0.44868,0.65021
108,454.33,0.30789,-0.44868,0.65021
108,456.75,0.30789,-0.44868,0.65021
108,478.33,0.30789,-0.44868,0.65021
108,501.83,0.30789,-0.44868,0.65021
108,502.33,0.30789,-0.44868,0.65021
108,935.67,0.30789,-0.44868,0.65021
108,957.58,0.30789,-0.44868,0.65021
108,959.67,0.30789,-0.44868,0.65021
108,982.33,0.30789,-0.44868,0.65021
108,996,0.30789,-0.44868,0.65021
109,0,-0.067199,-0.015153,0.2328
109,480,-0.067199,-0.015153,0.2328
109,482.53,-0.067199,-0.015153,0.2328
109,504,-0.067199,-0.015153,0.2328
109,527.25,-0.067199,-0.015153,0.2328
109,528,-0.067199,-0.015153,0.2328
109,936,-0.067199,-0.015153,0.2328
109,958.8,-0.067199,-0.015153,0.2328
109,960,-0.067199,-0.015153,0.2328
109,984,-0.067199,-0.015153,0.2328
109,998.5,-0.067199,-0.015153,0.2328
110,0,-0.085273,0.035308,0.58956
110,453.5,-0.085273,0.035308,0.58956
110,455.7,-0.085273,0.035308,0.58956
110,477.5,-0.085273,0.035308,0.58956
110,500.92,-0.085273,0.035308,0.58956
110,501.5,-0.085273,0.035308,0.58956
110,936.5,-0.085273,0.035308,0.58956
110,957.2,-0.085273,0.035308,0.58956
110,960.5,-0.085273,0.035308,0.58956
110,981.5,-0.085273,0.035308,0.58956
110,996.4,-0.085273,0.035308,0.58956
111,0,-0.039653,0.047187,-0.041166
111,456.92,-0.039653,0.047187,-0.041166
111,459.23,-0.039653,0.047187,-0.041166
111,481,-0.039653,0.047187,-0.041166
111,504.32,-0.039653,0.047187,-0.041166
111,505,-0.039653,0.047187,-0.041166
111,937,-0.039653,0.047187,-0.041166
111,960.48,-0.039653,0.047187,-0.041166
111,961,-0.039653,0.047187,-0.041166
111,985,-0.039653,0.047187,-0.041166
111,997.6,-0.039653,0.047187,-0.041166
112,0,0.13929,0.00046486,-0.11744
112,456,0.13929,0.00046486,-0.11744
112,458.07,0.13929,0.00046486,-0.11744
112,480,0.13929,0.00046486,-0.11744
112,503.6,0.13929,0.00046486,-0.11744
112,504,0.13929,0.00046486,-0.11744
112,912,0.13929,0.00046486,-0.11744
112,935.95,0.13929,0.00046486,-0.11744
112,936,0.13929,0.00046486,-0.11744
112,960,0.13929,0.00046486,-0.11744
112,973.75,0.13929,0.00046486,-0.11744
113,0,0.17084,-0.17919,-0.44582
113,455.5,0.17084,-0.17919,-0.44582
113,457.72,0.17084,-0.17919,-0.44582
113,479.5,0.17084,-0.17919,-0.44582
113,502.85,0.17084,-0.17919,-0.44582
113,503.5,0.17084,-0.17919,-0.44582
113,551.5,0.17084,-0.17919,-0.44582
113,959.5,0.17084,-0.17919,-0.44582
113,1007.8,0.17084,-0.17919,-0.44582
113,1033,0.17084,-0.17919,-0.44582
113,1045.1,0.17084,-0.17919,-0.44582
114,0,0.00066193,0.041576,-0.17554
114,478.5,0.00066193,0.041576,-0.17554
114,480.68,0.00066193,0.041576,-0.17554
114,502.5,0.00066193,0.041576,-0.17554
114,525.9,0.00066193,0.041576,-0.17554
114,526.5,0.00066193,0.041576,-0.17554
114,958.5,0.00066193,0.041576,-0.17554
114,981.98,0.00066193,0.041576,-0.17554
114,982.5,0.00066193,0.041576,-0.17554
114,1006.5,0.00066193,0.041576,-0.17554
114,1020.1,0.00066193,0.041576,-0.17554
115,0,0.098273,-0.055009,-1.0864
115,456,0.098273,-0.055009,-1.0864
115,458.25,0.098273,-0.055009,-1.0864
115,480,0.098273,-0.055009,-1.0864
115,503.05,0.098273,-0.055009,-1.0864
115,504,0.098273,-0.055009,-1.0864
115,936.25,0.098273,-0.055009,-1.0864
115,960.37,0.098273,-0.055009,-1.0864
115,984,0.098273,-0.055009,-1.0864
115,997.13,0.098273,-0.055009,-1.0864
116,0,0.0974,0.010075,-0.016881
116,457,0.0974,0.010075,-0.016881
116,482.33,0.0974,0.010075,-0.016881
116,504.25,0.0974,0.010075,-0.016881
116,524.5,0.0974,0.010075,-0.016881
116,528.25,0.0974,0.010075,-0.016881
116,960.5,0.0974,0.010075,-0.016881
116,984.45,0.0974,0.010075,-0.016881
116,984.5,0.0974,0.010075,-0.016881
116,1008.2,0.0974,0.010075,-0.016881
116,1020.8,0.0974,0.010075,-0.016881
117,0,-0.30276,0.13539,0.26714
117,50,-0.30276,0.13539,0.26714
117,504.5,-0.30276,0.13539,0.26714
117,528.5,-0.30276,0.13539,0.26714
117,531,-0.30276,0.13539,0.26714
117,550.75,-0.30276,0.13539,0.26714
117,552.5,-0.30276,0.13539,0.26714
117,985,-0.30276,0.13539,0.26714
117,1007.5,-0.30276,0.13539,0.26714
117,1009,-0.30276,0.13539,0.26714
117,1032,-0.30276,0.13539,0.26714
117,1044.9,-0.30276,0.13539,0.26714
118,0,-0.14079,0.046747,0.19547
118,479.25,-0.14079,0.046747,0.19547
118,482.17,-0.14079,0.046747,0.19547
118,503.75,-0.14079,0.046747,0.19547
118,521.25,-0.14079,0.046747,0.19547
119,0,-0.32905,0.01018,0.23481
119,457,-0.32905,0.01018,0.23481
119,459.5,-0.32905,0.01018,0.23481
119,502.75,-0.32905,0.01018,0.23481
119,505,-0.32905,0.01018,0.23481
119,936.5,-0.32905,0.01018,0.23481
119,939.5,-0.32905,0.01018,0.23481
119,962,-0.32905,0.01018,0.23481
119,985.5,-0.32905,0.01018,0.23481
119,997.75,-0.32905,0.01018,0.23481
120,0,0.06831,-0.056489,0.15753
120,48,0.06831,-0.056489,0.15753
120,479,0.06831,-0.056489,0.15753
120,481,0.06831,-0.056489,0.15753
120,624,0.06831,-0.056489,0.15753
120,959,0.06831,-0.056489,0.15753
120,1007.3,0.06831,-0.056489,0.15753
121,0,0.030268,-0.0067476,-0.28403
121,455,0.030268,-0.0067476,-0.28403
121,482.5,0.030268,-0.0067476,-0.28403
121,502.5,0.030268,-0.0067476,-0.28403
121,525.25,0.030268,-0.0067476,-0.28403
121,526.5,0.030268,-0.0067476,-0.28403
121,935,0.030268,-0.0067476,-0.28403
121,959,0.030268,-0.0067476,-0.28403
121,983,0.030268,-0.0067476,-0.28403
121,995.75,0.030268,-0.0067476,-0.28403
122,0,-0.0092283,-0.015959,-0.38174
122,455.25,-0.0092283,-0.015959,-0.38174
122,482.75,-0.0092283,-0.015959,-0.38174
122,503.25,-0.0092283,-0.015959,-0.38174
122,525.75,-0.0092283,-0.015959,-0.38174
122,527.25,-0.0092283,-0.015959,-0.38174
122,959.25,-0.0092283,-0.015959,-0.38174
122,982.25,-0.0092283,-0.015959,-0.38174
122,983.25,-0.0092283,-0.015959,-0.38174
122,1319.8,-0.0092283,-0.015959,-0.38174
123,0,-0.71359,0.08922,0.30473
123,432.75,-0.71359,0.08922,0.30473
123,436.25,-0.71359,0.08922,0.30473
123,456.25,-0.71359,0.08922,0.30473
123,478.25,-0.71359,0.08922,0.30473
123,480.25,-0.71359,0.08922,0.30473
123,912.25,-0.71359,0.08922,0.30473
123,937.25,-0.71359,0.08922,0.30473
123,960.25,-0.71359,0.08922,0.30473
123,973.25,-0.71359,0.08922,0.30473
124,0,-0.2883,0.089407,-0.73305
124,480,-0.2883,0.089407,-0.73305
124,483.05,-0.2883,0.089407,-0.73305
124,504,-0.2883,0.089407,-0.73305
124,525.5,-0.2883,0.089407,-0.73305
124,528,-0.2883,0.089407,-0.73305
124,624,-0.2883,0.089407,-0.73305
124,863.75,-0.2883,0.089407,-0.73305
124,912,-0.2883,0.089407,-0.73305
125,0,0.00045067,-0.057464,-0.43761
125,403.25,0.00045067,-0.057464,-0.43761
125,406,0.00045067,-0.057464,-0.43761
125,428.5,0.00045067,-0.057464,-0.43761
125,449,0.00045067,-0.057464,-0.43761
125,452.5,0.00045067,-0.057464,-0.43761
125,885.5,0.00045067,-0.057464,-0.43761
125,909.5,0.00045067,-0.057464,-0.43761
125,933,0.00045067,-0.057464,-0.43761
125,945.83,0.00045067,-0.057464,-0.43761
126,0,-0.1477,0.11363,0.87339
126,71,-0.1477,0.11363,0.87339
126,406.5,-0.1477,0.11363,0.87339
126,428.5,-0.1477,0.11363,0.87339
126,430.5,-0.1477,0.11363,0.87339
126,934.5,-0.1477,0.11363,0.87339
126,958.5,-0.1477,0.11363,0.87339
126,982.5,-0.1477,0.11363,0.87339
126,996,-0.1477,0.11363,0.87339
127,0,0.206,-0.049477,0.33566
127,454,0.206,-0.049477,0.33566
127,456.92,0.206,-0.049477,0.33566
127,478,0.206,-0.049477,0.33566
127,501.23,0.206,-0.049477,0.33566
127,502,0.206,-0.049477,0.33566
127,934,0.206,-0.049477,0.33566
127,957.25,0.206,-0.049477,0.33566
127,958,0.206,-0.049477,0.33566
127,982,0.206,-0.049477,0.33566
127,994.58,0.206,-0.049477,0.33566
128,0,0.23701,-0.082894,0.041525
128,455,0.23701,-0.082894,0.041525
128,458,0.23701,-0.082894,0.041525
128,479,0.23701,-0.082894,0.041525
128,502.37,0.23701,-0.082894,0.041525
128,503,0.23701,-0.082894,0.041525
128,939,0.23701,-0.082894,0.041525
128,958.23,0.23701,-0.082894,0.041525
128,963,0.23701,-0.082894,0.041525
128,984,0.23701,-0.082894,0.041525
128,996.62,0.23701,-0.082894,0.041525
129,0,-0.10177,0.0042121,-0.79465
129,431,-0.10177,0.0042121,-0.79465
129,433.5,-0.10177,0.0042121,-0.79465
129,456.5,-0.10177,0.0042121,-0.79465
129,478.25,-0.10177,0.0042121,-0.79465
129,480.5,-0.10177,0.0042121,-0.79465
129,912.25,-0.10177,0.0042121,-0.79465
129,930.5,-0.10177,0.0042121,-0.79465
129,935,-0.10177,0.0042121,-0.79465
129,936.25,-0.10177,0.0042121,-0.79465
129,972.67,-0.10177,0.0042121,-0.79465
130,0,-0.16058,0.022139,0.71366
130,505,-0.16058,0.022139,0.71366
130,527.5,-0.16058,0.022139,0.71366
130,529,-0.16058,0.022139,0.71366
130,961,-0.16058,0.022139,0.71366
130,985,-0.16058,0.022139,0.71366
130,1009,-0.16058,0.022139,0.71366
130,1022.5,-0.16058,0.022139,0.71366
131,0,0.074554,-0.16605,0.22024
131,479.5,0.074554,-0.16605,0.22024
131,482,0.074554,-0.16605,0.22024
131,503.5,0.074554,-0.16605,0.22024
131,527,0.074554,-0.16605,0.22024
131,527.5,0.074554,-0.16605,0.22024
131,959.5,0.074554,-0.16605,0.22024
131,983,0.074554,-0.16605,0.22024
131,983.5,0.074554,-0.16605,0.22024
131,1007.5,0.074554,-0.16605,0.22024
131,1020.5,0.074554,-0.16605,0.22024
132,0,0.23294,-0.13894,0.0041465
132,504,0.23294,-0.13894,0.0041465
132,506.83,0.23294,-0.13894,0.0041465
132,527.75,0.23294,-0.13894,0.0041465
132,551.72,0.23294,-0.13894,0.0041465
132,551.75,0.23294,-0.13894,0.0041465
132,960,0.23294,-0.13894,0.0041465
132,983.92,0.23294,-0.13894,0.0041465
132,984,0.23294,-0.13894,0.0041465
132,1008,0.23294,-0.13894,0.0041465
132,1021.9,0.23294,-0.13894,0.0041465
133,0,0.15835,-0.21211,-0.079555
133,408,0.15835,-0.21211,-0.079555
133,410.1,0.15835,-0.21211,-0.079555
133,432,0.15835,-0.21211,-0.079555
133,455.33,0.15835,-0.21211,-0.079555
133,456,0.15835,-0.21211,-0.079555
133,888,0.15835,-0.21211,-0.079555
133,911.77,0.15835,-0.21211,-0.079555
133,912,0.15835,-0.21211,-0.079555
133,936,0.15835,-0.21211,-0.079555
133,950.05,0.15835,-0.21211,-0.079555
134,0,-0.44473,0.1434,0.27478
134,479.97,-0.44473,0.1434,0.27478
134,482.3,-0.44473,0.1434,0.27478
134,503.97,-0.44473,0.1434,0.27478
134,527.35,-0.44473,0.1434,0.27478
134,527.97,-0.44473,0.1434,0.27478
134,959.97,-0.44473,0.1434,0.27478
134,983.63,-0.44473,0.1434,0.27478
134,983.97,-0.44473,0.1434,0.27478
134,1008,-0.44473,0.1434,0.27478
134,1022.4,-0.44473,0.1434,0.27478
135,0,-0.0087128,0.034933,-0.043794
135,432,-0.0087128,0.034933,-0.043794
135,434.07,-0.0087128,0.034933,-0.043794
135,456,-0.0087128,0.034933,-0.043794
135,479.43,-0.0087128,0.034933,-0.043794
135,480,-0.0087128,0.034933,-0.043794
135,912,-0.0087128,0.034933,-0.043794
135,936,-0.0087128,0.034933,-0.043794
135,960,-0.0087128,0.034933,-0.043794
135,973.63,-0.0087128,0.034933,-0.043794
136,0,0.097998,-0.04253,-0.14512
136,455.5,0.097998,-0.04253,-0.14512
136,458.33,0.097998,-0.04253,-0.14512
136,479.5,0.097998,-0.04253,-0.14512
136,502.33,0.097998,-0.04253,-0.14512
136,503.5,0.097998,-0.04253,-0.14512
136,959.5,0.097998,-0.04253,-0.14512
136,983.25,0.097998,-0.04253,-0.14512
136,983.5,0.097998,-0.04253,-0.14512
136,996.75,0.097998,-0.04253,-0.14512
136,1019.6,0.097998,-0.04253,-0.14512
137,0,-0.068451,0.0012966,-0.69196
137,432,-0.068451,0.0012966,-0.69196
137,436.42,-0.068451,0.0012966,-0.69196
137,456,-0.068451,0.0012966,-0.69196
137,479.42,-0.068451,0.0012966,-0.69196
137,480,-0.068451,0.0012966,-0.69196
137,576.5,-0.068451,0.0012966,-0.69196
137,744.25,-0.068451,0.0012966,-0.69196
138,0,0.0079625,-0.010466,-0.30956
138,432,0.0079625,-0.010466,-0.30956
138,456,0.0079625,-0.010466,-0.30956
138,480,0.0079625,-0.010466,-0.30956
138,528,0.0079625,-0.010466,-0.30956
138,915,0.0079625,-0.010466,-0.30956
138,939,0.0079625,-0.010466,-0.30956
138,960,0.0079625,-0.010466,-0.30956
138,972.42,0.0079625,-0.010466,-0.30956
139,0,-0.011572,-0.013252,-0.24494
139,408,-0.011572,-0.013252,-0.24494
139,435,-0.011572,-0.013252,-0.24494
139,456,-0.011572,-0.013252,-0.24494
139,479.33,-0.011572,-0.013252,-0.24494
139,480,-0.011572,-0.013252,-0.24494
139,888,-0.011572,-0.013252,-0.24494
139,911.45,-0.011572,-0.013252,-0.24494
139,912,-0.011572,-0.013252,-0.24494
139,936,-0.011572,-0.013252,-0.24494
139,948.67,-0.011572,-0.013252,-0.24494
140,0,-0.54733,0.19674,-0.24241
140,432,-0.54733,0.19674,-0.24241
140,434.65,-0.54733,0.19674,-0.24241
140,456,-0.54733,0.19674,-0.24241
140,479.33,-0.54733,0.19674,-0.24241
140,480,-0.54733,0.19674,-0.24241
140,912,-0.54733,0.19674,-0.24241
140,935.53,-0.54733,0.19674,-0.24241
140,936,-0.54733,0.19674,-0.24241
140,960,-0.54733,0.19674,-0.24241
140,972.42,-0.54733,0.19674,-0.24241
141,0,-0.24617,0.07887,0.60623
141,432,-0.24617,0.07887,0.60623
141,435.08,-0.24617,0.07887,0.60623
141,456,-0.24617,0.07887,0.60623
141,479.5,-0.24617,0.07887,0.60623
141,480,-0.24617,0.07887,0.60623
141,912,-0.24617,0.07887,0.60623
141,935.7,-0.24617,0.07887,0.60623
141,936,-0.24617,0.07887,0.60623
141,960,-0.24617,0.07887,0.60623
141,972.58,-0.24617,0.07887,0.60623
142,0,0.23816,-0.026168,0.070775
142,407,0.23816,-0.026168,0.070775
142,410,0.23816,-0.026168,0.070775
142,431,0.23816,-0.026168,0.070775
142,454.33,0.23816,-0.026168,0.070775
142,455,0.23816,-0.026168,0.070775
142,887,0.23816,-0.026168,0.070775
142,910.75,0.23816,-0.026168,0.070775
142,911,0.23816,-0.026168,0.070775
142,935,0.23816,-0.026168,0.070775
142,947.87,0.23816,-0.026168,0.070775
143,0,0.2459,-0.11766,-0.010924
143,456,0.2459,-0.11766,-0.010924
143,459,0.2459,-0.11766,-0.010924
143,480,0.2459,-0.11766,-0.010924
143,503.5,0.2459,-0.11766,-0.010924
143,504,0.2459,-0.11766,-0.010924
143,936,0.2459,-0.11766,-0.010924
143,959.5,0.2459,-0.11766,-0.010924
143,960,0.2459,-0.11766,-0.010924
143,984,0.2459,-0.11766,-0.010924
143,996.33,0.2459,-0.11766,-0.010924
144,0,0.026894,-0.069229,-1.1799
144,456,0.026894,-0.069229,-1.1799
144,459,0.026894,-0.069229,-1.1799
144,480,0.026894,-0.069229,-1.1799
144,503.5,0.026894,-0.069229,-1.1799
144,504,0.026894,-0.069229,-1.1799
144,936,0.026894,-0.069229,-1.1799
144,959.5,0.026894,-0.069229,-1.1799
144,960,0.026894,-0.069229,-1.1799
144,984,0.026894,-0.069229,-1.1799
144,996.15,0.026894,-0.069229,-1.1799
145,0,-0.37855,0.14333,-0.41697
145,456,-0.37855,0.14333,-0.41697
145,459,-0.37855,0.14333,-0.41697
145,480,-0.37855,0.14333,-0.41697
145,503.33,-0.37855,0.14333,-0.41697
145,504,-0.37855,0.14333,-0.41697
145,554,-0.37855,0.14333,-0.41697
145,864,-0.37855,0.14333,-0.41697
145,887.68,-0.37855,0.14333,-0.41697
145,888,-0.37855,0.14333,-0.41697
145,912,-0.37855,0.14333,-0.41697
145,925.75,-0.37855,0.14333,-0.41697
146,0,-0.62576,0.13013,0.18634
146,504,-0.62576,0.13013,0.18634
146,507,-0.62576,0.13013,0.18634
146,528,-0.62576,0.13013,0.18634
146,551.33,-0.62576,0.13013,0.18634
146,552,-0.62576,0.13013,0.18634
146,936,-0.62576,0.13013,0.18634
146,959.5,-0.62576,0.13013,0.18634
146,960,-0.62576,0.13013,0.18634
146,984,-0.62576,0.13013,0.18634
146,996.27,-0.62576,0.13013,0.18634
147,0,-0.036759,-0.089632,-0.1569
147,431.97,-0.036759,-0.089632,-0.1569
147,434.8,-0.036759,-0.089632,-0.1569
147,455.97,-0.036759,-0.089632,-0.1569
147,479.27,-0.036759,-0.089632,-0.1569
147,479.97,-0.036759,-0.089632,-0.1569
147,911.97,-0.036759,-0.089632,-0.1569
147,935.35,-0.036759,-0.089632,-0.1569
147,935.97,-0.036759,-0.089632,-0.1569
147,959.97,-0.036759,-0.089632,-0.1569
147,972.23,-0.036759,-0.089632,-0.1569
148,0,0.12562,0.010928,-0.059015
148,576,0.12562,0.010928,-0.059015
148,578.58,0.12562,0.010928,-0.059015
148,600,0.12562,0.010928,-0.059015
148,623.25,0.12562,0.010928,-0.059015
148,624,0.12562,0.010928,-0.059015
148,888,0.12562,0.010928,-0.059015
148,912,0.12562,0.010928,-0.059015
148,936,0.12562,0.010928,-0.059015
148,947.43,0.12562,0.010928,-0.059015
149,0,0.47068,-0.22482,0.4567
149,432,0.47068,-0.22482,0.4567
149,434.75,0.47068,-0.22482,0.4567
149,456,0.47068,-0.22482,0.4567
149,479.28,0.47068,-0.22482,0.4567
149,480,0.47068,-0.22482,0.4567
149,912,0.47068,-0.22482,0.4567
149,935.67,0.47068,-0.22482,0.4567
149,936,0.47068,-0.22482,0.4567
149,960,0.47068,-0.22482,0.4567
149,972.75,0.47068,-0.22482,0.4567
150,0,-0.30576,0.10463,-0.50616
150,432,-0.30576,0.10463,-0.50616
150,434.75,-0.30576,0.10463,-0.50616
150,456,-0.30576,0.10463,-0.50616
150,479.08,-0.30576,0.10463,-0.50616
150,480,-0.30576,0.10463,-0.50616
150,888,-0.30576,0.10463,-0.50616
150,911.55,-0.30576,0.10463,-0.50616
150,912,-0.30576,0.10463,-0.50616
150,936,-0.30576,0.10463,-0.50616
150,948.5,-0.30576,0.10463,-0.50616
151,0,0.28788,-0.1442,0.52692
151,432,0.28788,-0.1442,0.52692
151,434.82,0.28788,-0.1442,0.52692
151,456,0.28788,-0.1442,0.52692
151,479.08,0.28788,-0.1442,0.52692
151,480,0.28788,-0.1442,0.52692
151,888,0.28788,-0.1442,0.52692
151,911.6,0.28788,-0.1442,0.52692
151,912,0.28788,-0.1442,0.52692
151,936,0.28788,-0.1442,0.52692
151,949.03,0.28788,-0.1442,0.52692
152,0,0.015401,-0.026992,-0.22122
152,48,0.015401,-0.026992,-0.22122
152,72,0.015401,-0.026992,-0.22122
152,456.5,0.015401,-0.026992,-0.22122
152,459.17,0.015401,-0.026992,-0.22122
152,480.5,0.015401,-0.026992,-0.22122
152,503.92,0.015401,-0.026992,-0.22122
152,504.5,0.015401,-0.026992,-0.22122
152,912.5,0.015401,-0.026992,-0.22122
152,936.17,0.015401,-0.026992,-0.22122
152,936.5,0.015401,-0.026992,-0.22122
152,960.5,0.015401,-0.026992,-0.22122
152,973.17,0.015401,-0.026992,-0.22122
153,0,-0.52542,0.19862,0.5495
153,431,-0.52542,0.19862,0.5495
153,433,-0.52542,0.19862,0.5495
153,453.92,-0.52542,0.19862,0.5495
153,477.92,-0.52542,0.19862,0.5495
153,527,-0.52542,0.19862,0.5495
153,912.75,-0.52542,0.19862,0.5495
153,934.83,-0.52542,0.19862,0.5495
153,936.75,-0.52542,0.19862,0.5495
153,959,-0.52542,0.19862,0.5495
153,971.75,-0.52542,0.19862,0.5495
154,0,0.24131,-0.14858,0.069649
154,480,0.24131,-0.14858,0.069649
154,482.62,0.24131,-0.14858,0.069649
154,503.42,0.24131,-0.14858,0.069649
154,504,0.24131,-0.14858,0.069649
154,984,0.24131,-0.14858,0.069649
154,1007.5,0.24131,-0.14858,0.069649
154,1008,0.24131,-0.14858,0.069649
154,1032,0.24131,-0.14858,0.069649
154,1045.8,0.24131,-0.14858,0.069649
155,0,0.022811,0.043035,0.30332
155,622,0.022811,0.043035,0.30332
155,649.33,0.022811,0.043035,0.30332
155,671,0.022811,0.043035,0.30332
155,694.25,0.022811,0.043035,0.30332
155,695,0.022811,0.043035,0.30332
155,744.25,0.022811,0.043035,0.30332
155,959,0.022811,0.043035,0.30332
155,982.25,0.022811,0.043035,0.30332
155,983,0.022811,0.043035,0.30332
155,1007,0.022811,0.043035,0.30332
155,1020.8,0.022811,0.043035,0.30332
156,0,0.22589,-0.28527,-0.26139
156,430.5,0.22589,-0.28527,-0.26139
156,432.67,0.22589,-0.28527,-0.26139
156,454.67,0.22589,-0.28527,-0.26139
156,477.9,0.22589,-0.28527,-0.26139
156,478.67,0.22589,-0.28527,-0.26139
156,911.5,0.22589,-0.28527,-0.26139
156,934.38,0.22589,-0.28527,-0.26139
156,935.5,0.22589,-0.28527,-0.26139
156,958.5,0.22589,-0.28527,-0.26139
156,971.75,0.22589,-0.28527,-0.26139
157,0,-0.17573,0.10863,-0.046447
157,431.42,-0.17573,0.10863,-0.046447
157,433.22,-0.17573,0.10863,-0.046447
157,454.92,-0.17573,0.10863,-0.046447
157,478.25,-0.17573,0.10863,-0.046447
157,478.92,-0.17573,0.10863,-0.046447
157,911.08,-0.17573,0.10863,-0.046447
157,934.77,-0.17573,0.10863,-0.046447
157,935.08,-0.17573,0.10863,-0.046447
157,958.92,-0.17573,0.10863,-0.046447
157,972.8,-0.17573,0.10863,-0.046447
158,0,0.057827,-0.091617,0.20782
158,548,0.057827,-0.091617,0.20782
158,550,0.057827,-0.091617,0.20782
158,572,0.057827,-0.091617,0.20782
158,595.5,0.057827,-0.091617,0.20782
158,596,0.057827,-0.091617,0.20782
158,884,0.057827,-0.091617,0.20782
158,907.5,0.057827,-0.091617,0.20782
158,908,0.057827,-0.091617,0.20782
158,932,0.057827,-0.091617,0.20782
158,944.17,0.057827,-0.091617,0.20782
159,0,0.02007,-0.0035366,-0.15551
159,433,0.02007,-0.0035366,-0.15551
159,457,0.02007,-0.0035366,-0.15551
159,480.42,0.02007,-0.0035366,-0.15551
159,481,0.02007,-0.0035366,-0.15551
159,889,0.02007,-0.0035366,-0.15551
159,913,0.02007,-0.0035366,-0.15551
159,937,0.02007,-0.0035366,-0.15551
160,0,0.083483,0.0018651,0.11061
160,409,0.083483,0.0018651,0.11061
160,411.67,0.083483,0.0018651,0.11061
160,433,0.083483,0.0018651,0.11061
160,455.75,0.083483,0.0018651,0.11061
160,457,0.083483,0.0018651,0.11061
160,913,0.083483,0.0018651,0.11061
160,937,0.083483,0.0018651,0.11061
160,961,0.083483,0.0018651,0.11061
160,974.33,0.083483,0.0018651,0.11061
161,0,0.02581,0.01096,-0.27239
161,46.83,0.02581,0.01096,-0.27239
161,429.83,0.02581,0.01096,-0.27239
161,432.33,0.02581,0.01096,-0.27239
161,453.83,0.02581,0.01096,-0.27239
161,476.67,0.02581,0.01096,-0.27239
161,477.83,0.02581,0.01096,-0.27239
161,909.83,0.02581,0.01096,-0.27239
161,933.67,0.02581,0.01096,-0.27239
161,933.83,0.02581,0.01096,-0.27239
161,957.83,0.02581,0.01096,-0.27239
161,971.03,0.02581,0.01096,-0.27239
162,0,0.1434,-0.17859,-0.074848
162,432,0.1434,-0.17859,-0.074848
162,434.58,0.1434,-0.17859,-0.074848
162,478.8,0.1434,-0.17859,-0.074848
162,480,0.1434,-0.17859,-0.074848
162,912,0.1434,-0.17859,-0.074848
162,936,0.1434,-0.17859,-0.074848
162,960,0.1434,-0.17859,-0.074848
162,974.17,0.1434,-0.17859,-0.074848
163,0,-0.18207,0.044869,0.81746
163,408,-0.18207,0.044869,0.81746
163,456,-0.18207,0.044869,0.81746
163,478.5,-0.18207,0.044869,0.81746
163,480,-0.18207,0.044869,0.81746
163,888,-0.18207,0.044869,0.81746
163,912,-0.18207,0.044869,0.81746
163,936,-0.18207,0.044869,0.81746
163,949.17,-0.18207,0.044869,0.81746
164,0,0.34141,-0.16458,0.34874
164,480,0.34141,-0.16458,0.34874
164,482.6,0.34141,-0.16458,0.34874
164,504,0.34141,-0.16458,0.34874
164,526.75,0.34141,-0.16458,0.34874
164,528,0.34141,-0.16458,0.34874
164,936,0.34141,-0.16458,0.34874
164,960,0.34141,-0.16458,0.34874
164,984,0.34141,-0.16458,0.34874
164,997.17,0.34141,-0.16458,0.34874
165,0,0.058557,-0.033278,0.067418
165,384,0.058557,-0.033278,0.067418
165,386.5,0.058557,-0.033278,0.067418
165,408,0.058557,-0.033278,0.067418
165,430.5,0.058557,-0.033278,0.067418
166,0,0.30568,-0.21847,0.014797
166,456,0.30568,-0.21847,0.014797
166,458.5,0.30568,-0.21847,0.014797
166,478.75,0.30568,-0.21847,0.014797
166,480,0.30568,-0.21847,0.014797
166,912.5,0.30568,-0.21847,0.014797
166,935.58,0.30568,-0.21847,0.014797
166,936.5,0.30568,-0.21847,0.014797
166,960,0.30568,-0.21847,0.014797
166,973.33,0.30568,-0.21847,0.014797
167,0,0.052207,-0.073152,-0.71746
167,456,0.052207,-0.073152,-0.71746
167,458.67,0.052207,-0.073152,-0.71746
167,478.7,0.052207,-0.073152,-0.71746
167,480,0.052207,-0.073152,-0.71746
167,912,0.052207,-0.073152,-0.71746
167,960,0.052207,-0.073152,-0.71746
167,973.25,0.052207,-0.073152,-0.71746
168,0,-0.21045,0.0025877,0.54726
168,24.5,-0.21045,0.0025877,0.54726
168,48.5,-0.21045,0.0025877,0.54726
168,480,-0.21045,0.0025877,0.54726
168,482.03,-0.21045,0.0025877,0.54726
168,504,-0.21045,0.0025877,0.54726
168,527.03,-0.21045,0.0025877,0.54726
168,528,-0.21045,0.0025877,0.54726
168,960.5,-0.21045,0.0025877,0.54726
168,983.92,-0.21045,0.0025877,0.54726
168,984.5,-0.21045,0.0025877,0.54726
168,1008,-0.21045,0.0025877,0.54726
168,1019.4,-0.21045,0.0025877,0.54726
169,0,-0.031323,-0.012821,-0.080947
169,456,-0.031323,-0.012821,-0.080947
169,482.17,-0.031323,-0.012821,-0.080947
169,504,-0.031323,-0.012821,-0.080947
169,527,-0.031323,-0.012821,-0.080947
169,528,-0.031323,-0.012821,-0.080947
169,984,-0.031323,-0.012821,-0.080947
169,1007.7,-0.031323,-0.012821,-0.080947
169,1008,-0.031323,-0.012821,-0.080947
169,1032,-0.031323,-0.012821,-0.080947
169,1045.5,-0.031323,-0.012821,-0.080947
170,0,0.081663,0.00060221,-0.52785
170,434.17,0.081663,0.00060221,-0.52785
170,458.17,0.081663,0.00060221,-0.52785
170,479.67,0.081663,0.00060221,-0.52785
170,502.67,0.081663,0.00060221,-0.52785
170,503.67,0.081663,0.00060221,-0.52785
170,528.17,0.081663,0.00060221,-0.52785
170,551.13,0.081663,0.00060221,-0.52785
170,1055.7,0.081663,0.00060221,-0.52785
170,1079.1,0.081663,0.00060221,-0.52785
170,1079.7,0.081663,0.00060221,-0.52785
170,1103.7,0.081663,0.00060221,-0.52785
170,1116.2,0.081663,0.00060221,-0.52785
171,0,0.22692,-0.12932,0.77685
171,72,0.22692,-0.12932,0.77685
171,408,0.22692,-0.12932,0.77685
171,410.33,0.22692,-0.12932,0.77685
171,432,0.22692,-0.12932,0.77685
171,455,0.22692,-0.12932,0.77685
171,456,0.22692,-0.12932,0.77685
171,912,0.22692,-0.12932,0.77685
171,935.67,0.22692,-0.12932,0.77685
171,936,0.22692,-0.12932,0.77685
171,960,0.22692,-0.12932,0.77685
171,973.5,0.22692,-0.12932,0.77685
172,0,-0.10186,0.084017,-0.68568
172,576,-0.10186,0.084017,-0.68568
172,578.1,-0.10186,0.084017,-0.68568
172,600,-0.10186,0.084017,-0.68568
172,622.45,-0.10186,0.084017,-0.68568
172,624,-0.10186,0.084017,-0.68568
172,936,-0.10186,0.084017,-0.68568
172,958.67,-0.10186,0.084017,-0.68568
172,960,-0.10186,0.084017,-0.68568
172,984,-0.10186,0.084017,-0.68568
172,997,-0.10186,0.084017,-0.68568
173,0,0.0021213,0.005597,0.035776
173,372.58,0.0021213,0.005597,0.035776
173,382.1,0.0021213,0.005597,0.035776
173,406,0.0021213,0.005597,0.035776
173,428.92,0.0021213,0.005597,0.035776
173,430,0.0021213,0.005597,0.035776
173,862,0.0021213,0.005597,0.035776
173,862.5,0.0021213,0.005597,0.035776
173,886.2,0.0021213,0.005597,0.035776
174,0,0.012178,-0.012927,-0.42472
174,474.5,0.012178,-0.012927,-0.42472
174,500.63,0.012178,-0.012927,-0.42472
174,522,0.012178,-0.012927,-0.42472
174,545.67,0.012178,-0.012927,-0.42472
174,546,0.012178,-0.012927,-0.42472
174,981,0.012178,-0.012927,-0.42472
174,1002,0.012178,-0.012927,-0.42472
174,1005,0.012178,-0.012927,-0.42472
174,1026.5,0.012178,-0.012927,-0.42472
174,1039.5,0.012178,-0.012927,-0.42472
174,1053.5,0.012178,-0.012927,-0.42472
175,0,0.06014,-0.007879,-0.39757
175,505.67,0.06014,-0.007879,-0.39757
175,529.67,0.06014,-0.007879,-0.39757
175,551.33,0.06014,-0.007879,-0.39757
175,573.5,0.06014,-0.007879,-0.39757
175,575.33,0.06014,-0.007879,-0.39757
175,1007,0.06014,-0.007879,-0.39757
175,1031,0.06014,-0.007879,-0.39757
175,1055,0.06014,-0.007879,-0.39757
175,1067.2,0.06014,-0.007879,-0.39757
176,0,0.036452,-0.13582,0.76073
176,455.5,0.036452,-0.13582,0.76073
176,458,0.036452,-0.13582,0.76073
176,480,0.036452,-0.13582,0.76073
176,502.33,0.036452,-0.13582,0.76073
176,504,0.036452,-0.13582,0.76073
176,935.5,0.036452,-0.13582,0.76073
176,936,0.036452,-0.13582,0.76073
176,959.38,0.036452,-0.13582,0.76073
176,983.5,0.036452,-0.13582,0.76073
176,997.17,0.036452,-0.13582,0.76073
177,0,-0.53312,0.0854,0.25913
177,453,-0.53312,0.0854,0.25913
177,455.55,-0.53312,0.0854,0.25913
177,475,-0.53312,0.0854,0.25913
177,499.42,-0.53312,0.0854,0.25913
177,933,-0.53312,0.0854,0.25913
177,956.75,-0.53312,0.0854,0.25913
177,957,-0.53312,0.0854,0.25913
177,981,-0.53312,0.0854,0.25913
177,995.93,-0.53312,0.0854,0.25913
178,0,0.17487,-0.18875,-0.2904
178,432,0.17487,-0.18875,-0.2904
178,434.08,0.17487,-0.18875,-0.2904
178,456,0.17487,-0.18875,-0.2904
178,479.25,0.17487,-0.18875,-0.2904
178,480,0.17487,-0.18875,-0.2904
178,937,0.17487,-0.18875,-0.2904
178,959.92,0.17487,-0.18875,-0.2904
178,961,0.17487,-0.18875,-0.2904
178,984,0.17487,-0.18875,-0.2904
178,996.42,0.17487,-0.18875,-0.2904
179,0,0.014099,0.015881,-0.037823
179,431.58,0.014099,0.015881,-0.037823
179,433.67,0.014099,0.015881,-0.037823
179,455.58,0.014099,0.015881,-0.037823
179,479,0.014099,0.015881,-0.037823
179,479.58,0.014099,0.015881,-0.037823
179,936.58,0.014099,0.015881,-0.037823
179,959.5,0.014099,0.015881,-0.037823
179,960.58,0.014099,0.015881,-0.037823
179,983.58,0.014099,0.015881,-0.037823
179,997,0.014099,0.015881,-0.037823
180,0,-0.061835,0.01103,-1.0275
180,432,-0.061835,0.01103,-1.0275
180,434,-0.061835,0.01103,-1.0275
180,456,-0.061835,0.01103,-1.0275
180,479.17,-0.061835,0.01103,-1.0275
180,480,-0.061835,0.01103,-1.0275
180,912,-0.061835,0.01103,-1.0275
180,935.83,-0.061835,0.01103,-1.0275
180,936,-0.061835,0.01103,-1.0275
180,960,-0.061835,0.01103,-1.0275
180,973.58,-0.061835,0.01103,-1.0275
181,0,-0.26151,0.077307,0.28311
181,25.25,-0.26151,0.077307,0.28311
181,49.05,-0.26151,0.077307,0.28311
181,432,-0.26151,0.077307,0.28311
181,435,-0.26151,0.077307,0.28311
181,456,-0.26151,0.077307,0.28311
181,479.3,-0.26151,0.077307,0.28311
181,480,-0.26151,0.077307,0.28311
181,912,-0.26151,0.077307,0.28311
181,935.58,-0.26151,0.077307,0.28311
181,936,-0.26151,0.077307,0.28311
181,937,-0.26151,0.077307,0.28311
181,974,-0.26151,0.077307,0.28311
182,0,0.048098,0.02986,0.18102
182,456,0.048098,0.02986,0.18102
182,458.63,0.048098,0.02986,0.18102
182,480,0.048098,0.02986,0.18102
182,503.75,0.048098,0.02986,0.18102
182,504,0.048098,0.02986,0.18102
182,936,0.048098,0.02986,0.18102
182,959.5,0.048098,0.02986,0.18102
182,960,0.048098,0.02986,0.18102
182,984,0.048098,0.02986,0.18102
182,997.75,0.048098,0.02986,0.18102
183,0,0.19042,-0.13083,-0.39632
183,474,0.19042,-0.13083,-0.39632
183,477,0.19042,-0.13083,-0.39632
183,498,0.19042,-0.13083,-0.39632
183,521.83,0.19042,-0.13083,-0.39632
183,522,0.19042,-0.13083,-0.39632
183,958.5,0.19042,-0.13083,-0.39632
183,977.42,0.19042,-0.13083,-0.39632
183,982.5,0.19042,-0.13083,-0.39632
183,1002,0.19042,-0.13083,-0.39632
183,1016.4,0.19042,-0.13083,-0.39632
184,0,-0.0045067,0.024044,0.28525
184,453,-0.0045067,0.024044,0.28525
184,479.75,-0.0045067,0.024044,0.28525
184,501,-0.0045067,0.024044,0.28525
184,524.3,-0.0045067,0.024044,0.28525
184,525,-0.0045067,0.024044,0.28525
184,957.5,-0.0045067,0.024044,0.28525
184,981.5,-0.0045067,0.024044,0.28525
184,1005,-0.0045067,0.024044,0.28525
184,1019.4,-0.0045067,0.024044,0.28525
185,0,-0.10039,0.069396,0.8185
185,431.5,-0.10039,0.069396,0.8185
185,457.83,-0.10039,0.069396,0.8185
185,479,-0.10039,0.069396,0.8185
185,502.5,-0.10039,0.069396,0.8185
185,503,-0.10039,0.069396,0.8185
185,935,-0.10039,0.069396,0.8185
185,958.75,-0.10039,0.069396,0.8185
185,959,-0.10039,0.069396,0.8185
185,983,-0.10039,0.069396,0.8185
185,997,-0.10039,0.069396,0.8185
186,0,0.028215,-0.0088495,-0.25402
186,456.5,0.028215,-0.0088495,-0.25402
186,482.33,0.028215,-0.0088495,-0.25402
186,504,0.028215,-0.0088495,-0.25402
186,527.38,0.028215,-0.0088495,-0.25402
186,528,0.028215,-0.0088495,-0.25402
186,984.75,0.028215,-0.0088495,-0.25402
186,1008.8,0.028215,-0.0088495,-0.25402
186,1032,0.028215,-0.0088495,-0.25402
186,1044.5,0.028215,-0.0088495,-0.25402
187,0,-0.096644,-0.024551,0.1015
187,432,-0.096644,-0.024551,0.1015
187,459,-0.096644,-0.024551,0.1015
187,480,-0.096644,-0.024551,0.1015
187,503.25,-0.096644,-0.024551,0.1015
187,504,-0.096644,-0.024551,0.1015
187,936,-0.096644,-0.024551,0.1015
187,960,-0.096644,-0.024551,0.1015
187,984,-0.096644,-0.024551,0.1015
187,998.42,-0.096644,-0.024551,0.1015
188,0,0.073782,-0.0060649,-0.62427
188,384,0.073782,-0.0060649,-0.62427
188,411.08,0.073782,-0.0060649,-0.62427
188,432,0.073782,-0.0060649,-0.62427
188,455.4,0.073782,-0.0060649,-0.62427
188,456,0.073782,-0.0060649,-0.62427
188,888,0.073782,-0.0060649,-0.62427
188,911.75,0.073782,-0.0060649,-0.62427
188,912,0.073782,-0.0060649,-0.62427
188,936,0.073782,-0.0060649,-0.62427
188,950.75,0.073782,-0.0060649,-0.62427
189,0,-0.11792,-0.034369,0.26266
189,456,-0.11792,-0.034369,0.26266
189,482.25,-0.11792,-0.034369,0.26266
189,503.75,-0.11792,-0.034369,0.26266
189,527.28,-0.11792,-0.034369,0.26266
189,527.75,-0.11792,-0.034369,0.26266
189,959.75,-0.11792,-0.034369,0.26266
189,983.08,-0.11792,-0.034369,0.26266
189,983.75,-0.11792,-0.034369,0.26266
189,1007.8,-0.11792,-0.034369,0.26266
189,1023,-0.11792,-0.034369,0.26266
190,0,-0.073667,0.040851,0.41124
190,432,-0.073667,0.040851,0.41124
190,480,-0.073667,0.040851,0.41124
190,936.75,-0.073667,0.040851,0.41124
190,960.75,-0.073667,0.040851,0.41124
190,984,-0.073667,0.040851,0.41124
190,997.75,-0.073667,0.040851,0.41124
191,0,-0.17865,0.13412,-0.0049308
191,22.92,-0.17865,0.13412,-0.0049308
191,49.5,-0.17865,0.13412,-0.0049308
191,431,-0.17865,0.13412,-0.0049308
191,433.08,-0.17865,0.13412,-0.0049308
191,455,-0.17865,0.13412,-0.0049308
191,477.83,-0.17865,0.13412,-0.0049308
191,479,-0.17865,0.13412,-0.0049308
191,911.5,-0.17865,0.13412,-0.0049308
191,934.75,-0.17865,0.13412,-0.0049308
191,935.5,-0.17865,0.13412,-0.0049308
191,959,-0.17865,0.13412,-0.0049308
191,972,-0.17865,0.13412,-0.0049308
192,0,-0.025753,0.10465,-0.07342
192,26,-0.025753,0.10465,-0.07342
192,51,-0.025753,0.10465,-0.07342
192,479,-0.025753,0.10465,-0.07342
192,481.08,-0.025753,0.10465,-0.07342
192,503,-0.025753,0.10465,-0.07342
192,526.42,-0.025753,0.10465,-0.07342
192,527,-0.025753,0.10465,-0.07342
192,551,-0.025753,0.10465,-0.07342
192,577,-0.025753,0.10465,-0.07342
192,936.5,-0.025753,0.10465,-0.07342
192,958.67,-0.025753,0.10465,-0.07342
192,960.5,-0.025753,0.10465,-0.07342
192,983,-0.025753,0.10465,-0.07342
192,995.67,-0.025753,0.10465,-0.07342
193,0,0.15537,-0.12165,0.95181
193,475.5,0.15537,-0.12165,0.95181
193,478.5,0.15537,-0.12165,0.95181
193,499.5,0.15537,-0.12165,0.95181
193,524,0.15537,-0.12165,0.95181
193,1081,0.15537,-0.12165,0.95181
194,0,0.058844,0.0017028,-0.2132
194,95.5,0.058844,0.0017028,-0.2132
194,430,0.058844,0.0017028,-0.2132
194,454,0.058844,0.0017028,-0.2132
194,478,0.058844,0.0017028,-0.2132
194,960.5,0.058844,0.0017028,-0.2132
194,982,0.058844,0.0017028,-0.2132
194,984.5,0.058844,0.0017028,-0.2132
194,1006.5,0.058844,0.0017028,-0.2132
194,1018.5,0.058844,0.0017028,-0.2132
195,0,-0.045306,0.021285,-0.0016706
195,434.68,-0.045306,0.021285,-0.0016706
195,458.68,-0.045306,0.021285,-0.0016706
195,480.75,-0.045306,0.021285,-0.0016706
195,503.23,-0.045306,0.021285,-0.0016706
195,504.75,-0.045306,0.021285,-0.0016706
195,576,-0.045306,0.021285,-0.0016706
195,912,-0.045306,0.021285,-0.0016706
195,935.88,-0.045306,0.021285,-0.0016706
195,973.75,-0.045306,0.021285,-0.0016706
196,0,0.33594,-0.19079,0.48462
196,384,0.33594,-0.19079,0.48462
196,387,0.33594,-0.19079,0.48462
196,408,0.33594,-0.19079,0.48462
196,430,0.33594,-0.19079,0.48462
196,432,0.33594,-0.19079,0.48462
196,864,0.33594,-0.19079,0.48462
196,887.92,0.33594,-0.19079,0.48462
196,888,0.33594,-0.19079,0.48462
196,912,0.33594,-0.19079,0.48462
196,926.07,0.33594,-0.19079,0.48462
197,0,-0.089695,0.027001,0.02733
197,431.5,-0.089695,0.027001,0.02733
197,433.5,-0.089695,0.027001,0.02733
197,456.5,-0.089695,0.027001,0.02733
197,478.5,-0.089695,0.027001,0.02733
197,480.5,-0.089695,0.027001,0.02733
197,911.5,-0.089695,0.027001,0.02733
197,935.25,-0.089695,0.027001,0.02733
197,935.5,-0.089695,0.027001,0.02733
197,959.5,-0.089695,0.027001,0.02733
197,971.75,-0.089695,0.027001,0.02733
198,0,-0.40928,0.16652,0.55957
198,480,-0.40928,0.16652,0.55957
198,482,-0.40928,0.16652,0.55957
198,504,-0.40928,0.16652,0.55957
198,504,-0.40928,0.16652,0.55957
198,936,-0.40928,0.16652,0.55957
198,960,-0.40928,0.16652,0.55957
199,0,-0.32684,0.14462,-0.15411
199,451.27,-0.32684,0.14462,-0.15411
199,453.27,-0.32684,0.14462,-0.15411
199,475.27,-0.32684,0.14462,-0.15411
199,498.52,-0.32684,0.14462,-0.15411
199,499.27,-0.32684,0.14462,-0.15411
199,955.27,-0.32684,0.14462,-0.15411
199,979.02,-0.32684,0.14462,-0.15411
199,979.27,-0.32684,0.14462,-0.15411
199,1003.3,-0.32684,0.14462,-0.15411
199,1019,-0.32684,0.14462,-0.15411
200,0,0.24753,-0.1373,-0.33747
200,431,0.24753,-0.1373,-0.33747
200,434,0.24753,-0.1373,-0.33747
200,455,0.24753,-0.1373,-0.33747
200,476,0.24753,-0.1373,-0.33747
200,479,0.24753,-0.1373,-0.33747
200,934,0.24753,-0.1373,-0.33747
200,958.75,0.24753,-0.1373,-0.33747
200,983,0.24753,-0.1373,-0.33747
200,998.25,0.24753,-0.1373,-0.33747
201,0,-0.16162,0.088321,0.38067
201,72,-0.16162,0.088321,0.38067
201,528,-0.16162,0.088321,0.38067
201,530.25,-0.16162,0.088321,0.38067
201,552,-0.16162,0.088321,0.38067
201,574.25,-0.16162,0.088321,0.38067
201,576,-0.16162,0.088321,0.38067
201,625,-0.16162,0.088321,0.38067
201,1010,-0.16162,0.088321,0.38067
201,1032.2,-0.16162,0.088321,0.38067
201,1034,-0.16162,0.088321,0.38067
201,1056,-0.16162,0.088321,0.38067
201,1070.2,-0.16162,0.088321,0.38067
202,0,-0.29596,0.15874,-0.29818
202,456,-0.29596,0.15874,-0.29818
202,458,-0.29596,0.15874,-0.29818
202,915,-0.29596,0.15874,-0.29818
202,936.25,-0.29596,0.15874,-0.29818
202,939,-0.29596,0.15874,-0.29818
202,960,-0.29596,0.15874,-0.29818
202,974.83,-0.29596,0.15874,-0.29818
203,0,-0.083232,0.012308,0.46614
203,48,-0.083232,0.012308,0.46614
203,71.5,-0.083232,0.012308,0.46614
203,430,-0.083232,0.012308,0.46614
203,453,-0.083232,0.012308,0.46614
203,476.5,-0.083232,0.012308,0.46614
203,477,-0.083232,0.012308,0.46614
203,528.5,-0.083232,0.012308,0.46614
203,981,-0.083232,0.012308,0.46614
203,1005.7,-0.083232,0.012308,0.46614
203,1029,-0.083232,0.012308,0.46614
204,0,-0.089332,0.13469,0.39075
204,21.5,-0.089332,0.13469,0.39075
204,45.5,-0.089332,0.13469,0.39075
204,381.92,-0.089332,0.13469,0.39075
204,384,-0.089332,0.13469,0.39075
204,405.5,-0.089332,0.13469,0.39075
204,428.5,-0.089332,0.13469,0.39075
204,429.5,-0.089332,0.13469,0.39075
204,453.5,-0.089332,0.13469,0.39075
204,478,-0.089332,0.13469,0.39075
204,861.5,-0.089332,0.13469,0.39075
204,887.25,-0.089332,0.13469,0.39075
204,909.5,-0.089332,0.13469,0.39075
204,922,-0.089332,0.13469,0.39075
205,0,0.18268,-0.18977,0.52144
205,406.25,0.18268,-0.18977,0.52144
205,408.33,0.18268,-0.18977,0.52144
205,503.75,0.18268,-0.18977,0.52144
205,886.25,0.18268,-0.18977,0.52144
205,910.42,0.18268,-0.18977,0.52144
205,934.25,0.18268,-0.18977,0.52144
205,948.25,0.18268,-0.18977,0.52144
206,0,0.41836,-0.42031,0.46193
206,430,0.41836,-0.42031,0.46193
206,432.58,0.41836,-0.42031,0.46193
206,454,0.41836,-0.42031,0.46193
206,475.33,0.41836,-0.42031,0.46193
206,478,0.41836,-0.42031,0.46193
206,1006,0.41836,-0.42031,0.46193
206,1019.7,0.41836,-0.42031,0.46193
207,0,0.1531,0.0090533,-0.18035
207,456,0.1531,0.0090533,-0.18035
207,482.5,0.1531,0.0090533,-0.18035
207,504,0.1531,0.0090533,-0.18035
207,527.5,0.1531,0.0090533,-0.18035
207,528,0.1531,0.0090533,-0.18035
207,840,0.1531,0.0090533,-0.18035
207,864,0.1531,0.0090533,-0.18035
207,888,0.1531,0.0090533,-0.18035
207,900.9,0.1531,0.0090533,-0.18035
208,0,-0.069758,-0.39013,0.39168
208,476,-0.069758,-0.39013,0.39168
208,478,-0.069758,-0.39013,0.39168
208,498,-0.069758,-0.39013,0.39168
208,522.5,-0.069758,-0.39013,0.39168
208,956,-0.069758,-0.39013,0.39168
208,979.42,-0.069758,-0.39013,0.39168
208,980,-0.069758,-0.39013,0.39168
208,1003.8,-0.069758,-0.39013,0.39168
208,1016.3,-0.069758,-0.39013,0.39168
209,0,-0.0096815,0.023969,-0.037727
209,478.5,-0.0096815,0.023969,-0.037727
209,480.67,-0.0096815,0.023969,-0.037727
209,502.5,-0.0096815,0.023969,-0.037727
209,526,-0.0096815,0.023969,-0.037727
209,526.5,-0.0096815,0.023969,-0.037727
209,959.5,-0.0096815,0.023969,-0.037727
209,983,-0.0096815,0.023969,-0.037727
209,983.5,-0.0096815,0.023969,-0.037727
209,1007.2,-0.0096815,0.023969,-0.037727
209,1019.2,-0.0096815,0.023969,-0.037727
210,0,-0.17402,0.066041,0.041781
210,455,-0.17402,0.066041,0.041781
210,479.5,-0.17402,0.066041,0.041781
210,501.5,-0.17402,0.066041,0.041781
210,525.58,-0.17402,0.066041,0.041781
210,959,-0.17402,0.066041,0.041781
210,981.42,-0.17402,0.066041,0.041781
210,983,-0.17402,0.066041,0.041781
210,1006,-0.17402,0.066041,0.041781
210,1019.5,-0.17402,0.066041,0.041781
211,0,0.41674,-0.26342,0.095832
211,475.05,0.41674,-0.26342,0.095832
211,477.05,0.41674,-0.26342,0.095832
211,499,0.41674,-0.26342,0.095832
211,516.17,0.41674,-0.26342,0.095832
211,523,0.41674,-0.26342,0.095832
211,571,0.41674,-0.26342,0.095832
211,979,0.41674,-0.26342,0.095832
211,1002.9,0.41674,-0.26342,0.095832
211,1003,0.41674,-0.26342,0.095832
211,1027,0.41674,-0.26342,0.095832
211,1040.8,0.41674,-0.26342,0.095832
212,0,0.055212,-0.00041398,-0.14506
212,48,0.055212,-0.00041398,-0.14506
212,480,0.055212,-0.00041398,-0.14506
212,504,0.055212,-0.00041398,-0.14506
212,527.7,0.055212,-0.00041398,-0.14506
212,528,0.055212,-0.00041398,-0.14506
212,960,0.055212,-0.00041398,-0.14506
212,1008,0.055212,-0.00041398,-0.14506
212,1022.2,0.055212,-0.00041398,-0.14506
213,0,-0.15367,0.074945,-0.70337
213,430,-0.15367,0.074945,-0.70337
213,432.52,-0.15367,0.074945,-0.70337
213,454.5,-0.15367,0.074945,-0.70337
213,477.75,-0.15367,0.074945,-0.70337
213,478.5,-0.15367,0.074945,-0.70337
213,910.17,-0.15367,0.074945,-0.70337
213,936.25,-0.15367,0.074945,-0.70337
213,958,-0.15367,0.074945,-0.70337
213,971.75,-0.15367,0.074945,-0.70337
214,0,-0.19029,0.036238,0.18246
214,571.33,-0.19029,0.036238,0.18246
214,573.5,-0.19029,0.036238,0.18246
214,594.92,-0.19029,0.036238,0.18246
214,618,-0.19029,0.036238,0.18246
214,618.92,-0.19029,0.036238,0.18246
214,1075,-0.19029,0.036238,0.18246
214,1077.5,-0.19029,0.036238,0.18246
214,1099,-0.19029,0.036238,0.18246
214,1113.5,-0.19029,0.036238,0.18246
215,0,0.23185,-0.22955,0.63378
215,432,0.23185,-0.22955,0.63378
215,434.25,0.23185,-0.22955,0.63378
216,0,-0.011259,-0.067082,0.52666
216,456,-0.011259,-0.067082,0.52666
216,458,-0.011259,-0.067082,0.52666
216,480,-0.011259,-0.067082,0.52666
216,503.92,-0.011259,-0.067082,0.52666
216,504,-0.011259,-0.067082,0.52666
216,912,-0.011259,-0.067082,0.52666
216,935.75,-0.011259,-0.067082,0.52666
216,936,-0.011259,-0.067082,0.52666
216,960,-0.011259,-0.067082,0.52666
216,973.5,-0.011259,-0.067082,0.52666
217,0,-0.16467,0.094731,-0.77422
217,407.83,-0.16467,0.094731,-0.77422
217,410.33,-0.16467,0.094731,-0.77422
217,431.83,-0.16467,0.094731,-0.77422
217,455.23,-0.16467,0.094731,-0.77422
217,455.83,-0.16467,0.094731,-0.77422
217,911.83,-0.16467,0.094731,-0.77422
217,935.63,-0.16467,0.094731,-0.77422
217,935.83,-0.16467,0.094731,-0.77422
217,959.83,-0.16467,0.094731,-0.77422
217,973.55,-0.16467,0.094731,-0.77422
218,0,0.052839,0.015166,-0.58308
218,456,0.052839,0.015166,-0.58308
218,458.5,0.052839,0.015166,-0.58308
218,480,0.052839,0.015166,-0.58308
218,503.43,0.052839,0.015166,-0.58308
218,504,0.052839,0.015166,-0.58308
218,913,0.052839,0.015166,-0.58308
218,935.83,0.052839,0.015166,-0.58308
218,937,0.052839,0.015166,-0.58308
218,960,0.052839,0.015166,-0.58308
218,973.83,0.052839,0.015166,-0.58308
219,0,6.8774e-06,0.043974,0.36993
219,336.17,6.8774e-06,0.043974,0.36993
219,361,6.8774e-06,0.043974,0.36993
219,383.2,6.8774e-06,0.043974,0.36993
219,405.83,6.8774e-06,0.043974,0.36993
219,407.2,6.8774e-06,0.043974,0.36993
219,839.5,6.8774e-06,0.043974,0.36993
219,862.42,6.8774e-06,0.043974,0.36993
219,863.5,6.8774e-06,0.043974,0.36993
219,886.5,6.8774e-06,0.043974,0.36993
219,901.1,6.8774e-06,0.043974,0.36993
219,1224.2,6.8774e-06,0.043974,0.36993
220,0,-0.065004,-0.030999,-0.62157
220,431.5,-0.065004,-0.030999,-0.62157
220,457,-0.065004,-0.030999,-0.62157
220,478.5,-0.065004,-0.030999,-0.62157
220,501.95,-0.065004,-0.030999,-0.62157
220,502.5,-0.065004,-0.030999,-0.62157
220,935.5,-0.065004,-0.030999,-0.62157
220,958.4,-0.065004,-0.030999,-0.62157
220,959.5,-0.065004,-0.030999,-0.62157
220,982.5,-0.065004,-0.030999,-0.62157
220,996.6,-0.065004,-0.030999,-0.62157
221,0,-0.18571,0.047044,0.53937
221,456,-0.18571,0.047044,0.53937
221,458,-0.18571,0.047044,0.53937
221,480,-0.18571,0.047044,0.53937
221,503.5,-0.18571,0.047044,0.53937
221,504,-0.18571,0.047044,0.53937
221,912,-0.18571,0.047044,0.53937
221,935.92,-0.18571,0.047044,0.53937
221,936,-0.18571,0.047044,0.53937
221,960,-0.18571,0.047044,0.53937
221,972.33,-0.18571,0.047044,0.53937
222,0,-0.25352,0.06287,0.044751
222,479.5,-0.25352,0.06287,0.044751
222,482,-0.25352,0.06287,0.044751
222,503.5,-0.25352,0.06287,0.044751
222,526.83,-0.25352,0.06287,0.044751
222,527.5,-0.25352,0.06287,0.044751
222,959.5,-0.25352,0.06287,0.044751
222,983.42,-0.25352,0.06287,0.044751
222,983.5,-0.25352,0.06287,0.044751
222,1007.5,-0.25352,0.06287,0.044751
222,1019.7,-0.25352,0.06287,0.044751
223,0,0.16894,0.0025512,0.093387
223,408,0.16894,0.0025512,0.093387
223,410.5,0.16894,0.0025512,0.093387
223,432,0.16894,0.0025512,0.093387
223,455.25,0.16894,0.0025512,0.093387
223,456,0.16894,0.0025512,0.093387
223,936,0.16894,0.0025512,0.093387
223,959.92,0.16894,0.0025512,0.093387
223,960,0.16894,0.0025512,0.093387
223,984,0.16894,0.0025512,0.093387
223,997.33,0.16894,0.0025512,0.093387
224,0,0.024802,-0.010765,0.040661
224,455,0.024802,-0.010765,0.040661
224,456,0.024802,-0.010765,0.040661
224,458,0.024802,-0.010765,0.040661
224,503,0.024802,-0.010765,0.040661
224,503,0.024802,-0.010765,0.040661
224,960,0.024802,-0.010765,0.040661
224,983.92,0.024802,-0.010765,0.040661
224,984,0.024802,-0.010765,0.040661
224,1008,0.024802,-0.010765,0.040661
224,1019.2,0.024802,-0.010765,0.040661
225,0,0.15852,-0.22403,0.57669
225,456,0.15852,-0.22403,0.57669
225,458.5,0.15852,-0.22403,0.57669
225,480,0.15852,-0.22403,0.57669
225,503.5,0.15852,-0.22403,0.57669
225,504,0.15852,-0.22403,0.57669
225,936,0.15852,-0.22403,0.57669
225,959.92,0.15852,-0.22403,0.57669
225,960,0.15852,-0.22403,0.57669
225,984,0.15852,-0.22403,0.57669
225,996.05,0.15852,-0.22403,0.57669
226,0,0.024287,-0.005452,-0.52695
226,384,0.024287,-0.005452,-0.52695
226,410,0.024287,-0.005452,-0.52695
226,432,0.024287,-0.005452,-0.52695
226,455.42,0.024287,-0.005452,-0.52695
226,456,0.024287,-0.005452,-0.52695
226,887.92,0.024287,-0.005452,-0.52695
226,911.92,0.024287,-0.005452,-0.52695
226,936,0.024287,-0.005452,-0.52695
226,947.42,0.024287,-0.005452,-0.52695
227,0,-0.26847,0.19368,-0.16015
227,479.08,-0.26847,0.19368,-0.16015
227,480.58,-0.26847,0.19368,-0.16015
227,503,-0.26847,0.19368,-0.16015
227,503.08,-0.26847,0.19368,-0.16015
227,959.83,-0.26847,0.19368,-0.16015
227,982.92,-0.26847,0.19368,-0.16015
227,983.83,-0.26847,0.19368,-0.16015
227,1007.1,-0.26847,0.19368,-0.16015
227,1018.3,-0.26847,0.19368,-0.16015
228,0,-0.10491,0.053837,-0.45184
228,479,-0.10491,0.053837,-0.45184
228,481.5,-0.10491,0.053837,-0.45184
228,502.83,-0.10491,0.053837,-0.45184
228,503,-0.10491,0.053837,-0.45184
228,959,-0.10491,0.053837,-0.45184
228,982.83,-0.10491,0.053837,-0.45184
228,983,-0.10491,0.053837,-0.45184
228,1007,-0.10491,0.053837,-0.45184
228,1020.8,-0.10491,0.053837,-0.45184
229,0,-0.033801,0.018961,0.12824
229,480,-0.033801,0.018961,0.12824
229,482.5,-0.033801,0.018961,0.12824
229,503.83,-0.033801,0.018961,0.12824
229,503.83,-0.033801,0.018961,0.12824
229,983.83,-0.033801,0.018961,0.12824
229,984,-0.033801,0.018961,0.12824
229,1008,-0.033801,0.018961,0.12824
229,1020.5,-0.033801,0.018961,0.12824
230,0,-0.1155,0.082251,0.92208
230,472.5,-0.1155,0.082251,0.92208
230,480,-0.1155,0.082251,0.92208
230,503.83,-0.1155,0.082251,0.92208
230,504,-0.1155,0.082251,0.92208
230,960,-0.1155,0.082251,0.92208
230,984.42,-0.1155,0.082251,0.92208
230,1008,-0.1155,0.082251,0.92208
230,1021.5,-0.1155,0.082251,0.92208
231,0,-0.079629,0.014995,-0.72086
231,479.75,-0.079629,0.014995,-0.72086
231,482.25,-0.079629,0.014995,-0.72086
231,503.75,-0.079629,0.014995,-0.72086
231,527.08,-0.079629,0.014995,-0.72086
231,527.75,-0.079629,0.014995,-0.72086
231,959.75,-0.079629,0.014995,-0.72086
231,983.58,-0.079629,0.014995,-0.72086
231,983.75,-0.079629,0.014995,-0.72086
231,1007.8,-0.079629,0.014995,-0.72086
231,1021.6,-0.079629,0.014995,-0.72086
232,0,-0.35264,0.1635,0.31351
232,478.5,-0.35264,0.1635,0.31351
232,481,-0.35264,0.1635,0.31351
232,958.5,-0.35264,0.1635,0.31351
232,982.33,-0.35264,0.1635,0.31351
232,982.5,-0.35264,0.1635,0.31351
232,1006.5,-0.35264,0.1635,0.31351
232,1021.4,-0.35264,0.1635,0.31351
233,0,0.18552,-0.063221,-0.3843
233,479,0.18552,-0.063221,-0.3843
233,481.5,0.18552,-0.063221,-0.3843
233,503,0.18552,-0.063221,-0.3843
233,525.75,0.18552,-0.063221,-0.3843
233,527,0.18552,-0.063221,-0.3843
233,961.5,0.18552,-0.063221,-0.3843
233,982.83,0.18552,-0.063221,-0.3843
233,985.5,0.18552,-0.063221,-0.3843
233,1008,0.18552,-0.063221,-0.3843
233,1020.2,0.18552,-0.063221,-0.3843
234,0,0.022485,-7.5661e-05,0.49856
234,478.67,0.022485,-7.5661e-05,0.49856
234,481.17,0.022485,-7.5661e-05,0.49856
234,502.67,0.022485,-7.5661e-05,0.49856
234,526.5,0.022485,-7.5661e-05,0.49856
234,526.67,0.022485,-7.5661e-05,0.49856
234,959.67,0.022485,-7.5661e-05,0.49856
234,983.67,0.022485,-7.5661e-05,0.49856
234,1006.7,0.022485,-7.5661e-05,0.49856
234,1020,0.022485,-7.5661e-05,0.49856
235,0,-0.064488,-0.068049,-0.032053
235,480,-0.064488,-0.068049,-0.032053
235,482.5,-0.064488,-0.068049,-0.032053
235,504,-0.064488,-0.068049,-0.032053
235,526.67,-0.064488,-0.068049,-0.032053
235,528,-0.064488,-0.068049,-0.032053
235,960,-0.064488,-0.068049,-0.032053
235,984,-0.064488,-0.068049,-0.032053
235,1008,-0.064488,-0.068049,-0.032053
235,1020.2,-0.064488,-0.068049,-0.032053
236,0,0.29253,-0.095354,-0.049682
236,527.25,0.29253,-0.095354,-0.049682
236,529.47,0.29253,-0.095354,-0.049682
236,551.25,0.29253,-0.095354,-0.049682
236,574.42,0.29253,-0.095354,-0.049682
236,575.25,0.29253,-0.095354,-0.049682
236,1031.2,0.29253,-0.095354,-0.049682
236,1031.6,0.29253,-0.095354,-0.049682
236,1055.2,0.29253,-0.095354,-0.049682
236,1067.6,0.29253,-0.095354,-0.049682
237,0,-0.13902,-0.12708,0.96003
237,552,-0.13902,-0.12708,0.96003
237,554.25,-0.13902,-0.12708,0.96003
237,576,-0.13902,-0.12708,0.96003
237,599.28,-0.13902,-0.12708,0.96003
237,600,-0.13902,-0.12708,0.96003
237,1008,-0.13902,-0.12708,0.96003
237,1031.7,-0.13902,-0.12708,0.96003
237,1032,-0.13902,-0.12708,0.96003
237,1056,-0.13902,-0.12708,0.96003
237,1069,-0.13902,-0.12708,0.96003
238,0,0.1201,-0.074018,-0.61973
238,432,0.1201,-0.074018,-0.61973
238,435.33,0.1201,-0.074018,-0.61973
238,456,0.1201,-0.074018,-0.61973
238,479.38,0.1201,-0.074018,-0.61973
238,480,0.1201,-0.074018,-0.61973
238,960,0.1201,-0.074018,-0.61973
238,982.97,0.1201,-0.074018,-0.61973
238,984,0.1201,-0.074018,-0.61973
238,996.92,0.1201,-0.074018,-0.61973
239,0,-0.15498,0.10969,-0.47158
239,502.5,-0.15498,0.10969,-0.47158
239,504.5,-0.15498,0.10969,-0.47158
239,526.5,-0.15498,0.10969,-0.47158
239,549.58,-0.15498,0.10969,-0.47158
239,550.5,-0.15498,0.10969,-0.47158
239,958.5,-0.15498,0.10969,-0.47158
239,982.08,-0.15498,0.10969,-0.47158
240,0,0.0459,0.01404,-0.41164
240,432,0.0459,0.01404,-0.41164
240,434.25,0.0459,0.01404,-0.41164
240,456,0.0459,0.01404,-0.41164
240,479.12,0.0459,0.01404,-0.41164
240,480,0.0459,0.01404,-0.41164
240,912,0.0459,0.01404,-0.41164
240,935.55,0.0459,0.01404,-0.41164
240,936,0.0459,0.01404,-0.41164
240,960,0.0459,0.01404,-0.41164
240,974.05,0.0459,0.01404,-0.41164
241,0,0.14921,-0.069405,-0.34992
241,384,0.14921,-0.069405,-0.34992
241,386.08,0.14921,-0.069405,-0.34992
241,408,0.14921,-0.069405,-0.34992
241,431.25,0.14921,-0.069405,-0.34992
241,432,0.14921,-0.069405,-0.34992
241,864,0.14921,-0.069405,-0.34992
241,880.08,0.14921,-0.069405,-0.34992
241,887.75,0.14921,-0.069405,-0.34992
242,0,0.11428,-0.07696,-0.57827
242,432,0.11428,-0.07696,-0.57827
242,434.17,0.11428,-0.07696,-0.57827
242,456,0.11428,-0.07696,-0.57827
242,479.58,0.11428,-0.07696,-0.57827
242,480,0.11428,-0.07696,-0.57827
242,888,0.11428,-0.07696,-0.57827
242,911.88,0.11428,-0.07696,-0.57827
242,912,0.11428,-0.07696,-0.57827
242,936,0.11428,-0.07696,-0.57827
242,949.42,0.11428,-0.07696,-0.57827
243,0,0.17607,-0.38065,0.17693
243,406.85,0.17607,-0.38065,0.17693
243,408.78,0.17607,-0.38065,0.17693
243,430.92,0.17607,-0.38065,0.17693
243,454.3,0.17607,-0.38065,0.17693
243,454.92,0.17607,-0.38065,0.17693
243,888,0.17607,-0.38065,0.17693
243,910.62,0.17607,-0.38065,0.17693
243,912,0.17607,-0.38065,0.17693
243,934.75,0.17607,-0.38065,0.17693
243,948.83,0.17607,-0.38065,0.17693
244,0,0.0045241,-0.0071698,-0.16459
244,454,0.0045241,-0.0071698,-0.16459
244,480.42,0.0045241,-0.0071698,-0.16459
244,502,0.0045241,-0.0071698,-0.16459
244,525.8,0.0045241,-0.0071698,-0.16459
245,0,-0.0059747,-0.01669,-0.93288
245,48,-0.0059747,-0.01669,-0.93288
245,72,-0.0059747,-0.01669,-0.93288
245,456.75,-0.0059747,-0.01669,-0.93288
245,480.02,-0.0059747,-0.01669,-0.93288
245,503,-0.0059747,-0.01669,-0.93288
245,504.02,-0.0059747,-0.01669,-0.93288
245,576,-0.0059747,-0.01669,-0.93288
245,1032,-0.0059747,-0.01669,-0.93288
245,1055.9,-0.0059747,-0.01669,-0.93288
245,1056,-0.0059747,-0.01669,-0.93288
245,1080.9,-0.0059747,-0.01669,-0.93288
245,1092,-0.0059747,-0.01669,-0.93288
246,0,0.045352,-0.10236,-1.0513
246,48,0.045352,-0.10236,-1.0513
246,432,0.045352,-0.10236,-1.0513
246,434.57,0.045352,-0.10236,-1.0513
246,456,0.045352,-0.10236,-1.0513
246,479.28,0.045352,-0.10236,-1.0513
246,480,0.045352,-0.10236,-1.0513
246,936,0.045352,-0.10236,-1.0513
246,938.42,0.045352,-0.10236,-1.0513
246,960,0.045352,-0.10236,-1.0513
246,972.78,0.045352,-0.10236,-1.0513
247,0,0.31124,-0.2078,0.37909
247,456,0.31124,-0.2078,0.37909
247,457.97,0.31124,-0.2078,0.37909
247,480,0.31124,-0.2078,0.37909
247,502.75,0.31124,-0.2078,0.37909
247,504,0.31124,-0.2078,0.37909
247,936,0.31124,-0.2078,0.37909
247,960,0.31124,-0.2078,0.37909
247,984,0.31124,-0.2078,0.37909
247,999.92,0.31124,-0.2078,0.37909
248,0,0.030203,0.004803,-0.35151
248,430.5,0.030203,0.004803,-0.35151
248,454.37,0.030203,0.004803,-0.35151
248,454.5,0.030203,0.004803,-0.35151
248,478.5,0.030203,0.004803,-0.35151
248,501.67,0.030203,0.004803,-0.35151
248,502.5,0.030203,0.004803,-0.35151
248,934.5,0.030203,0.004803,-0.35151
248,958.42,0.030203,0.004803,-0.35151
248,958.5,0.030203,0.004803,-0.35151
248,996.05,0.030203,0.004803,-0.35151
249,0,0.033474,0.033062,-0.16264
249,432,0.033474,0.033062,-0.16264
249,434.17,0.033474,0.033062,-0.16264
249,456,0.033474,0.033062,-0.16264
249,479.05,0.033474,0.033062,-0.16264
249,480,0.033474,0.033062,-0.16264
249,912,0.033474,0.033062,-0.16264
249,935.75,0.033474,0.033062,-0.16264
249,936,0.033474,0.033062,-0.16264
249,960,0.033474,0.033062,-0.16264
249,973.03,0.033474,0.033062,-0.16264
250,0,-0.095556,0.1153,-0.30703
250,430.75,-0.095556,0.1153,-0.30703
250,433,-0.095556,0.1153,-0.30703
250,454.75,-0.095556,0.1153,-0.30703
250,476.08,-0.095556,0.1153,-0.30703
250,478.75,-0.095556,0.1153,-0.30703
250,935,-0.095556,0.1153,-0.30703
250,958,-0.095556,0.1153,-0.30703
250,959,-0.095556,0.1153,-0.30703
250,982.75,-0.095556,0.1153,-0.30703
250,994.28,-0.095556,0.1153,-0.30703
251,0,-0.21895,0.11602,-0.6887
251,429.67,-0.21895,0.11602,-0.6887
251,431.92,-0.21895,0.11602,-0.6887
251,453.83,-0.21895,0.11602,-0.6887
251,476.07,-0.21895,0.11602,-0.6887
251,477.83,-0.21895,0.11602,-0.6887
251,910.83,-0.21895,0.11602,-0.6887
251,934.67,-0.21895,0.11602,-0.6887
251,969.62,-0.21895,0.11602,-0.6887
252,0,-0.39271,0.16409,0.29623
252,432,-0.39271,0.16409,0.29623
252,434.25,-0.39271,0.16409,0.29623
252,455.83,-0.39271,0.16409,0.29623
252,477.87,-0.39271,0.16409,0.29623
252,479.83,-0.39271,0.16409,0.29623
252,912,-0.39271,0.16409,0.29623
252,936,-0.39271,0.16409,0.29623
252,960,-0.39271,0.16409,0.29623
252,973.2,-0.39271,0.16409,0.29623
253,0,-0.15997,0.0679,0.088559
253,432,-0.15997,0.0679,0.088559
253,434.25,-0.15997,0.0679,0.088559
253,456,-0.15997,0.0679,0.088559
253,477.12,-0.15997,0.0679,0.088559
253,480,-0.15997,0.0679,0.088559
253,936.58,-0.15997,0.0679,0.088559
253,959.83,-0.15997,0.0679,0.088559
253,960.58,-0.15997,0.0679,0.088559
253,984.17,-0.15997,0.0679,0.088559
253,995.45,-0.15997,0.0679,0.088559
254,0,-0.082898,-0.36773,0.37973
254,431.67,-0.082898,-0.36773,0.37973
254,433.9,-0.082898,-0.36773,0.37973
254,476.47,-0.082898,-0.36773,0.37973
254,479.5,-0.082898,-0.36773,0.37973
254,912.92,-0.082898,-0.36773,0.37973
254,935.17,-0.082898,-0.36773,0.37973
254,936.92,-0.082898,-0.36773,0.37973
254,959.67,-0.082898,-0.36773,0.37973
254,971.37,-0.082898,-0.36773,0.37973
255,0,0.22575,-0.14566,0.15072
255,503,0.22575,-0.14566,0.15072
255,505.5,0.22575,-0.14566,0.15072
255,527,0.22575,-0.14566,0.15072
255,551,0.22575,-0.14566,0.15072
255,551.5,0.22575,-0.14566,0.15072
255,887,0.22575,-0.14566,0.15072
256,0,0.12458,-0.13031,-0.57583
256,455.33,0.12458,-0.13031,-0.57583
256,457.5,0.12458,-0.13031,-0.57583
256,479.33,0.12458,-0.13031,-0.57583
256,492.25,0.12458,-0.13031,-0.57583
256,503.33,0.12458,-0.13031,-0.57583
256,958.58,0.12458,-0.13031,-0.57583
256,983.33,0.12458,-0.13031,-0.57583
256,1007.3,0.12458,-0.13031,-0.57583
256,1020.4,0.12458,-0.13031,-0.57583
257,0,0.07431,0.018132,-0.46878
257,501,0.07431,0.018132,-0.46878
257,503,0.07431,0.018132,-0.46878
257,525,0.07431,0.018132,-0.46878
257,547.08,0.07431,0.018132,-0.46878
257,549,0.07431,0.018132,-0.46878
257,1004,0.07431,0.018132,-0.46878
257,1029.1,0.07431,0.018132,-0.46878
257,1053,0.07431,0.018132,-0.46878
257,1066.1,0.07431,0.018132,-0.46878
258,0,-0.11338,0.12515,0.16405
258,431,-0.11338,0.12515,0.16405
258,433,-0.11338,0.12515,0.16405
258,455,-0.11338,0.12515,0.16405
258,478.17,-0.11338,0.12515,0.16405
258,479,-0.11338,0.12515,0.16405
258,935,-0.11338,0.12515,0.16405
258,958.75,-0.11338,0.12515,0.16405
258,959,-0.11338,0.12515,0.16405
258,983,-0.11338,0.12515,0.16405
258,995.33,-0.11338,0.12515,0.16405
259,0,-0.074288,0.06042,-0.33938
259,456,-0.074288,0.06042,-0.33938
259,458,-0.074288,0.06042,-0.33938
259,480,-0.074288,0.06042,-0.33938
259,503.25,-0.074288,0.06042,-0.33938
260,0,-0.32185,0.15138,0.070137
260,455,-0.32185,0.15138,0.070137
260,457,-0.32185,0.15138,0.070137
260,478.33,-0.32185,0.15138,0.070137
260,502.33,-0.32185,0.15138,0.070137
261,0,-0.062687,-0.11138,-0.010848
261,479.75,-0.062687,-0.11138,-0.010848
261,481.75,-0.062687,-0.11138,-0.010848
261,503.75,-0.062687,-0.11138,-0.010848
261,527,-0.062687,-0.11138,-0.010848
261,527.75,-0.062687,-0.11138,-0.010848
261,959.75,-0.062687,-0.11138,-0.010848
261,983.5,-0.062687,-0.11138,-0.010848
261,983.75,-0.062687,-0.11138,-0.010848
261,1007.8,-0.062687,-0.11138,-0.010848
261,1019.9,-0.062687,-0.11138,-0.010848
262,0,-0.22325,0.10334,0.96158
262,406,-0.22325,0.10334,0.96158
262,454,-0.22325,0.10334,0.96158
262,477.17,-0.22325,0.10334,0.96158
262,478,-0.22325,0.10334,0.96158
262,910,-0.22325,0.10334,0.96158
262,934,-0.22325,0.10334,0.96158
262,958,-0.22325,0.10334,0.96158
262,970.75,-0.22325,0.10334,0.96158
263,0,-0.018152,-0.042955,-1.061
263,47.5,-0.018152,-0.042955,-1.061
263,432,-0.018152,-0.042955,-1.061
263,434.65,-0.018152,-0.042955,-1.061
263,456,-0.018152,-0.042955,-1.061
263,479.33,-0.018152,-0.042955,-1.061
263,480,-0.018152,-0.042955,-1.061
263,911.5,-0.018152,-0.042955,-1.061
263,935.58,-0.018152,-0.042955,-1.061
263,961,-0.018152,-0.042955,-1.061
263,974.58,-0.018152,-0.042955,-1.061
264,0,0.20145,-0.04242,0.56878
264,432,0.20145,-0.04242,0.56878
264,434.45,0.20145,-0.04242,0.56878
264,456,0.20145,-0.04242,0.56878
264,479.33,0.20145,-0.04242,0.56878
264,480,0.20145,-0.04242,0.56878
264,912,0.20145,-0.04242,0.56878
264,935.53,0.20145,-0.04242,0.56878
264,936,0.20145,-0.04242,0.56878
264,960,0.20145,-0.04242,0.56878
264,972.67,0.20145,-0.04242,0.56878
265,0,-0.0026999,-0.53695,0.60343
265,456,-0.0026999,-0.53695,0.60343
265,458.5,-0.0026999,-0.53695,0.60343
265,480,-0.0026999,-0.53695,0.60343
265,503.25,-0.0026999,-0.53695,0.60343
265,504,-0.0026999,-0.53695,0.60343
265,936,-0.0026999,-0.53695,0.60343
265,959.67,-0.0026999,-0.53695,0.60343
265,960,-0.0026999,-0.53695,0.60343
265,984,-0.0026999,-0.53695,0.60343
265,996.83,-0.0026999,-0.53695,0.60343
266,0,0.45381,-0.23193,0.81914
266,455,0.45381,-0.23193,0.81914
266,457.25,0.45381,-0.23193,0.81914
266,479,0.45381,-0.23193,0.81914
266,499.25,0.45381,-0.23193,0.81914
266,503,0.45381,-0.23193,0.81914
266,935,0.45381,-0.23193,0.81914
266,958.35,0.45381,-0.23193,0.81914
266,959,0.45381,-0.23193,0.81914
266,983,0.45381,-0.23193,0.81914
266,996.73,0.45381,-0.23193,0.81914
267,0,-0.20151,0.10564,-0.04697
267,456.05,-0.20151,0.10564,-0.04697
267,458.75,-0.20151,0.10564,-0.04697
267,480,-0.20151,0.10564,-0.04697
267,503.25,-0.20151,0.10564,-0.04697
267,504,-0.20151,0.10564,-0.04697
267,960,-0.20151,0.10564,-0.04697
267,983.75,-0.20151,0.10564,-0.04697
267,984,-0.20151,0.10564,-0.04697
267,984.03,-0.20151,0.10564,-0.04697
267,997,-0.20151,0.10564,-0.04697
268,0,-0.033397,0.015067,0.16356
268,454,-0.033397,0.015067,0.16356
268,480.92,-0.033397,0.015067,0.16356
268,501.83,-0.033397,0.015067,0.16356
268,525,-0.033397,0.015067,0.16356
268,525.83,-0.033397,0.015067,0.16356
268,1006.7,-0.033397,0.015067,0.16356
268,1029.5,-0.033397,0.015067,0.16356
268,1030.7,-0.033397,0.015067,0.16356
268,1053.8,-0.033397,0.015067,0.16356
268,1067.2,-0.033397,0.015067,0.16356
269,0,-0.38412,0.21554,-0.4204
269,453,-0.38412,0.21554,-0.4204
269,455.03,-0.38412,0.21554,-0.4204
269,477.05,-0.38412,0.21554,-0.4204
269,500.12,-0.38412,0.21554,-0.4204
269,501.05,-0.38412,0.21554,-0.4204
269,552,-0.38412,0.21554,-0.4204
269,936,-0.38412,0.21554,-0.4204
269,957,-0.38412,0.21554,-0.4204
269,960,-0.38412,0.21554,-0.4204
269,981,-0.38412,0.21554,-0.4204
269,994.83,-0.38412,0.21554,-0.4204
270,0,0.04961,-0.0011036,-0.21064
270,453.25,0.04961,-0.0011036,-0.21064
270,477.75,0.04961,-0.0011036,-0.21064
270,501.33,0.04961,-0.0011036,-0.21064
270,501.75,0.04961,-0.0011036,-0.21064
270,934,0.04961,-0.0011036,-0.21064
270,958,0.04961,-0.0011036,-0.21064
270,982,0.04961,-0.0011036,-0.21064
270,995.33,0.04961,-0.0011036,-0.21064
271,0,-0.22496,0.12467,0.16139
271,455,-0.22496,0.12467,0.16139
271,457,-0.22496,0.12467,0.16139
271,501.67,-0.22496,0.12467,0.16139
271,501.67,-0.22496,0.12467,0.16139
271,935,-0.22496,0.12467,0.16139
271,958.92,-0.22496,0.12467,0.16139
272,0,0.2622,-0.12642,0.074635
272,456,0.2622,-0.12642,0.074635
272,458.92,0.2622,-0.12642,0.074635
272,480,0.2622,-0.12642,0.074635
272,503.57,0.2622,-0.12642,0.074635
272,504,0.2622,-0.12642,0.074635
272,960,0.2622,-0.12642,0.074635
272,962.95,0.2622,-0.12642,0.074635
272,984,0.2622,-0.12642,0.074635
273,0,0.019261,-0.10761,-0.21355
273,456,0.019261,-0.10761,-0.21355
273,458.92,0.019261,-0.10761,-0.21355
273,480,0.019261,-0.10761,-0.21355
273,503.23,0.019261,-0.10761,-0.21355
273,504,0.019261,-0.10761,-0.21355
273,960,0.019261,-0.10761,-0.21355
273,962.17,0.019261,-0.10761,-0.21355
273,984,0.019261,-0.10761,-0.21355
273,997.88,0.019261,-0.10761,-0.21355
274,0,-0.49076,0.14608,-0.17314
274,432,-0.49076,0.14608,-0.17314
274,434.82,-0.49076,0.14608,-0.17314
274,456,-0.49076,0.14608,-0.17314
274,479.6,-0.49076,0.14608,-0.17314
274,480,-0.49076,0.14608,-0.17314
274,912,-0.49076,0.14608,-0.17314
274,914.97,-0.49076,0.14608,-0.17314
274,936,-0.49076,0.14608,-0.17314
274,949.47,-0.49076,0.14608,-0.17314
275,0,0.15866,-0.058501,-0.11565
275,479,0.15866,-0.058501,-0.11565
275,481.67,0.15866,-0.058501,-0.11565
275,503,0.15866,-0.058501,-0.11565
275,526.43,0.15866,-0.058501,-0.11565
275,527,0.15866,-0.058501,-0.11565
275,887,0.15866,-0.058501,-0.11565
275,889.48,0.15866,-0.058501,-0.11565
275,911,0.15866,-0.058501,-0.11565
275,925.37,0.15866,-0.058501,-0.11565
276,0,0.031513,0.006948,-0.035778
276,431.25,0.031513,0.006948,-0.035778
276,433.25,0.031513,0.006948,-0.035778
276,455,0.031513,0.006948,-0.035778
276,477.92,0.031513,0.006948,-0.035778
276,479,0.031513,0.006948,-0.035778
276,937,0.031513,0.006948,-0.035778
276,958.67,0.031513,0.006948,-0.035778
276,961,0.031513,0.006948,-0.035778
276,983,0.031513,0.006948,-0.035778
276,996.5,0.031513,0.006948,-0.035778
277,0,0.055976,-0.094629,0.58751
277,456,0.055976,-0.094629,0.58751
277,458.5,0.055976,-0.094629,0.58751
277,480,0.055976,-0.094629,0.58751
277,503,0.055976,-0.094629,0.58751
277,504,0.055976,-0.094629,0.58751
277,937,0.055976,-0.094629,0.58751
277,959.67,0.055976,-0.094629,0.58751
277,961,0.055976,-0.094629,0.58751
277,972.42,0.055976,-0.094629,0.58751
277,996.42,0.055976,-0.094629,0.58751
278,0,0.016589,0.036211,0.40271
278,311.5,0.016589,0.036211,0.40271
278,323,0.016589,0.036211,0.40271
278,335.5,0.016589,0.036211,0.40271
278,1051.5,0.016589,0.036211,0.40271
278,1488.5,0.016589,0.036211,0.40271
278,1499,0.016589,0.036211,0.40271
278,1512.5,0.016589,0.036211,0.40271
278,1991.5,0.016589,0.036211,0.40271
278,2003,0.016589,0.036211,0.40271
279,0,0.048546,-0.0063213,-0.70717
279,312,0.048546,-0.0063213,-0.70717
279,330.5,0.048546,-0.0063213,-0.70717
279,336,0.048546,-0.0063213,-0.70717
279,1512.5,0.048546,-0.0063213,-0.70717
279,1530,0.048546,-0.0063213,-0.70717
279,1536.5,0.048546,-0.0063213,-0.70717
279,2014.5,0.048546,-0.0063213,-0.70717
279,2036,0.048546,-0.0063213,-0.70717
280,0,0.04849,-0.0060068,-0.56909
280,333.5,0.04849,-0.0060068,-0.56909
280,349.25,0.04849,-0.0060068,-0.56909
280,357.5,0.04849,-0.0060068,-0.56909
280,742.5,0.04849,-0.0060068,-0.56909
280,1270.5,0.04849,-0.0060068,-0.56909
280,1515.5,0.04849,-0.0060068,-0.56909
280,1525.1,0.04849,-0.0060068,-0.56909
280,1539.5,0.04849,-0.0060068,-0.56909
280,2017,0.04849,-0.0060068,-0.56909
280,2033.3,0.04849,-0.0060068,-0.56909
281,0,-0.094518,0.0097836,0.52405
281,301,-0.094518,0.0097836,0.52405
281,332.75,-0.094518,0.0097836,0.52405
282,0,0.00012159,0.00025674,0.0042996
282,314,0.00012159,0.00025674,0.0042996
282,324.33,0.00012159,0.00025674,0.0042996
283,0,0.0054609,-0.021078,4.7005e-06
283,383.5,0.0054609,-0.021078,4.7005e-06
283,393.83,0.0054609,-0.021078,4.7005e-06
283,407.5,0.0054609,-0.021078,4.7005e-06
283,475.5,0.0054609,-0.021078,4.7005e-06
283,739.5,0.0054609,-0.021078,4.7005e-06
283,1027.5,0.0054609,-0.021078,4.7005e-06
283,1051.5,0.0054609,-0.021078,4.7005e-06
283,1512.5,0.0054609,-0.021078,4.7005e-06
283,1513.5,0.0054609,-0.021078,4.7005e-06
284,0,0.0046686,-0.00042152,-0.034662
284,404.5,0.0046686,-0.00042152,-0.034662
284,740.5,0.0046686,-0.00042152,-0.034662
284,1660.5,0.0046686,-0.00042152,-0.034662
284,1694.7,0.0046686,-0.00042152,-0.034662
285,0,-5.5702e-05,-8.5346e-05,-0.00079929
285,408,-5.5702e-05,-8.5346e-05,-0.00079929
285,1440,-5.5702e-05,-8.5346e-05,-0.00079929
285,1516,-5.5702e-05,-8.5346e-05,-0.00079929
285,1527.6,-5.5702e-05,-8.5346e-05,-0.00079929
286,0,-0.19288,0.041232,0.77615
286,310.83,-0.19288,0.041232,0.77615
286,329.58,-0.19288,0.041232,0.77615
287,0,-0.006024,-0.0047227,-0.11415
287,309.5,-0.006024,-0.0047227,-0.11415
287,327.5,-0.006024,-0.0047227,-0.11415
287,333.5,-0.006024,-0.0047227,-0.11415
287,1101,-0.006024,-0.0047227,-0.11415
287,1705,-0.006024,-0.0047227,-0.11415
287,1729,-0.006024,-0.0047227,-0.11415
287,1993,-0.006024,-0.0047227,-0.11415
287,2006.5,-0.006024,-0.0047227,-0.11415
288,0,0.081162,-0.0036666,-0.96468
288,288,0.081162,-0.0036666,-0.96468
288,303.92,0.081162,-0.0036666,-0.96468
288,312,0.081162,-0.0036666,-0.96468
288,1098.8,0.081162,-0.0036666,-0.96468
288,1512,0.081162,-0.0036666,-0.96468
288,1536,0.081162,-0.0036666,-0.96468
288,1976.8,0.081162,-0.0036666,-0.96468
288,2005.8,0.081162,-0.0036666,-0.96468
289,0,0.031187,0.012495,-0.04669
289,290.5,0.031187,0.012495,-0.04669
289,303.17,0.031187,0.012495,-0.04669
289,314.5,0.031187,0.012495,-0.04669
289,1488.5,0.031187,0.012495,-0.04669
289,1502.8,0.031187,0.012495,-0.04669
289,1512.5,0.031187,0.012495,-0.04669
289,1946.2,0.031187,0.012495,-0.04669
289,1959.2,0.031187,0.012495,-0.04669
290,0,0.030099,0.0012803,0.024814
290,337.25,0.030099,0.0012803,0.024814
290,360.25,0.030099,0.0012803,0.024814
290,361.25,0.030099,0.0012803,0.024814
290,1511.8,0.030099,0.0012803,0.024814
290,1532.3,0.030099,0.0012803,0.024814
290,1535.8,0.030099,0.0012803,0.024814
290,1967,0.030099,0.0012803,0.024814
290,1991.7,0.030099,0.0012803,0.024814
291,0,-0.20584,0.035019,0.82549
291,312.75,-0.20584,0.035019,0.82549
291,333.33,-0.20584,0.035019,0.82549
291,336.75,-0.20584,0.035019,0.82549
291,383,-0.20584,0.035019,0.82549
291,766.5,-0.20584,0.035019,0.82549
292,0,-0.15289,0.055324,0.698
292,286.83,-0.15289,0.055324,0.698
292,303.08,-0.15289,0.055324,0.698
292,310.83,-0.15289,0.055324,0.698
292,1510.3,-0.15289,0.055324,0.698
292,1525,-0.15289,0.055324,0.698
292,1534.3,-0.15289,0.055324,0.698
292,2015.1,-0.15289,0.055324,0.698
292,2027.7,-0.15289,0.055324,0.698
293,0,-0.054405,0.0031084,0.14088
293,312,-0.054405,0.0031084,0.14088
293,331.83,-0.054405,0.0031084,0.14088
293,336,-0.054405,0.0031084,0.14088
293,1488,-0.054405,0.0031084,0.14088
293,1505.1,-0.054405,0.0031084,0.14088
293,1512,-0.054405,0.0031084,0.14088
293,1992.5,-0.054405,0.0031084,0.14088
293,2012.3,-0.054405,0.0031084,0.14088
294,0,-0.021209,0.030545,0.36213
294,384.5,-0.021209,0.030545,0.36213
294,399,-0.021209,0.030545,0.36213
294,408.5,-0.021209,0.030545,0.36213
294,791,-0.021209,0.030545,0.36213
294,1994,-0.021209,0.030545,0.36213
294,2013,-0.021209,0.030545,0.36213
295,0,-0.0074386,0.0022357,0.065253
295,310,-0.0074386,0.0022357,0.065253
295,330,-0.0074386,0.0022357,0.065253
296,0,-0.15638,0.02661,0.68981
296,308.5,-0.15638,0.02661,0.68981
296,330.67,-0.15638,0.02661,0.68981
296,332.5,-0.15638,0.02661,0.68981
296,1099,-0.15638,0.02661,0.68981
296,1506.2,-0.15638,0.02661,0.68981
296,1528,-0.15638,0.02661,0.68981
297,0,-0.023963,-0.00039173,0.018283
297,552,-0.023963,-0.00039173,0.018283
297,572.5,-0.023963,-0.00039173,0.018283
297,576,-0.023963,-0.00039173,0.018283
297,1560,-0.023963,-0.00039173,0.018283
297,1579,-0.023963,-0.00039173,0.018283
298,0,0.015641,0.0069807,0.0063874
298,481,0.015641,0.0069807,0.0063874
298,495.75,0.015641,0.0069807,0.0063874
298,505,0.015641,0.0069807,0.0063874
298,1489.5,0.015641,0.0069807,0.0063874
298,1504,0.015641,0.0069807,0.0063874
298,1513.5,0.015641,0.0069807,0.0063874
298,1776.2,0.015641,0.0069807,0.0063874
298,1796,0.015641,0.0069807,0.0063874
299,0,-0.31844,0.083743,0.59195
299,1053,-0.31844,0.083743,0.59195
299,1488,-0.31844,0.083743,0.59195
299,1512,-0.31844,0.083743,0.59195
299,2112,-0.31844,0.083743,0.59195
299,2129.6,-0.31844,0.083743,0.59195
300,0,0.00365,-0.0010727,-0.029705
300,312,0.00365,-0.0010727,-0.029705
300,330.5,0.00365,-0.0010727,-0.029705
300,336,0.00365,-0.0010727,-0.029705
300,647,0.00365,-0.0010727,-0.029705
300,790,0.00365,-0.0010727,-0.029705
301,0,0.0037842,0.037054,0.37543
301,405.5,0.0037842,0.037054,0.37543
301,433,0.0037842,0.037054,0.37543
301,694.5,0.0037842,0.037054,0.37543
301,718.5,0.0037842,0.037054,0.37543
301,1491,0.0037842,0.037054,0.37543
301,1509.5,0.0037842,0.037054,0.37543
301,1515,0.0037842,0.037054,0.37543
301,1994,0.0037842,0.037054,0.37543
301,2013.5,0.0037842,0.037054,0.37543
302,0,-0.049074,0.0074693,0.26004
302,312.5,-0.049074,0.0074693,0.26004
302,336.5,-0.049074,0.0074693,0.26004
302,359,-0.049074,0.0074693,0.26004
302,478,-0.049074,0.0074693,0.26004
303,0,0.022571,-0.027707,0.29273
303,358.25,0.022571,-0.027707,0.29273
303,1438.2,0.022571,-0.027707,0.29273
303,1462.2,0.022571,-0.027707,0.29273
303,1942.2,0.022571,-0.027707,0.29273
303,1965.2,0.022571,-0.027707,0.29273
304,0,-0.157,-0.0076292,0.93655
304,288,-0.157,-0.0076292,0.93655
304,312.5,-0.157,-0.0076292,0.93655
304,1541,-0.157,-0.0076292,0.93655
304,1556.5,-0.157,-0.0076292,0.93655
305,0,-0.015684,0.0033704,0.09993
305,312,-0.015684,0.0033704,0.09993
305,332.5,-0.015684,0.0033704,0.09993
306,0,-0.0025233,-0.018775,-0.58908
306,405.58,-0.0025233,-0.018775,-0.58908
306,693.58,-0.0025233,-0.018775,-0.58908
306,1053.6,-0.0025233,-0.018775,-0.58908
306,1512.1,-0.0025233,-0.018775,-0.58908
306,1525.4,-0.0025233,-0.018775,-0.58908
307,0,0.010157,-0.0040518,-0.10569
307,312,0.010157,-0.0040518,-0.10569
307,329,0.010157,-0.0040518,-0.10569
307,336,0.010157,-0.0040518,-0.10569
307,1104,0.010157,-0.0040518,-0.10569
307,1126,0.010157,-0.0040518,-0.10569
308,0,-0.055337,0.00040357,-0.0037625
308,288.5,-0.055337,0.00040357,-0.0037625
308,307.92,-0.055337,0.00040357,-0.0037625
308,312.5,-0.055337,0.00040357,-0.0037625
308,1464.5,-0.055337,0.00040357,-0.0037625
308,1480,-0.055337,0.00040357,-0.0037625
308,1488.5,-0.055337,0.00040357,-0.0037625
308,1968.5,-0.055337,0.00040357,-0.0037625
308,1983.7,-0.055337,0.00040357,-0.0037625
309,0,-0.036475,0.0082622,0.23641
309,314.5,-0.036475,0.0082622,0.23641
309,328.42,-0.036475,0.0082622,0.23641
309,338.5,-0.036475,0.0082622,0.23641
309,1080.5,-0.036475,0.0082622,0.23641
309,1491.5,-0.036475,0.0082622,0.23641
309,1508.1,-0.036475,0.0082622,0.23641
309,1515.5,-0.036475,0.0082622,0.23641
309,1608.5,-0.036475,0.0082622,0.23641
309,2043.5,-0.036475,0.0082622,0.23641
310,0,0.011079,-0.0080747,-0.30407
310,337.75,0.011079,-0.0080747,-0.30407
310,356.5,0.011079,-0.0080747,-0.30407
310,361.75,0.011079,-0.0080747,-0.30407
310,1488.5,0.011079,-0.0080747,-0.30407
310,1507.2,0.011079,-0.0080747,-0.30407
310,1512.5,0.011079,-0.0080747,-0.30407
310,1993,0.011079,-0.0080747,-0.30407
310,2005.9,0.011079,-0.0080747,-0.30407
311,0,-0.047441,-0.0054297,-0.32225
311,312.17,-0.047441,-0.0054297,-0.32225
311,326.57,-0.047441,-0.0054297,-0.32225
311,336.17,-0.047441,-0.0054297,-0.32225
311,1488.4,-0.047441,-0.0054297,-0.32225
311,1503.2,-0.047441,-0.0054297,-0.32225
311,1512.4,-0.047441,-0.0054297,-0.32225
311,1996.4,-0.047441,-0.0054297,-0.32225
311,2006.1,-0.047441,-0.0054297,-0.32225
312,0,-0.020752,0.014873,0.27623
312,311.25,-0.020752,0.014873,0.27623
312,326.33,-0.020752,0.014873,0.27623
313,0,0.082818,0.0078833,-0.55378
313,311.5,0.082818,0.0078833,-0.55378
313,331.42,0.082818,0.0078833,-0.55378
313,335.5,0.082818,0.0078833,-0.55378
313,1486,0.082818,0.0078833,-0.55378
313,1507.2,0.082818,0.0078833,-0.55378
313,1510,0.082818,0.0078833,-0.55378
313,1581.5,0.082818,0.0078833,-0.55378
313,2062,0.082818,0.0078833,-0.55378
313,2078.6,0.082818,0.0078833,-0.55378
314,0,0.0043934,0.0060908,0.10135
314,287,0.0043934,0.0060908,0.10135
314,311,0.0043934,0.0060908,0.10135
314,1464,0.0043934,0.0060908,0.10135
314,1476.5,0.0043934,0.0060908,0.10135
314,1488,0.0043934,0.0060908,0.10135
314,1969,0.0043934,0.0060908,0.10135
314,1982.6,0.0043934,0.0060908,0.10135
315,0,-0.031901,0.053085,0.69171
315,313,-0.031901,0.053085,0.69171
315,328.5,-0.031901,0.053085,0.69171
315,337,-0.031901,0.053085,0.69171
315,1488.5,-0.031901,0.053085,0.69171
315,1503,-0.031901,0.053085,0.69171
315,1512.5,-0.031901,0.053085,0.69171
315,1993,-0.031901,0.053085,0.69171
315,2006.5,-0.031901,0.053085,0.69171
316,0,0.06092,0.020083,0.20691
316,310.83,0.06092,0.020083,0.20691
316,322.83,0.06092,0.020083,0.20691
316,334.83,0.06092,0.020083,0.20691
316,1463.3,0.06092,0.020083,0.20691
316,1474.8,0.06092,0.020083,0.20691
316,1487.3,0.06092,0.020083,0.20691
316,1991.3,0.06092,0.020083,0.20691
316,2002.8,0.06092,0.020083,0.20691
317,0,-0.0037451,0.0093722,0.12789
317,312,-0.0037451,0.0093722,0.12789
317,327,-0.0037451,0.0093722,0.12789
317,336,-0.0037451,0.0093722,0.12789
317,1488,-0.0037451,0.0093722,0.12789
317,1502,-0.0037451,0.0093722,0.12789
317,1512,-0.0037451,0.0093722,0.12789
317,1992.5,-0.0037451,0.0093722,0.12789
317,2008,-0.0037451,0.0093722,0.12789
318,0,-0.10756,0.023309,0.43281
318,288.5,-0.10756,0.023309,0.43281
318,302.5,-0.10756,0.023309,0.43281
318,312.5,-0.10756,0.023309,0.43281
318,1464,-0.10756,0.023309,0.43281
318,1478.5,-0.10756,0.023309,0.43281
318,1488,-0.10756,0.023309,0.43281
318,1968,-0.10756,0.023309,0.43281
318,1983,-0.10756,0.023309,0.43281
319,0,0.027433,-0.013227,-0.43701
319,312,0.027433,-0.013227,-0.43701
319,326.5,0.027433,-0.013227,-0.43701
319,336,0.027433,-0.013227,-0.43701
319,1487,0.027433,-0.013227,-0.43701
319,1501.5,0.027433,-0.013227,-0.43701
319,1511,0.027433,-0.013227,-0.43701
319,1991,0.027433,-0.013227,-0.43701
319,2005.5,0.027433,-0.013227,-0.43701
320,0,0.0010014,-0.0027332,-0.052649
320,336,0.0010014,-0.0027332,-0.052649
320,348,0.0010014,-0.0027332,-0.052649
320,360,0.0010014,-0.0027332,-0.052649
320,889,0.0010014,-0.0027332,-0.052649
320,1102,0.0010014,-0.0027332,-0.052649
321,0,-0.031053,0.016138,0.27071
321,336.5,-0.031053,0.016138,0.27071
321,348,-0.031053,0.016138,0.27071
321,360.5,-0.031053,0.016138,0.27071
321,1488,-0.031053,0.016138,0.27071
321,1500.5,-0.031053,0.016138,0.27071
321,1512,-0.031053,0.016138,0.27071
321,2016,-0.031053,0.016138,0.27071
321,2027.5,-0.031053,0.016138,0.27071
322,0,-0.0041776,-0.0086047,-0.56381
322,336,-0.0041776,-0.0086047,-0.56381
322,349,-0.0041776,-0.0086047,-0.56381
322,360,-0.0041776,-0.0086047,-0.56381
322,1512,-0.0041776,-0.0086047,-0.56381
322,1525,-0.0041776,-0.0086047,-0.56381
322,1536,-0.0041776,-0.0086047,-0.56381
322,1994.5,-0.0041776,-0.0086047,-0.56381
322,2004.5,-0.0041776,-0.0086047,-0.56381
323,0,-0.0037757,0.01609,0.25606
323,287.5,-0.0037757,0.01609,0.25606
323,300.5,-0.0037757,0.01609,0.25606
323,311.5,-0.0037757,0.01609,0.25606
323,355.5,-0.0037757,0.01609,0.25606
323,1487.5,-0.0037757,0.01609,0.25606
323,1511.5,-0.0037757,0.01609,0.25606
323,1968,-0.0037757,0.01609,0.25606
324,0,0.020551,-0.0017699,0.093838
324,360,0.020551,-0.0017699,0.093838
324,373,0.020551,-0.0017699,0.093838
324,384,0.020551,-0.0017699,0.093838
324,1488,0.020551,-0.0017699,0.093838
324,1502,0.020551,-0.0017699,0.093838
324,1512,0.020551,-0.0017699,0.093838
324,1993,0.020551,-0.0017699,0.093838
324,2004,0.020551,-0.0017699,0.093838
325,0,-0.072079,0.014893,0.44205
325,288,-0.072079,0.014893,0.44205
325,301,-0.072079,0.014893,0.44205
325,312,-0.072079,0.014893,0.44205
325,1488,-0.072079,0.014893,0.44205
325,1503,-0.072079,0.014893,0.44205
325,1512,-0.072079,0.014893,0.44205
325,2016,-0.072079,0.014893,0.44205
325,2030,-0.072079,0.014893,0.44205
326,0,-0.067872,0.03049,0.47554
326,289,-0.067872,0.03049,0.47554
326,303,-0.067872,0.03049,0.47554
326,313,-0.067872,0.03049,0.47554
326,1559.5,-0.067872,0.03049,0.47554
326,1583.5,-0.067872,0.03049,0.47554
326,2039,-0.067872,0.03049,0.47554
327,0,-0.047571,-0.04602,-0.10875
327,314.17,-0.047571,-0.04602,-0.10875
327,325.67,-0.047571,-0.04602,-0.10875
327,338.17,-0.047571,-0.04602,-0.10875
327,1488.7,-0.047571,-0.04602,-0.10875
327,1501.3,-0.047571,-0.04602,-0.10875
327,1512.7,-0.047571,-0.04602,-0.10875
327,1992.7,-0.047571,-0.04602,-0.10875
327,2004.9,-0.047571,-0.04602,-0.10875
328,0,-0.1532,0.041862,0.70799
328,288.5,-0.1532,0.041862,0.70799
328,301.17,-0.1532,0.041862,0.70799
328,312.5,-0.1532,0.041862,0.70799
328,692.5,-0.1532,0.041862,0.70799
328,1465,-0.1532,0.041862,0.70799
328,1478.8,-0.1532,0.041862,0.70799
328,1489,-0.1532,0.041862,0.70799
328,1970,-0.1532,0.041862,0.70799
328,1982.1,-0.1532,0.041862,0.70799
329,0,0.0067857,-0.0084756,-0.30657
329,291,0.0067857,-0.0084756,-0.30657
329,300,0.0067857,-0.0084756,-0.30657
329,1463.8,0.0067857,-0.0084756,-0.30657
329,1475.2,0.0067857,-0.0084756,-0.30657
329,1487.8,0.0067857,-0.0084756,-0.30657
329,1968.5,0.0067857,-0.0084756,-0.30657
329,1979.8,0.0067857,-0.0084756,-0.30657
330,0,-0.01499,-0.0059774,0.06697
330,361,-0.01499,-0.0059774,0.06697
330,371.5,-0.01499,-0.0059774,0.06697
330,385,-0.01499,-0.0059774,0.06697
330,1561,-0.01499,-0.0059774,0.06697
330,1572.2,-0.01499,-0.0059774,0.06697
330,1585,-0.01499,-0.0059774,0.06697
330,2137,-0.01499,-0.0059774,0.06697
330,2146.6,-0.01499,-0.0059774,0.06697
331,0,-0.022453,0.0085544,0.055857
331,336,-0.022453,0.0085544,0.055857
331,348.75,-0.022453,0.0085544,0.055857
331,360,-0.022453,0.0085544,0.055857
331,719.83,-0.022453,0.0085544,0.055857
331,733,-0.022453,0.0085544,0.055857
332,0,-0.023612,0.012529,0.10637
332,315.5,-0.023612,0.012529,0.10637
332,326.75,-0.023612,0.012529,0.10637
332,339.5,-0.023612,0.012529,0.10637
332,1491,-0.023612,0.012529,0.10637
332,1502.7,-0.023612,0.012529,0.10637
332,1515,-0.023612,0.012529,0.10637
332,1995.5,-0.023612,0.012529,0.10637
332,2007.3,-0.023612,0.012529,0.10637
333,0,0.066402,0.041817,0.26997
333,312,0.066402,0.041817,0.26997
333,323.25,0.066402,0.041817,0.26997
333,336,0.066402,0.041817,0.26997
333,356,0.066402,0.041817,0.26997
333,380,0.066402,0.041817,0.26997
333,692,0.066402,0.041817,0.26997
333,716,0.066402,0.041817,0.26997
333,1466,0.066402,0.041817,0.26997
333,1498.9,0.066402,0.041817,0.26997
334,0,0.018983,-0.017357,-0.1432
334,312.33,0.018983,-0.017357,-0.1432
334,326.42,0.018983,-0.017357,-0.1432
334,336.33,0.018983,-0.017357,-0.1432
334,1993.3,0.018983,-0.017357,-0.1432
334,2005.8,0.018983,-0.017357,-0.1432
335,0,0.015206,0.0022876,0.041827
335,312,0.015206,0.0022876,0.041827
335,322.83,0.015206,0.0022876,0.041827
335,336,0.015206,0.0022876,0.041827
335,403,0.015206,0.0022876,0.041827
335,739,0.015206,0.0022876,0.041827
335,1099,0.015206,0.0022876,0.041827
335,1489,0.015206,0.0022876,0.041827
335,1513,0.015206,0.0022876,0.041827
335,1521,0.015206,0.0022876,0.041827
335,1627,0.015206,0.0022876,0.041827
335,1969,0.015206,0.0022876,0.041827
336,0,0.025599,0.023356,0.2971
336,311.5,0.025599,0.023356,0.2971
336,323.93,0.025599,0.023356,0.2971
336,335.5,0.025599,0.023356,0.2971
336,1487.7,0.025599,0.023356,0.2971
336,1499,0.025599,0.023356,0.2971
336,1511.7,0.025599,0.023356,0.2971
336,1991.7,0.025599,0.023356,0.2971
336,2003.6,0.025599,0.023356,0.2971
337,0,0.0084454,0.0065767,0.186
337,313,0.0084454,0.0065767,0.186
337,324.95,0.0084454,0.0065767,0.186
337,337,0.0084454,0.0065767,0.186
337,1488,0.0084454,0.0065767,0.186
337,1500.7,0.0084454,0.0065767,0.186
337,1512,0.0084454,0.0065767,0.186
337,1581,0.0084454,0.0065767,0.186
337,1993,0.0084454,0.0065767,0.186
337,2004.2,0.0084454,0.0065767,0.186
338,0,-0.0042402,-4.0198e-05,-0.21151
338,291.25,-0.0042402,-4.0198e-05,-0.21151
338,304.73,-0.0042402,-4.0198e-05,-0.21151
338,315.25,-0.0042402,-4.0198e-05,-0.21151
338,384,-0.0042402,-4.0198e-05,-0.21151
338,744,-0.0042402,-4.0198e-05,-0.21151
338,1104,-0.0042402,-4.0198e-05,-0.21151
338,1491,-0.0042402,-4.0198e-05,-0.21151
338,1515,-0.0042402,-4.0198e-05,-0.21151
338,1560,-0.0042402,-4.0198e-05,-0.21151
338,1972.3,-0.0042402,-4.0198e-05,-0.21151
338,1984.1,-0.0042402,-4.0198e-05,-0.21151
339,0,0.0083381,-0.0056622,-0.1673
339,288,0.0083381,-0.0056622,-0.1673
339,312,0.0083381,-0.0056622,-0.1673
339,1463.5,0.0083381,-0.0056622,-0.1673
339,1487.5,0.0083381,-0.0056622,-0.1673
339,1991.5,0.0083381,-0.0056622,-0.1673
339,2005,0.0083381,-0.0056622,-0.1673
340,0,-0.043893,0.013664,-0.070509
340,312,-0.043893,0.013664,-0.070509
340,327.2,-0.043893,0.013664,-0.070509
340,336,-0.043893,0.013664,-0.070509
340,1487.6,-0.043893,0.013664,-0.070509
340,1503.3,-0.043893,0.013664,-0.070509
340,1511.6,-0.043893,0.013664,-0.070509
340,2063.9,-0.043893,0.013664,-0.070509
340,2078.6,-0.043893,0.013664,-0.070509
341,0,0.0069656,0.0094634,0.14437
341,317.5,0.0069656,0.0094634,0.14437
341,327.27,0.0069656,0.0094634,0.14437
342,0,-0.11188,0.096464,0.78607
342,311.67,-0.11188,0.096464,0.78607
342,324.9,-0.11188,0.096464,0.78607
342,335.67,-0.11188,0.096464,0.78607
342,1220.2,-0.11188,0.096464,0.78607
342,1776.7,-0.11188,0.096464,0.78607
342,1920.7,-0.11188,0.096464,0.78607
342,1967.9,-0.11188,0.096464,0.78607
342,1979.9,-0.11188,0.096464,0.78607
343,0,0.041891,-0.0081927,-0.50531
343,311.5,0.041891,-0.0081927,-0.50531
343,323,0.041891,-0.0081927,-0.50531
343,335.5,0.041891,-0.0081927,-0.50531
343,427.5,0.041891,-0.0081927,-0.50531
343,1463.5,0.041891,-0.0081927,-0.50531
343,1475,0.041891,-0.0081927,-0.50531
343,1487.5,0.041891,-0.0081927,-0.50531
343,1992,0.041891,-0.0081927,-0.50531
343,2003.2,0.041891,-0.0081927,-0.50531
344,0,0.013248,0.026839,0.44036
344,312.33,0.013248,0.026839,0.44036
344,323.33,0.013248,0.026839,0.44036
344,336.33,0.013248,0.026839,0.44036
344,1486.8,0.013248,0.026839,0.44036
344,1498.3,0.013248,0.026839,0.44036
345,0,0.00020706,-0.0043497,-0.08281
345,336.5,0.00020706,-0.0043497,-0.08281
345,348,0.00020706,-0.0043497,-0.08281
346,0,-0.13292,-0.0034763,0.34197
346,310.5,-0.13292,-0.0034763,0.34197
346,321.75,-0.13292,-0.0034763,0.34197
346,334.5,-0.13292,-0.0034763,0.34197
346,1439,-0.13292,-0.0034763,0.34197
346,1454.8,-0.13292,-0.0034763,0.34197
346,1463,-0.13292,-0.0034763,0.34197
346,1919.2,-0.13292,-0.0034763,0.34197
346,1930,-0.13292,-0.0034763,0.34197
347,0,-0.018285,-0.007494,-0.14861
347,287.5,-0.018285,-0.007494,-0.14861
347,296.25,-0.018285,-0.007494,-0.14861
347,311.5,-0.018285,-0.007494,-0.14861
347,1463.2,-0.018285,-0.007494,-0.14861
347,1472.5,-0.018285,-0.007494,-0.14861
347,1487.2,-0.018285,-0.007494,-0.14861
347,1966.5,-0.018285,-0.007494,-0.14861
347,1976.5,-0.018285,-0.007494,-0.14861
348,0,0.080106,0.020112,0.20663
348,310.83,0.080106,0.020112,0.20663
348,320.25,0.080106,0.020112,0.20663
348,334.83,0.080106,0.020112,0.20663
348,1487,0.080106,0.020112,0.20663
348,1496.2,0.080106,0.020112,0.20663
348,1511,0.080106,0.020112,0.20663
348,2087.2,0.080106,0.020112,0.20663
348,2096.5,0.080106,0.020112,0.20663
349,0,-0.019973,-0.018179,-0.53847
349,407,-0.019973,-0.018179,-0.53847
349,420.33,-0.019973,-0.018179,-0.53847
349,431,-0.019973,-0.018179,-0.53847
349,1417,-0.019973,-0.018179,-0.53847
349,1441,-0.019973,-0.018179,-0.53847
349,1945,-0.019973,-0.018179,-0.53847
350,0,-0.015718,-0.018629,-0.47786
350,457.5,-0.015718,-0.018629,-0.47786
350,468.5,-0.015718,-0.018629,-0.47786
350,481.5,-0.015718,-0.018629,-0.47786
350,1416.5,-0.015718,-0.018629,-0.47786
350,1440.5,-0.015718,-0.018629,-0.47786
350,1944.5,-0.015718,-0.018629,-0.47786
351,0,0.004946,-0.0035219,-0.084387
351,287.75,0.004946,-0.0035219,-0.084387
351,300.5,0.004946,-0.0035219,-0.084387
351,311.75,0.004946,-0.0035219,-0.084387
351,1077.5,0.004946,-0.0035219,-0.084387
351,1487.5,0.004946,-0.0035219,-0.084387
351,1500,0.004946,-0.0035219,-0.084387
351,1511.5,0.004946,-0.0035219,-0.084387
351,1629.5,0.004946,-0.0035219,-0.084387
351,2039.5,0.004946,-0.0035219,-0.084387
352,0,-0.00012434,0.026795,0.38176
352,315.5,-0.00012434,0.026795,0.38176
352,334.5,-0.00012434,0.026795,0.38176
352,339.5,-0.00012434,0.026795,0.38176
352,1128,-0.00012434,0.026795,0.38176
352,1540.2,-0.00012434,0.026795,0.38176
352,1552.5,-0.00012434,0.026795,0.38176
352,1564.2,-0.00012434,0.026795,0.38176
352,2042.5,-0.00012434,0.026795,0.38176
352,2056.5,-0.00012434,0.026795,0.38176
353,0,0.0084305,-0.0018312,-0.064939
353,1053.8,0.0084305,-0.0018312,-0.064939
353,1489.2,0.0084305,-0.0018312,-0.064939
353,1507.9,0.0084305,-0.0018312,-0.064939
353,1513.2,0.0084305,-0.0018312,-0.064939
353,1994,0.0084305,-0.0018312,-0.064939
353,2006.5,0.0084305,-0.0018312,-0.064939
354,0,0.031193,-0.0125,-0.59555
354,287.67,0.031193,-0.0125,-0.59555
354,310.67,0.031193,-0.0125,-0.59555
354,311.67,0.031193,-0.0125,-0.59555
354,1463.5,0.031193,-0.0125,-0.59555
354,1486.1,0.031193,-0.0125,-0.59555
355,0,0.072231,0.0069487,-0.1103
355,294,0.072231,0.0069487,-0.1103
355,326.5,0.072231,0.0069487,-0.1103
355,1512.2,0.072231,0.0069487,-0.1103
355,1526,0.072231,0.0069487,-0.1103
355,1536.2,0.072231,0.0069487,-0.1103
355,2017.2,0.072231,0.0069487,-0.1103
355,2031,0.072231,0.0069487,-0.1103
356,0,0.027692,-0.051767,0.54144
356,311.75,0.027692,-0.051767,0.54144
356,333.75,0.027692,-0.051767,0.54144
356,335.75,0.027692,-0.051767,0.54144
356,717.5,0.027692,-0.051767,0.54144
356,741.5,0.027692,-0.051767,0.54144
356,1053.5,0.027692,-0.051767,0.54144
356,1077.5,0.027692,-0.051767,0.54144
356,1512,0.027692,-0.051767,0.54144
356,1557.3,0.027692,-0.051767,0.54144
356,1560,0.027692,-0.051767,0.54144
356,1992.5,0.027692,-0.051767,0.54144
356,2013.2,0.027692,-0.051767,0.54144
357,0,-0.020507,-0.030614,-0.63803
357,312,-0.020507,-0.030614,-0.63803
357,327,-0.020507,-0.030614,-0.63803
357,336,-0.020507,-0.030614,-0.63803
357,380.5,-0.020507,-0.030614,-0.63803
357,1584.5,-0.020507,-0.030614,-0.63803
357,1604.2,-0.020507,-0.030614,-0.63803
358,0,-0.050778,-0.013517,-0.18661
358,312.25,-0.050778,-0.013517,-0.18661
358,331.58,-0.050778,-0.013517,-0.18661
358,336.25,-0.050778,-0.013517,-0.18661
358,1052,-0.050778,-0.013517,-0.18661
358,1487.5,-0.050778,-0.013517,-0.18661
358,1499.8,-0.050778,-0.013517,-0.18661
358,1511.5,-0.050778,-0.013517,-0.18661
358,1920.5,-0.050778,-0.013517,-0.18661
358,1930.5,-0.050778,-0.013517,-0.18661
359,0,-0.013175,-0.017236,-0.16731
359,312,-0.013175,-0.017236,-0.16731
359,325,-0.013175,-0.017236,-0.16731
359,336,-0.013175,-0.017236,-0.16731
359,382,-0.013175,-0.017236,-0.16731
359,1511.5,-0.013175,-0.017236,-0.16731
359,1525.7,-0.013175,-0.017236,-0.16731
360,0,0.0073984,-0.013994,-0.78334
360,1631.8,0.0073984,-0.013994,-0.78334
360,1644.9,0.0073984,-0.013994,-0.78334
360,1655.8,0.0073984,-0.013994,-0.78334
360,2136.2,0.0073984,-0.013994,-0.78334
360,2149,0.0073984,-0.013994,-0.78334
361,0,-0.1321,0.019953,0.6565
361,312,-0.1321,0.019953,0.6565
361,325.33,-0.1321,0.019953,0.6565
361,336,-0.1321,0.019953,0.6565
361,718,-0.1321,0.019953,0.6565
361,1655.5,-0.1321,0.019953,0.6565
361,1670.3,-0.1321,0.019953,0.6565
361,1679.5,-0.1321,0.019953,0.6565
361,1726,-0.1321,0.019953,0.6565
361,2376,-0.1321,0.019953,0.6565
361,2390.5,-0.1321,0.019953,0.6565
362,0,-0.12856,0.030792,0.60811
362,458.17,-0.12856,0.030792,0.60811
362,470.83,-0.12856,0.030792,0.60811
362,482.17,-0.12856,0.030792,0.60811
362,526,-0.12856,0.030792,0.60811
362,862,-0.12856,0.030792,0.60811
362,1222,-0.12856,0.030792,0.60811
362,1632,-0.12856,0.030792,0.60811
362,1646,-0.12856,0.030792,0.60811
362,1656,-0.12856,0.030792,0.60811
362,2112,-0.12856,0.030792,0.60811
362,2125.5,-0.12856,0.030792,0.60811
363,0,0.2584,0.031962,-0.13057
363,1405.8,0.2584,0.031962,-0.13057
363,1429.8,0.2584,0.031962,-0.13057
363,1824,0.2584,0.031962,-0.13057
363,1837.4,0.2584,0.031962,-0.13057
364,0,-0.011256,0.0070151,0.15481
364,1345,-0.011256,0.0070151,0.15481
364,1358.2,-0.011256,0.0070151,0.15481
365,0,0.016831,0.026215,0.52423
365,312.5,0.016831,0.026215,0.52423
365,323.5,0.016831,0.026215,0.52423
365,336.5,0.016831,0.026215,0.52423
365,1487.5,0.016831,0.026215,0.52423
365,1499.3,0.016831,0.026215,0.52423
365,1511.5,0.016831,0.026215,0.52423
365,1991.2,0.016831,0.026215,0.52423
365,2003.5,0.016831,0.026215,0.52423
366,0,-0.043821,-0.027086,-1.0714
366,291,-0.043821,-0.027086,-1.0714
366,302,-0.043821,-0.027086,-1.0714
366,315,-0.043821,-0.027086,-1.0714
366,1467,-0.043821,-0.027086,-1.0714
366,1478.1,-0.043821,-0.027086,-1.0714
366,1491,-0.043821,-0.027086,-1.0714
366,1970.5,-0.043821,-0.027086,-1.0714
366,1982,-0.043821,-0.027086,-1.0714
367,0,-0.081445,-0.022721,-0.10331
367,287,-0.081445,-0.022721,-0.10331
367,311,-0.081445,-0.022721,-0.10331
367,1512,-0.081445,-0.022721,-0.10331
367,1521,-0.081445,-0.022721,-0.10331
368,0,-0.07064,-0.023685,-0.80833
368,292.5,-0.07064,-0.023685,-0.80833
368,316.5,-0.07064,-0.023685,-0.80833
368,325.25,-0.07064,-0.023685,-0.80833
368,718.5,-0.07064,-0.023685,-0.80833
368,982.5,-0.07064,-0.023685,-0.80833
368,1006.5,-0.07064,-0.023685,-0.80833
368,1491.5,-0.07064,-0.023685,-0.80833
368,1501,-0.07064,-0.023685,-0.80833
368,1515.5,-0.07064,-0.023685,-0.80833
368,1995,-0.07064,-0.023685,-0.80833
368,2005.2,-0.07064,-0.023685,-0.80833
369,0,-0.0038373,0.018386,0.29303
369,335.5,-0.0038373,0.018386,0.29303
369,348.33,-0.0038373,0.018386,0.29303
369,359.5,-0.0038373,0.018386,0.29303
369,2015.5,-0.0038373,0.018386,0.29303
369,2027.4,-0.0038373,0.018386,0.29303
370,0,0.013918,0.010641,0.17177
370,313.17,0.013918,0.010641,0.17177
370,322.42,0.013918,0.010641,0.17177
370,337.17,0.013918,0.010641,0.17177
370,715.42,0.013918,0.010641,0.17177
370,1051.4,0.013918,0.010641,0.17177
370,1490.5,0.013918,0.010641,0.17177
370,1499.2,0.013918,0.010641,0.17177
370,1559.9,0.013918,0.010641,0.17177
371,0,-0.015235,-0.0031704,0.0020974
371,362.5,-0.015235,-0.0031704,0.0020974
371,372.33,-0.015235,-0.0031704,0.0020974
371,386.5,-0.015235,-0.0031704,0.0020974
371,742,-0.015235,-0.0031704,0.0020974
371,1174,-0.015235,-0.0031704,0.0020974
371,1681.5,-0.015235,-0.0031704,0.0020974
371,1692.5,-0.015235,-0.0031704,0.0020974
372,0,-0.10034,0.062746,0.69834
372,288.5,-0.10034,0.062746,0.69834
372,300.17,-0.10034,0.062746,0.69834
372,312.5,-0.10034,0.062746,0.69834
372,1945.1,-0.10034,0.062746,0.69834
372,1956.4,-0.10034,0.062746,0.69834
373,0,-0.00050861,0.005033,0.08879
373,408.25,-0.00050861,0.005033,0.08879
373,419,-0.00050861,0.005033,0.08879
373,432.25,-0.00050861,0.005033,0.08879
373,983.75,-0.00050861,0.005033,0.08879
374,0,0.017289,-0.0055021,-0.36696
374,312.5,0.017289,-0.0055021,-0.36696
374,324.33,0.017289,-0.0055021,-0.36696
374,336.5,0.017289,-0.0055021,-0.36696
374,381,0.017289,-0.0055021,-0.36696
374,1439.5,0.017289,-0.0055021,-0.36696
374,1451.4,0.017289,-0.0055021,-0.36696
374,1463.5,0.017289,-0.0055021,-0.36696
374,1509,0.017289,-0.0055021,-0.36696
374,1991.5,0.017289,-0.0055021,-0.36696
374,2003.2,0.017289,-0.0055021,-0.36696
375,0,-0.0043007,0.083693,0.80068
375,312.5,-0.0043007,0.083693,0.80068
375,328,-0.0043007,0.083693,0.80068
375,336.5,-0.0043007,0.083693,0.80068
375,1443.5,-0.0043007,0.083693,0.80068
375,1454,-0.0043007,0.083693,0.80068
375,1467.5,-0.0043007,0.083693,0.80068
375,1945.3,-0.0043007,0.083693,0.80068
375,1958.3,-0.0043007,0.083693,0.80068
376,0,-0.14607,0.047235,0.69975
376,312.25,-0.14607,0.047235,0.69975
376,326.75,-0.14607,0.047235,0.69975
376,336.25,-0.14607,0.047235,0.69975
376,694,-0.14607,0.047235,0.69975
376,1487,-0.14607,0.047235,0.69975
376,1501.2,-0.14607,0.047235,0.69975
376,1511,-0.14607,0.047235,0.69975
376,1992,-0.14607,0.047235,0.69975
376,2004.8,-0.14607,0.047235,0.69975
377,0,-0.040941,0.021358,0.39537
377,314,-0.040941,0.021358,0.39537
377,327.5,-0.040941,0.021358,0.39537
377,338,-0.040941,0.021358,0.39537
377,720.5,-0.040941,0.021358,0.39537
377,1586,-0.040941,0.021358,0.39537
377,1599.7,-0.040941,0.021358,0.39537
377,1610,-0.040941,0.021358,0.39537
377,1656.5,-0.040941,0.021358,0.39537
377,2090,-0.040941,0.021358,0.39537
377,2103.5,-0.040941,0.021358,0.39537
378,0,0.21403,0.030689,-0.093247
378,264,0.21403,0.030689,-0.093247
378,306,0.21403,0.030689,-0.093247
378,312,0.21403,0.030689,-0.093247
378,1630.5,0.21403,0.030689,-0.093247
378,2041.5,0.21403,0.030689,-0.093247
378,2054,0.21403,0.030689,-0.093247
379,0,-0.10913,-0.046293,-0.75126
379,312.5,-0.10913,-0.046293,-0.75126
379,322.5,-0.10913,-0.046293,-0.75126
379,336.5,-0.10913,-0.046293,-0.75126
379,2016,-0.10913,-0.046293,-0.75126
379,2026.7,-0.10913,-0.046293,-0.75126
380,0,-0.11,0.018899,0.5485
380,1467,-0.11,0.018899,0.5485
380,1488.2,-0.11,0.018899,0.5485
380,1491,-0.11,0.018899,0.5485
380,1995.5,-0.11,0.018899,0.5485
381,0,0.019458,0.0070775,0.27535
381,337,0.019458,0.0070775,0.27535
381,347.58,0.019458,0.0070775,0.27535
381,361,0.019458,0.0070775,0.27535
381,1489,0.019458,0.0070775,0.27535
381,1500.2,0.019458,0.0070775,0.27535
381,1513,0.019458,0.0070775,0.27535
381,1896,0.019458,0.0070775,0.27535
381,1908.4,0.019458,0.0070775,0.27535
382,0,-0.046463,0.041379,0.61654
382,216,-0.046463,0.041379,0.61654
382,229,-0.046463,0.041379,0.61654
382,240,-0.046463,0.041379,0.61654
382,1391.5,-0.046463,0.041379,0.61654
382,1404.8,-0.046463,0.041379,0.61654
382,1415.5,-0.046463,0.041379,0.61654
382,1437.5,-0.046463,0.041379,0.61654
382,1871.5,-0.046463,0.041379,0.61654
382,1883.8,-0.046463,0.041379,0.61654
383,0,-0.075762,0.028851,0.38845
383,265,-0.075762,0.028851,0.38845
383,277,-0.075762,0.028851,0.38845
383,289,-0.075762,0.028851,0.38845
383,1053.5,-0.075762,0.028851,0.38845
383,1077.5,-0.075762,0.028851,0.38845
383,1318.5,-0.075762,0.028851,0.38845
383,1332.3,-0.075762,0.028851,0.38845
383,1342.5,-0.075762,0.028851,0.38845
383,1437.5,-0.075762,0.028851,0.38845
383,1992,-0.075762,0.028851,0.38845
383,2004.8,-0.075762,0.028851,0.38845
384,0,-0.080399,-0.018341,-0.41207
384,337.5,-0.080399,-0.018341,-0.41207
384,354.25,-0.080399,-0.018341,-0.41207
384,361.5,-0.080399,-0.018341,-0.41207
384,1078,-0.080399,-0.018341,-0.41207
384,1466.5,-0.080399,-0.018341,-0.41207
384,1476,-0.080399,-0.018341,-0.41207
384,1490.5,-0.080399,-0.018341,-0.41207
384,1534,-0.080399,-0.018341,-0.41207
384,1993,-0.080399,-0.018341,-0.41207
384,2004.1,-0.080399,-0.018341,-0.41207
385,0,-0.072202,0.054947,0.66695
385,1562,-0.072202,0.054947,0.66695
385,1572.5,-0.072202,0.054947,0.66695
385,1586,-0.072202,0.054947,0.66695
385,1849.5,-0.072202,0.054947,0.66695
385,1860.5,-0.072202,0.054947,0.66695
386,0,-0.034877,0.019855,0.34325
386,1535.2,-0.034877,0.019855,0.34325
386,1548.1,-0.034877,0.019855,0.34325
386,1559.2,-0.034877,0.019855,0.34325
386,2015.8,-0.034877,0.019855,0.34325
386,2028.1,-0.034877,0.019855,0.34325
387,0,0.13381,0.079914,0.57232
387,313,0.13381,0.079914,0.57232
387,323.33,0.13381,0.079914,0.57232
387,337,0.13381,0.079914,0.57232
387,1490,0.13381,0.079914,0.57232
387,1499.2,0.13381,0.079914,0.57232
387,1514,0.13381,0.079914,0.57232
387,1979,0.13381,0.079914,0.57232
387,2003,0.13381,0.079914,0.57232
388,0,-0.080998,0.077197,0.76589
388,312.5,-0.080998,0.077197,0.76589
388,323.5,-0.080998,0.077197,0.76589
388,336.5,-0.080998,0.077197,0.76589
388,381.5,-0.080998,0.077197,0.76589
388,1487.5,-0.080998,0.077197,0.76589
388,1499.7,-0.080998,0.077197,0.76589
389,0,0.0119,0.019449,0.28697
389,336.5,0.0119,0.019449,0.28697
389,345.75,0.0119,0.019449,0.28697
389,360.5,0.0119,0.019449,0.28697
389,379.5,0.0119,0.019449,0.28697
389,739.5,0.0119,0.019449,0.28697
389,1464.5,0.0119,0.019449,0.28697
389,1473.5,0.0119,0.019449,0.28697
390,0,0.0032071,-0.01451,-0.25084
390,312,0.0032071,-0.01451,-0.25084
390,325,0.0032071,-0.01451,-0.25084
390,336,0.0032071,-0.01451,-0.25084
390,383,0.0032071,-0.01451,-0.25084
390,1055,0.0032071,-0.01451,-0.25084
390,1513,0.0032071,-0.01451,-0.25084
390,1526,0.0032071,-0.01451,-0.25084
390,1537,0.0032071,-0.01451,-0.25084
390,1993,0.0032071,-0.01451,-0.25084
390,2005.2,0.0032071,-0.01451,-0.25084
391,0,0.050731,0.032425,0.088687
391,312,0.050731,0.032425,0.088687
391,334.58,0.050731,0.032425,0.088687
391,336,0.050731,0.032425,0.088687
391,1511.8,0.050731,0.032425,0.088687
391,1534.5,0.050731,0.032425,0.088687
391,1535.8,0.050731,0.032425,0.088687
391,1991.8,0.050731,0.032425,0.088687
391,2005.7,0.050731,0.032425,0.088687
392,0,0.23266,0.020855,-0.21921
392,300.33,0.23266,0.020855,-0.21921
392,324.33,0.23266,0.020855,-0.21921
392,1488.5,0.23266,0.020855,-0.21921
392,1512.5,0.23266,0.020855,-0.21921
392,1993.5,0.23266,0.020855,-0.21921
392,2005.2,0.23266,0.020855,-0.21921
393,0,0.014236,0.01002,0.10728
393,647.5,0.014236,0.01002,0.10728
393,665.83,0.014236,0.01002,0.10728
393,671.5,0.014236,0.01002,0.10728
393,1487.5,0.014236,0.01002,0.10728
393,1499.1,0.014236,0.01002,0.10728
393,1511.5,0.014236,0.01002,0.10728
393,1991.5,0.014236,0.01002,0.10728
393,2003.1,0.014236,0.01002,0.10728
394,0,-0.021634,-0.024899,-0.44406
394,288,-0.021634,-0.024899,-0.44406
394,299.92,-0.021634,-0.024899,-0.44406
394,312,-0.021634,-0.024899,-0.44406
394,1029,-0.021634,-0.024899,-0.44406
394,1464,-0.021634,-0.024899,-0.44406
394,1479.2,-0.021634,-0.024899,-0.44406
394,1488,-0.021634,-0.024899,-0.44406
394,1968,-0.021634,-0.024899,-0.44406
394,1983,-0.021634,-0.024899,-0.44406
395,0,-0.086721,-0.037326,-0.77353
395,336,-0.086721,-0.037326,-0.77353
395,346,-0.086721,-0.037326,-0.77353
396,0,-0.12864,-0.038411,-0.75912
396,311.5,-0.12864,-0.038411,-0.75912
396,321.75,-0.12864,-0.038411,-0.75912
396,335.5,-0.12864,-0.038411,-0.75912
396,379.5,-0.12864,-0.038411,-0.75912
396,1894.5,-0.12864,-0.038411,-0.75912
396,1905.8,-0.12864,-0.038411,-0.75912
397,0,0.060338,-0.0038683,-0.73601
397,312.5,0.060338,-0.0038683,-0.73601
397,334,0.060338,-0.0038683,-0.73601
397,336.5,0.060338,-0.0038683,-0.73601
397,1489,0.060338,-0.0038683,-0.73601
397,1509.5,0.060338,-0.0038683,-0.73601
397,1513,0.060338,-0.0038683,-0.73601
397,1969.5,0.060338,-0.0038683,-0.73601
397,1989.7,0.060338,-0.0038683,-0.73601
398,0,0.036899,0.00062388,-0.2799
398,1417.2,0.036899,0.00062388,-0.2799
398,1437.1,0.036899,0.00062388,-0.2799
398,1441.2,0.036899,0.00062388,-0.2799
398,1956.5,0.036899,0.00062388,-0.2799
398,1980.5,0.036899,0.00062388,-0.2799
399,0,-0.0043955,0.0026306,-0.17275
399,434,-0.0043955,0.0026306,-0.17275
399,452.08,-0.0043955,0.0026306,-0.17275
399,458,-0.0043955,0.0026306,-0.17275
399,1005,-0.0043955,0.0026306,-0.17275
399,1442.2,-0.0043955,0.0026306,-0.17275
399,1460.6,-0.0043955,0.0026306,-0.17275
399,1466.2,-0.0043955,0.0026306,-0.17275
399,1945,-0.0043955,0.0026306,-0.17275
399,1963.8,-0.0043955,0.0026306,-0.17275
400,0,0.048646,-0.0025473,-0.35001
400,1029.5,0.048646,-0.0025473,-0.35001
400,1053.5,0.048646,-0.0025473,-0.35001
400,1488,0.048646,-0.0025473,-0.35001
400,1527,0.048646,-0.0025473,-0.35001
400,1536,0.048646,-0.0025473,-0.35001
400,2015,0.048646,-0.0025473,-0.35001
400,2029.6,0.048646,-0.0025473,-0.35001
401,0,-0.046466,0.0098148,0.34591
401,335.62,-0.046466,0.0098148,0.34591
401,356.37,-0.046466,0.0098148,0.34591
401,359.62,-0.046466,0.0098148,0.34591
401,1487.2,-0.046466,0.0098148,0.34591
401,1507.7,-0.046466,0.0098148,0.34591
402,0,-0.098741,-0.044811,-0.96019
402,312.5,-0.098741,-0.044811,-0.96019
402,324.57,-0.098741,-0.044811,-0.96019
402,336.5,-0.098741,-0.044811,-0.96019
402,1488.5,-0.098741,-0.044811,-0.96019
402,1512.5,-0.098741,-0.044811,-0.96019
402,1605,-0.098741,-0.044811,-0.96019
402,1992,-0.098741,-0.044811,-0.96019
403,0,-0.1987,0.018648,0.8725
403,299.5,-0.1987,0.018648,0.8725
403,323.5,-0.1987,0.018648,0.8725
403,1656,-0.1987,0.018648,0.8725
403,1668.2,-0.1987,0.018648,0.8725
404,0,0.0041031,-0.012632,-0.35603
404,311.75,0.0041031,-0.012632,-0.35603
404,328,0.0041031,-0.012632,-0.35603
404,335.75,0.0041031,-0.012632,-0.35603
404,792,0.0041031,-0.012632,-0.35603
405,0,-0.0064935,0.0081818,0.17033
405,313,-0.0064935,0.0081818,0.17033
405,330.25,-0.0064935,0.0081818,0.17033
405,337,-0.0064935,0.0081818,0.17033
405,1489,-0.0064935,0.0081818,0.17033
405,1501.5,-0.0064935,0.0081818,0.17033
405,1513,-0.0064935,0.0081818,0.17033
405,1993,-0.0064935,0.0081818,0.17033
405,2006.5,-0.0064935,0.0081818,0.17033
406,0,0.035369,-0.0032797,-0.2807
406,310.75,0.035369,-0.0032797,-0.2807
406,331.75,0.035369,-0.0032797,-0.2807
406,334.75,0.035369,-0.0032797,-0.2807
406,1342.8,0.035369,-0.0032797,-0.2807
406,1362.8,0.035369,-0.0032797,-0.2807
406,1366.8,0.035369,-0.0032797,-0.2807
406,1991.8,0.035369,-0.0032797,-0.2807
406,2011.8,0.035369,-0.0032797,-0.2807
407,0,0.01093,-0.0058643,-0.18527
407,1055.2,0.01093,-0.0058643,-0.18527
407,1872.9,0.01093,-0.0058643,-0.18527
407,1887.5,0.01093,-0.0058643,-0.18527
408,0,-0.11402,0.026603,0.54568
408,312.5,-0.11402,0.026603,0.54568
408,330.42,-0.11402,0.026603,0.54568
408,336.5,-0.11402,0.026603,0.54568
408,1055.2,-0.11402,0.026603,0.54568
408,1079.2,-0.11402,0.026603,0.54568
408,2209.2,-0.11402,0.026603,0.54568
409,0,0.092724,0.025383,0.29408
409,335.5,0.092724,0.025383,0.29408
409,346.75,0.092724,0.025383,0.29408
409,359.5,0.092724,0.025383,0.29408
409,1486.5,0.092724,0.025383,0.29408
409,1510.5,0.092724,0.025383,0.29408
409,1989.8,0.092724,0.025383,0.29408
409,2003.2,0.092724,0.025383,0.29408
410,0,-0.094754,0.03051,0.48243
410,312.25,-0.094754,0.03051,0.48243
410,327.5,-0.094754,0.03051,0.48243
410,336.25,-0.094754,0.03051,0.48243
410,719,-0.094754,0.03051,0.48243
410,816.5,-0.094754,0.03051,0.48243
410,833,-0.094754,0.03051,0.48243
411,0,-0.015806,-0.021321,-0.17803
411,307.5,-0.015806,-0.021321,-0.17803
411,337.5,-0.015806,-0.021321,-0.17803
411,649.5,-0.015806,-0.021321,-0.17803
411,668,-0.015806,-0.021321,-0.17803
412,0,0.011686,-0.0080103,-0.13368
412,312,0.011686,-0.0080103,-0.13368
412,323.25,0.011686,-0.0080103,-0.13368
412,336,0.011686,-0.0080103,-0.13368
412,1125,0.011686,-0.0080103,-0.13368
412,1486.5,0.011686,-0.0080103,-0.13368
412,1499.5,0.011686,-0.0080103,-0.13368
412,1510.5,0.011686,-0.0080103,-0.13368
412,1989,0.011686,-0.0080103,-0.13368
412,2003.5,0.011686,-0.0080103,-0.13368
413,0,0.00198,-0.013151,-0.34611
413,312,0.00198,-0.013151,-0.34611
413,326.5,0.00198,-0.013151,-0.34611
413,336,0.00198,-0.013151,-0.34611
413,1055,0.00198,-0.013151,-0.34611
413,1492,0.00198,-0.013151,-0.34611
413,1504.5,0.00198,-0.013151,-0.34611
413,1516,0.00198,-0.013151,-0.34611
413,1655,0.00198,-0.013151,-0.34611
413,2064,0.00198,-0.013151,-0.34611
414,0,0.041106,-0.010364,-0.74236
414,315.5,0.041106,-0.010364,-0.74236
414,326.75,0.041106,-0.010364,-0.74236
414,339.5,0.041106,-0.010364,-0.74236
414,1055.5,0.041106,-0.010364,-0.74236
414,1467,0.041106,-0.010364,-0.74236
414,1484,0.041106,-0.010364,-0.74236
414,1491,0.041106,-0.010364,-0.74236
414,1895.5,0.041106,-0.010364,-0.74236
414,1912.8,0.041106,-0.010364,-0.74236
415,0,0.082467,-0.0014009,-0.6453
415,285,0.082467,-0.0014009,-0.6453
415,301.75,0.082467,-0.0014009,-0.6453
415,309,0.082467,-0.0014009,-0.6453
415,1462.5,0.082467,-0.0014009,-0.6453
415,1477.8,0.082467,-0.0014009,-0.6453
415,1486.5,0.082467,-0.0014009,-0.6453
415,1943,0.082467,-0.0014009,-0.6453
415,1958.2,0.082467,-0.0014009,-0.6453
416,0,-0.078008,0.017276,0.43582
416,1992.5,-0.078008,0.017276,0.43582
416,2011,-0.078008,0.017276,0.43582
417,0,-0.0028216,0.00052668,0.10898
417,312.17,-0.0028216,0.00052668,0.10898
417,327.67,-0.0028216,0.00052668,0.10898
417,336.17,-0.0028216,0.00052668,0.10898
417,1489.2,-0.0028216,0.00052668,0.10898
417,1504,-0.0028216,0.00052668,0.10898
417,1513.2,-0.0028216,0.00052668,0.10898
417,1993.2,-0.0028216,0.00052668,0.10898
417,2007.9,-0.0028216,0.00052668,0.10898
418,0,-0.098005,0.019967,0.5045
418,311.33,-0.098005,0.019967,0.5045
418,335.33,-0.098005,0.019967,0.5045
418,718.83,-0.098005,0.019967,0.5045
418,1487.3,-0.098005,0.019967,0.5045
418,1506.5,-0.098005,0.019967,0.5045
419,0,0.10174,0.011602,-0.22297
419,311.75,0.10174,0.011602,-0.22297
419,326.67,0.10174,0.011602,-0.22297
419,335.75,0.10174,0.011602,-0.22297
419,1488.9,0.10174,0.011602,-0.22297
419,1502.1,0.10174,0.011602,-0.22297
419,1512.9,0.10174,0.011602,-0.22297
419,1982.2,0.10174,0.011602,-0.22297
419,2006.2,0.10174,0.011602,-0.22297
420,0,-0.066934,0.018362,0.49201
420,287.75,-0.066934,0.018362,0.49201
420,302.17,-0.066934,0.018362,0.49201
420,311.75,-0.066934,0.018362,0.49201
420,1486.8,-0.066934,0.018362,0.49201
420,1502,-0.066934,0.018362,0.49201
421,0,-0.030531,-0.0085422,-0.00049554
421,312.92,-0.030531,-0.0085422,-0.00049554
421,324.67,-0.030531,-0.0085422,-0.00049554
421,336.92,-0.030531,-0.0085422,-0.00049554
421,1464,-0.030531,-0.0085422,-0.00049554
421,1475,-0.030531,-0.0085422,-0.00049554
421,1488,-0.030531,-0.0085422,-0.00049554
421,1954.8,-0.030531,-0.0085422,-0.00049554
421,1979,-0.030531,-0.0085422,-0.00049554
422,0,-0.17477,-0.043085,-0.4659
422,198,-0.17477,-0.043085,-0.4659
422,205.75,-0.17477,-0.043085,-0.4659
422,1056,-0.17477,-0.043085,-0.4659
422,1492,-0.17477,-0.043085,-0.4659
422,1505,-0.17477,-0.043085,-0.4659
423,0,-0.0030492,0.0050245,0.1021
423,336.5,-0.0030492,0.0050245,0.1021
423,349.25,-0.0030492,0.0050245,0.1021
423,360.5,-0.0030492,0.0050245,0.1021
423,2017.5,-0.0030492,0.0050245,0.1021
423,2028.8,-0.0030492,0.0050245,0.1021
424,0,-0.044058,-0.025864,-0.9123
424,287.5,-0.044058,-0.025864,-0.9123
424,301,-0.044058,-0.025864,-0.9123
424,311.5,-0.044058,-0.025864,-0.9123
424,1464.5,-0.044058,-0.025864,-0.9123
424,1477.5,-0.044058,-0.025864,-0.9123
424,1488.5,-0.044058,-0.025864,-0.9123
424,1969.5,-0.044058,-0.025864,-0.9123
424,1981.5,-0.044058,-0.025864,-0.9123
425,0,0.0041422,0.013742,0.26955
425,312.17,0.0041422,0.013742,0.26955
425,323.67,0.0041422,0.013742,0.26955
425,336.17,0.0041422,0.013742,0.26955
425,1488.8,0.0041422,0.013742,0.26955
425,1499,0.0041422,0.013742,0.26955
425,1512.8,0.0041422,0.013742,0.26955
425,2016,0.0041422,0.013742,0.26955
425,2027.8,0.0041422,0.013742,0.26955
426,0,0.0036092,-0.0094866,-0.056117
426,312.5,0.0036092,-0.0094866,-0.056117
426,323,0.0036092,-0.0094866,-0.056117
426,336.5,0.0036092,-0.0094866,-0.056117
426,1489.5,0.0036092,-0.0094866,-0.056117
426,1513.5,0.0036092,-0.0094866,-0.056117
426,2040.5,0.0036092,-0.0094866,-0.056117
426,2051.2,0.0036092,-0.0094866,-0.056117
427,0,-0.019629,0.019964,0.31317
427,315.03,-0.019629,0.019964,0.31317
427,327.33,-0.019629,0.019964,0.31317
428,0,-0.00044952,-0.00021841,-0.0035982
428,335.45,-0.00044952,-0.00021841,-0.0035982
428,344.95,-0.00044952,-0.00021841,-0.0035982
429,0,-0.020751,-0.0042863,0.030235
429,312.5,-0.020751,-0.0042863,0.030235
429,323.17,-0.020751,-0.0042863,0.030235
429,336.5,-0.020751,-0.0042863,0.030235
429,1488.5,-0.020751,-0.0042863,0.030235
429,1500,-0.020751,-0.0042863,0.030235
429,1512.5,-0.020751,-0.0042863,0.030235
429,1556,-0.020751,-0.0042863,0.030235
429,1969,-0.020751,-0.0042863,0.030235
429,2003,-0.020751,-0.0042863,0.030235
430,0,-0.026987,0.016007,0.28638
430,316.75,-0.026987,0.016007,0.28638
430,330.75,-0.026987,0.016007,0.28638
430,340.75,-0.026987,0.016007,0.28638
430,383.75,-0.026987,0.016007,0.28638
430,719.75,-0.026987,0.016007,0.28638
430,1607.8,-0.026987,0.016007,0.28638
430,1997.2,-0.026987,0.016007,0.28638
431,0,0.015044,-0.011357,-0.43302
431,1657.8,0.015044,-0.011357,-0.43302
431,1676.1,0.015044,-0.011357,-0.43302
431,1681.8,0.015044,-0.011357,-0.43302
431,1727.8,0.015044,-0.011357,-0.43302
431,1993.8,0.015044,-0.011357,-0.43302
431,2007.8,0.015044,-0.011357,-0.43302
432,0,-0.13391,0.036737,0.51723
432,288,-0.13391,0.036737,0.51723
432,303.5,-0.13391,0.036737,0.51723
432,312,-0.13391,0.036737,0.51723
432,1514,-0.13391,0.036737,0.51723
432,1527.4,-0.13391,0.036737,0.51723
432,1538,-0.13391,0.036737,0.51723
432,1990,-0.13391,0.036737,0.51723
432,2006.8,-0.13391,0.036737,0.51723
433,0,-0.015796,-0.011352,-0.25046
433,239.5,-0.015796,-0.011352,-0.25046
433,249.92,-0.015796,-0.011352,-0.25046
433,263.5,-0.015796,-0.011352,-0.25046
433,1392.2,-0.015796,-0.011352,-0.25046
433,1403.3,-0.015796,-0.011352,-0.25046
433,1416.2,-0.015796,-0.011352,-0.25046
433,1920,-0.015796,-0.011352,-0.25046
433,1931.8,-0.015796,-0.011352,-0.25046
434,0,0.021725,0.047459,0.36569
434,310,0.021725,0.047459,0.36569
434,327.08,0.021725,0.047459,0.36569
434,334,0.021725,0.047459,0.36569
434,1489,0.021725,0.047459,0.36569
434,1503,0.021725,0.047459,0.36569
434,1513,0.021725,0.047459,0.36569
434,1965,0.021725,0.047459,0.36569
434,1986.2,0.021725,0.047459,0.36569
435,0,-0.0022918,0.0043391,0.077044
435,311,-0.0022918,0.0043391,0.077044
435,328.67,-0.0022918,0.0043391,0.077044
435,335,-0.0022918,0.0043391,0.077044
435,1487,-0.0022918,0.0043391,0.077044
435,1504.3,-0.0022918,0.0043391,0.077044
435,1511,-0.0022918,0.0043391,0.077044
435,1991,-0.0022918,0.0043391,0.077044
435,2012,-0.0022918,0.0043391,0.077044
436,0,-0.02892,-0.019915,-0.44599
436,335.5,-0.02892,-0.019915,-0.44599
436,349.75,-0.02892,-0.019915,-0.44599
436,359.5,-0.02892,-0.019915,-0.44599
436,1919.5,-0.02892,-0.019915,-0.44599
436,1935.8,-0.02892,-0.019915,-0.44599
437,0,0.0096464,0.012706,0.16457
437,311,0.0096464,0.012706,0.16457
437,327.25,0.0096464,0.012706,0.16457
437,335,0.0096464,0.012706,0.16457
437,694.5,0.0096464,0.012706,0.16457
437,1463.5,0.0096464,0.012706,0.16457
437,1477.4,0.0096464,0.012706,0.16457
437,1487.5,0.0096464,0.012706,0.16457
437,1992.5,0.0096464,0.012706,0.16457
437,2007.2,0.0096464,0.012706,0.16457
438,0,-0.071483,0.025001,0.47816
438,310.25,-0.071483,0.025001,0.47816
438,330.75,-0.071483,0.025001,0.47816
438,334.25,-0.071483,0.025001,0.47816
438,984.5,-0.071483,0.025001,0.47816
438,1000,-0.071483,0.025001,0.47816
439,0,0.013418,-0.015295,-0.51946
439,263.25,0.013418,-0.015295,-0.51946
439,284.75,0.013418,-0.015295,-0.51946
439,287.25,0.013418,-0.015295,-0.51946
439,1442.2,0.013418,-0.015295,-0.51946
439,1455.2,0.013418,-0.015295,-0.51946
439,1466.2,0.013418,-0.015295,-0.51946
439,1919.8,0.013418,-0.015295,-0.51946
439,1936.4,0.013418,-0.015295,-0.51946
440,0,-0.056096,0.00082435,0.29493
440,312.5,-0.056096,0.00082435,0.29493
440,324.25,-0.056096,0.00082435,0.29493
440,336.5,-0.056096,0.00082435,0.29493
440,741,-0.056096,0.00082435,0.29493
440,1488,-0.056096,0.00082435,0.29493
440,1500.5,-0.056096,0.00082435,0.29493
440,1512,-0.056096,0.00082435,0.29493
440,1557,-0.056096,0.00082435,0.29493
440,2043,-0.056096,0.00082435,0.29493
440,2076.5,-0.056096,0.00082435,0.29493
441,0,-0.22879,0.048395,0.89702
441,311,-0.22879,0.048395,0.89702
441,328.25,-0.22879,0.048395,0.89702
441,335,-0.22879,0.048395,0.89702
441,646.75,-0.22879,0.048395,0.89702
441,664.5,-0.22879,0.048395,0.89702
442,0,0.087728,0.038544,0.34323
442,316.33,0.087728,0.038544,0.34323
442,327.08,0.087728,0.038544,0.34323
442,340.33,0.087728,0.038544,0.34323
442,1489.3,0.087728,0.038544,0.34323
442,1504.1,0.087728,0.038544,0.34323
442,1513.3,0.087728,0.038544,0.34323
442,1992.8,0.087728,0.038544,0.34323
442,2012.3,0.087728,0.038544,0.34323
443,0,-0.25391,0.11936,1.0783
443,312.5,-0.25391,0.11936,1.0783
443,326,-0.25391,0.11936,1.0783
443,336.5,-0.25391,0.11936,1.0783
443,1369.5,-0.25391,0.11936,1.0783
443,1381,-0.25391,0.11936,1.0783
444,0,-0.095952,0.020793,0.51483
444,1483,-0.095952,0.020793,0.51483
444,2256.5,-0.095952,0.020793,0.51483
444,2275.5,-0.095952,0.020793,0.51483
445,0,0.12944,0.012153,-0.21999
445,215,0.12944,0.012153,-0.21999
445,227,0.12944,0.012153,-0.21999
445,239,0.12944,0.012153,-0.21999
445,1343.5,0.12944,0.012153,-0.21999
445,1363.5,0.12944,0.012153,-0.21999
445,1367.5,0.12944,0.012153,-0.21999
445,1458.5,0.12944,0.012153,-0.21999
445,2039,0.12944,0.012153,-0.21999
446,0,0.014898,-0.0079812,-0.16577
446,312.5,0.014898,-0.0079812,-0.16577
446,330.5,0.014898,-0.0079812,-0.16577
446,336.5,0.014898,-0.0079812,-0.16577
446,380.5,0.014898,-0.0079812,-0.16577
446,716.5,0.014898,-0.0079812,-0.16577
446,1220.5,0.014898,-0.0079812,-0.16577
446,1724.5,0.014898,-0.0079812,-0.16577
446,2111.5,0.014898,-0.0079812,-0.16577
446,2130.5,0.014898,-0.0079812,-0.16577
447,0,-0.0039021,-0.015116,-0.1556
447,316,-0.0039021,-0.015116,-0.1556
447,330,-0.0039021,-0.015116,-0.1556
447,340,-0.0039021,-0.015116,-0.1556
447,672,-0.0039021,-0.015116,-0.1556
447,1008,-0.0039021,-0.015116,-0.1556
447,1948,-0.0039021,-0.015116,-0.1556
447,1962,-0.0039021,-0.015116,-0.1556
448,0,0.064589,0.0086004,-0.064271
448,306.5,0.064589,0.0086004,-0.064271
448,331.5,0.064589,0.0086004,-0.064271
448,427.5,0.064589,0.0086004,-0.064271
448,691.5,0.064589,0.0086004,-0.064271
448,1171.5,0.064589,0.0086004,-0.064271
448,1608.5,0.064589,0.0086004,-0.064271
448,1622.5,0.064589,0.0086004,-0.064271
448,1632.5,0.064589,0.0086004,-0.064271
448,1723.5,0.064589,0.0086004,-0.064271
448,2112.5,0.064589,0.0086004,-0.064271
449,0,0.045459,-0.010628,-0.78184
449,331.5,0.045459,-0.010628,-0.78184
449,355.5,0.045459,-0.010628,-0.78184
449,1027.5,0.045459,-0.010628,-0.78184
449,2015.5,0.045459,-0.010628,-0.78184
449,2037,0.045459,-0.010628,-0.78184
450,0,-0.00080987,0.0040716,0.068597
450,312,-0.00080987,0.0040716,0.068597
450,323.25,-0.00080987,0.0040716,0.068597
450,336,-0.00080987,0.0040716,0.068597
450,355,-0.00080987,0.0040716,0.068597
450,379,-0.00080987,0.0040716,0.068597
450,838,-0.00080987,0.0040716,0.068597
451,0,-0.092393,0.0053891,0.44136
451,312.75,-0.092393,0.0053891,0.44136
451,324.25,-0.092393,0.0053891,0.44136
451,336.75,-0.092393,0.0053891,0.44136
451,1488.2,-0.092393,0.0053891,0.44136
451,1500.2,-0.092393,0.0053891,0.44136
451,1512.2,-0.092393,0.0053891,0.44136
451,1992.8,-0.092393,0.0053891,0.44136
451,2006.8,-0.092393,0.0053891,0.44136
452,0,-0.039512,0.0091507,0.25701
452,451,-0.039512,0.0091507,0.25701
452,787,-0.039512,0.0091507,0.25701
452,1099,-0.039512,0.0091507,0.25701
452,1123,-0.039512,0.0091507,0.25701
452,1558,-0.039512,0.0091507,0.25701
452,1577,-0.039512,0.0091507,0.25701
453,0,-0.010071,0.054293,0.069198
453,268.5,-0.010071,0.054293,0.069198
453,283.5,-0.010071,0.054293,0.069198
453,292.5,-0.010071,0.054293,0.069198
453,360,-0.010071,0.054293,0.069198
453,1324.5,-0.010071,0.054293,0.069198
453,1536.5,-0.010071,0.054293,0.069198
453,1540.5,-0.010071,0.054293,0.069198
453,2021,-0.010071,0.054293,0.069198
453,2035,-0.010071,0.054293,0.069198
454,0,-0.025522,0.0069211,0.097484
454,264.5,-0.025522,0.0069211,0.097484
454,284.5,-0.025522,0.0069211,0.097484
454,288.5,-0.025522,0.0069211,0.097484
454,669,-0.025522,0.0069211,0.097484
454,1533,-0.025522,0.0069211,0.097484
454,2016,-0.025522,0.0069211,0.097484
454,2036,-0.025522,0.0069211,0.097484
455,0,0.012227,-0.0027148,-0.10579
455,504,0.012227,-0.0027148,-0.10579
455,888,0.012227,-0.0027148,-0.10579
455,1248,0.012227,-0.0027148,-0.10579
455,1588,0.012227,-0.0027148,-0.10579
455,1684,0.012227,-0.0027148,-0.10579
455,1752,0.012227,-0.0027148,-0.10579
455,2092,0.012227,-0.0027148,-0.10579
455,2112.5,0.012227,-0.0027148,-0.10579
456,0,-0.14339,-0.077842,-0.53345
456,313.25,-0.14339,-0.077842,-0.53345
456,325.25,-0.14339,-0.077842,-0.53345
456,337.25,-0.14339,-0.077842,-0.53345
456,380.75,-0.14339,-0.077842,-0.53345
456,1512.8,-0.14339,-0.077842,-0.53345
456,1531.2,-0.14339,-0.077842,-0.53345
456,1536.8,-0.14339,-0.077842,-0.53345
456,1580.8,-0.14339,-0.077842,-0.53345
456,1993,-0.14339,-0.077842,-0.53345
456,2035.2,-0.14339,-0.077842,-0.53345
457,0,0.032227,-0.0089994,-0.4651
457,289,0.032227,-0.0089994,-0.4651
457,327,0.032227,-0.0089994,-0.4651
457,337,0.032227,-0.0089994,-0.4651
457,692,0.032227,-0.0089994,-0.4651
457,1969,0.032227,-0.0089994,-0.4651
457,1983,0.032227,-0.0089994,-0.4651
458,0,0.0049353,-0.016194,-1.1126
458,1204.5,0.0049353,-0.016194,-1.1126
458,1219,0.0049353,-0.016194,-1.1126
459,0,-0.0203,-0.0052805,-0.026585
459,310.92,-0.0203,-0.0052805,-0.026585
459,324.92,-0.0203,-0.0052805,-0.026585
459,334.92,-0.0203,-0.0052805,-0.026585
459,1607.8,-0.0203,-0.0052805,-0.026585
459,1621.8,-0.0203,-0.0052805,-0.026585
459,1631.8,-0.0203,-0.0052805,-0.026585
459,1991.8,-0.0203,-0.0052805,-0.026585
459,2004.4,-0.0203,-0.0052805,-0.026585
460,0,-0.13476,-0.06648,0.57045
460,282,-0.13476,-0.06648,0.57045
460,306,-0.13476,-0.06648,0.57045
460,1559.8,-0.13476,-0.06648,0.57045
460,1573.5,-0.13476,-0.06648,0.57045
461,0,-0.075503,0.078656,0.81385
461,312.5,-0.075503,0.078656,0.81385
461,324,-0.075503,0.078656,0.81385
461,336.5,-0.075503,0.078656,0.81385
461,428.5,-0.075503,0.078656,0.81385
461,764.5,-0.075503,0.078656,0.81385
461,1100.5,-0.075503,0.078656,0.81385
461,1657.5,-0.075503,0.078656,0.81385
461,1668,-0.075503,0.078656,0.81385
461,1681.5,-0.075503,0.078656,0.81385
461,1748.5,-0.075503,0.078656,0.81385
461,2161.5,-0.075503,0.078656,0.81385
461,2172,-0.075503,0.078656,0.81385
462,0,-0.070086,0.051447,0.66291
462,316,-0.070086,0.051447,0.66291
462,330.5,-0.070086,0.051447,0.66291
462,340,-0.070086,0.051447,0.66291
462,1012.5,-0.070086,0.051447,0.66291
462,1025,-0.070086,0.051447,0.66291
463,0,0.041912,-0.0020076,-0.37922
463,312,0.041912,-0.0020076,-0.37922
463,329.83,0.041912,-0.0020076,-0.37922
463,336,0.041912,-0.0020076,-0.37922
463,714.33,0.041912,-0.0020076,-0.37922
463,1487.8,0.041912,-0.0020076,-0.37922
463,1507.8,0.041912,-0.0020076,-0.37922
463,1511.8,0.041912,-0.0020076,-0.37922
463,1991.8,0.041912,-0.0020076,-0.37922
463,2011.8,0.041912,-0.0020076,-0.37922
464,0,0.029418,-0.0059063,-0.18215
464,1631.2,0.029418,-0.0059063,-0.18215
464,1651.8,0.029418,-0.0059063,-0.18215
464,1655.2,0.029418,-0.0059063,-0.18215
464,2160.2,0.029418,-0.0059063,-0.18215
464,2179.8,0.029418,-0.0059063,-0.18215
465,0,-0.0048048,-0.0055823,-0.10099
465,263.5,-0.0048048,-0.0055823,-0.10099
465,276,-0.0048048,-0.0055823,-0.10099
466,0,0.029637,-0.0075723,-0.40013
466,336.25,0.029637,-0.0075723,-0.40013
466,352.25,0.029637,-0.0075723,-0.40013
466,360.25,0.029637,-0.0075723,-0.40013
466,1488.2,0.029637,-0.0075723,-0.40013
466,1505,0.029637,-0.0075723,-0.40013
466,1512.2,0.029637,-0.0075723,-0.40013
466,1602.8,0.029637,-0.0075723,-0.40013
466,2137.8,0.029637,-0.0075723,-0.40013
467,0,-0.033979,0.028357,0.45105
467,1492.5,-0.033979,0.028357,0.45105
467,1504.2,-0.033979,0.028357,0.45105
467,1516.5,-0.033979,0.028357,0.45105
467,1560,-0.033979,0.028357,0.45105
467,2116.5,-0.033979,0.028357,0.45105
467,2128,-0.033979,0.028357,0.45105
468,0,-0.018121,-0.018675,-0.55914
468,312.75,-0.018121,-0.018675,-0.55914
468,324.5,-0.018121,-0.018675,-0.55914
468,336.75,-0.018121,-0.018675,-0.55914
468,1464.5,-0.018121,-0.018675,-0.55914
468,1475.8,-0.018121,-0.018675,-0.55914
469,0,-0.067259,0.025072,0.45991
469,311.17,-0.067259,0.025072,0.45991
469,321.17,-0.067259,0.025072,0.45991
469,335.17,-0.067259,0.025072,0.45991
469,1487.2,-0.067259,0.025072,0.45991
469,1497,-0.067259,0.025072,0.45991
469,1511.2,-0.067259,0.025072,0.45991
469,2015.2,-0.067259,0.025072,0.45991
469,2025.2,-0.067259,0.025072,0.45991
470,0,-0.16409,-0.056242,0.31416
470,288.5,-0.16409,-0.056242,0.31416
470,298,-0.16409,-0.056242,0.31416
470,312.5,-0.16409,-0.056242,0.31416
470,1440.2,-0.16409,-0.056242,0.31416
470,1449.9,-0.16409,-0.056242,0.31416
470,1464.2,-0.16409,-0.056242,0.31416
470,1507,-0.16409,-0.056242,0.31416
470,1921.5,-0.16409,-0.056242,0.31416
470,1953.8,-0.16409,-0.056242,0.31416
471,0,0.024104,0.0034425,0.089863
471,288,0.024104,0.0034425,0.089863
471,300.5,0.024104,0.0034425,0.089863
471,312,0.024104,0.0034425,0.089863
471,1441.5,0.024104,0.0034425,0.089863
471,1451.7,0.024104,0.0034425,0.089863
471,1465.5,0.024104,0.0034425,0.089863
471,1945.2,0.024104,0.0034425,0.089863
471,1955.7,0.024104,0.0034425,0.089863
472,0,-0.02863,0.036431,0.37245
472,240,-0.02863,0.036431,0.37245
472,251,-0.02863,0.036431,0.37245
472,264,-0.02863,0.036431,0.37245
472,1415.5,-0.02863,0.036431,0.37245
472,1427.5,-0.02863,0.036431,0.37245
473,0,0.0064224,-0.0041079,-0.36798
473,312.42,0.0064224,-0.0041079,-0.36798
473,323.75,0.0064224,-0.0041079,-0.36798
473,336.42,0.0064224,-0.0041079,-0.36798
473,1511.8,0.0064224,-0.0041079,-0.36798
473,1523.8,0.0064224,-0.0041079,-0.36798
473,1535.8,0.0064224,-0.0041079,-0.36798
473,2016.2,0.0064224,-0.0041079,-0.36798
473,2026.2,0.0064224,-0.0041079,-0.36798
474,0,-0.18775,-0.025357,0.066949
474,278,-0.18775,-0.025357,0.066949
474,298,-0.18775,-0.025357,0.066949
474,302,-0.18775,-0.025357,0.066949
474,739,-0.18775,-0.025357,0.066949
474,1487,-0.18775,-0.025357,0.066949
474,1498,-0.18775,-0.025357,0.066949
474,1511,-0.18775,-0.025357,0.066949
474,2064.5,-0.18775,-0.025357,0.066949
474,2074.2,-0.18775,-0.025357,0.066949
475,0,-0.010478,0.0020055,0.066682
475,303.58,-0.010478,0.0020055,0.066682
475,327.5,-0.010478,0.0020055,0.066682
475,327.58,-0.010478,0.0020055,0.066682
475,380.25,-0.010478,0.0020055,0.066682
475,1052.2,-0.010478,0.0020055,0.066682
475,1580.2,-0.010478,0.0020055,0.066682
475,1983.2,-0.010478,0.0020055,0.066682
475,2007.2,-0.010478,0.0020055,0.066682
476,0,-0.058237,-0.019518,0.00083021
476,282.17,-0.058237,-0.019518,0.00083021
476,306.17,-0.058237,-0.019518,0.00083021
476,1968.2,-0.058237,-0.019518,0.00083021
476,1980.2,-0.058237,-0.019518,0.00083021
477,0,0.063508,0.0030224,-0.21571
477,311.75,0.063508,0.0030224,-0.21571
477,324.75,0.063508,0.0030224,-0.21571
477,335.75,0.063508,0.0030224,-0.21571
477,716.75,0.063508,0.0030224,-0.21571
477,1488.2,0.063508,0.0030224,-0.21571
477,1500.2,0.063508,0.0030224,-0.21571
477,1512.2,0.063508,0.0030224,-0.21571
477,1968.2,0.063508,0.0030224,-0.21571
477,2003.2,0.063508,0.0030224,-0.21571
478,0,-0.12776,0.055323,0.72187
478,432.5,-0.12776,0.055323,0.72187
478,444.25,-0.12776,0.055323,0.72187
478,456.5,-0.12776,0.055323,0.72187
478,1464,-0.12776,0.055323,0.72187
478,1475.3,-0.12776,0.055323,0.72187
478,1488,-0.12776,0.055323,0.72187
478,1531,-0.12776,0.055323,0.72187
478,1991.5,-0.12776,0.055323,0.72187
478,2003,-0.12776,0.055323,0.72187
479,0,0.098839,0.011324,-0.16737
479,311.75,0.098839,0.011324,-0.16737
479,321.75,0.098839,0.011324,-0.16737
479,335.75,0.098839,0.011324,-0.16737
479,1487.2,0.098839,0.011324,-0.16737
479,1499,0.098839,0.011324,-0.16737
480,0,-0.096881,-0.0054853,0.1818
480,311.5,-0.096881,-0.0054853,0.1818
480,330.5,-0.096881,-0.0054853,0.1818
480,335.5,-0.096881,-0.0054853,0.1818
480,691.5,-0.096881,-0.0054853,0.1818
480,1344,-0.096881,-0.0054853,0.1818
480,1359,-0.096881,-0.0054853,0.1818
480,1368,-0.096881,-0.0054853,0.1818
480,1968.5,-0.096881,-0.0054853,0.1818
480,1986.2,-0.096881,-0.0054853,0.1818
481,0,-0.011959,-0.021442,-0.85579
481,287.5,-0.011959,-0.021442,-0.85579
481,304.98,-0.011959,-0.021442,-0.85579
481,311.5,-0.011959,-0.021442,-0.85579
481,1487.5,-0.011959,-0.021442,-0.85579
481,1505,-0.011959,-0.021442,-0.85579
481,1511.5,-0.011959,-0.021442,-0.85579
481,1991.5,-0.011959,-0.021442,-0.85579
481,2007.8,-0.011959,-0.021442,-0.85579
482,0,0.0046871,-0.0031266,-0.025954
482,287,0.0046871,-0.0031266,-0.025954
482,305.42,0.0046871,-0.0031266,-0.025954
482,311,0.0046871,-0.0031266,-0.025954
482,360,0.0046871,-0.0031266,-0.025954
482,720,0.0046871,-0.0031266,-0.025954
482,1056,0.0046871,-0.0031266,-0.025954
482,2111,0.0046871,-0.0031266,-0.025954
482,2128.3,0.0046871,-0.0031266,-0.025954
483,0,0.066305,-0.006676,-0.28141
483,286.5,0.066305,-0.006676,-0.28141
483,305.67,0.066305,-0.006676,-0.28141
483,310.5,0.066305,-0.006676,-0.28141
483,1075.5,0.066305,-0.006676,-0.28141
483,1511,0.066305,-0.006676,-0.28141
483,1527,0.066305,-0.006676,-0.28141
483,1535,0.066305,-0.006676,-0.28141
483,1579.5,0.066305,-0.006676,-0.28141
483,2015,0.066305,-0.006676,-0.28141
483,2026.3,0.066305,-0.006676,-0.28141
484,0,-0.0024606,-0.013991,-0.35569
484,307,-0.0024606,-0.013991,-0.35569
484,321.67,-0.0024606,-0.013991,-0.35569
484,331,-0.0024606,-0.013991,-0.35569
484,811.5,-0.0024606,-0.013991,-0.35569
484,1268.5,-0.0024606,-0.013991,-0.35569
485,0,-0.13119,0.0025694,0.58815
485,310.5,-0.13119,0.0025694,0.58815
485,326.42,-0.13119,0.0025694,0.58815
485,334.5,-0.13119,0.0025694,0.58815
485,1511,-0.13119,0.0025694,0.58815
485,1535,-0.13119,0.0025694,0.58815
485,1992,-0.13119,0.0025694,0.58815
486,0,-0.14258,0.059078,0.7212
486,311.75,-0.14258,0.059078,0.7212
486,328.92,-0.14258,0.059078,0.7212
486,335.75,-0.14258,0.059078,0.7212
486,1487.8,-0.14258,0.059078,0.7212
486,1505,-0.14258,0.059078,0.7212
486,1511.8,-0.14258,0.059078,0.7212
486,1993.2,-0.14258,0.059078,0.7212
486,2007.1,-0.14258,0.059078,0.7212
487,0,-0.043598,0.013473,0.12479
487,312.5,-0.043598,0.013473,0.12479
487,330.17,-0.043598,0.013473,0.12479
487,336.5,-0.043598,0.013473,0.12479
487,1515.5,-0.043598,0.013473,0.12479
487,1530,-0.043598,0.013473,0.12479
487,1539.5,-0.043598,0.013473,0.12479
487,2017,-0.043598,0.013473,0.12479
487,2034.3,-0.043598,0.013473,0.12479
488,0,-0.0097349,0.015575,0.25716
488,311.25,-0.0097349,0.015575,0.25716
488,327.75,-0.0097349,0.015575,0.25716
488,335.25,-0.0097349,0.015575,0.25716
488,1656.2,-0.0097349,0.015575,0.25716
488,1672.1,-0.0097349,0.015575,0.25716
488,1680.2,-0.0097349,0.015575,0.25716
488,1992.2,-0.0097349,0.015575,0.25716
488,2007.3,-0.0097349,0.015575,0.25716
489,0,-0.015222,-0.018682,-0.45213
489,311.33,-0.015222,-0.018682,-0.45213
489,328.92,-0.015222,-0.018682,-0.45213
489,335.33,-0.015222,-0.018682,-0.45213
489,647.42,-0.015222,-0.018682,-0.45213
489,665.75,-0.015222,-0.018682,-0.45213
490,0,-0.042837,0.010766,0.25953
490,312,-0.042837,0.010766,0.25953
490,330.33,-0.042837,0.010766,0.25953
491,0,-0.20143,0.045141,0.81258
491,313,-0.20143,0.045141,0.81258
491,331,-0.20143,0.045141,0.81258
491,337,-0.20143,0.045141,0.81258
491,551,-0.20143,0.045141,0.81258
491,1488,-0.20143,0.045141,0.81258
491,1501.5,-0.20143,0.045141,0.81258
491,1512,-0.20143,0.045141,0.81258
491,1559,-0.20143,0.045141,0.81258
491,1991.2,-0.20143,0.045141,0.81258
491,2005.7,-0.20143,0.045141,0.81258
492,0,0.0020123,-0.010814,-0.2549
492,316,0.0020123,-0.010814,-0.2549
492,328.05,0.0020123,-0.010814,-0.2549
492,340,0.0020123,-0.010814,-0.2549
492,720.5,0.0020123,-0.010814,-0.2549
492,1491.5,0.0020123,-0.010814,-0.2549
492,1504.1,0.0020123,-0.010814,-0.2549
492,1515.5,0.0020123,-0.010814,-0.2549
492,1560.5,0.0020123,-0.010814,-0.2549
492,1991,0.0020123,-0.010814,-0.2549
492,2008.6,0.0020123,-0.010814,-0.2549
493,0,-0.031859,0.015627,0.2969
493,263.75,-0.031859,0.015627,0.2969
493,280.17,-0.031859,0.015627,0.2969
493,287.75,-0.031859,0.015627,0.2969
493,358.25,-0.031859,0.015627,0.2969
493,718.25,-0.031859,0.015627,0.2969
493,1246.2,-0.031859,0.015627,0.2969
493,1270.2,-0.031859,0.015627,0.2969
493,1486.2,-0.031859,0.015627,0.2969
493,1606.2,-0.031859,0.015627,0.2969
493,1968.2,-0.031859,0.015627,0.2969
494,0,0.055149,-0.01333,-0.11458
494,312.5,0.055149,-0.01333,-0.11458
494,333.43,0.055149,-0.01333,-0.11458
494,336.5,0.055149,-0.01333,-0.11458
494,1056.5,0.055149,-0.01333,-0.11458
494,1513.5,0.055149,-0.01333,-0.11458
494,1537.5,0.055149,-0.01333,-0.11458
494,1560.5,0.055149,-0.01333,-0.11458
494,1584.5,0.055149,-0.01333,-0.11458
494,1994.5,0.055149,-0.01333,-0.11458
494,2013.4,0.055149,-0.01333,-0.11458
495,0,0.033131,-0.0084754,-0.31543
495,299.75,0.033131,-0.0084754,-0.31543
495,326.17,0.033131,-0.0084754,-0.31543
495,1488,0.033131,-0.0084754,-0.31543
495,1508.7,0.033131,-0.0084754,-0.31543
496,0,-0.15489,0.042393,0.65277
496,311,-0.15489,0.042393,0.65277
496,328.42,-0.15489,0.042393,0.65277
496,335,-0.15489,0.042393,0.65277
496,723.5,-0.15489,0.042393,0.65277
496,927.08,-0.15489,0.042393,0.65277
497,0,-0.030696,-0.00056312,0.10909
497,311.25,-0.030696,-0.00056312,0.10909
497,328.25,-0.030696,-0.00056312,0.10909
497,335.25,-0.030696,-0.00056312,0.10909
497,1463.8,-0.030696,-0.00056312,0.10909
497,1480.9,-0.030696,-0.00056312,0.10909
497,1487.8,-0.030696,-0.00056312,0.10909
497,1968.5,-0.030696,-0.00056312,0.10909
497,1984.4,-0.030696,-0.00056312,0.10909
498,0,0.028411,-0.0023616,-0.53378
498,68,0.028411,-0.0023616,-0.53378
498,211.5,0.028411,-0.0023616,-0.53378
498,328.58,0.028411,-0.0023616,-0.53378
499,0,-0.059367,-0.054525,0.59517
499,266,-0.059367,-0.054525,0.59517
499,279.75,-0.059367,-0.054525,0.59517
499,290,-0.059367,-0.054525,0.59517
499,336,-0.059367,-0.054525,0.59517
499,578,-0.059367,-0.054525,0.59517
499,619.92,-0.059367,-0.054525,0.59517
500,0,-0.0013489,-0.00201,-0.014088
500,312,-0.0013489,-0.00201,-0.014088
500,331.83,-0.0013489,-0.00201,-0.014088
500,336,-0.0013489,-0.00201,-0.014088
500,1514.6,-0.0013489,-0.00201,-0.014088
500,1530.2,-0.0013489,-0.00201,-0.014088
500,1538.6,-0.0013489,-0.00201,-0.014088
500,1995.5,-0.0013489,-0.00201,-0.014088
500,2009.3,-0.0013489,-0.00201,-0.014088
501,0,0.058227,-0.00024487,-0.64251
501,313.5,0.058227,-0.00024487,-0.64251
501,330.5,0.058227,-0.00024487,-0.64251
501,337.5,0.058227,-0.00024487,-0.64251
501,1464,0.058227,-0.00024487,-0.64251
501,1486.5,0.058227,-0.00024487,-0.64251
501,1488,0.058227,-0.00024487,-0.64251
501,2064.5,0.058227,-0.00024487,-0.64251
501,2086.3,0.058227,-0.00024487,-0.64251
502,0,0.016012,0.00074302,-0.34358
502,336,0.016012,0.00074302,-0.34358
502,350,0.016012,0.00074302,-0.34358
502,360,0.016012,0.00074302,-0.34358
502,1510.5,0.016012,0.00074302,-0.34358
502,1526.5,0.016012,0.00074302,-0.34358
502,1534.5,0.016012,0.00074302,-0.34358
502,2015.3,0.016012,0.00074302,-0.34358
502,2030.8,0.016012,0.00074302,-0.34358
503,0,-0.18927,0.042773,0.81937
503,291,-0.18927,0.042773,0.81937
503,302.5,-0.18927,0.042773,0.81937
503,315,-0.18927,0.042773,0.81937
503,1466,-0.18927,0.042773,0.81937
503,1477.8,-0.18927,0.042773,0.81937
503,1490,-0.18927,0.042773,0.81937
503,2305,-0.18927,0.042773,0.81937
503,2318.8,-0.18927,0.042773,0.81937
504,0,0.029953,-0.010011,-0.64053
504,311.5,0.029953,-0.010011,-0.64053
504,325.33,0.029953,-0.010011,-0.64053
504,335.5,0.029953,-0.010011,-0.64053
504,1489.5,0.029953,-0.010011,-0.64053
504,1500.4,0.029953,-0.010011,-0.64053
504,1513.5,0.029953,-0.010011,-0.64053
504,1994,0.029953,-0.010011,-0.64053
504,2005.2,0.029953,-0.010011,-0.64053
505,0,-0.022396,0.0094422,0.15894
505,312,-0.022396,0.0094422,0.15894
505,324.33,-0.022396,0.0094422,0.15894
505,336,-0.022396,0.0094422,0.15894
505,1489,-0.022396,0.0094422,0.15894
505,1500.2,-0.022396,0.0094422,0.15894
505,1513,-0.022396,0.0094422,0.15894
505,1994,-0.022396,0.0094422,0.15894
505,2003.5,-0.022396,0.0094422,0.15894
506,0,-0.16538,0.086595,0.84086
506,312.5,-0.16538,0.086595,0.84086
506,325.75,-0.16538,0.086595,0.84086
506,336.5,-0.16538,0.086595,0.84086
506,1512,-0.16538,0.086595,0.84086
506,1528.1,-0.16538,0.086595,0.84086
507,0,-0.024434,0.01674,0.30428
507,310,-0.024434,0.01674,0.30428
507,325,-0.024434,0.01674,0.30428
507,334,-0.024434,0.01674,0.30428
507,405,-0.024434,0.01674,0.30428
507,1489,-0.024434,0.01674,0.30428
508,0,-0.14483,0.074751,0.84222
508,312.5,-0.14483,0.074751,0.84222
508,323.92,-0.14483,0.074751,0.84222
508,336.5,-0.14483,0.074751,0.84222
508,1488.5,-0.14483,0.074751,0.84222
508,1500.2,-0.14483,0.074751,0.84222
509,0,0.0074526,-0.00598,-0.15575
509,311.5,0.0074526,-0.00598,-0.15575
509,330.33,0.0074526,-0.00598,-0.15575
509,335.5,0.0074526,-0.00598,-0.15575
509,1487.4,0.0074526,-0.00598,-0.15575
509,1506.9,0.0074526,-0.00598,-0.15575
509,1511.4,0.0074526,-0.00598,-0.15575
509,2018.8,0.0074526,-0.00598,-0.15575
509,2034.4,0.0074526,-0.00598,-0.15575
510,0,0.074493,0.0001657,-0.29753
510,359.58,0.074493,0.0001657,-0.29753
510,372.92,0.074493,0.0001657,-0.29753
510,383.58,0.074493,0.0001657,-0.29753
510,1199.1,0.074493,0.0001657,-0.29753
510,1511.2,0.074493,0.0001657,-0.29753
510,1535.2,0.074493,0.0001657,-0.29753
510,1994.5,0.074493,0.0001657,-0.29753
510,2013.8,0.074493,0.0001657,-0.29753
511,0,0.017029,-0.0035746,-0.14451
511,326,0.017029,-0.0035746,-0.14451
511,349.5,0.017029,-0.0035746,-0.14451
511,350,0.017029,-0.0035746,-0.14451
511,476,0.017029,-0.0035746,-0.14451
511,788,0.017029,-0.0035746,-0.14451
511,1268,0.017029,-0.0035746,-0.14451
511,1700,0.017029,-0.0035746,-0.14451
511,1752,0.017029,-0.0035746,-0.14451
511,1776,0.017029,-0.0035746,-0.14451
511,1970,0.017029,-0.0035746,-0.14451
512,0,-0.011285,0.015046,0.22239
512,313.5,-0.011285,0.015046,0.22239
512,326.5,-0.011285,0.015046,0.22239
512,337.5,-0.011285,0.015046,0.22239
512,2019,-0.011285,0.015046,0.22239
512,2033.7,-0.011285,0.015046,0.22239
513,0,0.10218,0.038132,0.29783
513,312.5,0.10218,0.038132,0.29783
513,323,0.10218,0.038132,0.29783
513,336.5,0.10218,0.038132,0.29783
513,1488.5,0.10218,0.038132,0.29783
513,1498.7,0.10218,0.038132,0.29783
513,1512.5,0.10218,0.038132,0.29783
513,1968.5,0.10218,0.038132,0.29783
513,1984.7,0.10218,0.038132,0.29783
514,0,0.0036712,-0.016038,-0.27756
514,360,0.0036712,-0.016038,-0.27756
514,375.83,0.0036712,-0.016038,-0.27756
514,384,0.0036712,-0.016038,-0.27756
514,430,0.0036712,-0.016038,-0.27756
514,1487,0.0036712,-0.016038,-0.27756
514,1504.3,0.0036712,-0.016038,-0.27756
514,1511,0.0036712,-0.016038,-0.27756
514,1582,0.0036712,-0.016038,-0.27756
514,1994,0.0036712,-0.016038,-0.27756
514,2004.7,0.0036712,-0.016038,-0.27756
515,0,-0.0142,0.027913,0.31845
515,335.88,-0.0142,0.027913,0.31845
515,350.72,-0.0142,0.027913,0.31845
515,359.88,-0.0142,0.027913,0.31845
515,1515.1,-0.0142,0.027913,0.31845
515,1527.5,-0.0142,0.027913,0.31845
515,1539.1,-0.0142,0.027913,0.31845
515,2015.7,-0.0142,0.027913,0.31845
515,2030.3,-0.0142,0.027913,0.31845
516,0,-0.047176,-0.048421,-0.36883
516,289,-0.047176,-0.048421,-0.36883
516,301,-0.047176,-0.048421,-0.36883
516,313,-0.047176,-0.048421,-0.36883
516,692.5,-0.047176,-0.048421,-0.36883
516,1464.5,-0.047176,-0.048421,-0.36883
516,1475.4,-0.047176,-0.048421,-0.36883
516,1488.5,-0.047176,-0.048421,-0.36883
516,2014.5,-0.047176,-0.048421,-0.36883
516,2033.8,-0.047176,-0.048421,-0.36883
517,0,0.0067299,-0.0052827,-0.1456
517,335,0.0067299,-0.0052827,-0.1456
517,351.75,0.0067299,-0.0052827,-0.1456
517,359,0.0067299,-0.0052827,-0.1456
517,404,0.0067299,-0.0052827,-0.1456
517,716,0.0067299,-0.0052827,-0.1456
517,740,0.0067299,-0.0052827,-0.1456
517,1608,0.0067299,-0.0052827,-0.1456
517,1632,0.0067299,-0.0052827,-0.1456
517,1990,0.0067299,-0.0052827,-0.1456
518,0,-0.11814,0.028292,0.5814
518,287.5,-0.11814,0.028292,0.5814
518,311.5,-0.11814,0.028292,0.5814
518,1464,-0.11814,0.028292,0.5814
518,1486,-0.11814,0.028292,0.5814
518,1488,-0.11814,0.028292,0.5814
518,1969,-0.11814,0.028292,0.5814
518,1988.5,-0.11814,0.028292,0.5814
519,0,0.051638,-0.047421,-0.78853
519,301.67,0.051638,-0.047421,-0.78853
519,328.77,0.051638,-0.047421,-0.78853
519,1957.7,0.051638,-0.047421,-0.78853
519,1987.3,0.051638,-0.047421,-0.78853
520,0,-0.022707,-0.022549,-0.41269
520,321.5,-0.022707,-0.022549,-0.41269
520,335.35,-0.022707,-0.022549,-0.41269
520,345.5,-0.022707,-0.022549,-0.41269
520,1497.5,-0.022707,-0.022549,-0.41269
520,1511.4,-0.022707,-0.022549,-0.41269
520,1521.5,-0.022707,-0.022549,-0.41269
520,2001.5,-0.022707,-0.022549,-0.41269
521,0,-0.043053,-0.012862,-0.16479
521,263.5,-0.043053,-0.012862,-0.16479
521,276.52,-0.043053,-0.012862,-0.16479
521,287.5,-0.043053,-0.012862,-0.16479
521,312,-0.043053,-0.012862,-0.16479
521,329.93,-0.043053,-0.012862,-0.16479
522,0,0.019575,-0.0046033,-0.11799
522,312.5,0.019575,-0.0046033,-0.11799
522,333.75,0.019575,-0.0046033,-0.11799
522,336.5,0.019575,-0.0046033,-0.11799
522,1993,0.019575,-0.0046033,-0.11799
522,2012.4,0.019575,-0.0046033,-0.11799
523,0,-0.05608,0.0041951,0.53651
523,47.5,-0.05608,0.0041951,0.53651
523,277.5,-0.05608,0.0041951,0.53651
523,329.47,-0.05608,0.0041951,0.53651
524,0,-0.0036048,0.0067594,0.1365
524,338,-0.0036048,0.0067594,0.1365
524,352,-0.0036048,0.0067594,0.1365
524,362,-0.0036048,0.0067594,0.1365
524,1322,-0.0036048,0.0067594,0.1365
524,1335.3,-0.0036048,0.0067594,0.1365
524,1346,-0.0036048,0.0067594,0.1365
524,1994,-0.0036048,0.0067594,0.1365
524,2006.6,-0.0036048,0.0067594,0.1365
525,0,-0.0063857,-0.024883,-0.85089
525,288.5,-0.0063857,-0.024883,-0.85089
525,302.78,-0.0063857,-0.024883,-0.85089
525,312.5,-0.0063857,-0.024883,-0.85089
525,1489.5,-0.0063857,-0.024883,-0.85089
525,1502.4,-0.0063857,-0.024883,-0.85089
525,1513.5,-0.0063857,-0.024883,-0.85089
525,1993,-0.0063857,-0.024883,-0.85089
525,2006.1,-0.0063857,-0.024883,-0.85089
526,0,-0.14049,0.016415,0.38507
526,312,-0.14049,0.016415,0.38507
526,327.33,-0.14049,0.016415,0.38507
526,336,-0.14049,0.016415,0.38507
526,1486.5,-0.14049,0.016415,0.38507
526,1500.7,-0.14049,0.016415,0.38507
526,1510.5,-0.14049,0.016415,0.38507
526,2014.5,-0.14049,0.016415,0.38507
526,2030.6,-0.14049,0.016415,0.38507
527,0,0.0016243,0.0024762,-0.20803
527,312,0.0016243,0.0024762,-0.20803
527,334.42,0.0016243,0.0024762,-0.20803
527,336,0.0016243,0.0024762,-0.20803
527,1488.5,0.0016243,0.0024762,-0.20803
527,1509.2,0.0016243,0.0024762,-0.20803
527,1512.5,0.0016243,0.0024762,-0.20803
527,1992.5,0.0016243,0.0024762,-0.20803
527,2014.1,0.0016243,0.0024762,-0.20803
528,0,-0.0076596,0.043114,0.54778
528,287.75,-0.0076596,0.043114,0.54778
528,305.12,-0.0076596,0.043114,0.54778
528,311.75,-0.0076596,0.043114,0.54778
528,1464.2,-0.0076596,0.043114,0.54778
528,1475.4,-0.0076596,0.043114,0.54778
528,1488.2,-0.0076596,0.043114,0.54778
528,1967.3,-0.0076596,0.043114,0.54778
528,1979.3,-0.0076596,0.043114,0.54778
529,0,0.056368,-0.0076315,-0.64392
529,311,0.056368,-0.0076315,-0.64392
529,325.25,0.056368,-0.0076315,-0.64392
529,335,0.056368,-0.0076315,-0.64392
529,1511,0.056368,-0.0076315,-0.64392
529,1529.2,0.056368,-0.0076315,-0.64392
529,1535,0.056368,-0.0076315,-0.64392
529,2016,0.056368,-0.0076315,-0.64392
529,2032,0.056368,-0.0076315,-0.64392
530,0,-0.13701,0.0083208,0.41622
530,312,-0.13701,0.0083208,0.41622
530,330.5,-0.13701,0.0083208,0.41622
530,336,-0.13701,0.0083208,0.41622
530,382,-0.13701,0.0083208,0.41622
530,1488,-0.13701,0.0083208,0.41622
530,1502,-0.13701,0.0083208,0.41622
530,1512,-0.13701,0.0083208,0.41622
530,1702,-0.13701,0.0083208,0.41622
530,2087,-0.13701,0.0083208,0.41622
531,0,-0.012572,-0.025996,-1.0029
531,312,-0.012572,-0.025996,-1.0029
531,329.17,-0.012572,-0.025996,-1.0029
531,336,-0.012572,-0.025996,-1.0029
531,1488,-0.012572,-0.025996,-1.0029
531,1512,-0.012572,-0.025996,-1.0029
531,2064,-0.012572,-0.025996,-1.0029
531,2080.8,-0.012572,-0.025996,-1.0029
532,0,-0.011517,0.015074,0.23229
532,312.63,-0.011517,0.015074,0.23229
532,326,-0.011517,0.015074,0.23229
532,336.63,-0.011517,0.015074,0.23229
532,1491,-0.011517,0.015074,0.23229
532,1503.9,-0.011517,0.015074,0.23229
532,1515,-0.011517,0.015074,0.23229
532,1995,-0.011517,0.015074,0.23229
532,2008,-0.011517,0.015074,0.23229
533,0,-0.017318,-0.019917,-0.63285
533,360.5,-0.017318,-0.019917,-0.63285
533,373,-0.017318,-0.019917,-0.63285
533,384.5,-0.017318,-0.019917,-0.63285
533,1101.5,-0.017318,-0.019917,-0.63285
533,1511,-0.017318,-0.019917,-0.63285
533,1522.8,-0.017318,-0.019917,-0.63285
533,1535,-0.017318,-0.019917,-0.63285
533,1629.5,-0.017318,-0.019917,-0.63285
533,2016.1,-0.017318,-0.019917,-0.63285
534,0,-0.13784,0.074483,0.84496
534,268,-0.13784,0.074483,0.84496
534,292,-0.13784,0.074483,0.84496
534,300.17,-0.13784,0.074483,0.84496
534,1487.5,-0.13784,0.074483,0.84496
534,1500,-0.13784,0.074483,0.84496
534,1511.5,-0.13784,0.074483,0.84496
534,1991,-0.13784,0.074483,0.84496
534,2004.8,-0.13784,0.074483,0.84496
535,0,0.1039,-0.014306,-0.28044
535,336.25,0.1039,-0.014306,-0.28044
535,360.25,0.1039,-0.014306,-0.28044
535,1510.2,0.1039,-0.014306,-0.28044
535,1534.7,0.1039,-0.014306,-0.28044
535,2005.9,0.1039,-0.014306,-0.28044
535,2038.6,0.1039,-0.014306,-0.28044
536,0,0.02336,-0.010801,-0.4302
536,311.5,0.02336,-0.010801,-0.4302
536,328.17,0.02336,-0.010801,-0.4302
536,335.5,0.02336,-0.010801,-0.4302
536,694.5,0.02336,-0.010801,-0.4302
536,1488.5,0.02336,-0.010801,-0.4302
536,1504.5,0.02336,-0.010801,-0.4302
536,1512.5,0.02336,-0.010801,-0.4302
536,1991.5,0.02336,-0.010801,-0.4302
536,2008.2,0.02336,-0.010801,-0.4302
537,0,0.0090017,-0.013715,-1.1839
537,313.5,0.0090017,-0.013715,-1.1839
537,328.5,0.0090017,-0.013715,-1.1839
537,337.5,0.0090017,-0.013715,-1.1839
537,1488.2,0.0090017,-0.013715,-1.1839
537,1504.3,0.0090017,-0.013715,-1.1839
537,1512.2,0.0090017,-0.013715,-1.1839
537,1991,0.0090017,-0.013715,-1.1839
537,2008.8,0.0090017,-0.013715,-1.1839
538,0,-0.12663,-0.035569,0.31357
538,313.5,-0.12663,-0.035569,0.31357
538,324,-0.12663,-0.035569,0.31357
538,337.5,-0.12663,-0.035569,0.31357
538,1489.8,-0.12663,-0.035569,0.31357
538,1499.2,-0.12663,-0.035569,0.31357
538,1513.8,-0.12663,-0.035569,0.31357
538,1947.5,-0.12663,-0.035569,0.31357
538,1979.2,-0.12663,-0.035569,0.31357
539,0,0.005803,0.010842,0.15967
539,312,0.005803,0.010842,0.15967
539,321.5,0.005803,0.010842,0.15967
539,336,0.005803,0.010842,0.15967
539,1440,0.005803,0.010842,0.15967
539,1464,0.005803,0.010842,0.15967
539,1969,0.005803,0.010842,0.15967
540,0,0.034567,-0.0074284,-0.39668
540,336,0.034567,-0.0074284,-0.39668
540,360,0.034567,-0.0074284,-0.39668
540,405.5,0.034567,-0.0074284,-0.39668
540,1343,0.034567,-0.0074284,-0.39668
540,1363.2,0.034567,-0.0074284,-0.39668
540,1367,0.034567,-0.0074284,-0.39668
540,2015,0.034567,-0.0074284,-0.39668
541,0,-0.058449,0.029288,0.38974
541,313.5,-0.058449,0.029288,0.38974
541,326.72,-0.058449,0.029288,0.38974
541,337.5,-0.058449,0.029288,0.38974
541,1492.5,-0.058449,0.029288,0.38974
541,1502.4,-0.058449,0.029288,0.38974
541,1516.5,-0.058449,0.029288,0.38974
541,1994.5,-0.058449,0.029288,0.38974
541,2006.5,-0.058449,0.029288,0.38974
542,0,-6.7182e-05,-0.027653,-0.2964
542,315,-6.7182e-05,-0.027653,-0.2964
542,329.42,-6.7182e-05,-0.027653,-0.2964
542,339,-6.7182e-05,-0.027653,-0.2964
542,1491,-6.7182e-05,-0.027653,-0.2964
542,1505.2,-6.7182e-05,-0.027653,-0.2964
542,1515,-6.7182e-05,-0.027653,-0.2964
542,1994,-6.7182e-05,-0.027653,-0.2964
542,2009.2,-6.7182e-05,-0.027653,-0.2964
543,0,-0.033996,-0.014587,-0.18976
543,310.75,-0.033996,-0.014587,-0.18976
543,324.42,-0.033996,-0.014587,-0.18976
543,334.75,-0.033996,-0.014587,-0.18976
543,1486.8,-0.033996,-0.014587,-0.18976
543,1500.3,-0.033996,-0.014587,-0.18976
543,1510.8,-0.033996,-0.014587,-0.18976
543,1991.8,-0.033996,-0.014587,-0.18976
543,2004.6,-0.033996,-0.014587,-0.18976
544,0,-0.011787,0.0058874,0.13603
544,311.5,-0.011787,0.0058874,0.13603
544,328.5,-0.011787,0.0058874,0.13603
544,335.5,-0.011787,0.0058874,0.13603
544,623.5,-0.011787,0.0058874,0.13603
545,0,0.0020091,-0.018831,-0.052641
545,313,0.0020091,-0.018831,-0.052641
545,326.75,0.0020091,-0.018831,-0.052641
545,337,0.0020091,-0.018831,-0.052641
545,1103,0.0020091,-0.018831,-0.052641
545,1488.2,0.0020091,-0.018831,-0.052641
545,1502.8,0.0020091,-0.018831,-0.052641
545,1512.2,0.0020091,-0.018831,-0.052641
545,1992,0.0020091,-0.018831,-0.052641
545,2007.4,0.0020091,-0.018831,-0.052641
546,0,0.015049,-0.0053555,-0.17051
546,310.45,0.015049,-0.0053555,-0.17051
546,324.78,0.015049,-0.0053555,-0.17051
546,334.45,0.015049,-0.0053555,-0.17051
546,381.7,0.015049,-0.0053555,-0.17051
546,646.2,0.015049,-0.0053555,-0.17051
546,661.12,0.015049,-0.0053555,-0.17051
547,0,-0.0066797,-0.020947,-0.2064
547,407.75,-0.0066797,-0.020947,-0.2064
547,427.08,-0.0066797,-0.020947,-0.2064
547,431.75,-0.0066797,-0.020947,-0.2064
547,1055.5,-0.0066797,-0.020947,-0.2064
547,1488,-0.0066797,-0.020947,-0.2064
547,1502.9,-0.0066797,-0.020947,-0.2064
547,1512,-0.0066797,-0.020947,-0.2064
547,1992.5,-0.0066797,-0.020947,-0.2064
547,2007.7,-0.0066797,-0.020947,-0.2064
548,0,0.034493,-0.0022174,-0.24189
548,456.25,0.034493,-0.0022174,-0.24189
548,473.17,0.034493,-0.0022174,-0.24189
548,480.25,0.034493,-0.0022174,-0.24189
548,1461.8,0.034493,-0.0022174,-0.24189
548,1481.1,0.034493,-0.0022174,-0.24189
548,1485.8,0.034493,-0.0022174,-0.24189
548,2014.8,0.034493,-0.0022174,-0.24189
548,2029.8,0.034493,-0.0022174,-0.24189
549,0,-0.029923,-0.013388,-0.046456
549,312,-0.029923,-0.013388,-0.046456
549,328,-0.029923,-0.013388,-0.046456
549,336,-0.029923,-0.013388,-0.046456
549,1683.8,-0.029923,-0.013388,-0.046456
549,1696.3,-0.029923,-0.013388,-0.046456
549,1707.8,-0.029923,-0.013388,-0.046456
549,2255.5,-0.029923,-0.013388,-0.046456
549,2320.6,-0.029923,-0.013388,-0.046456
550,0,-0.061572,0.050385,0.64636
550,317,-0.061572,0.050385,0.64636
550,341,-0.061572,0.050385,0.64636
550,1008,-0.061572,0.050385,0.64636
550,1661,-0.061572,0.050385,0.64636
550,1672.7,-0.061572,0.050385,0.64636
551,0,-0.015271,0.0049053,0.13041
551,312.5,-0.015271,0.0049053,0.13041
551,328.33,-0.015271,0.0049053,0.13041
551,336.5,-0.015271,0.0049053,0.13041
551,648.5,-0.015271,0.0049053,0.13041
551,664.92,-0.015271,0.0049053,0.13041
552,0,0.0055539,-0.017937,-0.70787
552,289.37,0.0055539,-0.017937,-0.70787
552,302.87,0.0055539,-0.017937,-0.70787
552,313.37,0.0055539,-0.017937,-0.70787
552,1464.6,0.0055539,-0.017937,-0.70787
552,1480.6,0.0055539,-0.017937,-0.70787
552,1488.6,0.0055539,-0.017937,-0.70787
552,1992.9,0.0055539,-0.017937,-0.70787
552,2008.1,0.0055539,-0.017937,-0.70787
553,0,-0.034976,-0.01465,0.10858
553,312,-0.034976,-0.01465,0.10858
553,328,-0.034976,-0.01465,0.10858
553,336,-0.034976,-0.01465,0.10858
553,1489.5,-0.034976,-0.01465,0.10858
553,1503.5,-0.034976,-0.01465,0.10858
553,1513.5,-0.034976,-0.01465,0.10858
553,1559.5,-0.034976,-0.01465,0.10858
553,1967.5,-0.034976,-0.01465,0.10858
553,2010.6,-0.034976,-0.01465,0.10858
554,0,-0.083556,0.026119,0.47816
554,288,-0.083556,0.026119,0.47816
554,303.9,-0.083556,0.026119,0.47816
554,312,-0.083556,0.026119,0.47816
554,695.25,-0.083556,0.026119,0.47816
554,1968.2,-0.083556,0.026119,0.47816
554,1983.9,-0.083556,0.026119,0.47816
555,0,0.093312,0.014029,0.074684
555,310.25,0.093312,0.014029,0.074684
555,320.17,0.093312,0.014029,0.074684
555,334.25,0.093312,0.014029,0.074684
555,379.5,0.093312,0.014029,0.074684
555,667.5,0.093312,0.014029,0.074684
555,1437.5,0.093312,0.014029,0.074684
555,1448.9,0.093312,0.014029,0.074684
556,0,0.015733,0.0039875,-0.0033118
556,313,0.015733,0.0039875,-0.0033118
556,328.55,0.015733,0.0039875,-0.0033118
556,337,0.015733,0.0039875,-0.0033118
556,1489,0.015733,0.0039875,-0.0033118
556,1504.7,0.015733,0.0039875,-0.0033118
556,1513,0.015733,0.0039875,-0.0033118
556,2042,0.015733,0.0039875,-0.0033118
556,2056.8,0.015733,0.0039875,-0.0033118
557,0,-0.15916,0.035753,0.64255
557,312.92,-0.15916,0.035753,0.64255
557,329.25,-0.15916,0.035753,0.64255
557,336.92,-0.15916,0.035753,0.64255
557,1466.4,-0.15916,0.035753,0.64255
557,1481.4,-0.15916,0.035753,0.64255
557,1490.4,-0.15916,0.035753,0.64255
557,1969.9,-0.15916,0.035753,0.64255
557,1985.5,-0.15916,0.035753,0.64255
558,0,0.0011248,-0.013689,-0.29444
558,312,0.0011248,-0.013689,-0.29444
558,324.75,0.0011248,-0.013689,-0.29444
559,0,-0.099675,-0.056322,-0.47085
559,312,-0.099675,-0.056322,-0.47085
559,324.5,-0.099675,-0.056322,-0.47085
559,336,-0.099675,-0.056322,-0.47085
559,984,-0.099675,-0.056322,-0.47085
559,1020,-0.099675,-0.056322,-0.47085
560,0,0.0049222,-0.013181,-0.314
560,337.5,0.0049222,-0.013181,-0.314
560,351,0.0049222,-0.013181,-0.314
560,361.5,0.0049222,-0.013181,-0.314
560,624,0.0049222,-0.013181,-0.314
560,1248,0.0049222,-0.013181,-0.314
560,1298,0.0049222,-0.013181,-0.314
561,0,-0.043171,0.017016,0.36915
561,311.83,-0.043171,0.017016,0.36915
561,327.8,-0.043171,0.017016,0.36915
561,335.83,-0.043171,0.017016,0.36915
561,1489.5,-0.043171,0.017016,0.36915
561,1504.1,-0.043171,0.017016,0.36915
561,1513.5,-0.043171,0.017016,0.36915
561,1994.5,-0.043171,0.017016,0.36915
561,2008,-0.043171,0.017016,0.36915
562,0,-0.00059343,0.0021736,0.043358
562,311.5,-0.00059343,0.0021736,0.043358
562,325.42,-0.00059343,0.0021736,0.043358
562,335.5,-0.00059343,0.0021736,0.043358
562,383.5,-0.00059343,0.0021736,0.043358
562,719.5,-0.00059343,0.0021736,0.043358
562,1055.5,-0.00059343,0.0021736,0.043358
562,1583.5,-0.00059343,0.0021736,0.043358
562,1968,-0.00059343,0.0021736,0.043358
563,0,-0.0048308,0.018293,0.21439
563,313.25,-0.0048308,0.018293,0.21439
563,324.58,-0.0048308,0.018293,0.21439
563,337.25,-0.0048308,0.018293,0.21439
563,1489.5,-0.0048308,0.018293,0.21439
563,1500.4,-0.0048308,0.018293,0.21439
564,0,-0.23353,0.14198,0.97289
564,309.58,-0.23353,0.14198,0.97289
564,323.58,-0.23353,0.14198,0.97289
564,333.58,-0.23353,0.14198,0.97289
564,1125.1,-0.23353,0.14198,0.97289
564,1485.6,-0.23353,0.14198,0.97289
564,1499.1,-0.23353,0.14198,0.97289
564,1509.6,-0.23353,0.14198,0.97289
564,1581.1,-0.23353,0.14198,0.97289
564,2060.6,-0.23353,0.14198,0.97289
564,2077.8,-0.23353,0.14198,0.97289
565,0,0.0011096,0.011173,0.186
565,335.92,0.0011096,0.011173,0.186
565,351.42,0.0011096,0.011173,0.186
565,359.92,0.0011096,0.011173,0.186
565,1511.9,0.0011096,0.011173,0.186
565,1527.3,0.0011096,0.011173,0.186
565,1535.9,0.0011096,0.011173,0.186
565,1991.9,0.0011096,0.011173,0.186
565,2007.3,0.0011096,0.011173,0.186
566,0,0.13436,0.012737,-0.13205
566,312,0.13436,0.012737,-0.13205
566,323.83,0.13436,0.012737,-0.13205
566,336,0.13436,0.012737,-0.13205
566,814.33,0.13436,0.012737,-0.13205
566,1054.3,0.13436,0.012737,-0.13205
566,1463.3,0.13436,0.012737,-0.13205
566,1485.1,0.13436,0.012737,-0.13205
566,1487.3,0.13436,0.012737,-0.13205
566,1534.3,0.13436,0.012737,-0.13205
566,1990.8,0.13436,0.012737,-0.13205
566,2003.5,0.13436,0.012737,-0.13205
567,0,0.028554,-0.013753,-1.0052
567,312,0.028554,-0.013753,-1.0052
567,336,0.028554,-0.013753,-1.0052
567,1440,0.028554,-0.013753,-1.0052
567,1456.6,0.028554,-0.013753,-1.0052
567,1464,0.028554,-0.013753,-1.0052
567,1990,0.028554,-0.013753,-1.0052
567,2006.8,0.028554,-0.013753,-1.0052
568,0,-0.088854,0.010755,0.43853
568,312,-0.088854,0.010755,0.43853
568,332.67,-0.088854,0.010755,0.43853
568,336,-0.088854,0.010755,0.43853
568,743,-0.088854,0.010755,0.43853
568,1488,-0.088854,0.010755,0.43853
568,1508.6,-0.088854,0.010755,0.43853
568,1512,-0.088854,0.010755,0.43853
568,1992,-0.088854,0.010755,0.43853
568,2006.2,-0.088854,0.010755,0.43853
569,0,-0.01621,0.0047161,0.12241
569,316.5,-0.01621,0.0047161,0.12241
569,334.75,-0.01621,0.0047161,0.12241
570,0,0.020827,-0.0068516,-0.21505
570,337,0.020827,-0.0068516,-0.21505
570,355.8,0.020827,-0.0068516,-0.21505
571,0,-0.067399,0.015344,0.13668
571,313,-0.067399,0.015344,0.13668
571,325.17,-0.067399,0.015344,0.13668
571,337,-0.067399,0.015344,0.13668
571,1512,-0.067399,0.015344,0.13668
571,1524.8,-0.067399,0.015344,0.13668
571,1536,-0.067399,0.015344,0.13668
571,1583,-0.067399,0.015344,0.13668
571,2039,-0.067399,0.015344,0.13668
571,2052.8,-0.067399,0.015344,0.13668
572,0,-0.029838,0.022009,0.30904
572,335.5,-0.029838,0.022009,0.30904
572,348.83,-0.029838,0.022009,0.30904
572,359.5,-0.029838,0.022009,0.30904
572,1501.5,-0.029838,0.022009,0.30904
572,1525.8,-0.029838,0.022009,0.30904
572,1992.5,-0.029838,0.022009,0.30904
572,2004.8,-0.029838,0.022009,0.30904
573,0,0.024895,-0.018442,0.035242
573,361,0.024895,-0.018442,0.035242
573,373.5,0.024895,-0.018442,0.035242
573,385,0.024895,-0.018442,0.035242
573,1512,0.024895,-0.018442,0.035242
573,1524.8,0.024895,-0.018442,0.035242
573,1536,0.024895,-0.018442,0.035242
573,2017,0.024895,-0.018442,0.035242
573,2029.5,0.024895,-0.018442,0.035242
574,0,0.0017549,-0.0018017,-0.035684
574,288.75,0.0017549,-0.0018017,-0.035684
574,302.25,0.0017549,-0.0018017,-0.035684
575,0,-0.016887,-0.013876,-0.21927
575,311,-0.016887,-0.013876,-0.21927
575,324.75,-0.016887,-0.013876,-0.21927
575,335,-0.016887,-0.013876,-0.21927
575,1511.1,-0.016887,-0.013876,-0.21927
575,1535.1,-0.016887,-0.013876,-0.21927
575,2039,-0.016887,-0.013876,-0.21927
575,2054.5,-0.016887,-0.013876,-0.21927
576,0,0.014575,-0.0063171,-0.22221
576,328,0.014575,-0.0063171,-0.22221
576,352,0.014575,-0.0063171,-0.22221
576,1511.5,0.014575,-0.0063171,-0.22221
576,1535.5,0.014575,-0.0063171,-0.22221
576,2017,0.014575,-0.0063171,-0.22221
576,2032.2,0.014575,-0.0063171,-0.22221
577,0,0.0039856,-0.0010305,-0.039962
577,314,0.0039856,-0.0010305,-0.039962
577,328.17,0.0039856,-0.0010305,-0.039962
577,338,0.0039856,-0.0010305,-0.039962
577,1489,0.0039856,-0.0010305,-0.039962
577,1507.5,0.0039856,-0.0010305,-0.039962
577,1513,0.0039856,-0.0010305,-0.039962
577,1560,0.0039856,-0.0010305,-0.039962
577,1994.5,0.0039856,-0.0010305,-0.039962
577,2009.3,0.0039856,-0.0010305,-0.039962
578,0,-0.021892,0.014777,0.25772
578,361.5,-0.021892,0.014777,0.25772
578,374.58,-0.021892,0.014777,0.25772
578,385.5,-0.021892,0.014777,0.25772
578,1680,-0.021892,0.014777,0.25772
578,1693.3,-0.021892,0.014777,0.25772
578,1704,-0.021892,0.014777,0.25772
578,2234.5,-0.021892,0.014777,0.25772
578,2246.8,-0.021892,0.014777,0.25772
579,0,0.029341,0.0030584,-0.036545
579,309,0.029341,0.0030584,-0.036545
579,325.33,0.029341,0.0030584,-0.036545
579,333,0.029341,0.0030584,-0.036545
579,1652,0.029341,0.0030584,-0.036545
579,1669.5,0.029341,0.0030584,-0.036545
579,1676,0.029341,0.0030584,-0.036545
579,2156,0.029341,0.0030584,-0.036545
579,2173.3,0.029341,0.0030584,-0.036545
580,0,0.0038816,-0.01228,0.018089
580,312,0.0038816,-0.01228,0.018089
580,328.42,0.0038816,-0.01228,0.018089
580,336,0.0038816,-0.01228,0.018089
580,1056,0.0038816,-0.01228,0.018089
580,1536,0.0038816,-0.01228,0.018089
580,1552.6,0.0038816,-0.01228,0.018089
580,1560,0.0038816,-0.01228,0.018089
580,2040,0.0038816,-0.01228,0.018089
580,2056.2,0.0038816,-0.01228,0.018089
581,0,-0.025656,-0.020982,-0.5345
581,670.5,-0.025656,-0.020982,-0.5345
581,691.5,-0.025656,-0.020982,-0.5345
581,694.5,-0.025656,-0.020982,-0.5345
581,1487,-0.025656,-0.020982,-0.5345
581,1500,-0.025656,-0.020982,-0.5345
581,1511,-0.025656,-0.020982,-0.5345
581,1991.5,-0.025656,-0.020982,-0.5345
581,2004,-0.025656,-0.020982,-0.5345
582,0,-0.045704,-0.0094565,0.08142
582,310,-0.045704,-0.0094565,0.08142
582,331.5,-0.045704,-0.0094565,0.08142
582,334,-0.045704,-0.0094565,0.08142
582,1486,-0.045704,-0.0094565,0.08142
582,1506.7,-0.045704,-0.0094565,0.08142
582,1510,-0.045704,-0.0094565,0.08142
582,1558,-0.045704,-0.0094565,0.08142
582,1990.5,-0.045704,-0.0094565,0.08142
582,2006.2,-0.045704,-0.0094565,0.08142
583,0,-0.0001435,0.0019452,0.028096
583,312,-0.0001435,0.0019452,0.028096
583,325.5,-0.0001435,0.0019452,0.028096
583,336,-0.0001435,0.0019452,0.028096
583,1487,-0.0001435,0.0019452,0.028096
583,1511,-0.0001435,0.0019452,0.028096
583,2015,-0.0001435,0.0019452,0.028096
583,2034.2,-0.0001435,0.0019452,0.028096
584,0,0.027687,-0.01288,-0.18797
584,312,0.027687,-0.01288,-0.18797
584,330.75,0.027687,-0.01288,-0.18797
584,336,0.027687,-0.01288,-0.18797
584,1055,0.027687,-0.01288,-0.18797
584,2014,0.027687,-0.01288,-0.18797
584,2034.5,0.027687,-0.01288,-0.18797
585,0,0.023026,-0.014152,-0.2543
585,312,0.023026,-0.014152,-0.2543
585,331,0.023026,-0.014152,-0.2543
585,336,0.023026,-0.014152,-0.2543
585,408,0.023026,-0.014152,-0.2543
585,768,0.023026,-0.014152,-0.2543
585,1176,0.023026,-0.014152,-0.2543
585,1464,0.023026,-0.014152,-0.2543
585,1483,0.023026,-0.014152,-0.2543
585,1488,0.023026,-0.014152,-0.2543
585,1992,0.023026,-0.014152,-0.2543
585,2011.5,0.023026,-0.014152,-0.2543
586,0,0.025894,-0.0083907,-0.3247
586,308.5,0.025894,-0.0083907,-0.3247
586,330.5,0.025894,-0.0083907,-0.3247
586,332.5,0.025894,-0.0083907,-0.3247
586,428,0.025894,-0.0083907,-0.3247
586,692,0.025894,-0.0083907,-0.3247
586,1196,0.025894,-0.0083907,-0.3247
586,1558,0.025894,-0.0083907,-0.3247
586,1606,0.025894,-0.0083907,-0.3247
586,1772,0.025894,-0.0083907,-0.3247
586,1942,0.025894,-0.0083907,-0.3247
587,0,0.0023865,-0.0037419,-0.10105
587,312,0.0023865,-0.0037419,-0.10105
587,331.18,0.0023865,-0.0037419,-0.10105
587,336,0.0023865,-0.0037419,-0.10105
587,1466.2,0.0023865,-0.0037419,-0.10105
587,1477.2,0.0023865,-0.0037419,-0.10105
587,1490.2,0.0023865,-0.0037419,-0.10105
587,1535,0.0023865,-0.0037419,-0.10105
587,2113,0.0023865,-0.0037419,-0.10105
587,2134.4,0.0023865,-0.0037419,-0.10105
588,0,0.0076084,0.0056558,0.17658
588,312.5,0.0076084,0.0056558,0.17658
588,324.33,0.0076084,0.0056558,0.17658
588,336.5,0.0076084,0.0056558,0.17658
588,1511.5,0.0076084,0.0056558,0.17658
588,1524.2,0.0076084,0.0056558,0.17658
588,1535.5,0.0076084,0.0056558,0.17658
588,2040.5,0.0076084,0.0056558,0.17658
588,2050.8,0.0076084,0.0056558,0.17658
589,0,0.025664,-0.0097652,-0.4529
589,334.5,0.025664,-0.0097652,-0.4529
589,358.5,0.025664,-0.0097652,-0.4529
589,1511,0.025664,-0.0097652,-0.4529
589,1535,0.025664,-0.0097652,-0.4529
589,2042,0.025664,-0.0097652,-0.4529
589,2058.1,0.025664,-0.0097652,-0.4529
590,0,0.0074243,-0.006208,-0.13933
590,312,0.0074243,-0.006208,-0.13933
590,326.33,0.0074243,-0.006208,-0.13933
590,336,0.0074243,-0.006208,-0.13933
590,1488,0.0074243,-0.006208,-0.13933
590,1512,0.0074243,-0.006208,-0.13933
590,2008,0.0074243,-0.006208,-0.13933
591,0,0.038952,-0.0037906,-0.45125
591,312,0.038952,-0.0037906,-0.45125
591,333.25,0.038952,-0.0037906,-0.45125
591,336,0.038952,-0.0037906,-0.45125
591,1488,0.038952,-0.0037906,-0.45125
591,1508.5,0.038952,-0.0037906,-0.45125
591,1512,0.038952,-0.0037906,-0.45125
591,1559,0.038952,-0.0037906,-0.45125
591,2016,0.038952,-0.0037906,-0.45125
592,0,-0.025709,-0.027265,-0.53284
592,313.5,-0.025709,-0.027265,-0.53284
592,324,-0.025709,-0.027265,-0.53284
592,337.5,-0.025709,-0.027265,-0.53284
592,1488.5,-0.025709,-0.027265,-0.53284
592,1500,-0.025709,-0.027265,-0.53284
592,1512.5,-0.025709,-0.027265,-0.53284
592,1992.5,-0.025709,-0.027265,-0.53284
592,2004,-0.025709,-0.027265,-0.53284
593,0,-0.069973,0.01773,0.23286
593,337,-0.069973,0.01773,0.23286
593,351.08,-0.069973,0.01773,0.23286
593,361,-0.069973,0.01773,0.23286
593,1512,-0.069973,0.01773,0.23286
593,1525.9,-0.069973,0.01773,0.23286
593,1536,-0.069973,0.01773,0.23286
593,2016,-0.069973,0.01773,0.23286
593,2028.9,-0.069973,0.01773,0.23286
594,0,-0.016252,0.034144,0.44561
594,336,-0.016252,0.034144,0.44561
594,346.5,-0.016252,0.034144,0.44561
595,0,-0.22092,0.10933,1.0069
595,312.5,-0.22092,0.10933,1.0069
595,323.67,-0.22092,0.10933,1.0069
595,336.5,-0.22092,0.10933,1.0069
595,474.75,-0.22092,0.10933,1.0069
595,481.75,-0.22092,0.10933,1.0069
596,0,-0.024802,-0.024175,-0.43188
596,312.5,-0.024802,-0.024175,-0.43188
596,324.5,-0.024802,-0.024175,-0.43188
596,336.5,-0.024802,-0.024175,-0.43188
596,1465,-0.024802,-0.024175,-0.43188
596,1505.5,-0.024802,-0.024175,-0.43188
596,1981.5,-0.024802,-0.024175,-0.43188
597,0,-0.073313,0.015811,0.26508
597,216.83,-0.073313,0.015811,0.26508
597,237.42,-0.073313,0.015811,0.26508
597,240.83,-0.073313,0.015811,0.26508
597,1418.3,-0.073313,0.015811,0.26508
597,1437.6,-0.073313,0.015811,0.26508
597,1442.3,-0.073313,0.015811,0.26508
597,2064.8,-0.073313,0.015811,0.26508
597,2085.8,-0.073313,0.015811,0.26508
598,0,6.7658e-05,-1.4154e-05,-0.00041071
598,216,6.7658e-05,-1.4154e-05,-0.00041071
598,238,6.7658e-05,-1.4154e-05,-0.00041071
598,240,6.7658e-05,-1.4154e-05,-0.00041071
598,619,6.7658e-05,-1.4154e-05,-0.00041071
598,1150,6.7658e-05,-1.4154e-05,-0.00041071
598,1171,6.7658e-05,-1.4154e-05,-0.00041071
599,0,-0.032966,-0.0013639,0.16328
599,312,-0.032966,-0.0013639,0.16328
599,332,-0.032966,-0.0013639,0.16328
599,336,-0.032966,-0.0013639,0.16328
599,1488.5,-0.032966,-0.0013639,0.16328
599,1512.5,-0.032966,-0.0013639,0.16328
599,1992,-0.032966,-0.0013639,0.16328
599,2013,-0.032966,-0.0013639,0.16328
600,0,-0.052685,0.0089585,0.30231
600,309.42,-0.052685,0.0089585,0.30231
600,333.5,-0.052685,0.0089585,0.30231
600,382,-0.052685,0.0089585,0.30231
600,816,-0.052685,0.0089585,0.30231
601,0,0.047719,-0.0090069,-1.0299
601,311.5,0.047719,-0.0090069,-1.0299
601,330,0.047719,-0.0090069,-1.0299
601,335.5,0.047719,-0.0090069,-1.0299
601,1488.1,0.047719,-0.0090069,-1.0299
601,1512.1,0.047719,-0.0090069,-1.0299
601,1990.9,0.047719,-0.0090069,-1.0299
601,2012.3,0.047719,-0.0090069,-1.0299
602,0,-0.0094527,0.0037485,0.035989
602,22.67,-0.0094527,0.0037485,0.035989
602,432.58,-0.0094527,0.0037485,0.035989
602,1897,-0.0094527,0.0037485,0.035989
602,1921,-0.0094527,0.0037485,0.035989
602,2403.6,-0.0094527,0.0037485,0.035989
603,0,0.017345,0.01395,0.21628
603,311.5,0.017345,0.01395,0.21628
603,326.5,0.017345,0.01395,0.21628
603,335.5,0.017345,0.01395,0.21628
603,1487.5,0.017345,0.01395,0.21628
603,1506,0.017345,0.01395,0.21628
603,1511.5,0.017345,0.01395,0.21628
603,1982.8,0.017345,0.01395,0.21628
603,2012.8,0.017345,0.01395,0.21628
604,0,-0.01838,0.0053906,0.15087
604,335,-0.01838,0.0053906,0.15087
604,354.67,-0.01838,0.0053906,0.15087
604,359,-0.01838,0.0053906,0.15087
604,1488,-0.01838,0.0053906,0.15087
604,1512,-0.01838,0.0053906,0.15087
604,1990,-0.01838,0.0053906,0.15087
605,0,-0.003722,0.00064439,0.030545
605,332.58,-0.003722,0.00064439,0.030545
605,356.58,-0.003722,0.00064439,0.030545
605,1507.4,-0.003722,0.00064439,0.030545
605,1531,-0.003722,0.00064439,0.030545
605,1531.4,-0.003722,0.00064439,0.030545
605,1940.3,-0.003722,0.00064439,0.030545
606,0,-0.10135,0.0089157,0.30187
606,313.67,-0.10135,0.0089157,0.30187
606,335.53,-0.10135,0.0089157,0.30187
606,337.67,-0.10135,0.0089157,0.30187
606,1488,-0.10135,0.0089157,0.30187
606,1507.6,-0.10135,0.0089157,0.30187
606,1512,-0.10135,0.0089157,0.30187
606,1994,-0.10135,0.0089157,0.30187
607,0,-0.028221,0.012173,0.2622
607,308.92,-0.028221,0.012173,0.2622
607,331.58,-0.028221,0.012173,0.2622
607,332.92,-0.028221,0.012173,0.2622
607,1485.6,-0.028221,0.012173,0.2622
607,1504,-0.028221,0.012173,0.2622
607,1509.6,-0.028221,0.012173,0.2622
607,1988.5,-0.028221,0.012173,0.2622
608,0,-0.2022,0.052438,0.84148
608,313,-0.2022,0.052438,0.84148
608,329,-0.2022,0.052438,0.84148
608,337,-0.2022,0.052438,0.84148
608,1488,-0.2022,0.052438,0.84148
608,1504.5,-0.2022,0.052438,0.84148
609,0,-0.14817,0.053169,0.76556
609,335,-0.14817,0.053169,0.76556
609,351.42,-0.14817,0.053169,0.76556
609,359,-0.14817,0.053169,0.76556
609,1489,-0.14817,0.053169,0.76556
609,1513,-0.14817,0.053169,0.76556
609,2019.5,-0.14817,0.053169,0.76556
609,2033.9,-0.14817,0.053169,0.76556
610,0,-0.039039,0.0034397,0.17762
610,47,-0.039039,0.0034397,0.17762
610,120,-0.039039,0.0034397,0.17762
610,158.7,-0.039039,0.0034397,0.17762
611,0,-0.064522,-0.035922,-0.90533
611,336.67,-0.064522,-0.035922,-0.90533
611,349.42,-0.064522,-0.035922,-0.90533
611,360.67,-0.064522,-0.035922,-0.90533
611,765.67,-0.064522,-0.035922,-0.90533
611,1293.7,-0.064522,-0.035922,-0.90533
611,1488.7,-0.064522,-0.035922,-0.90533
611,1512.7,-0.064522,-0.035922,-0.90533
611,2041.2,-0.064522,-0.035922,-0.90533
611,2052.5,-0.064522,-0.035922,-0.90533
612,0,0.021458,-0.013759,-0.64033
612,311,0.021458,-0.013759,-0.64033
612,326.75,0.021458,-0.013759,-0.64033
612,335,0.021458,-0.013759,-0.64033
612,359.5,0.021458,-0.013759,-0.64033
612,383.5,0.021458,-0.013759,-0.64033
612,1487.5,0.021458,-0.013759,-0.64033
612,1504.3,0.021458,-0.013759,-0.64033
612,1511.5,0.021458,-0.013759,-0.64033
612,1992,0.021458,-0.013759,-0.64033
613,0,-0.011879,0.0042806,0.098952
613,312,-0.011879,0.0042806,0.098952
613,328.5,-0.011879,0.0042806,0.098952
613,336,-0.011879,0.0042806,0.098952
613,1199.5,-0.011879,0.0042806,0.098952
614,0,0.00034971,-0.026829,-0.65391
614,336,0.00034971,-0.026829,-0.65391
614,353,0.00034971,-0.026829,-0.65391
614,360,0.00034971,-0.026829,-0.65391
614,1512,0.00034971,-0.026829,-0.65391
614,1527.3,0.00034971,-0.026829,-0.65391
614,1536,0.00034971,-0.026829,-0.65391
614,2040,0.00034971,-0.026829,-0.65391
614,2056.8,0.00034971,-0.026829,-0.65391
615,0,0.0033468,-0.0075106,-0.27599
615,311.8,0.0033468,-0.0075106,-0.27599
615,331.3,0.0033468,-0.0075106,-0.27599
615,335.8,0.0033468,-0.0075106,-0.27599
615,1055.8,0.0033468,-0.0075106,-0.27599
615,1079.8,0.0033468,-0.0075106,-0.27599
615,1487.8,0.0033468,-0.0075106,-0.27599
615,1504.5,0.0033468,-0.0075106,-0.27599
616,0,-0.0051962,0.02254,0.33741
616,311.5,-0.0051962,0.02254,0.33741
616,324.25,-0.0051962,0.02254,0.33741
616,335.5,-0.0051962,0.02254,0.33741
616,1487.7,-0.0051962,0.02254,0.33741
616,1500.5,-0.0051962,0.02254,0.33741
616,1511.7,-0.0051962,0.02254,0.33741
616,1991.5,-0.0051962,0.02254,0.33741
616,2004.5,-0.0051962,0.02254,0.33741
617,0,-0.021724,-0.019866,-0.35875
617,336,-0.021724,-0.019866,-0.35875
617,350.42,-0.021724,-0.019866,-0.35875
617,360,-0.021724,-0.019866,-0.35875
617,1489.5,-0.021724,-0.019866,-0.35875
617,1502.8,-0.021724,-0.019866,-0.35875
617,1513.5,-0.021724,-0.019866,-0.35875
617,1993.5,-0.021724,-0.019866,-0.35875
617,2030.8,-0.021724,-0.019866,-0.35875
618,0,-0.0058876,-0.017665,-0.47651
618,287,-0.0058876,-0.017665,-0.47651
618,302.83,-0.0058876,-0.017665,-0.47651
618,311,-0.0058876,-0.017665,-0.47651
618,1465,-0.0058876,-0.017665,-0.47651
618,1489,-0.0058876,-0.017665,-0.47651
618,1969,-0.0058876,-0.017665,-0.47651
619,0,-0.076958,-0.0062422,0.21619
619,284.5,-0.076958,-0.0062422,0.21619
619,299.67,-0.076958,-0.0062422,0.21619
619,308.5,-0.076958,-0.0062422,0.21619
619,1485,-0.076958,-0.0062422,0.21619
619,1499.1,-0.076958,-0.0062422,0.21619
619,1509,-0.076958,-0.0062422,0.21619
619,2061.5,-0.076958,-0.0062422,0.21619
619,2080.8,-0.076958,-0.0062422,0.21619
620,0,-0.08737,-0.033344,-0.037859
620,480,-0.08737,-0.033344,-0.037859
620,500.25,-0.08737,-0.033344,-0.037859
620,504,-0.08737,-0.033344,-0.037859
620,1344,-0.08737,-0.033344,-0.037859
620,1609.8,-0.08737,-0.033344,-0.037859
620,1623.3,-0.08737,-0.033344,-0.037859
620,1633.8,-0.08737,-0.033344,-0.037859
620,1776,-0.08737,-0.033344,-0.037859
620,2088,-0.08737,-0.033344,-0.037859
621,0,0.049304,0.010299,0.044384
621,310.08,0.049304,0.010299,0.044384
621,324.58,0.049304,0.010299,0.044384
621,334.08,0.049304,0.010299,0.044384
621,1500.3,0.049304,0.010299,0.044384
621,1524.3,0.049304,0.010299,0.044384
621,1580.3,0.049304,0.010299,0.044384
621,2013.3,0.049304,0.010299,0.044384
621,2028.4,0.049304,0.010299,0.044384
622,0,-0.12871,0.0057127,0.53991
622,311.5,-0.12871,0.0057127,0.53991
622,328,-0.12871,0.0057127,0.53991
622,335.5,-0.12871,0.0057127,0.53991
622,1487.5,-0.12871,0.0057127,0.53991
622,1503.8,-0.12871,0.0057127,0.53991
622,1511.5,-0.12871,0.0057127,0.53991
622,2015.5,-0.12871,0.0057127,0.53991
622,2031.5,-0.12871,0.0057127,0.53991
623,0,-0.0044751,0.0015758,-0.037264
623,287,-0.0044751,0.0015758,-0.037264
623,308,-0.0044751,0.0015758,-0.037264
623,311,-0.0044751,0.0015758,-0.037264
623,696,-0.0044751,0.0015758,-0.037264
623,1224,-0.0044751,0.0015758,-0.037264
623,1632.8,-0.0044751,0.0015758,-0.037264
623,1652,-0.0044751,0.0015758,-0.037264
623,1656.8,-0.0044751,0.0015758,-0.037264
623,1704,-0.0044751,0.0015758,-0.037264
623,2136,-0.0044751,0.0015758,-0.037264
623,2156.2,-0.0044751,0.0015758,-0.037264
624,0,0.0043456,-0.024864,-0.75232
624,312.5,0.0043456,-0.024864,-0.75232
624,329.75,0.0043456,-0.024864,-0.75232
624,336.5,0.0043456,-0.024864,-0.75232
624,1547.5,0.0043456,-0.024864,-0.75232
624,1992.5,0.0043456,-0.024864,-0.75232
624,2005.8,0.0043456,-0.024864,-0.75232
625,0,-0.015878,0.0020345,0.078278
625,357,-0.015878,0.0020345,0.078278
625,378.68,-0.015878,0.0020345,0.078278
625,381,-0.015878,0.0020345,0.078278
625,1485,-0.015878,0.0020345,0.078278
625,1509,-0.015878,0.0020345,0.078278
625,2016,-0.015878,0.0020345,0.078278
625,2034.8,-0.015878,0.0020345,0.078278
626,0,-0.18754,0.029192,0.045942
626,311,-0.18754,0.029192,0.045942
626,331.85,-0.18754,0.029192,0.045942
626,335,-0.18754,0.029192,0.045942
626,1055,-0.18754,0.029192,0.045942
626,1486.2,-0.18754,0.029192,0.045942
626,1510.2,-0.18754,0.029192,0.045942
626,1990.5,-0.18754,0.029192,0.045942
626,2014.5,-0.18754,0.029192,0.045942
627,0,-0.4548,0.10781,0.47427
627,311.75,-0.4548,0.10781,0.47427
627,337,-0.4548,0.10781,0.47427
627,1513.5,-0.4548,0.10781,0.47427
627,1531.8,-0.4548,0.10781,0.47427
627,1537.5,-0.4548,0.10781,0.47427
627,1945.5,-0.4548,0.10781,0.47427
627,1967,-0.4548,0.10781,0.47427
628,0,-0.078752,0.023422,0.46255
628,336,-0.078752,0.023422,0.46255
628,352.87,-0.078752,0.023422,0.46255
628,360,-0.078752,0.023422,0.46255
628,1461.5,-0.078752,0.023422,0.46255
628,1476.8,-0.078752,0.023422,0.46255
628,1485.5,-0.078752,0.023422,0.46255
628,1629,-0.078752,0.023422,0.46255
628,1847,-0.078752,0.023422,0.46255
629,0,-0.0021697,-0.0091571,0.044209
629,313.17,-0.0021697,-0.0091571,0.044209
629,326.67,-0.0021697,-0.0091571,0.044209
629,337.17,-0.0021697,-0.0091571,0.044209
629,1491,-0.0021697,-0.0091571,0.044209
629,1515,-0.0021697,-0.0091571,0.044209
629,1970.5,-0.0021697,-0.0091571,0.044209
629,1986.1,-0.0021697,-0.0091571,0.044209
630,0,0.0024049,-0.023715,-0.66502
630,312,0.0024049,-0.023715,-0.66502
630,328.02,0.0024049,-0.023715,-0.66502
631,0,-0.1102,0.018099,0.54
631,1968,-0.1102,0.018099,0.54
631,1989.6,-0.1102,0.018099,0.54
632,0,0.018984,-0.0042233,-0.18116
632,1992,0.018984,-0.0042233,-0.18116
632,2011.5,0.018984,-0.0042233,-0.18116
633,0,-0.01744,-0.011933,0.04807
633,312.5,-0.01744,-0.011933,0.04807
633,326,-0.01744,-0.011933,0.04807
633,336.5,-0.01744,-0.011933,0.04807
633,1488.5,-0.01744,-0.011933,0.04807
633,1502.5,-0.01744,-0.011933,0.04807
633,1512.5,-0.01744,-0.011933,0.04807
633,1992.5,-0.01744,-0.011933,0.04807
633,2007.5,-0.01744,-0.011933,0.04807
634,0,0.027395,-0.0036677,-0.24999
634,311.08,0.027395,-0.0036677,-0.24999
634,331.58,0.027395,-0.0036677,-0.24999
634,335.08,0.027395,-0.0036677,-0.24999
634,1559.3,0.027395,-0.0036677,-0.24999
634,1579.8,0.027395,-0.0036677,-0.24999
634,1583.3,0.027395,-0.0036677,-0.24999
634,1629.3,0.027395,-0.0036677,-0.24999
634,1993.1,0.027395,-0.0036677,-0.24999
634,2011.2,0.027395,-0.0036677,-0.24999
635,0,-0.088993,0.049243,0.66557
635,334.95,-0.088993,0.049243,0.66557
635,1442.2,-0.088993,0.049243,0.66557
635,1454.7,-0.088993,0.049243,0.66557
635,1466.2,-0.088993,0.049243,0.66557
635,1993,-0.088993,0.049243,0.66557
635,2006.1,-0.088993,0.049243,0.66557
636,0,0.028516,-0.012267,-0.50833
636,287.75,0.028516,-0.012267,-0.50833
636,309.75,0.028516,-0.012267,-0.50833
636,311.75,0.028516,-0.012267,-0.50833
636,432.17,0.028516,-0.012267,-0.50833
636,448.5,0.028516,-0.012267,-0.50833
637,0,-0.020035,0.014317,0.24835
637,314,-0.020035,0.014317,0.24835
637,327.25,-0.020035,0.014317,0.24835
637,338,-0.020035,0.014317,0.24835
637,862,-0.020035,0.014317,0.24835
637,1298,-0.020035,0.014317,0.24835
637,1322,-0.020035,0.014317,0.24835
637,1946,-0.020035,0.014317,0.24835
