"ID","TIME","ETA_V2","ETA_KA","ETA_CL"
1,0,0.3835,-0.099247,0.37337
1,24,0.3835,-0.099247,0.37337
1,47.98,0.3835,-0.099247,0.37337
1,48,0.3835,-0.099247,0.37337
1,71.97,0.3835,-0.099247,0.37337
1,72,0.3835,-0.099247,0.37337
1,96,0.3835,-0.099247,0.37337
1,119.97,0.3835,-0.099247,0.37337
1,120,0.3835,-0.099247,0.37337
1,144,0.3835,-0.099247,0.37337
1,168,0.3835,-0.099247,0.37337
1,191.97,0.3835,-0.099247,0.37337
1,192,0.3835,-0.099247,0.37337
1,216,0.3835,-0.099247,0.37337
1,240,0.3835,-0.099247,0.37337
1,263.97,0.3835,-0.099247,0.37337
1,264,0.3835,-0.099247,0.37337
1,289,0.3835,-0.099247,0.37337
1,313,0.3835,-0.099247,0.37337
1,335.97,0.3835,-0.099247,0.37337
1,337,0.3835,-0.099247,0.37337
1,361,0.3835,-0.099247,0.37337
1,385,0.3835,-0.099247,0.37337
1,407.97,0.3835,-0.099247,0.37337
1,409,0.3835,-0.099247,0.37337
1,433,0.3835,-0.099247,0.37337
1,457,0.3835,-0.099247,0.37337
1,479.97,0.3835,-0.099247,0.37337
1,481,0.3835,-0.099247,0.37337
1,481,0.3835,-0.099247,0.37337
1,482,0.3835,-0.099247,0.37337
1,483,0.3835,-0.099247,0.37337
1,484,0.3835,-0.099247,0.37337
1,485,0.3835,-0.099247,0.37337
1,486,0.3835,-0.099247,0.37337
1,487,0.3835,-0.099247,0.37337
1,488,0.3835,-0.099247,0.37337
1,492,0.3835,-0.099247,0.37337
1,504,0.3835,-0.099247,0.37337
2,0,-0.079434,0.19465,-0.34653
2,24,-0.079434,0.19465,-0.34653
2,47.97,-0.079434,0.19465,-0.34653
2,48,-0.079434,0.19465,-0.34653
2,71.97,-0.079434,0.19465,-0.34653
2,72,-0.079434,0.19465,-0.34653
2,96,-0.079434,0.19465,-0.34653
2,120,-0.079434,0.19465,-0.34653
2,120.05,-0.079434,0.19465,-0.34653
2,144,-0.079434,0.19465,-0.34653
2,168,-0.079434,0.19465,-0.34653
2,191.97,-0.079434,0.19465,-0.34653
2,192,-0.079434,0.19465,-0.34653
2,216,-0.079434,0.19465,-0.34653
2,240,-0.079434,0.19465,-0.34653
2,264,-0.079434,0.19465,-0.34653
2,289,-0.079434,0.19465,-0.34653
2,313,-0.079434,0.19465,-0.34653
2,335.97,-0.079434,0.19465,-0.34653
2,337,-0.079434,0.19465,-0.34653
2,361,-0.079434,0.19465,-0.34653
2,385,-0.079434,0.19465,-0.34653
2,407.97,-0.079434,0.19465,-0.34653
2,409,-0.079434,0.19465,-0.34653
2,433,-0.079434,0.19465,-0.34653
2,457,-0.079434,0.19465,-0.34653
2,479.97,-0.079434,0.19465,-0.34653
2,481,-0.079434,0.19465,-0.34653
2,481,-0.079434,0.19465,-0.34653
2,482,-0.079434,0.19465,-0.34653
2,483,-0.079434,0.19465,-0.34653
2,484.15,-0.079434,0.19465,-0.34653
2,485,-0.079434,0.19465,-0.34653
2,486,-0.079434,0.19465,-0.34653
2,487,-0.079434,0.19465,-0.34653
2,488,-0.079434,0.19465,-0.34653
2,492,-0.079434,0.19465,-0.34653
2,504,-0.079434,0.19465,-0.34653
3,0,0.2044,-0.22218,0.16951
3,24,0.2044,-0.22218,0.16951
3,47.97,0.2044,-0.22218,0.16951
3,48,0.2044,-0.22218,0.16951
3,71.97,0.2044,-0.22218,0.16951
3,72,0.2044,-0.22218,0.16951
3,96,0.2044,-0.22218,0.16951
3,119.97,0.2044,-0.22218,0.16951
3,120,0.2044,-0.22218,0.16951
3,144,0.2044,-0.22218,0.16951
3,168,0.2044,-0.22218,0.16951
3,191.97,0.2044,-0.22218,0.16951
3,192,0.2044,-0.22218,0.16951
3,216,0.2044,-0.22218,0.16951
3,240,0.2044,-0.22218,0.16951
3,263.97,0.2044,-0.22218,0.16951
3,264,0.2044,-0.22218,0.16951
3,289,0.2044,-0.22218,0.16951
3,313,0.2044,-0.22218,0.16951
3,335.97,0.2044,-0.22218,0.16951
3,337,0.2044,-0.22218,0.16951
3,361,0.2044,-0.22218,0.16951
3,385,0.2044,-0.22218,0.16951
3,407.97,0.2044,-0.22218,0.16951
3,409,0.2044,-0.22218,0.16951
3,433,0.2044,-0.22218,0.16951
3,457,0.2044,-0.22218,0.16951
3,479.97,0.2044,-0.22218,0.16951
3,481,0.2044,-0.22218,0.16951
3,481,0.2044,-0.22218,0.16951
3,482,0.2044,-0.22218,0.16951
3,483,0.2044,-0.22218,0.16951
3,484,0.2044,-0.22218,0.16951
3,485,0.2044,-0.22218,0.16951
3,486,0.2044,-0.22218,0.16951
3,487,0.2044,-0.22218,0.16951
3,488,0.2044,-0.22218,0.16951
3,492,0.2044,-0.22218,0.16951
3,504,0.2044,-0.22218,0.16951
4,0,0.28131,-0.81032,0.64777
4,24,0.28131,-0.81032,0.64777
4,47.97,0.28131,-0.81032,0.64777
4,48,0.28131,-0.81032,0.64777
4,71.97,0.28131,-0.81032,0.64777
4,72,0.28131,-0.81032,0.64777
4,96,0.28131,-0.81032,0.64777
4,119.97,0.28131,-0.81032,0.64777
4,120,0.28131,-0.81032,0.64777
4,144,0.28131,-0.81032,0.64777
4,168,0.28131,-0.81032,0.64777
4,191.97,0.28131,-0.81032,0.64777
4,192,0.28131,-0.81032,0.64777
4,216,0.28131,-0.81032,0.64777
4,240,0.28131,-0.81032,0.64777
4,263.93,0.28131,-0.81032,0.64777
4,264,0.28131,-0.81032,0.64777
4,288.03,0.28131,-0.81032,0.64777
4,312,0.28131,-0.81032,0.64777
4,336,0.28131,-0.81032,0.64777
4,336,0.28131,-0.81032,0.64777
4,360,0.28131,-0.81032,0.64777
4,384,0.28131,-0.81032,0.64777
4,407.97,0.28131,-0.81032,0.64777
4,408,0.28131,-0.81032,0.64777
4,432,0.28131,-0.81032,0.64777
4,456,0.28131,-0.81032,0.64777
4,479.98,0.28131,-0.81032,0.64777
4,480,0.28131,-0.81032,0.64777
4,481,0.28131,-0.81032,0.64777
4,482,0.28131,-0.81032,0.64777
4,483,0.28131,-0.81032,0.64777
4,484,0.28131,-0.81032,0.64777
4,485,0.28131,-0.81032,0.64777
4,486,0.28131,-0.81032,0.64777
4,487,0.28131,-0.81032,0.64777
4,488,0.28131,-0.81032,0.64777
4,492,0.28131,-0.81032,0.64777
4,504,0.28131,-0.81032,0.64777
5,0,-0.092106,-0.27977,0.45476
5,24,-0.092106,-0.27977,0.45476
5,47.97,-0.092106,-0.27977,0.45476
5,48,-0.092106,-0.27977,0.45476
5,71.97,-0.092106,-0.27977,0.45476
5,72,-0.092106,-0.27977,0.45476
5,96,-0.092106,-0.27977,0.45476
5,119.97,-0.092106,-0.27977,0.45476
5,120,-0.092106,-0.27977,0.45476
5,144,-0.092106,-0.27977,0.45476
5,168,-0.092106,-0.27977,0.45476
5,191.98,-0.092106,-0.27977,0.45476
5,192,-0.092106,-0.27977,0.45476
5,216.02,-0.092106,-0.27977,0.45476
5,240,-0.092106,-0.27977,0.45476
5,263.97,-0.092106,-0.27977,0.45476
5,264,-0.092106,-0.27977,0.45476
5,288.03,-0.092106,-0.27977,0.45476
5,312,-0.092106,-0.27977,0.45476
5,335.97,-0.092106,-0.27977,0.45476
5,336,-0.092106,-0.27977,0.45476
5,360,-0.092106,-0.27977,0.45476
5,384,-0.092106,-0.27977,0.45476
5,407.97,-0.092106,-0.27977,0.45476
5,408,-0.092106,-0.27977,0.45476
5,432,-0.092106,-0.27977,0.45476
5,456,-0.092106,-0.27977,0.45476
5,479.97,-0.092106,-0.27977,0.45476
5,480,-0.092106,-0.27977,0.45476
5,481,-0.092106,-0.27977,0.45476
5,482,-0.092106,-0.27977,0.45476
5,483,-0.092106,-0.27977,0.45476
5,484,-0.092106,-0.27977,0.45476
5,485,-0.092106,-0.27977,0.45476
5,486,-0.092106,-0.27977,0.45476
5,487,-0.092106,-0.27977,0.45476
5,488,-0.092106,-0.27977,0.45476
5,492,-0.092106,-0.27977,0.45476
5,504,-0.092106,-0.27977,0.45476
6,0,-0.70588,0.26992,-0.31484
6,24,-0.70588,0.26992,-0.31484
6,47.97,-0.70588,0.26992,-0.31484
6,48,-0.70588,0.26992,-0.31484
6,71.97,-0.70588,0.26992,-0.31484
6,72,-0.70588,0.26992,-0.31484
6,96,-0.70588,0.26992,-0.31484
6,119.97,-0.70588,0.26992,-0.31484
6,120,-0.70588,0.26992,-0.31484
6,144,-0.70588,0.26992,-0.31484
6,168,-0.70588,0.26992,-0.31484
6,191.97,-0.70588,0.26992,-0.31484
6,192,-0.70588,0.26992,-0.31484
6,216.03,-0.70588,0.26992,-0.31484
6,240,-0.70588,0.26992,-0.31484
6,263.97,-0.70588,0.26992,-0.31484
6,264,-0.70588,0.26992,-0.31484
6,288,-0.70588,0.26992,-0.31484
6,312,-0.70588,0.26992,-0.31484
6,335.97,-0.70588,0.26992,-0.31484
6,336,-0.70588,0.26992,-0.31484
6,360,-0.70588,0.26992,-0.31484
6,384,-0.70588,0.26992,-0.31484
6,407.97,-0.70588,0.26992,-0.31484
6,408,-0.70588,0.26992,-0.31484
6,432,-0.70588,0.26992,-0.31484
6,456,-0.70588,0.26992,-0.31484
6,479.97,-0.70588,0.26992,-0.31484
6,480,-0.70588,0.26992,-0.31484
6,481,-0.70588,0.26992,-0.31484
6,482,-0.70588,0.26992,-0.31484
6,483,-0.70588,0.26992,-0.31484
6,484,-0.70588,0.26992,-0.31484
6,485,-0.70588,0.26992,-0.31484
6,486,-0.70588,0.26992,-0.31484
6,487,-0.70588,0.26992,-0.31484
6,488,-0.70588,0.26992,-0.31484
6,492,-0.70588,0.26992,-0.31484
6,504,-0.70588,0.26992,-0.31484
7,0,-0.42138,0.49463,-0.5137
7,24,-0.42138,0.49463,-0.5137
7,47.97,-0.42138,0.49463,-0.5137
7,48,-0.42138,0.49463,-0.5137
7,71.97,-0.42138,0.49463,-0.5137
7,72,-0.42138,0.49463,-0.5137
7,96,-0.42138,0.49463,-0.5137
7,119.97,-0.42138,0.49463,-0.5137
7,120,-0.42138,0.49463,-0.5137
7,144,-0.42138,0.49463,-0.5137
7,168,-0.42138,0.49463,-0.5137
7,191.97,-0.42138,0.49463,-0.5137
7,192,-0.42138,0.49463,-0.5137
7,216,-0.42138,0.49463,-0.5137
7,240,-0.42138,0.49463,-0.5137
7,263.97,-0.42138,0.49463,-0.5137
7,264,-0.42138,0.49463,-0.5137
7,288,-0.42138,0.49463,-0.5137
7,312,-0.42138,0.49463,-0.5137
7,335.97,-0.42138,0.49463,-0.5137
7,336,-0.42138,0.49463,-0.5137
7,360,-0.42138,0.49463,-0.5137
7,384,-0.42138,0.49463,-0.5137
7,407.97,-0.42138,0.49463,-0.5137
7,408,-0.42138,0.49463,-0.5137
7,432,-0.42138,0.49463,-0.5137
7,456,-0.42138,0.49463,-0.5137
7,479.97,-0.42138,0.49463,-0.5137
7,480,-0.42138,0.49463,-0.5137
7,481,-0.42138,0.49463,-0.5137
7,482,-0.42138,0.49463,-0.5137
7,483,-0.42138,0.49463,-0.5137
7,484,-0.42138,0.49463,-0.5137
7,485,-0.42138,0.49463,-0.5137
7,486.02,-0.42138,0.49463,-0.5137
7,487,-0.42138,0.49463,-0.5137
7,488,-0.42138,0.49463,-0.5137
7,492,-0.42138,0.49463,-0.5137
7,504,-0.42138,0.49463,-0.5137
8,0,-0.2675,0.36002,-0.10305
8,23.92,-0.2675,0.36002,-0.10305
8,47.92,-0.2675,0.36002,-0.10305
8,47.97,-0.2675,0.36002,-0.10305
8,71.92,-0.2675,0.36002,-0.10305
8,71.97,-0.2675,0.36002,-0.10305
8,95.92,-0.2675,0.36002,-0.10305
8,119.92,-0.2675,0.36002,-0.10305
8,119.97,-0.2675,0.36002,-0.10305
8,143.92,-0.2675,0.36002,-0.10305
8,167.92,-0.2675,0.36002,-0.10305
8,191.92,-0.2675,0.36002,-0.10305
8,191.97,-0.2675,0.36002,-0.10305
8,215.92,-0.2675,0.36002,-0.10305
8,239.92,-0.2675,0.36002,-0.10305
8,263.92,-0.2675,0.36002,-0.10305
8,263.97,-0.2675,0.36002,-0.10305
8,287.92,-0.2675,0.36002,-0.10305
8,311.92,-0.2675,0.36002,-0.10305
8,335.92,-0.2675,0.36002,-0.10305
8,335.97,-0.2675,0.36002,-0.10305
8,359.92,-0.2675,0.36002,-0.10305
8,383.92,-0.2675,0.36002,-0.10305
8,407.92,-0.2675,0.36002,-0.10305
8,407.97,-0.2675,0.36002,-0.10305
8,431.92,-0.2675,0.36002,-0.10305
8,455.92,-0.2675,0.36002,-0.10305
8,479.92,-0.2675,0.36002,-0.10305
8,479.97,-0.2675,0.36002,-0.10305
8,481,-0.2675,0.36002,-0.10305
8,482,-0.2675,0.36002,-0.10305
8,483,-0.2675,0.36002,-0.10305
8,484,-0.2675,0.36002,-0.10305
8,485,-0.2675,0.36002,-0.10305
8,486,-0.2675,0.36002,-0.10305
8,487,-0.2675,0.36002,-0.10305
8,488,-0.2675,0.36002,-0.10305
8,492,-0.2675,0.36002,-0.10305
8,504,-0.2675,0.36002,-0.10305
9,0,-0.064169,0.031448,-0.28052
9,24,-0.064169,0.031448,-0.28052
9,47.97,-0.064169,0.031448,-0.28052
9,48,-0.064169,0.031448,-0.28052
9,71.97,-0.064169,0.031448,-0.28052
9,72,-0.064169,0.031448,-0.28052
9,96,-0.064169,0.031448,-0.28052
9,119.97,-0.064169,0.031448,-0.28052
9,120,-0.064169,0.031448,-0.28052
9,144,-0.064169,0.031448,-0.28052
9,168,-0.064169,0.031448,-0.28052
9,191.97,-0.064169,0.031448,-0.28052
9,192,-0.064169,0.031448,-0.28052
9,216,-0.064169,0.031448,-0.28052
9,240,-0.064169,0.031448,-0.28052
9,263.97,-0.064169,0.031448,-0.28052
9,264,-0.064169,0.031448,-0.28052
9,288,-0.064169,0.031448,-0.28052
9,312,-0.064169,0.031448,-0.28052
9,335.97,-0.064169,0.031448,-0.28052
9,336,-0.064169,0.031448,-0.28052
9,360,-0.064169,0.031448,-0.28052
9,384,-0.064169,0.031448,-0.28052
9,407.97,-0.064169,0.031448,-0.28052
9,408,-0.064169,0.031448,-0.28052
9,432,-0.064169,0.031448,-0.28052
9,456,-0.064169,0.031448,-0.28052
9,479.98,-0.064169,0.031448,-0.28052
9,480,-0.064169,0.031448,-0.28052
9,481,-0.064169,0.031448,-0.28052
9,482,-0.064169,0.031448,-0.28052
9,483,-0.064169,0.031448,-0.28052
9,484,-0.064169,0.031448,-0.28052
9,485,-0.064169,0.031448,-0.28052
9,486,-0.064169,0.031448,-0.28052
9,487,-0.064169,0.031448,-0.28052
9,488,-0.064169,0.031448,-0.28052
9,492,-0.064169,0.031448,-0.28052
9,504,-0.064169,0.031448,-0.28052
10,0,0.22569,-0.50337,0.99625
10,24,0.22569,-0.50337,0.99625
10,48,0.22569,-0.50337,0.99625
10,71.97,0.22569,-0.50337,0.99625
10,72,0.22569,-0.50337,0.99625
10,96,0.22569,-0.50337,0.99625
10,119.97,0.22569,-0.50337,0.99625
10,120,0.22569,-0.50337,0.99625
10,144,0.22569,-0.50337,0.99625
10,168,0.22569,-0.50337,0.99625
10,191.97,0.22569,-0.50337,0.99625
10,192,0.22569,-0.50337,0.99625
10,216,0.22569,-0.50337,0.99625
10,240,0.22569,-0.50337,0.99625
10,263.97,0.22569,-0.50337,0.99625
10,264,0.22569,-0.50337,0.99625
10,288,0.22569,-0.50337,0.99625
10,312,0.22569,-0.50337,0.99625
10,335.97,0.22569,-0.50337,0.99625
10,336,0.22569,-0.50337,0.99625
10,360,0.22569,-0.50337,0.99625
10,384,0.22569,-0.50337,0.99625
10,407.97,0.22569,-0.50337,0.99625
10,408,0.22569,-0.50337,0.99625
10,432,0.22569,-0.50337,0.99625
10,456,0.22569,-0.50337,0.99625
10,479.97,0.22569,-0.50337,0.99625
10,480,0.22569,-0.50337,0.99625
10,481,0.22569,-0.50337,0.99625
10,482,0.22569,-0.50337,0.99625
10,483,0.22569,-0.50337,0.99625
10,484,0.22569,-0.50337,0.99625
10,485,0.22569,-0.50337,0.99625
10,486,0.22569,-0.50337,0.99625
10,487,0.22569,-0.50337,0.99625
10,488,0.22569,-0.50337,0.99625
10,492,0.22569,-0.50337,0.99625
10,504,0.22569,-0.50337,0.99625
11,0,0.47428,-0.27673,-0.33138
11,24,0.47428,-0.27673,-0.33138
11,47.98,0.47428,-0.27673,-0.33138
11,48,0.47428,-0.27673,-0.33138
11,71.97,0.47428,-0.27673,-0.33138
11,72,0.47428,-0.27673,-0.33138
11,96,0.47428,-0.27673,-0.33138
11,119.97,0.47428,-0.27673,-0.33138
11,120,0.47428,-0.27673,-0.33138
11,144,0.47428,-0.27673,-0.33138
11,168,0.47428,-0.27673,-0.33138
11,191.97,0.47428,-0.27673,-0.33138
11,192,0.47428,-0.27673,-0.33138
11,216,0.47428,-0.27673,-0.33138
11,240,0.47428,-0.27673,-0.33138
11,263.97,0.47428,-0.27673,-0.33138
11,264,0.47428,-0.27673,-0.33138
11,288,0.47428,-0.27673,-0.33138
11,312,0.47428,-0.27673,-0.33138
11,335.97,0.47428,-0.27673,-0.33138
11,336,0.47428,-0.27673,-0.33138
11,360,0.47428,-0.27673,-0.33138
11,384,0.47428,-0.27673,-0.33138
11,407.97,0.47428,-0.27673,-0.33138
11,408,0.47428,-0.27673,-0.33138
11,432,0.47428,-0.27673,-0.33138
11,456,0.47428,-0.27673,-0.33138
11,479.97,0.47428,-0.27673,-0.33138
11,480,0.47428,-0.27673,-0.33138
11,481,0.47428,-0.27673,-0.33138
11,482,0.47428,-0.27673,-0.33138
11,483,0.47428,-0.27673,-0.33138
11,484,0.47428,-0.27673,-0.33138
11,485,0.47428,-0.27673,-0.33138
11,486,0.47428,-0.27673,-0.33138
11,487,0.47428,-0.27673,-0.33138
11,488,0.47428,-0.27673,-0.33138
11,492,0.47428,-0.27673,-0.33138
11,504,0.47428,-0.27673,-0.33138
12,0,-0.26448,-0.043716,-0.28404
12,24,-0.26448,-0.043716,-0.28404
12,47.97,-0.26448,-0.043716,-0.28404
12,48,-0.26448,-0.043716,-0.28404
12,71.97,-0.26448,-0.043716,-0.28404
12,72,-0.26448,-0.043716,-0.28404
12,96,-0.26448,-0.043716,-0.28404
12,119.97,-0.26448,-0.043716,-0.28404
12,120,-0.26448,-0.043716,-0.28404
12,144,-0.26448,-0.043716,-0.28404
12,168,-0.26448,-0.043716,-0.28404
12,191.97,-0.26448,-0.043716,-0.28404
12,192,-0.26448,-0.043716,-0.28404
12,216,-0.26448,-0.043716,-0.28404
12,240,-0.26448,-0.043716,-0.28404
12,263.97,-0.26448,-0.043716,-0.28404
12,264,-0.26448,-0.043716,-0.28404
12,288,-0.26448,-0.043716,-0.28404
12,312,-0.26448,-0.043716,-0.28404
12,335.97,-0.26448,-0.043716,-0.28404
12,336,-0.26448,-0.043716,-0.28404
12,360,-0.26448,-0.043716,-0.28404
12,384,-0.26448,-0.043716,-0.28404
12,407.97,-0.26448,-0.043716,-0.28404
12,408,-0.26448,-0.043716,-0.28404
12,432,-0.26448,-0.043716,-0.28404
12,456,-0.26448,-0.043716,-0.28404
12,479.97,-0.26448,-0.043716,-0.28404
12,480,-0.26448,-0.043716,-0.28404
12,481,-0.26448,-0.043716,-0.28404
12,482,-0.26448,-0.043716,-0.28404
12,484,-0.26448,-0.043716,-0.28404
12,485,-0.26448,-0.043716,-0.28404
12,486,-0.26448,-0.043716,-0.28404
12,487,-0.26448,-0.043716,-0.28404
12,488,-0.26448,-0.043716,-0.28404
12,504,-0.26448,-0.043716,-0.28404
13,0,-0.1819,0.13332,-0.39899
13,24,-0.1819,0.13332,-0.39899
13,47.97,-0.1819,0.13332,-0.39899
13,48,-0.1819,0.13332,-0.39899
13,71.97,-0.1819,0.13332,-0.39899
13,72,-0.1819,0.13332,-0.39899
13,96,-0.1819,0.13332,-0.39899
13,119.97,-0.1819,0.13332,-0.39899
13,120,-0.1819,0.13332,-0.39899
13,144,-0.1819,0.13332,-0.39899
13,168,-0.1819,0.13332,-0.39899
13,191.97,-0.1819,0.13332,-0.39899
13,192,-0.1819,0.13332,-0.39899
13,216,-0.1819,0.13332,-0.39899
13,240,-0.1819,0.13332,-0.39899
13,263.97,-0.1819,0.13332,-0.39899
13,264,-0.1819,0.13332,-0.39899
13,288,-0.1819,0.13332,-0.39899
13,312,-0.1819,0.13332,-0.39899
13,335.97,-0.1819,0.13332,-0.39899
13,336,-0.1819,0.13332,-0.39899
13,360,-0.1819,0.13332,-0.39899
13,384,-0.1819,0.13332,-0.39899
13,407.97,-0.1819,0.13332,-0.39899
13,408,-0.1819,0.13332,-0.39899
13,432,-0.1819,0.13332,-0.39899
13,455,-0.1819,0.13332,-0.39899
13,479,-0.1819,0.13332,-0.39899
13,479.97,-0.1819,0.13332,-0.39899
13,481,-0.1819,0.13332,-0.39899
13,482.13,-0.1819,0.13332,-0.39899
13,483,-0.1819,0.13332,-0.39899
13,484,-0.1819,0.13332,-0.39899
13,485,-0.1819,0.13332,-0.39899
13,486,-0.1819,0.13332,-0.39899
13,487,-0.1819,0.13332,-0.39899
13,488,-0.1819,0.13332,-0.39899
13,492,-0.1819,0.13332,-0.39899
13,504.07,-0.1819,0.13332,-0.39899
14,0,0.039048,0.20253,-0.4744
14,24,0.039048,0.20253,-0.4744
14,47.97,0.039048,0.20253,-0.4744
14,48,0.039048,0.20253,-0.4744
14,71.97,0.039048,0.20253,-0.4744
14,72,0.039048,0.20253,-0.4744
14,96,0.039048,0.20253,-0.4744
14,119.97,0.039048,0.20253,-0.4744
14,120,0.039048,0.20253,-0.4744
14,144,0.039048,0.20253,-0.4744
14,168,0.039048,0.20253,-0.4744
14,191.97,0.039048,0.20253,-0.4744
14,192,0.039048,0.20253,-0.4744
14,216,0.039048,0.20253,-0.4744
14,240,0.039048,0.20253,-0.4744
14,263.97,0.039048,0.20253,-0.4744
14,264,0.039048,0.20253,-0.4744
14,288,0.039048,0.20253,-0.4744
14,312,0.039048,0.20253,-0.4744
14,335.97,0.039048,0.20253,-0.4744
14,336,0.039048,0.20253,-0.4744
14,360,0.039048,0.20253,-0.4744
14,384,0.039048,0.20253,-0.4744
14,407.97,0.039048,0.20253,-0.4744
14,408,0.039048,0.20253,-0.4744
14,432,0.039048,0.20253,-0.4744
14,456,0.039048,0.20253,-0.4744
14,479.97,0.039048,0.20253,-0.4744
14,480,0.039048,0.20253,-0.4744
14,481.03,0.039048,0.20253,-0.4744
14,482,0.039048,0.20253,-0.4744
14,483,0.039048,0.20253,-0.4744
14,484,0.039048,0.20253,-0.4744
14,485,0.039048,0.20253,-0.4744
14,486,0.039048,0.20253,-0.4744
14,487,0.039048,0.20253,-0.4744
14,488,0.039048,0.20253,-0.4744
14,492,0.039048,0.20253,-0.4744
14,504,0.039048,0.20253,-0.4744
15,0,-0.89758,0.40368,0.63394
15,24,-0.89758,0.40368,0.63394
15,47.97,-0.89758,0.40368,0.63394
15,48,-0.89758,0.40368,0.63394
15,71.97,-0.89758,0.40368,0.63394
15,72,-0.89758,0.40368,0.63394
15,96,-0.89758,0.40368,0.63394
15,119.97,-0.89758,0.40368,0.63394
15,120,-0.89758,0.40368,0.63394
15,144,-0.89758,0.40368,0.63394
15,168,-0.89758,0.40368,0.63394
15,191.97,-0.89758,0.40368,0.63394
15,192,-0.89758,0.40368,0.63394
15,216,-0.89758,0.40368,0.63394
15,240,-0.89758,0.40368,0.63394
15,263.97,-0.89758,0.40368,0.63394
15,264,-0.89758,0.40368,0.63394
15,288,-0.89758,0.40368,0.63394
15,312,-0.89758,0.40368,0.63394
15,335.97,-0.89758,0.40368,0.63394
15,336,-0.89758,0.40368,0.63394
15,360,-0.89758,0.40368,0.63394
15,384,-0.89758,0.40368,0.63394
15,408,-0.89758,0.40368,0.63394
15,408,-0.89758,0.40368,0.63394
15,432.03,-0.89758,0.40368,0.63394
15,456,-0.89758,0.40368,0.63394
15,479.97,-0.89758,0.40368,0.63394
15,480,-0.89758,0.40368,0.63394
15,481,-0.89758,0.40368,0.63394
15,482,-0.89758,0.40368,0.63394
15,483,-0.89758,0.40368,0.63394
15,484,-0.89758,0.40368,0.63394
15,485,-0.89758,0.40368,0.63394
15,486,-0.89758,0.40368,0.63394
15,487,-0.89758,0.40368,0.63394
15,488,-0.89758,0.40368,0.63394
15,492,-0.89758,0.40368,0.63394
15,504,-0.89758,0.40368,0.63394
16,0,-0.46309,-0.61907,0.53133
16,24,-0.46309,-0.61907,0.53133
16,47.97,-0.46309,-0.61907,0.53133
16,48,-0.46309,-0.61907,0.53133
16,71.97,-0.46309,-0.61907,0.53133
16,72,-0.46309,-0.61907,0.53133
16,96,-0.46309,-0.61907,0.53133
16,119.97,-0.46309,-0.61907,0.53133
16,120,-0.46309,-0.61907,0.53133
16,144,-0.46309,-0.61907,0.53133
16,168,-0.46309,-0.61907,0.53133
16,191.97,-0.46309,-0.61907,0.53133
16,192,-0.46309,-0.61907,0.53133
16,216,-0.46309,-0.61907,0.53133
16,240,-0.46309,-0.61907,0.53133
16,263.97,-0.46309,-0.61907,0.53133
16,264,-0.46309,-0.61907,0.53133
16,288,-0.46309,-0.61907,0.53133
16,312,-0.46309,-0.61907,0.53133
16,335.97,-0.46309,-0.61907,0.53133
16,336,-0.46309,-0.61907,0.53133
16,360,-0.46309,-0.61907,0.53133
16,384,-0.46309,-0.61907,0.53133
16,407.97,-0.46309,-0.61907,0.53133
16,408,-0.46309,-0.61907,0.53133
16,432,-0.46309,-0.61907,0.53133
16,456,-0.46309,-0.61907,0.53133
16,479.97,-0.46309,-0.61907,0.53133
16,480,-0.46309,-0.61907,0.53133
16,481,-0.46309,-0.61907,0.53133
16,482,-0.46309,-0.61907,0.53133
16,483,-0.46309,-0.61907,0.53133
16,484,-0.46309,-0.61907,0.53133
16,485,-0.46309,-0.61907,0.53133
16,486,-0.46309,-0.61907,0.53133
16,487,-0.46309,-0.61907,0.53133
16,488,-0.46309,-0.61907,0.53133
16,492,-0.46309,-0.61907,0.53133
16,504,-0.46309,-0.61907,0.53133
17,0,0.21429,-0.015505,-0.062178
17,24,0.21429,-0.015505,-0.062178
17,47.97,0.21429,-0.015505,-0.062178
17,48,0.21429,-0.015505,-0.062178
17,71.97,0.21429,-0.015505,-0.062178
17,72,0.21429,-0.015505,-0.062178
17,96,0.21429,-0.015505,-0.062178
17,119.97,0.21429,-0.015505,-0.062178
17,120,0.21429,-0.015505,-0.062178
17,144,0.21429,-0.015505,-0.062178
17,168,0.21429,-0.015505,-0.062178
17,191.97,0.21429,-0.015505,-0.062178
17,192,0.21429,-0.015505,-0.062178
17,216,0.21429,-0.015505,-0.062178
17,240,0.21429,-0.015505,-0.062178
17,263.97,0.21429,-0.015505,-0.062178
17,264,0.21429,-0.015505,-0.062178
17,289,0.21429,-0.015505,-0.062178
17,313,0.21429,-0.015505,-0.062178
17,335.97,0.21429,-0.015505,-0.062178
17,337,0.21429,-0.015505,-0.062178
17,361,0.21429,-0.015505,-0.062178
17,385,0.21429,-0.015505,-0.062178
17,407.97,0.21429,-0.015505,-0.062178
17,409,0.21429,-0.015505,-0.062178
17,433,0.21429,-0.015505,-0.062178
17,457,0.21429,-0.015505,-0.062178
17,479.97,0.21429,-0.015505,-0.062178
17,481,0.21429,-0.015505,-0.062178
17,481,0.21429,-0.015505,-0.062178
17,482,0.21429,-0.015505,-0.062178
17,483,0.21429,-0.015505,-0.062178
17,484,0.21429,-0.015505,-0.062178
17,485,0.21429,-0.015505,-0.062178
17,486,0.21429,-0.015505,-0.062178
17,487,0.21429,-0.015505,-0.062178
17,488,0.21429,-0.015505,-0.062178
17,492,0.21429,-0.015505,-0.062178
17,504,0.21429,-0.015505,-0.062178
18,0,-0.45993,0.42052,-0.19189
18,24,-0.45993,0.42052,-0.19189
18,47.97,-0.45993,0.42052,-0.19189
18,48,-0.45993,0.42052,-0.19189
18,71.97,-0.45993,0.42052,-0.19189
18,72,-0.45993,0.42052,-0.19189
18,96,-0.45993,0.42052,-0.19189
18,119.97,-0.45993,0.42052,-0.19189
18,120,-0.45993,0.42052,-0.19189
18,144,-0.45993,0.42052,-0.19189
18,168,-0.45993,0.42052,-0.19189
18,191.97,-0.45993,0.42052,-0.19189
18,192,-0.45993,0.42052,-0.19189
18,216,-0.45993,0.42052,-0.19189
18,240,-0.45993,0.42052,-0.19189
18,263.97,-0.45993,0.42052,-0.19189
18,264,-0.45993,0.42052,-0.19189
18,289,-0.45993,0.42052,-0.19189
18,313,-0.45993,0.42052,-0.19189
18,335.97,-0.45993,0.42052,-0.19189
18,337,-0.45993,0.42052,-0.19189
18,361,-0.45993,0.42052,-0.19189
18,385,-0.45993,0.42052,-0.19189
18,407.97,-0.45993,0.42052,-0.19189
18,409,-0.45993,0.42052,-0.19189
18,433,-0.45993,0.42052,-0.19189
18,457,-0.45993,0.42052,-0.19189
18,479.97,-0.45993,0.42052,-0.19189
18,481,-0.45993,0.42052,-0.19189
18,481,-0.45993,0.42052,-0.19189
18,482,-0.45993,0.42052,-0.19189
18,483,-0.45993,0.42052,-0.19189
18,484,-0.45993,0.42052,-0.19189
18,485,-0.45993,0.42052,-0.19189
18,486,-0.45993,0.42052,-0.19189
18,487,-0.45993,0.42052,-0.19189
18,488,-0.45993,0.42052,-0.19189
18,492,-0.45993,0.42052,-0.19189
18,504,-0.45993,0.42052,-0.19189
19,0,0.076363,-0.52195,0.2343
19,24,0.076363,-0.52195,0.2343
19,47.97,0.076363,-0.52195,0.2343
19,48,0.076363,-0.52195,0.2343
19,71.97,0.076363,-0.52195,0.2343
19,72,0.076363,-0.52195,0.2343
19,96,0.076363,-0.52195,0.2343
19,119.98,0.076363,-0.52195,0.2343
19,120,0.076363,-0.52195,0.2343
19,144,0.076363,-0.52195,0.2343
19,168,0.076363,-0.52195,0.2343
19,191.97,0.076363,-0.52195,0.2343
19,192,0.076363,-0.52195,0.2343
19,216,0.076363,-0.52195,0.2343
19,240,0.076363,-0.52195,0.2343
19,263.97,0.076363,-0.52195,0.2343
19,264,0.076363,-0.52195,0.2343
19,289,0.076363,-0.52195,0.2343
19,313,0.076363,-0.52195,0.2343
19,335.97,0.076363,-0.52195,0.2343
19,337,0.076363,-0.52195,0.2343
19,361,0.076363,-0.52195,0.2343
19,385,0.076363,-0.52195,0.2343
19,407.98,0.076363,-0.52195,0.2343
19,409,0.076363,-0.52195,0.2343
19,433,0.076363,-0.52195,0.2343
19,457,0.076363,-0.52195,0.2343
19,479.97,0.076363,-0.52195,0.2343
19,481,0.076363,-0.52195,0.2343
19,481,0.076363,-0.52195,0.2343
19,482,0.076363,-0.52195,0.2343
19,483,0.076363,-0.52195,0.2343
19,484,0.076363,-0.52195,0.2343
19,485,0.076363,-0.52195,0.2343
19,486,0.076363,-0.52195,0.2343
19,487,0.076363,-0.52195,0.2343
19,488,0.076363,-0.52195,0.2343
19,492,0.076363,-0.52195,0.2343
19,504,0.076363,-0.52195,0.2343
20,0,-0.45295,-0.10653,-0.32675
20,24,-0.45295,-0.10653,-0.32675
20,47.97,-0.45295,-0.10653,-0.32675
20,48,-0.45295,-0.10653,-0.32675
20,71.97,-0.45295,-0.10653,-0.32675
20,72,-0.45295,-0.10653,-0.32675
20,96,-0.45295,-0.10653,-0.32675
20,119.97,-0.45295,-0.10653,-0.32675
20,120,-0.45295,-0.10653,-0.32675
20,144,-0.45295,-0.10653,-0.32675
20,168,-0.45295,-0.10653,-0.32675
20,191.97,-0.45295,-0.10653,-0.32675
20,192,-0.45295,-0.10653,-0.32675
20,216,-0.45295,-0.10653,-0.32675
20,240,-0.45295,-0.10653,-0.32675
20,263.97,-0.45295,-0.10653,-0.32675
20,264,-0.45295,-0.10653,-0.32675
20,289,-0.45295,-0.10653,-0.32675
20,313,-0.45295,-0.10653,-0.32675
20,336,-0.45295,-0.10653,-0.32675
20,337,-0.45295,-0.10653,-0.32675
20,361,-0.45295,-0.10653,-0.32675
20,385,-0.45295,-0.10653,-0.32675
20,407.97,-0.45295,-0.10653,-0.32675
20,409,-0.45295,-0.10653,-0.32675
20,433,-0.45295,-0.10653,-0.32675
20,457,-0.45295,-0.10653,-0.32675
20,479.97,-0.45295,-0.10653,-0.32675
20,481,-0.45295,-0.10653,-0.32675
20,481,-0.45295,-0.10653,-0.32675
20,482,-0.45295,-0.10653,-0.32675
20,483,-0.45295,-0.10653,-0.32675
20,484,-0.45295,-0.10653,-0.32675
20,485,-0.45295,-0.10653,-0.32675
20,486,-0.45295,-0.10653,-0.32675
20,487,-0.45295,-0.10653,-0.32675
20,488,-0.45295,-0.10653,-0.32675
20,492,-0.45295,-0.10653,-0.32675
20,504,-0.45295,-0.10653,-0.32675
21,0,-0.22065,0.089763,0.13159
21,24,-0.22065,0.089763,0.13159
21,47.97,-0.22065,0.089763,0.13159
21,48,-0.22065,0.089763,0.13159
21,71.97,-0.22065,0.089763,0.13159
21,72,-0.22065,0.089763,0.13159
21,96,-0.22065,0.089763,0.13159
21,119.97,-0.22065,0.089763,0.13159
21,120,-0.22065,0.089763,0.13159
21,144,-0.22065,0.089763,0.13159
21,168,-0.22065,0.089763,0.13159
21,191.97,-0.22065,0.089763,0.13159
21,192,-0.22065,0.089763,0.13159
21,216,-0.22065,0.089763,0.13159
21,240,-0.22065,0.089763,0.13159
21,263.95,-0.22065,0.089763,0.13159
21,264,-0.22065,0.089763,0.13159
21,288.13,-0.22065,0.089763,0.13159
21,312,-0.22065,0.089763,0.13159
21,335.97,-0.22065,0.089763,0.13159
21,336,-0.22065,0.089763,0.13159
21,360,-0.22065,0.089763,0.13159
21,384,-0.22065,0.089763,0.13159
21,407.97,-0.22065,0.089763,0.13159
21,408,-0.22065,0.089763,0.13159
21,432,-0.22065,0.089763,0.13159
21,456,-0.22065,0.089763,0.13159
21,479.98,-0.22065,0.089763,0.13159
21,480,-0.22065,0.089763,0.13159
21,481,-0.22065,0.089763,0.13159
21,482,-0.22065,0.089763,0.13159
21,483,-0.22065,0.089763,0.13159
21,484,-0.22065,0.089763,0.13159
21,485,-0.22065,0.089763,0.13159
21,486,-0.22065,0.089763,0.13159
21,487,-0.22065,0.089763,0.13159
21,488,-0.22065,0.089763,0.13159
21,492,-0.22065,0.089763,0.13159
21,504,-0.22065,0.089763,0.13159
22,0,0.032428,-0.047848,0.049904
22,24,0.032428,-0.047848,0.049904
22,47.98,0.032428,-0.047848,0.049904
22,48,0.032428,-0.047848,0.049904
22,71.97,0.032428,-0.047848,0.049904
22,72,0.032428,-0.047848,0.049904
22,96,0.032428,-0.047848,0.049904
22,119.97,0.032428,-0.047848,0.049904
22,120,0.032428,-0.047848,0.049904
22,144,0.032428,-0.047848,0.049904
22,168,0.032428,-0.047848,0.049904
22,191.97,0.032428,-0.047848,0.049904
22,192,0.032428,-0.047848,0.049904
22,216,0.032428,-0.047848,0.049904
22,240,0.032428,-0.047848,0.049904
22,263.97,0.032428,-0.047848,0.049904
22,264,0.032428,-0.047848,0.049904
22,288,0.032428,-0.047848,0.049904
22,312,0.032428,-0.047848,0.049904
22,335.97,0.032428,-0.047848,0.049904
22,336,0.032428,-0.047848,0.049904
22,360,0.032428,-0.047848,0.049904
22,384,0.032428,-0.047848,0.049904
22,407.97,0.032428,-0.047848,0.049904
22,408,0.032428,-0.047848,0.049904
22,432,0.032428,-0.047848,0.049904
22,456,0.032428,-0.047848,0.049904
22,479.98,0.032428,-0.047848,0.049904
22,480,0.032428,-0.047848,0.049904
22,481,0.032428,-0.047848,0.049904
22,482.05,0.032428,-0.047848,0.049904
22,483,0.032428,-0.047848,0.049904
22,484,0.032428,-0.047848,0.049904
22,485,0.032428,-0.047848,0.049904
22,486.05,0.032428,-0.047848,0.049904
22,487,0.032428,-0.047848,0.049904
22,488,0.032428,-0.047848,0.049904
22,492,0.032428,-0.047848,0.049904
22,504,0.032428,-0.047848,0.049904
23,0,0.021162,-0.089423,-0.55937
23,24,0.021162,-0.089423,-0.55937
23,47.97,0.021162,-0.089423,-0.55937
23,48,0.021162,-0.089423,-0.55937
23,71.97,0.021162,-0.089423,-0.55937
23,72,0.021162,-0.089423,-0.55937
23,96,0.021162,-0.089423,-0.55937
23,119.97,0.021162,-0.089423,-0.55937
23,120,0.021162,-0.089423,-0.55937
23,144,0.021162,-0.089423,-0.55937
23,168,0.021162,-0.089423,-0.55937
23,191.97,0.021162,-0.089423,-0.55937
23,192,0.021162,-0.089423,-0.55937
23,216,0.021162,-0.089423,-0.55937
23,240,0.021162,-0.089423,-0.55937
23,263.97,0.021162,-0.089423,-0.55937
23,264,0.021162,-0.089423,-0.55937
23,288,0.021162,-0.089423,-0.55937
23,312,0.021162,-0.089423,-0.55937
23,335.97,0.021162,-0.089423,-0.55937
23,336,0.021162,-0.089423,-0.55937
23,360,0.021162,-0.089423,-0.55937
23,384,0.021162,-0.089423,-0.55937
23,407.97,0.021162,-0.089423,-0.55937
23,408,0.021162,-0.089423,-0.55937
23,432,0.021162,-0.089423,-0.55937
23,456,0.021162,-0.089423,-0.55937
23,479.98,0.021162,-0.089423,-0.55937
23,480,0.021162,-0.089423,-0.55937
23,481,0.021162,-0.089423,-0.55937
23,482,0.021162,-0.089423,-0.55937
23,483,0.021162,-0.089423,-0.55937
23,484,0.021162,-0.089423,-0.55937
23,485,0.021162,-0.089423,-0.55937
23,486,0.021162,-0.089423,-0.55937
23,487,0.021162,-0.089423,-0.55937
23,488,0.021162,-0.089423,-0.55937
23,492.02,0.021162,-0.089423,-0.55937
23,504,0.021162,-0.089423,-0.55937
24,0,0.34765,-0.24955,0.11815
24,24,0.34765,-0.24955,0.11815
24,47.97,0.34765,-0.24955,0.11815
24,48,0.34765,-0.24955,0.11815
24,71.97,0.34765,-0.24955,0.11815
24,72,0.34765,-0.24955,0.11815
24,96,0.34765,-0.24955,0.11815
24,119.97,0.34765,-0.24955,0.11815
24,120,0.34765,-0.24955,0.11815
24,144,0.34765,-0.24955,0.11815
24,168,0.34765,-0.24955,0.11815
24,191.97,0.34765,-0.24955,0.11815
24,192,0.34765,-0.24955,0.11815
24,216,0.34765,-0.24955,0.11815
24,240,0.34765,-0.24955,0.11815
24,263.97,0.34765,-0.24955,0.11815
24,264,0.34765,-0.24955,0.11815
24,288,0.34765,-0.24955,0.11815
24,312,0.34765,-0.24955,0.11815
24,335.97,0.34765,-0.24955,0.11815
24,336,0.34765,-0.24955,0.11815
24,360,0.34765,-0.24955,0.11815
24,384,0.34765,-0.24955,0.11815
24,407.97,0.34765,-0.24955,0.11815
24,408,0.34765,-0.24955,0.11815
24,432,0.34765,-0.24955,0.11815
24,456,0.34765,-0.24955,0.11815
24,479.97,0.34765,-0.24955,0.11815
24,480,0.34765,-0.24955,0.11815
24,481,0.34765,-0.24955,0.11815
24,482,0.34765,-0.24955,0.11815
24,483,0.34765,-0.24955,0.11815
24,484,0.34765,-0.24955,0.11815
24,485,0.34765,-0.24955,0.11815
24,486,0.34765,-0.24955,0.11815
24,487,0.34765,-0.24955,0.11815
24,488,0.34765,-0.24955,0.11815
24,492,0.34765,-0.24955,0.11815
24,504,0.34765,-0.24955,0.11815
25,0,0.11727,0.35019,0.25407
25,24,0.11727,0.35019,0.25407
25,47.97,0.11727,0.35019,0.25407
25,48,0.11727,0.35019,0.25407
25,71.97,0.11727,0.35019,0.25407
25,72,0.11727,0.35019,0.25407
25,96,0.11727,0.35019,0.25407
25,119.97,0.11727,0.35019,0.25407
25,120,0.11727,0.35019,0.25407
25,144,0.11727,0.35019,0.25407
25,168,0.11727,0.35019,0.25407
25,191.97,0.11727,0.35019,0.25407
25,192,0.11727,0.35019,0.25407
25,216,0.11727,0.35019,0.25407
25,240,0.11727,0.35019,0.25407
25,263.98,0.11727,0.35019,0.25407
25,264,0.11727,0.35019,0.25407
25,288,0.11727,0.35019,0.25407
25,312,0.11727,0.35019,0.25407
25,335.97,0.11727,0.35019,0.25407
25,336,0.11727,0.35019,0.25407
25,360,0.11727,0.35019,0.25407
25,384,0.11727,0.35019,0.25407
25,407.97,0.11727,0.35019,0.25407
25,408,0.11727,0.35019,0.25407
25,432,0.11727,0.35019,0.25407
25,456,0.11727,0.35019,0.25407
25,479.97,0.11727,0.35019,0.25407
25,480,0.11727,0.35019,0.25407
25,481,0.11727,0.35019,0.25407
25,482.03,0.11727,0.35019,0.25407
25,483,0.11727,0.35019,0.25407
25,484,0.11727,0.35019,0.25407
25,485,0.11727,0.35019,0.25407
25,486,0.11727,0.35019,0.25407
25,487,0.11727,0.35019,0.25407
25,488.05,0.11727,0.35019,0.25407
25,492,0.11727,0.35019,0.25407
25,504,0.11727,0.35019,0.25407
26,0,0.0031338,0.0030026,-0.095301
26,24,0.0031338,0.0030026,-0.095301
26,47.97,0.0031338,0.0030026,-0.095301
26,48,0.0031338,0.0030026,-0.095301
26,71.97,0.0031338,0.0030026,-0.095301
26,72,0.0031338,0.0030026,-0.095301
26,96,0.0031338,0.0030026,-0.095301
26,119.97,0.0031338,0.0030026,-0.095301
27,0,-0.035349,-0.24912,0.35739
27,24,-0.035349,-0.24912,0.35739
27,47.97,-0.035349,-0.24912,0.35739
27,48,-0.035349,-0.24912,0.35739
27,71.98,-0.035349,-0.24912,0.35739
27,72,-0.035349,-0.24912,0.35739
27,96,-0.035349,-0.24912,0.35739
27,119.97,-0.035349,-0.24912,0.35739
27,120,-0.035349,-0.24912,0.35739
27,144,-0.035349,-0.24912,0.35739
27,168,-0.035349,-0.24912,0.35739
27,191.97,-0.035349,-0.24912,0.35739
27,192,-0.035349,-0.24912,0.35739
27,216,-0.035349,-0.24912,0.35739
27,240,-0.035349,-0.24912,0.35739
27,263.97,-0.035349,-0.24912,0.35739
27,264,-0.035349,-0.24912,0.35739
27,288,-0.035349,-0.24912,0.35739
27,312,-0.035349,-0.24912,0.35739
27,335.97,-0.035349,-0.24912,0.35739
27,336,-0.035349,-0.24912,0.35739
27,360,-0.035349,-0.24912,0.35739
27,384,-0.035349,-0.24912,0.35739
27,407.97,-0.035349,-0.24912,0.35739
27,408,-0.035349,-0.24912,0.35739
27,432,-0.035349,-0.24912,0.35739
27,456,-0.035349,-0.24912,0.35739
27,479.97,-0.035349,-0.24912,0.35739
27,480,-0.035349,-0.24912,0.35739
27,481,-0.035349,-0.24912,0.35739
27,482,-0.035349,-0.24912,0.35739
27,483,-0.035349,-0.24912,0.35739
27,484,-0.035349,-0.24912,0.35739
27,485,-0.035349,-0.24912,0.35739
27,486,-0.035349,-0.24912,0.35739
27,487,-0.035349,-0.24912,0.35739
27,488,-0.035349,-0.24912,0.35739
27,492,-0.035349,-0.24912,0.35739
27,504,-0.035349,-0.24912,0.35739
28,0,0.027386,0.056577,-0.55944
28,24.02,0.027386,0.056577,-0.55944
28,47.98,0.027386,0.056577,-0.55944
28,48,0.027386,0.056577,-0.55944
28,71.97,0.027386,0.056577,-0.55944
28,72.08,0.027386,0.056577,-0.55944
28,96,0.027386,0.056577,-0.55944
28,119.97,0.027386,0.056577,-0.55944
28,120,0.027386,0.056577,-0.55944
28,144,0.027386,0.056577,-0.55944
28,168,0.027386,0.056577,-0.55944
28,191.97,0.027386,0.056577,-0.55944
28,192,0.027386,0.056577,-0.55944
28,216,0.027386,0.056577,-0.55944
28,240,0.027386,0.056577,-0.55944
28,263.97,0.027386,0.056577,-0.55944
28,264,0.027386,0.056577,-0.55944
28,288,0.027386,0.056577,-0.55944
28,312,0.027386,0.056577,-0.55944
28,335.98,0.027386,0.056577,-0.55944
28,336,0.027386,0.056577,-0.55944
28,360,0.027386,0.056577,-0.55944
28,384,0.027386,0.056577,-0.55944
28,407.97,0.027386,0.056577,-0.55944
28,408,0.027386,0.056577,-0.55944
28,432,0.027386,0.056577,-0.55944
28,456,0.027386,0.056577,-0.55944
28,479.97,0.027386,0.056577,-0.55944
28,480,0.027386,0.056577,-0.55944
28,481.05,0.027386,0.056577,-0.55944
28,482,0.027386,0.056577,-0.55944
28,483,0.027386,0.056577,-0.55944
28,484,0.027386,0.056577,-0.55944
28,485,0.027386,0.056577,-0.55944
28,486,0.027386,0.056577,-0.55944
28,487,0.027386,0.056577,-0.55944
28,488,0.027386,0.056577,-0.55944
28,504,0.027386,0.056577,-0.55944
29,0,-0.26522,0.12174,-0.36269
29,24,-0.26522,0.12174,-0.36269
29,47.98,-0.26522,0.12174,-0.36269
29,48,-0.26522,0.12174,-0.36269
29,71.97,-0.26522,0.12174,-0.36269
29,72,-0.26522,0.12174,-0.36269
29,96,-0.26522,0.12174,-0.36269
29,119.97,-0.26522,0.12174,-0.36269
29,120,-0.26522,0.12174,-0.36269
29,144,-0.26522,0.12174,-0.36269
29,168,-0.26522,0.12174,-0.36269
29,191.97,-0.26522,0.12174,-0.36269
29,192,-0.26522,0.12174,-0.36269
29,216,-0.26522,0.12174,-0.36269
29,240,-0.26522,0.12174,-0.36269
29,263.97,-0.26522,0.12174,-0.36269
29,264,-0.26522,0.12174,-0.36269
29,288,-0.26522,0.12174,-0.36269
29,312,-0.26522,0.12174,-0.36269
29,335.97,-0.26522,0.12174,-0.36269
29,336,-0.26522,0.12174,-0.36269
29,360,-0.26522,0.12174,-0.36269
29,384,-0.26522,0.12174,-0.36269
29,408,-0.26522,0.12174,-0.36269
29,408,-0.26522,0.12174,-0.36269
29,432,-0.26522,0.12174,-0.36269
29,456,-0.26522,0.12174,-0.36269
29,479.97,-0.26522,0.12174,-0.36269
29,480,-0.26522,0.12174,-0.36269
29,481.03,-0.26522,0.12174,-0.36269
29,482,-0.26522,0.12174,-0.36269
29,483,-0.26522,0.12174,-0.36269
29,484,-0.26522,0.12174,-0.36269
29,485,-0.26522,0.12174,-0.36269
29,486,-0.26522,0.12174,-0.36269
29,487,-0.26522,0.12174,-0.36269
29,488,-0.26522,0.12174,-0.36269
29,492,-0.26522,0.12174,-0.36269
29,504,-0.26522,0.12174,-0.36269
30,0,0.38822,-0.045379,0.13855
30,24,0.38822,-0.045379,0.13855
30,47.97,0.38822,-0.045379,0.13855
30,48,0.38822,-0.045379,0.13855
30,71.97,0.38822,-0.045379,0.13855
30,72,0.38822,-0.045379,0.13855
30,96,0.38822,-0.045379,0.13855
30,119.97,0.38822,-0.045379,0.13855
30,120,0.38822,-0.045379,0.13855
30,144,0.38822,-0.045379,0.13855
30,168,0.38822,-0.045379,0.13855
30,191.97,0.38822,-0.045379,0.13855
30,192,0.38822,-0.045379,0.13855
30,216,0.38822,-0.045379,0.13855
30,240,0.38822,-0.045379,0.13855
30,263.97,0.38822,-0.045379,0.13855
30,264,0.38822,-0.045379,0.13855
30,288,0.38822,-0.045379,0.13855
30,312,0.38822,-0.045379,0.13855
30,335.97,0.38822,-0.045379,0.13855
30,336,0.38822,-0.045379,0.13855
30,360,0.38822,-0.045379,0.13855
30,384,0.38822,-0.045379,0.13855
30,407.97,0.38822,-0.045379,0.13855
30,408,0.38822,-0.045379,0.13855
30,432,0.38822,-0.045379,0.13855
30,455,0.38822,-0.045379,0.13855
30,479,0.38822,-0.045379,0.13855
30,479.97,0.38822,-0.045379,0.13855
30,481,0.38822,-0.045379,0.13855
30,482,0.38822,-0.045379,0.13855
30,483,0.38822,-0.045379,0.13855
30,484,0.38822,-0.045379,0.13855
30,485,0.38822,-0.045379,0.13855
30,486.08,0.38822,-0.045379,0.13855
30,487,0.38822,-0.045379,0.13855
30,488,0.38822,-0.045379,0.13855
30,492,0.38822,-0.045379,0.13855
30,504,0.38822,-0.045379,0.13855
31,0,-0.25985,-0.25176,-0.1334
31,24,-0.25985,-0.25176,-0.1334
31,47.97,-0.25985,-0.25176,-0.1334
31,48,-0.25985,-0.25176,-0.1334
31,71.97,-0.25985,-0.25176,-0.1334
31,72,-0.25985,-0.25176,-0.1334
31,96,-0.25985,-0.25176,-0.1334
31,119.97,-0.25985,-0.25176,-0.1334
31,120,-0.25985,-0.25176,-0.1334
31,144,-0.25985,-0.25176,-0.1334
31,168,-0.25985,-0.25176,-0.1334
31,191.97,-0.25985,-0.25176,-0.1334
31,192,-0.25985,-0.25176,-0.1334
31,216,-0.25985,-0.25176,-0.1334
31,240,-0.25985,-0.25176,-0.1334
31,263.97,-0.25985,-0.25176,-0.1334
31,264,-0.25985,-0.25176,-0.1334
31,288,-0.25985,-0.25176,-0.1334
31,312,-0.25985,-0.25176,-0.1334
31,335.97,-0.25985,-0.25176,-0.1334
31,336,-0.25985,-0.25176,-0.1334
31,360,-0.25985,-0.25176,-0.1334
31,384,-0.25985,-0.25176,-0.1334
31,407.97,-0.25985,-0.25176,-0.1334
31,408,-0.25985,-0.25176,-0.1334
31,432,-0.25985,-0.25176,-0.1334
31,456,-0.25985,-0.25176,-0.1334
31,479.97,-0.25985,-0.25176,-0.1334
31,480,-0.25985,-0.25176,-0.1334
31,481,-0.25985,-0.25176,-0.1334
31,482,-0.25985,-0.25176,-0.1334
31,483,-0.25985,-0.25176,-0.1334
31,484.02,-0.25985,-0.25176,-0.1334
31,485,-0.25985,-0.25176,-0.1334
31,486.02,-0.25985,-0.25176,-0.1334
31,487,-0.25985,-0.25176,-0.1334
31,488,-0.25985,-0.25176,-0.1334
31,492,-0.25985,-0.25176,-0.1334
31,504,-0.25985,-0.25176,-0.1334
32,0,0.098288,-0.28033,-0.58375
32,24,0.098288,-0.28033,-0.58375
32,47.97,0.098288,-0.28033,-0.58375
32,48,0.098288,-0.28033,-0.58375
32,71.97,0.098288,-0.28033,-0.58375
32,72,0.098288,-0.28033,-0.58375
32,96,0.098288,-0.28033,-0.58375
32,119.97,0.098288,-0.28033,-0.58375
32,120,0.098288,-0.28033,-0.58375
32,144,0.098288,-0.28033,-0.58375
32,168,0.098288,-0.28033,-0.58375
32,191.97,0.098288,-0.28033,-0.58375
32,192,0.098288,-0.28033,-0.58375
32,216,0.098288,-0.28033,-0.58375
32,240,0.098288,-0.28033,-0.58375
32,263.97,0.098288,-0.28033,-0.58375
32,264,0.098288,-0.28033,-0.58375
32,288,0.098288,-0.28033,-0.58375
32,312,0.098288,-0.28033,-0.58375
32,335.97,0.098288,-0.28033,-0.58375
32,336,0.098288,-0.28033,-0.58375
32,360,0.098288,-0.28033,-0.58375
32,384,0.098288,-0.28033,-0.58375
32,407.97,0.098288,-0.28033,-0.58375
32,408,0.098288,-0.28033,-0.58375
32,432,0.098288,-0.28033,-0.58375
32,456,0.098288,-0.28033,-0.58375
32,479.97,0.098288,-0.28033,-0.58375
32,480,0.098288,-0.28033,-0.58375
32,481,0.098288,-0.28033,-0.58375
32,482,0.098288,-0.28033,-0.58375
32,483.05,0.098288,-0.28033,-0.58375
32,484,0.098288,-0.28033,-0.58375
32,485,0.098288,-0.28033,-0.58375
32,486.03,0.098288,-0.28033,-0.58375
32,487,0.098288,-0.28033,-0.58375
32,488,0.098288,-0.28033,-0.58375
32,492,0.098288,-0.28033,-0.58375
32,504,0.098288,-0.28033,-0.58375
33,0,-0.43919,-0.49587,0.12874
33,1,-0.43919,-0.49587,0.12874
33,2,-0.43919,-0.49587,0.12874
33,3,-0.43919,-0.49587,0.12874
33,5,-0.43919,-0.49587,0.12874
33,6,-0.43919,-0.49587,0.12874
33,8,-0.43919,-0.49587,0.12874
33,12,-0.43919,-0.49587,0.12874
33,23.92,-0.43919,-0.49587,0.12874
33,24,-0.43919,-0.49587,0.12874
33,47.92,-0.43919,-0.49587,0.12874
33,48,-0.43919,-0.49587,0.12874
33,71.92,-0.43919,-0.49587,0.12874
33,72,-0.43919,-0.49587,0.12874
33,96.08,-0.43919,-0.49587,0.12874
33,119.92,-0.43919,-0.49587,0.12874
33,120,-0.43919,-0.49587,0.12874
33,144,-0.43919,-0.49587,0.12874
33,168,-0.43919,-0.49587,0.12874
33,191.92,-0.43919,-0.49587,0.12874
33,192,-0.43919,-0.49587,0.12874
33,216,-0.43919,-0.49587,0.12874
33,240,-0.43919,-0.49587,0.12874
33,263.92,-0.43919,-0.49587,0.12874
33,264,-0.43919,-0.49587,0.12874
33,288,-0.43919,-0.49587,0.12874
33,312,-0.43919,-0.49587,0.12874
33,335.92,-0.43919,-0.49587,0.12874
33,336,-0.43919,-0.49587,0.12874
33,360,-0.43919,-0.49587,0.12874
33,384,-0.43919,-0.49587,0.12874
33,407.92,-0.43919,-0.49587,0.12874
33,408,-0.43919,-0.49587,0.12874
33,432,-0.43919,-0.49587,0.12874
33,456,-0.43919,-0.49587,0.12874
33,479.92,-0.43919,-0.49587,0.12874
33,480,-0.43919,-0.49587,0.12874
33,481,-0.43919,-0.49587,0.12874
33,482,-0.43919,-0.49587,0.12874
33,483,-0.43919,-0.49587,0.12874
33,485,-0.43919,-0.49587,0.12874
33,486,-0.43919,-0.49587,0.12874
33,488,-0.43919,-0.49587,0.12874
33,492,-0.43919,-0.49587,0.12874
33,504,-0.43919,-0.49587,0.12874
33,528,-0.43919,-0.49587,0.12874
33,552,-0.43919,-0.49587,0.12874
33,576,-0.43919,-0.49587,0.12874
33,600,-0.43919,-0.49587,0.12874
33,672.45,-0.43919,-0.49587,0.12874
33,724,-0.43919,-0.49587,0.12874
34,0,-0.25754,0.19575,-0.15365
34,1,-0.25754,0.19575,-0.15365
34,2,-0.25754,0.19575,-0.15365
34,3,-0.25754,0.19575,-0.15365
34,5,-0.25754,0.19575,-0.15365
34,6,-0.25754,0.19575,-0.15365
34,8,-0.25754,0.19575,-0.15365
34,12,-0.25754,0.19575,-0.15365
34,23.92,-0.25754,0.19575,-0.15365
34,24,-0.25754,0.19575,-0.15365
34,47.92,-0.25754,0.19575,-0.15365
34,48,-0.25754,0.19575,-0.15365
34,71.92,-0.25754,0.19575,-0.15365
34,72,-0.25754,0.19575,-0.15365
34,96.08,-0.25754,0.19575,-0.15365
34,119.92,-0.25754,0.19575,-0.15365
34,120,-0.25754,0.19575,-0.15365
34,144,-0.25754,0.19575,-0.15365
34,168,-0.25754,0.19575,-0.15365
34,191.92,-0.25754,0.19575,-0.15365
34,192,-0.25754,0.19575,-0.15365
34,216,-0.25754,0.19575,-0.15365
34,240,-0.25754,0.19575,-0.15365
34,263.92,-0.25754,0.19575,-0.15365
34,264,-0.25754,0.19575,-0.15365
34,288,-0.25754,0.19575,-0.15365
34,312,-0.25754,0.19575,-0.15365
34,335.92,-0.25754,0.19575,-0.15365
34,336,-0.25754,0.19575,-0.15365
34,360,-0.25754,0.19575,-0.15365
34,384,-0.25754,0.19575,-0.15365
34,407.92,-0.25754,0.19575,-0.15365
34,408,-0.25754,0.19575,-0.15365
34,432,-0.25754,0.19575,-0.15365
34,456,-0.25754,0.19575,-0.15365
34,479.92,-0.25754,0.19575,-0.15365
34,480,-0.25754,0.19575,-0.15365
34,481,-0.25754,0.19575,-0.15365
34,482,-0.25754,0.19575,-0.15365
34,483,-0.25754,0.19575,-0.15365
34,485,-0.25754,0.19575,-0.15365
34,486,-0.25754,0.19575,-0.15365
34,488,-0.25754,0.19575,-0.15365
34,492,-0.25754,0.19575,-0.15365
34,504.05,-0.25754,0.19575,-0.15365
34,528,-0.25754,0.19575,-0.15365
34,552.25,-0.25754,0.19575,-0.15365
34,576,-0.25754,0.19575,-0.15365
34,600,-0.25754,0.19575,-0.15365
34,672.5,-0.25754,0.19575,-0.15365
34,720.25,-0.25754,0.19575,-0.15365
35,0,0.51226,0.43688,-0.077116
35,1,0.51226,0.43688,-0.077116
35,2,0.51226,0.43688,-0.077116
35,3,0.51226,0.43688,-0.077116
35,5,0.51226,0.43688,-0.077116
35,6,0.51226,0.43688,-0.077116
35,8,0.51226,0.43688,-0.077116
35,12,0.51226,0.43688,-0.077116
35,23.92,0.51226,0.43688,-0.077116
35,24,0.51226,0.43688,-0.077116
35,47.92,0.51226,0.43688,-0.077116
35,48,0.51226,0.43688,-0.077116
35,71.92,0.51226,0.43688,-0.077116
35,72,0.51226,0.43688,-0.077116
35,96,0.51226,0.43688,-0.077116
35,119.92,0.51226,0.43688,-0.077116
35,120,0.51226,0.43688,-0.077116
35,144,0.51226,0.43688,-0.077116
35,168,0.51226,0.43688,-0.077116
35,191.92,0.51226,0.43688,-0.077116
35,192,0.51226,0.43688,-0.077116
35,216,0.51226,0.43688,-0.077116
35,240,0.51226,0.43688,-0.077116
35,263.92,0.51226,0.43688,-0.077116
35,264,0.51226,0.43688,-0.077116
35,288,0.51226,0.43688,-0.077116
35,312,0.51226,0.43688,-0.077116
35,335.92,0.51226,0.43688,-0.077116
35,336,0.51226,0.43688,-0.077116
35,360,0.51226,0.43688,-0.077116
35,384,0.51226,0.43688,-0.077116
35,407.92,0.51226,0.43688,-0.077116
35,408,0.51226,0.43688,-0.077116
35,432,0.51226,0.43688,-0.077116
35,456,0.51226,0.43688,-0.077116
35,479.92,0.51226,0.43688,-0.077116
35,480,0.51226,0.43688,-0.077116
35,481,0.51226,0.43688,-0.077116
35,482,0.51226,0.43688,-0.077116
35,483,0.51226,0.43688,-0.077116
35,485,0.51226,0.43688,-0.077116
35,486,0.51226,0.43688,-0.077116
35,488,0.51226,0.43688,-0.077116
35,492,0.51226,0.43688,-0.077116
35,504,0.51226,0.43688,-0.077116
35,528,0.51226,0.43688,-0.077116
35,552.25,0.51226,0.43688,-0.077116
35,576,0.51226,0.43688,-0.077116
35,600,0.51226,0.43688,-0.077116
35,671.9,0.51226,0.43688,-0.077116
35,723.83,0.51226,0.43688,-0.077116
36,0,0.40432,0.1579,0.20426
36,1,0.40432,0.1579,0.20426
36,2,0.40432,0.1579,0.20426
36,3,0.40432,0.1579,0.20426
36,5,0.40432,0.1579,0.20426
36,6,0.40432,0.1579,0.20426
36,8,0.40432,0.1579,0.20426
36,12,0.40432,0.1579,0.20426
36,23.92,0.40432,0.1579,0.20426
36,24,0.40432,0.1579,0.20426
36,47.92,0.40432,0.1579,0.20426
36,48,0.40432,0.1579,0.20426
36,71.92,0.40432,0.1579,0.20426
36,72,0.40432,0.1579,0.20426
36,96,0.40432,0.1579,0.20426
36,119.92,0.40432,0.1579,0.20426
36,120,0.40432,0.1579,0.20426
36,144,0.40432,0.1579,0.20426
36,168,0.40432,0.1579,0.20426
36,191.92,0.40432,0.1579,0.20426
36,192,0.40432,0.1579,0.20426
36,216,0.40432,0.1579,0.20426
36,240,0.40432,0.1579,0.20426
36,263.88,0.40432,0.1579,0.20426
36,264.03,0.40432,0.1579,0.20426
36,288,0.40432,0.1579,0.20426
36,312,0.40432,0.1579,0.20426
36,335.92,0.40432,0.1579,0.20426
36,336,0.40432,0.1579,0.20426
36,360,0.40432,0.1579,0.20426
36,384,0.40432,0.1579,0.20426
36,407.92,0.40432,0.1579,0.20426
36,408,0.40432,0.1579,0.20426
36,432,0.40432,0.1579,0.20426
36,456,0.40432,0.1579,0.20426
36,479.92,0.40432,0.1579,0.20426
36,480,0.40432,0.1579,0.20426
36,481,0.40432,0.1579,0.20426
36,482,0.40432,0.1579,0.20426
36,483,0.40432,0.1579,0.20426
36,485,0.40432,0.1579,0.20426
36,486,0.40432,0.1579,0.20426
36,488,0.40432,0.1579,0.20426
36,492,0.40432,0.1579,0.20426
36,504,0.40432,0.1579,0.20426
36,528,0.40432,0.1579,0.20426
36,552.17,0.40432,0.1579,0.20426
36,576,0.40432,0.1579,0.20426
36,600,0.40432,0.1579,0.20426
36,671.85,0.40432,0.1579,0.20426
36,723.88,0.40432,0.1579,0.20426
37,0,-0.052251,0.33137,0.2012
37,1,-0.052251,0.33137,0.2012
37,2,-0.052251,0.33137,0.2012
37,3,-0.052251,0.33137,0.2012
37,5,-0.052251,0.33137,0.2012
37,6,-0.052251,0.33137,0.2012
37,8,-0.052251,0.33137,0.2012
37,12,-0.052251,0.33137,0.2012
37,23.92,-0.052251,0.33137,0.2012
38,0,-0.024028,0.20174,-0.38178
38,1,-0.024028,0.20174,-0.38178
38,2,-0.024028,0.20174,-0.38178
38,3,-0.024028,0.20174,-0.38178
38,5,-0.024028,0.20174,-0.38178
38,6,-0.024028,0.20174,-0.38178
38,8,-0.024028,0.20174,-0.38178
38,12,-0.024028,0.20174,-0.38178
38,23.92,-0.024028,0.20174,-0.38178
39,0,0.84656,-0.058515,-0.15518
39,1,0.84656,-0.058515,-0.15518
39,2,0.84656,-0.058515,-0.15518
39,3,0.84656,-0.058515,-0.15518
39,5,0.84656,-0.058515,-0.15518
39,6,0.84656,-0.058515,-0.15518
39,8,0.84656,-0.058515,-0.15518
39,12,0.84656,-0.058515,-0.15518
39,23.92,0.84656,-0.058515,-0.15518
39,24,0.84656,-0.058515,-0.15518
39,47.92,0.84656,-0.058515,-0.15518
39,48,0.84656,-0.058515,-0.15518
39,72,0.84656,-0.058515,-0.15518
39,72,0.84656,-0.058515,-0.15518
39,96,0.84656,-0.058515,-0.15518
39,119.92,0.84656,-0.058515,-0.15518
39,120,0.84656,-0.058515,-0.15518
39,144,0.84656,-0.058515,-0.15518
39,168,0.84656,-0.058515,-0.15518
39,191.92,0.84656,-0.058515,-0.15518
39,192,0.84656,-0.058515,-0.15518
39,216,0.84656,-0.058515,-0.15518
39,240,0.84656,-0.058515,-0.15518
39,263.92,0.84656,-0.058515,-0.15518
39,264,0.84656,-0.058515,-0.15518
39,288,0.84656,-0.058515,-0.15518
39,312,0.84656,-0.058515,-0.15518
39,335.92,0.84656,-0.058515,-0.15518
39,336,0.84656,-0.058515,-0.15518
39,360,0.84656,-0.058515,-0.15518
39,384,0.84656,-0.058515,-0.15518
39,407.92,0.84656,-0.058515,-0.15518
39,408,0.84656,-0.058515,-0.15518
39,432,0.84656,-0.058515,-0.15518
39,456,0.84656,-0.058515,-0.15518
39,479.92,0.84656,-0.058515,-0.15518
39,480,0.84656,-0.058515,-0.15518
39,481,0.84656,-0.058515,-0.15518
39,482,0.84656,-0.058515,-0.15518
39,483,0.84656,-0.058515,-0.15518
39,485,0.84656,-0.058515,-0.15518
39,486,0.84656,-0.058515,-0.15518
39,488,0.84656,-0.058515,-0.15518
39,492,0.84656,-0.058515,-0.15518
39,504,0.84656,-0.058515,-0.15518
39,528.07,0.84656,-0.058515,-0.15518
39,552,0.84656,-0.058515,-0.15518
39,576.05,0.84656,-0.058515,-0.15518
39,600.28,0.84656,-0.058515,-0.15518
39,672,0.84656,-0.058515,-0.15518
39,720.07,0.84656,-0.058515,-0.15518
40,0,0.098241,0.38442,-0.35133
40,1,0.098241,0.38442,-0.35133
40,2,0.098241,0.38442,-0.35133
40,3,0.098241,0.38442,-0.35133
40,5,0.098241,0.38442,-0.35133
40,6,0.098241,0.38442,-0.35133
40,8,0.098241,0.38442,-0.35133
40,12,0.098241,0.38442,-0.35133
40,23.93,0.098241,0.38442,-0.35133
40,24,0.098241,0.38442,-0.35133
40,47.92,0.098241,0.38442,-0.35133
40,48,0.098241,0.38442,-0.35133
40,71.92,0.098241,0.38442,-0.35133
40,72,0.098241,0.38442,-0.35133
40,96,0.098241,0.38442,-0.35133
40,119.92,0.098241,0.38442,-0.35133
40,120,0.098241,0.38442,-0.35133
40,144,0.098241,0.38442,-0.35133
40,168,0.098241,0.38442,-0.35133
40,191.92,0.098241,0.38442,-0.35133
40,192,0.098241,0.38442,-0.35133
40,216,0.098241,0.38442,-0.35133
40,240,0.098241,0.38442,-0.35133
40,263.92,0.098241,0.38442,-0.35133
40,264,0.098241,0.38442,-0.35133
40,288,0.098241,0.38442,-0.35133
40,312,0.098241,0.38442,-0.35133
40,335.92,0.098241,0.38442,-0.35133
40,336,0.098241,0.38442,-0.35133
40,360,0.098241,0.38442,-0.35133
40,384,0.098241,0.38442,-0.35133
40,407.92,0.098241,0.38442,-0.35133
40,408,0.098241,0.38442,-0.35133
40,432,0.098241,0.38442,-0.35133
40,456,0.098241,0.38442,-0.35133
40,479.92,0.098241,0.38442,-0.35133
40,480,0.098241,0.38442,-0.35133
40,481,0.098241,0.38442,-0.35133
40,482,0.098241,0.38442,-0.35133
40,483,0.098241,0.38442,-0.35133
40,485,0.098241,0.38442,-0.35133
40,486,0.098241,0.38442,-0.35133
40,488,0.098241,0.38442,-0.35133
40,492,0.098241,0.38442,-0.35133
40,504,0.098241,0.38442,-0.35133
40,528,0.098241,0.38442,-0.35133
40,552.03,0.098241,0.38442,-0.35133
40,576,0.098241,0.38442,-0.35133
40,600,0.098241,0.38442,-0.35133
40,673.88,0.098241,0.38442,-0.35133
40,720,0.098241,0.38442,-0.35133
41,0,0.60678,-0.18,0.58058
41,1,0.60678,-0.18,0.58058
41,2,0.60678,-0.18,0.58058
41,3,0.60678,-0.18,0.58058
41,5,0.60678,-0.18,0.58058
41,6,0.60678,-0.18,0.58058
41,8,0.60678,-0.18,0.58058
41,12,0.60678,-0.18,0.58058
41,23.92,0.60678,-0.18,0.58058
41,24,0.60678,-0.18,0.58058
41,47.92,0.60678,-0.18,0.58058
41,48,0.60678,-0.18,0.58058
41,71.92,0.60678,-0.18,0.58058
41,72,0.60678,-0.18,0.58058
41,96,0.60678,-0.18,0.58058
41,119.92,0.60678,-0.18,0.58058
41,120,0.60678,-0.18,0.58058
41,144,0.60678,-0.18,0.58058
41,168,0.60678,-0.18,0.58058
41,190.92,0.60678,-0.18,0.58058
41,192,0.60678,-0.18,0.58058
41,216,0.60678,-0.18,0.58058
41,240,0.60678,-0.18,0.58058
41,263.92,0.60678,-0.18,0.58058
41,264,0.60678,-0.18,0.58058
41,288,0.60678,-0.18,0.58058
41,312,0.60678,-0.18,0.58058
41,335.92,0.60678,-0.18,0.58058
41,336,0.60678,-0.18,0.58058
41,360,0.60678,-0.18,0.58058
41,384,0.60678,-0.18,0.58058
41,407.92,0.60678,-0.18,0.58058
41,408,0.60678,-0.18,0.58058
41,432,0.60678,-0.18,0.58058
41,456,0.60678,-0.18,0.58058
41,479.92,0.60678,-0.18,0.58058
41,480,0.60678,-0.18,0.58058
41,481,0.60678,-0.18,0.58058
41,482,0.60678,-0.18,0.58058
41,483,0.60678,-0.18,0.58058
41,485,0.60678,-0.18,0.58058
41,486,0.60678,-0.18,0.58058
41,488,0.60678,-0.18,0.58058
41,492,0.60678,-0.18,0.58058
41,504,0.60678,-0.18,0.58058
41,528,0.60678,-0.18,0.58058
41,552.05,0.60678,-0.18,0.58058
41,576,0.60678,-0.18,0.58058
41,600,0.60678,-0.18,0.58058
41,672,0.60678,-0.18,0.58058
41,720,0.60678,-0.18,0.58058
42,0,0.079847,-0.16379,0.17806
42,1,0.079847,-0.16379,0.17806
42,2,0.079847,-0.16379,0.17806
42,3,0.079847,-0.16379,0.17806
42,5,0.079847,-0.16379,0.17806
42,6,0.079847,-0.16379,0.17806
42,8,0.079847,-0.16379,0.17806
42,23.92,0.079847,-0.16379,0.17806
42,24,0.079847,-0.16379,0.17806
42,47.92,0.079847,-0.16379,0.17806
42,48,0.079847,-0.16379,0.17806
42,71.92,0.079847,-0.16379,0.17806
42,72,0.079847,-0.16379,0.17806
42,96,0.079847,-0.16379,0.17806
42,119.92,0.079847,-0.16379,0.17806
42,120,0.079847,-0.16379,0.17806
42,144,0.079847,-0.16379,0.17806
42,168,0.079847,-0.16379,0.17806
42,190.92,0.079847,-0.16379,0.17806
42,192,0.079847,-0.16379,0.17806
42,216,0.079847,-0.16379,0.17806
42,240,0.079847,-0.16379,0.17806
42,263.92,0.079847,-0.16379,0.17806
42,264,0.079847,-0.16379,0.17806
42,288,0.079847,-0.16379,0.17806
42,312,0.079847,-0.16379,0.17806
42,335.92,0.079847,-0.16379,0.17806
42,336,0.079847,-0.16379,0.17806
42,360,0.079847,-0.16379,0.17806
42,384,0.079847,-0.16379,0.17806
42,407.92,0.079847,-0.16379,0.17806
42,408,0.079847,-0.16379,0.17806
42,432,0.079847,-0.16379,0.17806
42,456,0.079847,-0.16379,0.17806
42,479.92,0.079847,-0.16379,0.17806
42,480,0.079847,-0.16379,0.17806
42,481,0.079847,-0.16379,0.17806
42,482,0.079847,-0.16379,0.17806
42,483,0.079847,-0.16379,0.17806
42,485,0.079847,-0.16379,0.17806
42,486,0.079847,-0.16379,0.17806
42,488,0.079847,-0.16379,0.17806
42,492,0.079847,-0.16379,0.17806
42,504,0.079847,-0.16379,0.17806
42,528,0.079847,-0.16379,0.17806
42,552,0.079847,-0.16379,0.17806
42,576,0.079847,-0.16379,0.17806
42,600,0.079847,-0.16379,0.17806
42,672,0.079847,-0.16379,0.17806
42,720,0.079847,-0.16379,0.17806
43,0,-0.65704,0.32813,0.17958
43,1,-0.65704,0.32813,0.17958
43,2,-0.65704,0.32813,0.17958
43,3,-0.65704,0.32813,0.17958
43,5,-0.65704,0.32813,0.17958
43,6,-0.65704,0.32813,0.17958
43,8,-0.65704,0.32813,0.17958
43,12,-0.65704,0.32813,0.17958
43,23.92,-0.65704,0.32813,0.17958
43,24,-0.65704,0.32813,0.17958
43,47.92,-0.65704,0.32813,0.17958
43,48,-0.65704,0.32813,0.17958
43,71.92,-0.65704,0.32813,0.17958
43,72,-0.65704,0.32813,0.17958
43,96,-0.65704,0.32813,0.17958
43,119.92,-0.65704,0.32813,0.17958
43,120,-0.65704,0.32813,0.17958
43,144,-0.65704,0.32813,0.17958
43,168,-0.65704,0.32813,0.17958
43,191.92,-0.65704,0.32813,0.17958
43,192,-0.65704,0.32813,0.17958
43,216,-0.65704,0.32813,0.17958
43,240,-0.65704,0.32813,0.17958
43,263.92,-0.65704,0.32813,0.17958
43,264,-0.65704,0.32813,0.17958
43,288,-0.65704,0.32813,0.17958
43,312,-0.65704,0.32813,0.17958
43,335.92,-0.65704,0.32813,0.17958
43,336,-0.65704,0.32813,0.17958
43,360,-0.65704,0.32813,0.17958
43,384,-0.65704,0.32813,0.17958
43,407.92,-0.65704,0.32813,0.17958
43,408,-0.65704,0.32813,0.17958
43,432,-0.65704,0.32813,0.17958
43,456,-0.65704,0.32813,0.17958
43,479.92,-0.65704,0.32813,0.17958
43,480,-0.65704,0.32813,0.17958
43,481,-0.65704,0.32813,0.17958
43,482,-0.65704,0.32813,0.17958
43,483,-0.65704,0.32813,0.17958
43,485,-0.65704,0.32813,0.17958
43,486,-0.65704,0.32813,0.17958
43,488,-0.65704,0.32813,0.17958
43,492,-0.65704,0.32813,0.17958
43,504,-0.65704,0.32813,0.17958
43,528,-0.65704,0.32813,0.17958
43,552.03,-0.65704,0.32813,0.17958
43,576,-0.65704,0.32813,0.17958
43,600,-0.65704,0.32813,0.17958
43,672,-0.65704,0.32813,0.17958
43,720,-0.65704,0.32813,0.17958
44,0,0.25064,0.025367,-0.49909
44,1,0.25064,0.025367,-0.49909
44,2,0.25064,0.025367,-0.49909
44,3,0.25064,0.025367,-0.49909
44,5.02,0.25064,0.025367,-0.49909
44,6,0.25064,0.025367,-0.49909
44,8.05,0.25064,0.025367,-0.49909
44,12,0.25064,0.025367,-0.49909
44,23.92,0.25064,0.025367,-0.49909
44,24,0.25064,0.025367,-0.49909
44,47.92,0.25064,0.025367,-0.49909
44,48,0.25064,0.025367,-0.49909
44,71.92,0.25064,0.025367,-0.49909
44,72,0.25064,0.025367,-0.49909
44,96,0.25064,0.025367,-0.49909
44,119.92,0.25064,0.025367,-0.49909
44,120,0.25064,0.025367,-0.49909
44,144,0.25064,0.025367,-0.49909
44,168,0.25064,0.025367,-0.49909
44,191.92,0.25064,0.025367,-0.49909
44,192,0.25064,0.025367,-0.49909
44,216,0.25064,0.025367,-0.49909
44,240,0.25064,0.025367,-0.49909
44,263.92,0.25064,0.025367,-0.49909
44,264,0.25064,0.025367,-0.49909
44,288,0.25064,0.025367,-0.49909
44,312,0.25064,0.025367,-0.49909
44,335.92,0.25064,0.025367,-0.49909
44,336,0.25064,0.025367,-0.49909
44,360,0.25064,0.025367,-0.49909
44,384,0.25064,0.025367,-0.49909
44,407.92,0.25064,0.025367,-0.49909
44,408,0.25064,0.025367,-0.49909
44,432,0.25064,0.025367,-0.49909
44,456,0.25064,0.025367,-0.49909
44,479.92,0.25064,0.025367,-0.49909
44,480,0.25064,0.025367,-0.49909
44,481,0.25064,0.025367,-0.49909
44,482,0.25064,0.025367,-0.49909
44,483,0.25064,0.025367,-0.49909
44,485,0.25064,0.025367,-0.49909
44,486,0.25064,0.025367,-0.49909
44,488,0.25064,0.025367,-0.49909
44,492,0.25064,0.025367,-0.49909
44,504,0.25064,0.025367,-0.49909
44,528,0.25064,0.025367,-0.49909
44,552.03,0.25064,0.025367,-0.49909
44,576.07,0.25064,0.025367,-0.49909
44,600,0.25064,0.025367,-0.49909
44,673.43,0.25064,0.025367,-0.49909
44,720,0.25064,0.025367,-0.49909
45,0,-0.30505,-0.91039,-0.70143
45,1,-0.30505,-0.91039,-0.70143
45,2,-0.30505,-0.91039,-0.70143
45,3,-0.30505,-0.91039,-0.70143
45,5,-0.30505,-0.91039,-0.70143
45,6,-0.30505,-0.91039,-0.70143
45,8,-0.30505,-0.91039,-0.70143
45,12,-0.30505,-0.91039,-0.70143
45,23.92,-0.30505,-0.91039,-0.70143
45,24,-0.30505,-0.91039,-0.70143
45,47.92,-0.30505,-0.91039,-0.70143
45,48,-0.30505,-0.91039,-0.70143
45,71.92,-0.30505,-0.91039,-0.70143
45,72,-0.30505,-0.91039,-0.70143
45,96,-0.30505,-0.91039,-0.70143
45,119.92,-0.30505,-0.91039,-0.70143
45,120,-0.30505,-0.91039,-0.70143
45,144,-0.30505,-0.91039,-0.70143
45,168,-0.30505,-0.91039,-0.70143
45,191.92,-0.30505,-0.91039,-0.70143
45,192,-0.30505,-0.91039,-0.70143
45,216,-0.30505,-0.91039,-0.70143
45,240,-0.30505,-0.91039,-0.70143
45,263.92,-0.30505,-0.91039,-0.70143
45,264,-0.30505,-0.91039,-0.70143
45,288,-0.30505,-0.91039,-0.70143
45,312,-0.30505,-0.91039,-0.70143
45,335.92,-0.30505,-0.91039,-0.70143
45,336,-0.30505,-0.91039,-0.70143
45,360,-0.30505,-0.91039,-0.70143
45,384,-0.30505,-0.91039,-0.70143
45,407.92,-0.30505,-0.91039,-0.70143
45,408,-0.30505,-0.91039,-0.70143
45,432,-0.30505,-0.91039,-0.70143
45,456,-0.30505,-0.91039,-0.70143
45,479.92,-0.30505,-0.91039,-0.70143
45,480,-0.30505,-0.91039,-0.70143
45,481,-0.30505,-0.91039,-0.70143
45,482,-0.30505,-0.91039,-0.70143
45,483,-0.30505,-0.91039,-0.70143
45,485,-0.30505,-0.91039,-0.70143
45,486,-0.30505,-0.91039,-0.70143
45,488,-0.30505,-0.91039,-0.70143
45,492,-0.30505,-0.91039,-0.70143
45,504,-0.30505,-0.91039,-0.70143
45,528,-0.30505,-0.91039,-0.70143
45,552,-0.30505,-0.91039,-0.70143
45,576,-0.30505,-0.91039,-0.70143
45,600,-0.30505,-0.91039,-0.70143
45,672.03,-0.30505,-0.91039,-0.70143
45,720,-0.30505,-0.91039,-0.70143
46,0,-0.21718,0.83906,-0.64736
46,1,-0.21718,0.83906,-0.64736
46,2,-0.21718,0.83906,-0.64736
46,3,-0.21718,0.83906,-0.64736
46,5,-0.21718,0.83906,-0.64736
46,6,-0.21718,0.83906,-0.64736
46,8,-0.21718,0.83906,-0.64736
46,12,-0.21718,0.83906,-0.64736
46,23.92,-0.21718,0.83906,-0.64736
46,24,-0.21718,0.83906,-0.64736
46,47.92,-0.21718,0.83906,-0.64736
46,48,-0.21718,0.83906,-0.64736
46,71.92,-0.21718,0.83906,-0.64736
46,72,-0.21718,0.83906,-0.64736
46,96,-0.21718,0.83906,-0.64736
46,119.92,-0.21718,0.83906,-0.64736
46,120,-0.21718,0.83906,-0.64736
46,144,-0.21718,0.83906,-0.64736
46,168,-0.21718,0.83906,-0.64736
46,191.92,-0.21718,0.83906,-0.64736
46,192,-0.21718,0.83906,-0.64736
46,216,-0.21718,0.83906,-0.64736
46,240,-0.21718,0.83906,-0.64736
46,263.92,-0.21718,0.83906,-0.64736
46,264,-0.21718,0.83906,-0.64736
46,288,-0.21718,0.83906,-0.64736
46,312,-0.21718,0.83906,-0.64736
46,335.92,-0.21718,0.83906,-0.64736
46,336,-0.21718,0.83906,-0.64736
46,360,-0.21718,0.83906,-0.64736
46,384,-0.21718,0.83906,-0.64736
46,407.95,-0.21718,0.83906,-0.64736
46,408,-0.21718,0.83906,-0.64736
46,432,-0.21718,0.83906,-0.64736
46,456,-0.21718,0.83906,-0.64736
46,479.92,-0.21718,0.83906,-0.64736
46,480,-0.21718,0.83906,-0.64736
46,481,-0.21718,0.83906,-0.64736
46,482,-0.21718,0.83906,-0.64736
46,483,-0.21718,0.83906,-0.64736
46,485,-0.21718,0.83906,-0.64736
46,486,-0.21718,0.83906,-0.64736
46,488,-0.21718,0.83906,-0.64736
46,492,-0.21718,0.83906,-0.64736
46,504,-0.21718,0.83906,-0.64736
46,528,-0.21718,0.83906,-0.64736
46,552.25,-0.21718,0.83906,-0.64736
46,576.92,-0.21718,0.83906,-0.64736
46,600,-0.21718,0.83906,-0.64736
46,672,-0.21718,0.83906,-0.64736
46,720,-0.21718,0.83906,-0.64736
47,0,-0.81115,0.097794,-0.256
47,1,-0.81115,0.097794,-0.256
47,2,-0.81115,0.097794,-0.256
47,3,-0.81115,0.097794,-0.256
47,5,-0.81115,0.097794,-0.256
47,6,-0.81115,0.097794,-0.256
47,8,-0.81115,0.097794,-0.256
47,12,-0.81115,0.097794,-0.256
47,23.92,-0.81115,0.097794,-0.256
47,24,-0.81115,0.097794,-0.256
47,47.83,-0.81115,0.097794,-0.256
47,48.08,-0.81115,0.097794,-0.256
47,71.92,-0.81115,0.097794,-0.256
47,72,-0.81115,0.097794,-0.256
47,96,-0.81115,0.097794,-0.256
47,119.92,-0.81115,0.097794,-0.256
47,120,-0.81115,0.097794,-0.256
47,144,-0.81115,0.097794,-0.256
47,168,-0.81115,0.097794,-0.256
47,191.92,-0.81115,0.097794,-0.256
47,192,-0.81115,0.097794,-0.256
47,216,-0.81115,0.097794,-0.256
47,240,-0.81115,0.097794,-0.256
47,263.92,-0.81115,0.097794,-0.256
47,264,-0.81115,0.097794,-0.256
47,288,-0.81115,0.097794,-0.256
47,312,-0.81115,0.097794,-0.256
47,335.92,-0.81115,0.097794,-0.256
47,336,-0.81115,0.097794,-0.256
47,360,-0.81115,0.097794,-0.256
47,384,-0.81115,0.097794,-0.256
47,407.92,-0.81115,0.097794,-0.256
47,408,-0.81115,0.097794,-0.256
47,432,-0.81115,0.097794,-0.256
47,456,-0.81115,0.097794,-0.256
47,479.92,-0.81115,0.097794,-0.256
47,480,-0.81115,0.097794,-0.256
47,481,-0.81115,0.097794,-0.256
47,482,-0.81115,0.097794,-0.256
47,483,-0.81115,0.097794,-0.256
47,485,-0.81115,0.097794,-0.256
47,486.12,-0.81115,0.097794,-0.256
47,488,-0.81115,0.097794,-0.256
47,492,-0.81115,0.097794,-0.256
47,504,-0.81115,0.097794,-0.256
47,528,-0.81115,0.097794,-0.256
47,552,-0.81115,0.097794,-0.256
47,576.03,-0.81115,0.097794,-0.256
47,600,-0.81115,0.097794,-0.256
47,672.02,-0.81115,0.097794,-0.256
48,0,0.34402,-0.16625,0.45346
48,1,0.34402,-0.16625,0.45346
48,2,0.34402,-0.16625,0.45346
48,3,0.34402,-0.16625,0.45346
48,5,0.34402,-0.16625,0.45346
48,6,0.34402,-0.16625,0.45346
48,8.15,0.34402,-0.16625,0.45346
48,12,0.34402,-0.16625,0.45346
48,23.92,0.34402,-0.16625,0.45346
49,0,0.16456,-0.15935,0.21862
49,1,0.16456,-0.15935,0.21862
49,2,0.16456,-0.15935,0.21862
49,3,0.16456,-0.15935,0.21862
49,5,0.16456,-0.15935,0.21862
49,6,0.16456,-0.15935,0.21862
49,8,0.16456,-0.15935,0.21862
49,12,0.16456,-0.15935,0.21862
49,24,0.16456,-0.15935,0.21862
49,47.92,0.16456,-0.15935,0.21862
49,48,0.16456,-0.15935,0.21862
49,71.92,0.16456,-0.15935,0.21862
49,72,0.16456,-0.15935,0.21862
49,96,0.16456,-0.15935,0.21862
49,119.92,0.16456,-0.15935,0.21862
49,120,0.16456,-0.15935,0.21862
49,144,0.16456,-0.15935,0.21862
49,168,0.16456,-0.15935,0.21862
49,191.92,0.16456,-0.15935,0.21862
49,192,0.16456,-0.15935,0.21862
49,216,0.16456,-0.15935,0.21862
49,240,0.16456,-0.15935,0.21862
49,263.92,0.16456,-0.15935,0.21862
49,264,0.16456,-0.15935,0.21862
49,288,0.16456,-0.15935,0.21862
49,312,0.16456,-0.15935,0.21862
49,335.92,0.16456,-0.15935,0.21862
49,336,0.16456,-0.15935,0.21862
49,360,0.16456,-0.15935,0.21862
49,384,0.16456,-0.15935,0.21862
49,407.92,0.16456,-0.15935,0.21862
49,408,0.16456,-0.15935,0.21862
49,432,0.16456,-0.15935,0.21862
49,456,0.16456,-0.15935,0.21862
49,479.92,0.16456,-0.15935,0.21862
49,480,0.16456,-0.15935,0.21862
49,481.03,0.16456,-0.15935,0.21862
49,482,0.16456,-0.15935,0.21862
49,483,0.16456,-0.15935,0.21862
49,485,0.16456,-0.15935,0.21862
49,486,0.16456,-0.15935,0.21862
49,488,0.16456,-0.15935,0.21862
49,492,0.16456,-0.15935,0.21862
49,504,0.16456,-0.15935,0.21862
49,528,0.16456,-0.15935,0.21862
49,553.37,0.16456,-0.15935,0.21862
49,576,0.16456,-0.15935,0.21862
49,600,0.16456,-0.15935,0.21862
49,672,0.16456,-0.15935,0.21862
49,720,0.16456,-0.15935,0.21862
50,0,-0.60761,0.5778,0.51574
50,1,-0.60761,0.5778,0.51574
50,2,-0.60761,0.5778,0.51574
50,3,-0.60761,0.5778,0.51574
50,5,-0.60761,0.5778,0.51574
50,6,-0.60761,0.5778,0.51574
50,8,-0.60761,0.5778,0.51574
50,12,-0.60761,0.5778,0.51574
50,24,-0.60761,0.5778,0.51574
50,24,-0.60761,0.5778,0.51574
50,47.92,-0.60761,0.5778,0.51574
50,48,-0.60761,0.5778,0.51574
50,71.92,-0.60761,0.5778,0.51574
50,72,-0.60761,0.5778,0.51574
50,96,-0.60761,0.5778,0.51574
50,119.92,-0.60761,0.5778,0.51574
50,120,-0.60761,0.5778,0.51574
50,144,-0.60761,0.5778,0.51574
50,168,-0.60761,0.5778,0.51574
50,191.92,-0.60761,0.5778,0.51574
50,192,-0.60761,0.5778,0.51574
50,216,-0.60761,0.5778,0.51574
50,240,-0.60761,0.5778,0.51574
50,263.92,-0.60761,0.5778,0.51574
50,264,-0.60761,0.5778,0.51574
50,288,-0.60761,0.5778,0.51574
50,312,-0.60761,0.5778,0.51574
50,335.92,-0.60761,0.5778,0.51574
50,336,-0.60761,0.5778,0.51574
50,360,-0.60761,0.5778,0.51574
50,384,-0.60761,0.5778,0.51574
50,407.92,-0.60761,0.5778,0.51574
50,408,-0.60761,0.5778,0.51574
50,432,-0.60761,0.5778,0.51574
50,456,-0.60761,0.5778,0.51574
50,479.92,-0.60761,0.5778,0.51574
50,480,-0.60761,0.5778,0.51574
50,481,-0.60761,0.5778,0.51574
50,482,-0.60761,0.5778,0.51574
50,483,-0.60761,0.5778,0.51574
50,485,-0.60761,0.5778,0.51574
50,486,-0.60761,0.5778,0.51574
50,488,-0.60761,0.5778,0.51574
50,492.08,-0.60761,0.5778,0.51574
50,504,-0.60761,0.5778,0.51574
50,528,-0.60761,0.5778,0.51574
50,552,-0.60761,0.5778,0.51574
50,576,-0.60761,0.5778,0.51574
50,600.02,-0.60761,0.5778,0.51574
50,672,-0.60761,0.5778,0.51574
50,720,-0.60761,0.5778,0.51574
51,0,0.37425,0.0042344,-0.077932
51,1,0.37425,0.0042344,-0.077932
51,2.02,0.37425,0.0042344,-0.077932
51,3,0.37425,0.0042344,-0.077932
51,5,0.37425,0.0042344,-0.077932
51,6,0.37425,0.0042344,-0.077932
51,8,0.37425,0.0042344,-0.077932
51,12,0.37425,0.0042344,-0.077932
51,23.92,0.37425,0.0042344,-0.077932
52,0,-0.085304,0.18238,-0.35043
52,24,-0.085304,0.18238,-0.35043
52,47.98,-0.085304,0.18238,-0.35043
52,48,-0.085304,0.18238,-0.35043
52,71.97,-0.085304,0.18238,-0.35043
52,72,-0.085304,0.18238,-0.35043
52,96,-0.085304,0.18238,-0.35043
52,119.97,-0.085304,0.18238,-0.35043
52,120,-0.085304,0.18238,-0.35043
52,144,-0.085304,0.18238,-0.35043
52,168,-0.085304,0.18238,-0.35043
52,191.97,-0.085304,0.18238,-0.35043
52,192,-0.085304,0.18238,-0.35043
52,216,-0.085304,0.18238,-0.35043
52,240,-0.085304,0.18238,-0.35043
52,263.97,-0.085304,0.18238,-0.35043
52,264,-0.085304,0.18238,-0.35043
52,289,-0.085304,0.18238,-0.35043
52,313,-0.085304,0.18238,-0.35043
52,335.97,-0.085304,0.18238,-0.35043
52,337,-0.085304,0.18238,-0.35043
52,361,-0.085304,0.18238,-0.35043
52,385,-0.085304,0.18238,-0.35043
52,407.97,-0.085304,0.18238,-0.35043
52,409,-0.085304,0.18238,-0.35043
52,433,-0.085304,0.18238,-0.35043
52,457,-0.085304,0.18238,-0.35043
52,479.97,-0.085304,0.18238,-0.35043
52,481,-0.085304,0.18238,-0.35043
52,481,-0.085304,0.18238,-0.35043
52,482,-0.085304,0.18238,-0.35043
52,483,-0.085304,0.18238,-0.35043
52,484,-0.085304,0.18238,-0.35043
52,485,-0.085304,0.18238,-0.35043
52,486,-0.085304,0.18238,-0.35043
52,487,-0.085304,0.18238,-0.35043
52,488,-0.085304,0.18238,-0.35043
52,492,-0.085304,0.18238,-0.35043
52,504,-0.085304,0.18238,-0.35043
53,0,0.74704,-0.42196,0.62465
53,24,0.74704,-0.42196,0.62465
53,47.97,0.74704,-0.42196,0.62465
53,48,0.74704,-0.42196,0.62465
53,71.97,0.74704,-0.42196,0.62465
53,72,0.74704,-0.42196,0.62465
53,96,0.74704,-0.42196,0.62465
53,120,0.74704,-0.42196,0.62465
53,120.05,0.74704,-0.42196,0.62465
53,144,0.74704,-0.42196,0.62465
53,168,0.74704,-0.42196,0.62465
53,191.97,0.74704,-0.42196,0.62465
53,192,0.74704,-0.42196,0.62465
53,216,0.74704,-0.42196,0.62465
53,240,0.74704,-0.42196,0.62465
53,264,0.74704,-0.42196,0.62465
53,289,0.74704,-0.42196,0.62465
53,313,0.74704,-0.42196,0.62465
53,335.97,0.74704,-0.42196,0.62465
53,337,0.74704,-0.42196,0.62465
53,361,0.74704,-0.42196,0.62465
53,385,0.74704,-0.42196,0.62465
53,407.97,0.74704,-0.42196,0.62465
53,409,0.74704,-0.42196,0.62465
53,433,0.74704,-0.42196,0.62465
53,457,0.74704,-0.42196,0.62465
53,479.97,0.74704,-0.42196,0.62465
53,481,0.74704,-0.42196,0.62465
53,481,0.74704,-0.42196,0.62465
53,482,0.74704,-0.42196,0.62465
53,483,0.74704,-0.42196,0.62465
53,484.15,0.74704,-0.42196,0.62465
53,485,0.74704,-0.42196,0.62465
53,486,0.74704,-0.42196,0.62465
53,487,0.74704,-0.42196,0.62465
53,488,0.74704,-0.42196,0.62465
53,492,0.74704,-0.42196,0.62465
53,504,0.74704,-0.42196,0.62465
54,0,0.10334,-0.23728,-0.7915
54,24,0.10334,-0.23728,-0.7915
54,47.97,0.10334,-0.23728,-0.7915
54,48,0.10334,-0.23728,-0.7915
54,71.97,0.10334,-0.23728,-0.7915
54,72,0.10334,-0.23728,-0.7915
54,96,0.10334,-0.23728,-0.7915
54,119.97,0.10334,-0.23728,-0.7915
54,120,0.10334,-0.23728,-0.7915
54,144,0.10334,-0.23728,-0.7915
54,168,0.10334,-0.23728,-0.7915
54,191.97,0.10334,-0.23728,-0.7915
54,192,0.10334,-0.23728,-0.7915
54,216,0.10334,-0.23728,-0.7915
54,240,0.10334,-0.23728,-0.7915
54,263.97,0.10334,-0.23728,-0.7915
54,264,0.10334,-0.23728,-0.7915
54,289,0.10334,-0.23728,-0.7915
54,313,0.10334,-0.23728,-0.7915
54,335.97,0.10334,-0.23728,-0.7915
54,337,0.10334,-0.23728,-0.7915
54,361,0.10334,-0.23728,-0.7915
54,385,0.10334,-0.23728,-0.7915
54,407.97,0.10334,-0.23728,-0.7915
54,409,0.10334,-0.23728,-0.7915
54,433,0.10334,-0.23728,-0.7915
54,457,0.10334,-0.23728,-0.7915
54,479.97,0.10334,-0.23728,-0.7915
54,481,0.10334,-0.23728,-0.7915
54,481,0.10334,-0.23728,-0.7915
54,482,0.10334,-0.23728,-0.7915
54,483,0.10334,-0.23728,-0.7915
54,484,0.10334,-0.23728,-0.7915
54,485,0.10334,-0.23728,-0.7915
54,486,0.10334,-0.23728,-0.7915
54,487,0.10334,-0.23728,-0.7915
54,488,0.10334,-0.23728,-0.7915
54,492,0.10334,-0.23728,-0.7915
54,504,0.10334,-0.23728,-0.7915
55,0,0.049144,-0.23121,-0.015946
55,24,0.049144,-0.23121,-0.015946
55,47.97,0.049144,-0.23121,-0.015946
55,48,0.049144,-0.23121,-0.015946
55,71.97,0.049144,-0.23121,-0.015946
55,72,0.049144,-0.23121,-0.015946
55,96,0.049144,-0.23121,-0.015946
55,119.97,0.049144,-0.23121,-0.015946
55,120,0.049144,-0.23121,-0.015946
55,144,0.049144,-0.23121,-0.015946
55,168,0.049144,-0.23121,-0.015946
55,191.97,0.049144,-0.23121,-0.015946
55,192,0.049144,-0.23121,-0.015946
55,216,0.049144,-0.23121,-0.015946
55,240,0.049144,-0.23121,-0.015946
55,263.93,0.049144,-0.23121,-0.015946
55,264,0.049144,-0.23121,-0.015946
55,288.03,0.049144,-0.23121,-0.015946
55,312,0.049144,-0.23121,-0.015946
55,336,0.049144,-0.23121,-0.015946
55,336,0.049144,-0.23121,-0.015946
55,360,0.049144,-0.23121,-0.015946
55,384,0.049144,-0.23121,-0.015946
55,407.97,0.049144,-0.23121,-0.015946
55,408,0.049144,-0.23121,-0.015946
55,432,0.049144,-0.23121,-0.015946
55,456,0.049144,-0.23121,-0.015946
55,479.98,0.049144,-0.23121,-0.015946
55,480,0.049144,-0.23121,-0.015946
55,481,0.049144,-0.23121,-0.015946
55,482,0.049144,-0.23121,-0.015946
55,483,0.049144,-0.23121,-0.015946
55,484,0.049144,-0.23121,-0.015946
55,485,0.049144,-0.23121,-0.015946
55,486,0.049144,-0.23121,-0.015946
55,487,0.049144,-0.23121,-0.015946
55,488,0.049144,-0.23121,-0.015946
55,492,0.049144,-0.23121,-0.015946
55,504,0.049144,-0.23121,-0.015946
56,0,0.30515,-0.077182,-0.29623
56,24,0.30515,-0.077182,-0.29623
56,47.97,0.30515,-0.077182,-0.29623
56,48,0.30515,-0.077182,-0.29623
56,71.97,0.30515,-0.077182,-0.29623
56,72,0.30515,-0.077182,-0.29623
56,96,0.30515,-0.077182,-0.29623
56,119.97,0.30515,-0.077182,-0.29623
56,120,0.30515,-0.077182,-0.29623
56,144,0.30515,-0.077182,-0.29623
56,168,0.30515,-0.077182,-0.29623
56,191.98,0.30515,-0.077182,-0.29623
56,192,0.30515,-0.077182,-0.29623
56,216.02,0.30515,-0.077182,-0.29623
56,240,0.30515,-0.077182,-0.29623
56,263.97,0.30515,-0.077182,-0.29623
56,264,0.30515,-0.077182,-0.29623
56,288.03,0.30515,-0.077182,-0.29623
56,312,0.30515,-0.077182,-0.29623
56,335.97,0.30515,-0.077182,-0.29623
56,336,0.30515,-0.077182,-0.29623
56,360,0.30515,-0.077182,-0.29623
56,384,0.30515,-0.077182,-0.29623
56,407.97,0.30515,-0.077182,-0.29623
56,408,0.30515,-0.077182,-0.29623
56,432,0.30515,-0.077182,-0.29623
56,456,0.30515,-0.077182,-0.29623
56,479.97,0.30515,-0.077182,-0.29623
56,480,0.30515,-0.077182,-0.29623
56,481,0.30515,-0.077182,-0.29623
56,482,0.30515,-0.077182,-0.29623
56,483,0.30515,-0.077182,-0.29623
56,484,0.30515,-0.077182,-0.29623
56,485,0.30515,-0.077182,-0.29623
56,486,0.30515,-0.077182,-0.29623
56,487,0.30515,-0.077182,-0.29623
56,488,0.30515,-0.077182,-0.29623
56,492,0.30515,-0.077182,-0.29623
56,504,0.30515,-0.077182,-0.29623
57,0,-0.19043,0.30712,0.0086082
57,24,-0.19043,0.30712,0.0086082
57,47.97,-0.19043,0.30712,0.0086082
57,48,-0.19043,0.30712,0.0086082
57,71.97,-0.19043,0.30712,0.0086082
57,72,-0.19043,0.30712,0.0086082
57,96,-0.19043,0.30712,0.0086082
57,119.97,-0.19043,0.30712,0.0086082
57,120,-0.19043,0.30712,0.0086082
57,144,-0.19043,0.30712,0.0086082
57,168,-0.19043,0.30712,0.0086082
57,191.97,-0.19043,0.30712,0.0086082
57,192,-0.19043,0.30712,0.0086082
57,216.03,-0.19043,0.30712,0.0086082
57,240,-0.19043,0.30712,0.0086082
57,263.97,-0.19043,0.30712,0.0086082
57,264,-0.19043,0.30712,0.0086082
57,288,-0.19043,0.30712,0.0086082
57,312,-0.19043,0.30712,0.0086082
57,335.97,-0.19043,0.30712,0.0086082
57,336,-0.19043,0.30712,0.0086082
57,360,-0.19043,0.30712,0.0086082
57,384,-0.19043,0.30712,0.0086082
57,407.97,-0.19043,0.30712,0.0086082
57,408,-0.19043,0.30712,0.0086082
57,432,-0.19043,0.30712,0.0086082
57,456,-0.19043,0.30712,0.0086082
57,479.97,-0.19043,0.30712,0.0086082
57,480,-0.19043,0.30712,0.0086082
57,481,-0.19043,0.30712,0.0086082
57,482,-0.19043,0.30712,0.0086082
57,483,-0.19043,0.30712,0.0086082
57,484,-0.19043,0.30712,0.0086082
57,485,-0.19043,0.30712,0.0086082
57,486,-0.19043,0.30712,0.0086082
57,487,-0.19043,0.30712,0.0086082
57,488,-0.19043,0.30712,0.0086082
57,492,-0.19043,0.30712,0.0086082
57,504,-0.19043,0.30712,0.0086082
58,0,0.15676,-0.16784,-0.32724
58,24,0.15676,-0.16784,-0.32724
58,47.97,0.15676,-0.16784,-0.32724
58,48,0.15676,-0.16784,-0.32724
58,71.97,0.15676,-0.16784,-0.32724
58,72,0.15676,-0.16784,-0.32724
58,96,0.15676,-0.16784,-0.32724
58,119.97,0.15676,-0.16784,-0.32724
58,120,0.15676,-0.16784,-0.32724
58,144,0.15676,-0.16784,-0.32724
58,168,0.15676,-0.16784,-0.32724
58,191.97,0.15676,-0.16784,-0.32724
58,192,0.15676,-0.16784,-0.32724
58,216,0.15676,-0.16784,-0.32724
58,240,0.15676,-0.16784,-0.32724
58,263.97,0.15676,-0.16784,-0.32724
58,264,0.15676,-0.16784,-0.32724
58,288,0.15676,-0.16784,-0.32724
58,312,0.15676,-0.16784,-0.32724
58,335.97,0.15676,-0.16784,-0.32724
58,336,0.15676,-0.16784,-0.32724
58,360,0.15676,-0.16784,-0.32724
58,384,0.15676,-0.16784,-0.32724
58,407.97,0.15676,-0.16784,-0.32724
58,408,0.15676,-0.16784,-0.32724
58,432,0.15676,-0.16784,-0.32724
58,456,0.15676,-0.16784,-0.32724
58,479.97,0.15676,-0.16784,-0.32724
58,480,0.15676,-0.16784,-0.32724
58,481,0.15676,-0.16784,-0.32724
58,482,0.15676,-0.16784,-0.32724
58,483,0.15676,-0.16784,-0.32724
58,484,0.15676,-0.16784,-0.32724
58,485,0.15676,-0.16784,-0.32724
58,486.02,0.15676,-0.16784,-0.32724
58,487,0.15676,-0.16784,-0.32724
58,488,0.15676,-0.16784,-0.32724
58,492,0.15676,-0.16784,-0.32724
58,504,0.15676,-0.16784,-0.32724
59,0,-0.28483,-0.14263,-0.89575
59,23.92,-0.28483,-0.14263,-0.89575
59,47.92,-0.28483,-0.14263,-0.89575
59,47.97,-0.28483,-0.14263,-0.89575
59,71.92,-0.28483,-0.14263,-0.89575
59,71.97,-0.28483,-0.14263,-0.89575
59,95.92,-0.28483,-0.14263,-0.89575
59,119.92,-0.28483,-0.14263,-0.89575
59,119.97,-0.28483,-0.14263,-0.89575
59,143.92,-0.28483,-0.14263,-0.89575
59,167.92,-0.28483,-0.14263,-0.89575
59,191.92,-0.28483,-0.14263,-0.89575
59,191.97,-0.28483,-0.14263,-0.89575
59,215.92,-0.28483,-0.14263,-0.89575
59,239.92,-0.28483,-0.14263,-0.89575
59,263.92,-0.28483,-0.14263,-0.89575
59,263.97,-0.28483,-0.14263,-0.89575
59,287.92,-0.28483,-0.14263,-0.89575
59,311.92,-0.28483,-0.14263,-0.89575
59,335.92,-0.28483,-0.14263,-0.89575
59,335.97,-0.28483,-0.14263,-0.89575
59,359.92,-0.28483,-0.14263,-0.89575
59,383.92,-0.28483,-0.14263,-0.89575
59,407.92,-0.28483,-0.14263,-0.89575
59,407.97,-0.28483,-0.14263,-0.89575
59,431.92,-0.28483,-0.14263,-0.89575
59,455.92,-0.28483,-0.14263,-0.89575
59,479.92,-0.28483,-0.14263,-0.89575
59,479.97,-0.28483,-0.14263,-0.89575
59,481,-0.28483,-0.14263,-0.89575
59,482,-0.28483,-0.14263,-0.89575
59,483,-0.28483,-0.14263,-0.89575
59,484,-0.28483,-0.14263,-0.89575
59,485,-0.28483,-0.14263,-0.89575
59,486,-0.28483,-0.14263,-0.89575
59,487,-0.28483,-0.14263,-0.89575
59,488,-0.28483,-0.14263,-0.89575
59,492,-0.28483,-0.14263,-0.89575
59,504,-0.28483,-0.14263,-0.89575
60,0,-0.82274,-0.03095,-0.10948
60,24,-0.82274,-0.03095,-0.10948
60,47.97,-0.82274,-0.03095,-0.10948
60,48,-0.82274,-0.03095,-0.10948
60,71.97,-0.82274,-0.03095,-0.10948
60,72,-0.82274,-0.03095,-0.10948
60,96,-0.82274,-0.03095,-0.10948
60,119.97,-0.82274,-0.03095,-0.10948
60,120,-0.82274,-0.03095,-0.10948
60,144,-0.82274,-0.03095,-0.10948
60,168,-0.82274,-0.03095,-0.10948
60,191.97,-0.82274,-0.03095,-0.10948
60,192,-0.82274,-0.03095,-0.10948
60,216,-0.82274,-0.03095,-0.10948
60,240,-0.82274,-0.03095,-0.10948
60,263.97,-0.82274,-0.03095,-0.10948
60,264,-0.82274,-0.03095,-0.10948
60,288,-0.82274,-0.03095,-0.10948
60,312,-0.82274,-0.03095,-0.10948
60,335.97,-0.82274,-0.03095,-0.10948
60,336,-0.82274,-0.03095,-0.10948
60,360,-0.82274,-0.03095,-0.10948
60,384,-0.82274,-0.03095,-0.10948
60,407.97,-0.82274,-0.03095,-0.10948
60,408,-0.82274,-0.03095,-0.10948
60,432,-0.82274,-0.03095,-0.10948
60,456,-0.82274,-0.03095,-0.10948
60,479.98,-0.82274,-0.03095,-0.10948
60,480,-0.82274,-0.03095,-0.10948
60,481,-0.82274,-0.03095,-0.10948
60,482,-0.82274,-0.03095,-0.10948
60,483,-0.82274,-0.03095,-0.10948
60,484,-0.82274,-0.03095,-0.10948
60,485,-0.82274,-0.03095,-0.10948
60,486,-0.82274,-0.03095,-0.10948
60,487,-0.82274,-0.03095,-0.10948
60,488,-0.82274,-0.03095,-0.10948
60,492,-0.82274,-0.03095,-0.10948
60,504,-0.82274,-0.03095,-0.10948
61,0,-0.042749,-0.37396,0.36278
61,24,-0.042749,-0.37396,0.36278
61,48,-0.042749,-0.37396,0.36278
61,71.97,-0.042749,-0.37396,0.36278
61,72,-0.042749,-0.37396,0.36278
61,96,-0.042749,-0.37396,0.36278
61,119.97,-0.042749,-0.37396,0.36278
61,120,-0.042749,-0.37396,0.36278
61,144,-0.042749,-0.37396,0.36278
61,168,-0.042749,-0.37396,0.36278
61,191.97,-0.042749,-0.37396,0.36278
61,192,-0.042749,-0.37396,0.36278
61,216,-0.042749,-0.37396,0.36278
61,240,-0.042749,-0.37396,0.36278
61,263.97,-0.042749,-0.37396,0.36278
61,264,-0.042749,-0.37396,0.36278
61,288,-0.042749,-0.37396,0.36278
61,312,-0.042749,-0.37396,0.36278
61,335.97,-0.042749,-0.37396,0.36278
61,336,-0.042749,-0.37396,0.36278
61,360,-0.042749,-0.37396,0.36278
61,384,-0.042749,-0.37396,0.36278
61,407.97,-0.042749,-0.37396,0.36278
61,408,-0.042749,-0.37396,0.36278
61,432,-0.042749,-0.37396,0.36278
61,456,-0.042749,-0.37396,0.36278
61,479.97,-0.042749,-0.37396,0.36278
61,480,-0.042749,-0.37396,0.36278
61,481,-0.042749,-0.37396,0.36278
61,482,-0.042749,-0.37396,0.36278
61,483,-0.042749,-0.37396,0.36278
61,484,-0.042749,-0.37396,0.36278
61,485,-0.042749,-0.37396,0.36278
61,486,-0.042749,-0.37396,0.36278
61,487,-0.042749,-0.37396,0.36278
61,488,-0.042749,-0.37396,0.36278
61,492,-0.042749,-0.37396,0.36278
61,504,-0.042749,-0.37396,0.36278
62,0,-0.61314,0.11129,0.36505
62,24,-0.61314,0.11129,0.36505
62,47.98,-0.61314,0.11129,0.36505
62,48,-0.61314,0.11129,0.36505
62,71.97,-0.61314,0.11129,0.36505
62,72,-0.61314,0.11129,0.36505
62,96,-0.61314,0.11129,0.36505
62,119.97,-0.61314,0.11129,0.36505
62,120,-0.61314,0.11129,0.36505
62,144,-0.61314,0.11129,0.36505
62,168,-0.61314,0.11129,0.36505
62,191.97,-0.61314,0.11129,0.36505
62,192,-0.61314,0.11129,0.36505
62,216,-0.61314,0.11129,0.36505
62,240,-0.61314,0.11129,0.36505
62,263.97,-0.61314,0.11129,0.36505
62,264,-0.61314,0.11129,0.36505
62,288,-0.61314,0.11129,0.36505
62,312,-0.61314,0.11129,0.36505
62,335.97,-0.61314,0.11129,0.36505
62,336,-0.61314,0.11129,0.36505
62,360,-0.61314,0.11129,0.36505
62,384,-0.61314,0.11129,0.36505
62,407.97,-0.61314,0.11129,0.36505
62,408,-0.61314,0.11129,0.36505
62,432,-0.61314,0.11129,0.36505
62,456,-0.61314,0.11129,0.36505
62,479.97,-0.61314,0.11129,0.36505
62,480,-0.61314,0.11129,0.36505
62,481,-0.61314,0.11129,0.36505
62,482,-0.61314,0.11129,0.36505
62,483,-0.61314,0.11129,0.36505
62,484,-0.61314,0.11129,0.36505
62,485,-0.61314,0.11129,0.36505
62,486,-0.61314,0.11129,0.36505
62,487,-0.61314,0.11129,0.36505
62,488,-0.61314,0.11129,0.36505
62,492,-0.61314,0.11129,0.36505
62,504,-0.61314,0.11129,0.36505
63,0,-0.38432,-0.19408,0.0046432
63,24,-0.38432,-0.19408,0.0046432
63,47.97,-0.38432,-0.19408,0.0046432
63,48,-0.38432,-0.19408,0.0046432
63,71.97,-0.38432,-0.19408,0.0046432
63,72,-0.38432,-0.19408,0.0046432
63,96,-0.38432,-0.19408,0.0046432
63,119.97,-0.38432,-0.19408,0.0046432
63,120,-0.38432,-0.19408,0.0046432
63,144,-0.38432,-0.19408,0.0046432
63,168,-0.38432,-0.19408,0.0046432
63,191.97,-0.38432,-0.19408,0.0046432
63,192,-0.38432,-0.19408,0.0046432
63,216,-0.38432,-0.19408,0.0046432
63,240,-0.38432,-0.19408,0.0046432
63,263.97,-0.38432,-0.19408,0.0046432
63,264,-0.38432,-0.19408,0.0046432
63,288,-0.38432,-0.19408,0.0046432
63,312,-0.38432,-0.19408,0.0046432
63,335.97,-0.38432,-0.19408,0.0046432
63,336,-0.38432,-0.19408,0.0046432
63,360,-0.38432,-0.19408,0.0046432
63,384,-0.38432,-0.19408,0.0046432
63,407.97,-0.38432,-0.19408,0.0046432
63,408,-0.38432,-0.19408,0.0046432
63,432,-0.38432,-0.19408,0.0046432
63,456,-0.38432,-0.19408,0.0046432
63,479.97,-0.38432,-0.19408,0.0046432
63,480,-0.38432,-0.19408,0.0046432
63,481,-0.38432,-0.19408,0.0046432
63,482,-0.38432,-0.19408,0.0046432
63,484,-0.38432,-0.19408,0.0046432
63,485,-0.38432,-0.19408,0.0046432
63,486,-0.38432,-0.19408,0.0046432
63,487,-0.38432,-0.19408,0.0046432
63,488,-0.38432,-0.19408,0.0046432
63,504,-0.38432,-0.19408,0.0046432
64,0,0.11264,-0.090986,-0.067685
64,24,0.11264,-0.090986,-0.067685
64,47.97,0.11264,-0.090986,-0.067685
64,48,0.11264,-0.090986,-0.067685
64,71.97,0.11264,-0.090986,-0.067685
64,72,0.11264,-0.090986,-0.067685
64,96,0.11264,-0.090986,-0.067685
64,119.97,0.11264,-0.090986,-0.067685
64,120,0.11264,-0.090986,-0.067685
64,144,0.11264,-0.090986,-0.067685
64,168,0.11264,-0.090986,-0.067685
64,191.97,0.11264,-0.090986,-0.067685
64,192,0.11264,-0.090986,-0.067685
64,216,0.11264,-0.090986,-0.067685
64,240,0.11264,-0.090986,-0.067685
64,263.97,0.11264,-0.090986,-0.067685
64,264,0.11264,-0.090986,-0.067685
64,288,0.11264,-0.090986,-0.067685
64,312,0.11264,-0.090986,-0.067685
64,335.97,0.11264,-0.090986,-0.067685
64,336,0.11264,-0.090986,-0.067685
64,360,0.11264,-0.090986,-0.067685
64,384,0.11264,-0.090986,-0.067685
64,407.97,0.11264,-0.090986,-0.067685
64,408,0.11264,-0.090986,-0.067685
64,432,0.11264,-0.090986,-0.067685
64,455,0.11264,-0.090986,-0.067685
64,479,0.11264,-0.090986,-0.067685
64,479.97,0.11264,-0.090986,-0.067685
64,481,0.11264,-0.090986,-0.067685
64,482.13,0.11264,-0.090986,-0.067685
64,483,0.11264,-0.090986,-0.067685
64,484,0.11264,-0.090986,-0.067685
64,485,0.11264,-0.090986,-0.067685
64,486,0.11264,-0.090986,-0.067685
64,487,0.11264,-0.090986,-0.067685
64,488,0.11264,-0.090986,-0.067685
64,492,0.11264,-0.090986,-0.067685
64,504.07,0.11264,-0.090986,-0.067685
65,0,-0.21576,0.010372,-0.41312
65,24,-0.21576,0.010372,-0.41312
65,47.97,-0.21576,0.010372,-0.41312
65,48,-0.21576,0.010372,-0.41312
65,71.97,-0.21576,0.010372,-0.41312
65,72,-0.21576,0.010372,-0.41312
65,96,-0.21576,0.010372,-0.41312
65,119.97,-0.21576,0.010372,-0.41312
65,120,-0.21576,0.010372,-0.41312
65,144,-0.21576,0.010372,-0.41312
65,168,-0.21576,0.010372,-0.41312
65,191.97,-0.21576,0.010372,-0.41312
65,192,-0.21576,0.010372,-0.41312
65,216,-0.21576,0.010372,-0.41312
65,240,-0.21576,0.010372,-0.41312
65,263.97,-0.21576,0.010372,-0.41312
65,264,-0.21576,0.010372,-0.41312
65,288,-0.21576,0.010372,-0.41312
65,312,-0.21576,0.010372,-0.41312
65,335.97,-0.21576,0.010372,-0.41312
65,336,-0.21576,0.010372,-0.41312
65,360,-0.21576,0.010372,-0.41312
65,384,-0.21576,0.010372,-0.41312
65,407.97,-0.21576,0.010372,-0.41312
65,408,-0.21576,0.010372,-0.41312
65,432,-0.21576,0.010372,-0.41312
65,456,-0.21576,0.010372,-0.41312
65,479.97,-0.21576,0.010372,-0.41312
65,480,-0.21576,0.010372,-0.41312
65,481.03,-0.21576,0.010372,-0.41312
65,482,-0.21576,0.010372,-0.41312
65,483,-0.21576,0.010372,-0.41312
65,484,-0.21576,0.010372,-0.41312
65,485,-0.21576,0.010372,-0.41312
65,486,-0.21576,0.010372,-0.41312
65,487,-0.21576,0.010372,-0.41312
65,488,-0.21576,0.010372,-0.41312
65,492,-0.21576,0.010372,-0.41312
65,504,-0.21576,0.010372,-0.41312
66,0,-0.022468,0.26283,0.26275
66,24,-0.022468,0.26283,0.26275
66,47.97,-0.022468,0.26283,0.26275
66,48,-0.022468,0.26283,0.26275
66,71.97,-0.022468,0.26283,0.26275
66,72,-0.022468,0.26283,0.26275
66,96,-0.022468,0.26283,0.26275
66,119.97,-0.022468,0.26283,0.26275
66,120,-0.022468,0.26283,0.26275
66,144,-0.022468,0.26283,0.26275
66,168,-0.022468,0.26283,0.26275
66,191.97,-0.022468,0.26283,0.26275
66,192,-0.022468,0.26283,0.26275
66,216,-0.022468,0.26283,0.26275
66,240,-0.022468,0.26283,0.26275
66,263.97,-0.022468,0.26283,0.26275
66,264,-0.022468,0.26283,0.26275
66,288,-0.022468,0.26283,0.26275
66,312,-0.022468,0.26283,0.26275
66,335.97,-0.022468,0.26283,0.26275
66,336,-0.022468,0.26283,0.26275
66,360,-0.022468,0.26283,0.26275
66,384,-0.022468,0.26283,0.26275
66,408,-0.022468,0.26283,0.26275
66,408,-0.022468,0.26283,0.26275
66,432.03,-0.022468,0.26283,0.26275
66,456,-0.022468,0.26283,0.26275
66,479.97,-0.022468,0.26283,0.26275
66,480,-0.022468,0.26283,0.26275
66,481,-0.022468,0.26283,0.26275
66,482,-0.022468,0.26283,0.26275
66,483,-0.022468,0.26283,0.26275
66,484,-0.022468,0.26283,0.26275
66,485,-0.022468,0.26283,0.26275
66,486,-0.022468,0.26283,0.26275
66,487,-0.022468,0.26283,0.26275
66,488,-0.022468,0.26283,0.26275
66,492,-0.022468,0.26283,0.26275
66,504,-0.022468,0.26283,0.26275
67,0,-0.23039,-0.085782,-0.4621
67,24,-0.23039,-0.085782,-0.4621
67,47.97,-0.23039,-0.085782,-0.4621
67,48,-0.23039,-0.085782,-0.4621
67,71.97,-0.23039,-0.085782,-0.4621
67,72,-0.23039,-0.085782,-0.4621
67,96,-0.23039,-0.085782,-0.4621
67,119.97,-0.23039,-0.085782,-0.4621
67,120,-0.23039,-0.085782,-0.4621
67,144,-0.23039,-0.085782,-0.4621
67,168,-0.23039,-0.085782,-0.4621
67,191.97,-0.23039,-0.085782,-0.4621
67,192,-0.23039,-0.085782,-0.4621
67,216,-0.23039,-0.085782,-0.4621
67,240,-0.23039,-0.085782,-0.4621
67,263.97,-0.23039,-0.085782,-0.4621
67,264,-0.23039,-0.085782,-0.4621
67,288,-0.23039,-0.085782,-0.4621
67,312,-0.23039,-0.085782,-0.4621
67,335.97,-0.23039,-0.085782,-0.4621
67,336,-0.23039,-0.085782,-0.4621
67,360,-0.23039,-0.085782,-0.4621
67,384,-0.23039,-0.085782,-0.4621
67,407.97,-0.23039,-0.085782,-0.4621
67,408,-0.23039,-0.085782,-0.4621
67,432,-0.23039,-0.085782,-0.4621
67,456,-0.23039,-0.085782,-0.4621
67,479.97,-0.23039,-0.085782,-0.4621
67,480,-0.23039,-0.085782,-0.4621
67,481,-0.23039,-0.085782,-0.4621
67,482,-0.23039,-0.085782,-0.4621
67,483,-0.23039,-0.085782,-0.4621
67,484,-0.23039,-0.085782,-0.4621
67,485,-0.23039,-0.085782,-0.4621
67,486,-0.23039,-0.085782,-0.4621
67,487,-0.23039,-0.085782,-0.4621
67,488,-0.23039,-0.085782,-0.4621
67,492,-0.23039,-0.085782,-0.4621
67,504,-0.23039,-0.085782,-0.4621
68,0,-0.11869,0.0090909,-0.12988
68,24,-0.11869,0.0090909,-0.12988
68,47.97,-0.11869,0.0090909,-0.12988
68,48,-0.11869,0.0090909,-0.12988
68,71.97,-0.11869,0.0090909,-0.12988
68,72,-0.11869,0.0090909,-0.12988
68,96,-0.11869,0.0090909,-0.12988
68,119.97,-0.11869,0.0090909,-0.12988
68,120,-0.11869,0.0090909,-0.12988
68,144,-0.11869,0.0090909,-0.12988
68,168,-0.11869,0.0090909,-0.12988
68,191.97,-0.11869,0.0090909,-0.12988
68,192,-0.11869,0.0090909,-0.12988
68,216,-0.11869,0.0090909,-0.12988
68,240,-0.11869,0.0090909,-0.12988
68,263.97,-0.11869,0.0090909,-0.12988
68,264,-0.11869,0.0090909,-0.12988
68,289,-0.11869,0.0090909,-0.12988
68,313,-0.11869,0.0090909,-0.12988
68,335.97,-0.11869,0.0090909,-0.12988
68,337,-0.11869,0.0090909,-0.12988
68,361,-0.11869,0.0090909,-0.12988
68,385,-0.11869,0.0090909,-0.12988
68,407.97,-0.11869,0.0090909,-0.12988
68,409,-0.11869,0.0090909,-0.12988
68,433,-0.11869,0.0090909,-0.12988
68,457,-0.11869,0.0090909,-0.12988
68,479.97,-0.11869,0.0090909,-0.12988
68,481,-0.11869,0.0090909,-0.12988
68,481,-0.11869,0.0090909,-0.12988
68,482,-0.11869,0.0090909,-0.12988
68,483,-0.11869,0.0090909,-0.12988
68,484,-0.11869,0.0090909,-0.12988
68,485,-0.11869,0.0090909,-0.12988
68,486,-0.11869,0.0090909,-0.12988
68,487,-0.11869,0.0090909,-0.12988
68,488,-0.11869,0.0090909,-0.12988
68,492,-0.11869,0.0090909,-0.12988
68,504,-0.11869,0.0090909,-0.12988
69,0,0.2422,-0.1158,-0.19145
69,24,0.2422,-0.1158,-0.19145
69,47.97,0.2422,-0.1158,-0.19145
69,48,0.2422,-0.1158,-0.19145
69,71.97,0.2422,-0.1158,-0.19145
69,72,0.2422,-0.1158,-0.19145
69,96,0.2422,-0.1158,-0.19145
69,119.97,0.2422,-0.1158,-0.19145
69,120,0.2422,-0.1158,-0.19145
69,144,0.2422,-0.1158,-0.19145
69,168,0.2422,-0.1158,-0.19145
69,191.97,0.2422,-0.1158,-0.19145
69,192,0.2422,-0.1158,-0.19145
69,216,0.2422,-0.1158,-0.19145
69,240,0.2422,-0.1158,-0.19145
69,263.97,0.2422,-0.1158,-0.19145
69,264,0.2422,-0.1158,-0.19145
69,289,0.2422,-0.1158,-0.19145
69,313,0.2422,-0.1158,-0.19145
69,335.97,0.2422,-0.1158,-0.19145
69,337,0.2422,-0.1158,-0.19145
69,361,0.2422,-0.1158,-0.19145
69,385,0.2422,-0.1158,-0.19145
69,407.97,0.2422,-0.1158,-0.19145
69,409,0.2422,-0.1158,-0.19145
69,433,0.2422,-0.1158,-0.19145
69,457,0.2422,-0.1158,-0.19145
69,479.97,0.2422,-0.1158,-0.19145
69,481,0.2422,-0.1158,-0.19145
69,481,0.2422,-0.1158,-0.19145
69,482,0.2422,-0.1158,-0.19145
69,483,0.2422,-0.1158,-0.19145
69,484,0.2422,-0.1158,-0.19145
69,485,0.2422,-0.1158,-0.19145
69,486,0.2422,-0.1158,-0.19145
69,487,0.2422,-0.1158,-0.19145
69,488,0.2422,-0.1158,-0.19145
69,492,0.2422,-0.1158,-0.19145
69,504,0.2422,-0.1158,-0.19145
70,0,-0.17303,0.06856,0.20371
70,24,-0.17303,0.06856,0.20371
70,47.97,-0.17303,0.06856,0.20371
70,48,-0.17303,0.06856,0.20371
70,71.97,-0.17303,0.06856,0.20371
70,72,-0.17303,0.06856,0.20371
70,96,-0.17303,0.06856,0.20371
70,119.98,-0.17303,0.06856,0.20371
70,120,-0.17303,0.06856,0.20371
70,144,-0.17303,0.06856,0.20371
70,168,-0.17303,0.06856,0.20371
70,191.97,-0.17303,0.06856,0.20371
70,192,-0.17303,0.06856,0.20371
70,216,-0.17303,0.06856,0.20371
70,240,-0.17303,0.06856,0.20371
70,263.97,-0.17303,0.06856,0.20371
70,264,-0.17303,0.06856,0.20371
70,289,-0.17303,0.06856,0.20371
70,313,-0.17303,0.06856,0.20371
70,335.97,-0.17303,0.06856,0.20371
70,337,-0.17303,0.06856,0.20371
70,361,-0.17303,0.06856,0.20371
70,385,-0.17303,0.06856,0.20371
70,407.98,-0.17303,0.06856,0.20371
70,409,-0.17303,0.06856,0.20371
70,433,-0.17303,0.06856,0.20371
70,457,-0.17303,0.06856,0.20371
70,479.97,-0.17303,0.06856,0.20371
70,481,-0.17303,0.06856,0.20371
70,481,-0.17303,0.06856,0.20371
70,482,-0.17303,0.06856,0.20371
70,483,-0.17303,0.06856,0.20371
70,484,-0.17303,0.06856,0.20371
70,485,-0.17303,0.06856,0.20371
70,486,-0.17303,0.06856,0.20371
70,487,-0.17303,0.06856,0.20371
70,488,-0.17303,0.06856,0.20371
70,492,-0.17303,0.06856,0.20371
70,504,-0.17303,0.06856,0.20371
71,0,0.20668,0.040571,-0.38459
71,24,0.20668,0.040571,-0.38459
71,47.97,0.20668,0.040571,-0.38459
71,48,0.20668,0.040571,-0.38459
71,71.97,0.20668,0.040571,-0.38459
71,72,0.20668,0.040571,-0.38459
71,96,0.20668,0.040571,-0.38459
71,119.97,0.20668,0.040571,-0.38459
71,120,0.20668,0.040571,-0.38459
71,144,0.20668,0.040571,-0.38459
71,168,0.20668,0.040571,-0.38459
71,191.97,0.20668,0.040571,-0.38459
71,192,0.20668,0.040571,-0.38459
71,216,0.20668,0.040571,-0.38459
71,240,0.20668,0.040571,-0.38459
71,263.97,0.20668,0.040571,-0.38459
71,264,0.20668,0.040571,-0.38459
71,289,0.20668,0.040571,-0.38459
71,313,0.20668,0.040571,-0.38459
71,336,0.20668,0.040571,-0.38459
71,337,0.20668,0.040571,-0.38459
71,361,0.20668,0.040571,-0.38459
71,385,0.20668,0.040571,-0.38459
71,407.97,0.20668,0.040571,-0.38459
71,409,0.20668,0.040571,-0.38459
71,433,0.20668,0.040571,-0.38459
71,457,0.20668,0.040571,-0.38459
71,479.97,0.20668,0.040571,-0.38459
71,481,0.20668,0.040571,-0.38459
71,481,0.20668,0.040571,-0.38459
71,482,0.20668,0.040571,-0.38459
71,483,0.20668,0.040571,-0.38459
71,484,0.20668,0.040571,-0.38459
71,485,0.20668,0.040571,-0.38459
71,486,0.20668,0.040571,-0.38459
71,487,0.20668,0.040571,-0.38459
71,488,0.20668,0.040571,-0.38459
71,492,0.20668,0.040571,-0.38459
71,504,0.20668,0.040571,-0.38459
72,0,-0.023878,0.23551,-0.22099
72,24,-0.023878,0.23551,-0.22099
72,47.97,-0.023878,0.23551,-0.22099
72,48,-0.023878,0.23551,-0.22099
72,71.97,-0.023878,0.23551,-0.22099
72,72,-0.023878,0.23551,-0.22099
72,96,-0.023878,0.23551,-0.22099
72,119.97,-0.023878,0.23551,-0.22099
72,120,-0.023878,0.23551,-0.22099
72,144,-0.023878,0.23551,-0.22099
72,168,-0.023878,0.23551,-0.22099
72,191.97,-0.023878,0.23551,-0.22099
72,192,-0.023878,0.23551,-0.22099
72,216,-0.023878,0.23551,-0.22099
72,240,-0.023878,0.23551,-0.22099
72,263.95,-0.023878,0.23551,-0.22099
72,264,-0.023878,0.23551,-0.22099
72,288.13,-0.023878,0.23551,-0.22099
72,312,-0.023878,0.23551,-0.22099
72,335.97,-0.023878,0.23551,-0.22099
72,336,-0.023878,0.23551,-0.22099
72,360,-0.023878,0.23551,-0.22099
72,384,-0.023878,0.23551,-0.22099
72,407.97,-0.023878,0.23551,-0.22099
72,408,-0.023878,0.23551,-0.22099
72,432,-0.023878,0.23551,-0.22099
72,456,-0.023878,0.23551,-0.22099
72,479.98,-0.023878,0.23551,-0.22099
72,480,-0.023878,0.23551,-0.22099
72,481,-0.023878,0.23551,-0.22099
72,482,-0.023878,0.23551,-0.22099
72,483,-0.023878,0.23551,-0.22099
72,484,-0.023878,0.23551,-0.22099
72,485,-0.023878,0.23551,-0.22099
72,486,-0.023878,0.23551,-0.22099
72,487,-0.023878,0.23551,-0.22099
72,488,-0.023878,0.23551,-0.22099
72,492,-0.023878,0.23551,-0.22099
72,504,-0.023878,0.23551,-0.22099
73,0,-0.32214,0.10744,0.010383
73,24,-0.32214,0.10744,0.010383
73,47.98,-0.32214,0.10744,0.010383
73,48,-0.32214,0.10744,0.010383
73,71.97,-0.32214,0.10744,0.010383
73,72,-0.32214,0.10744,0.010383
73,96,-0.32214,0.10744,0.010383
73,119.97,-0.32214,0.10744,0.010383
73,120,-0.32214,0.10744,0.010383
73,144,-0.32214,0.10744,0.010383
73,168,-0.32214,0.10744,0.010383
73,191.97,-0.32214,0.10744,0.010383
73,192,-0.32214,0.10744,0.010383
73,216,-0.32214,0.10744,0.010383
73,240,-0.32214,0.10744,0.010383
73,263.97,-0.32214,0.10744,0.010383
73,264,-0.32214,0.10744,0.010383
73,288,-0.32214,0.10744,0.010383
73,312,-0.32214,0.10744,0.010383
73,335.97,-0.32214,0.10744,0.010383
73,336,-0.32214,0.10744,0.010383
73,360,-0.32214,0.10744,0.010383
73,384,-0.32214,0.10744,0.010383
73,407.97,-0.32214,0.10744,0.010383
73,408,-0.32214,0.10744,0.010383
73,432,-0.32214,0.10744,0.010383
73,456,-0.32214,0.10744,0.010383
73,479.98,-0.32214,0.10744,0.010383
73,480,-0.32214,0.10744,0.010383
73,481,-0.32214,0.10744,0.010383
73,482.05,-0.32214,0.10744,0.010383
73,483,-0.32214,0.10744,0.010383
73,484,-0.32214,0.10744,0.010383
73,485,-0.32214,0.10744,0.010383
73,486.05,-0.32214,0.10744,0.010383
73,487,-0.32214,0.10744,0.010383
73,488,-0.32214,0.10744,0.010383
73,492,-0.32214,0.10744,0.010383
73,504,-0.32214,0.10744,0.010383
74,0,-0.050169,0.28498,-0.066553
74,24,-0.050169,0.28498,-0.066553
74,47.97,-0.050169,0.28498,-0.066553
74,48,-0.050169,0.28498,-0.066553
74,71.97,-0.050169,0.28498,-0.066553
74,72,-0.050169,0.28498,-0.066553
74,96,-0.050169,0.28498,-0.066553
74,119.97,-0.050169,0.28498,-0.066553
74,120,-0.050169,0.28498,-0.066553
74,144,-0.050169,0.28498,-0.066553
74,168,-0.050169,0.28498,-0.066553
74,191.97,-0.050169,0.28498,-0.066553
74,192,-0.050169,0.28498,-0.066553
74,216,-0.050169,0.28498,-0.066553
74,240,-0.050169,0.28498,-0.066553
74,263.97,-0.050169,0.28498,-0.066553
74,264,-0.050169,0.28498,-0.066553
74,288,-0.050169,0.28498,-0.066553
74,312,-0.050169,0.28498,-0.066553
74,335.97,-0.050169,0.28498,-0.066553
74,336,-0.050169,0.28498,-0.066553
74,360,-0.050169,0.28498,-0.066553
74,384,-0.050169,0.28498,-0.066553
74,407.97,-0.050169,0.28498,-0.066553
74,408,-0.050169,0.28498,-0.066553
74,432,-0.050169,0.28498,-0.066553
74,456,-0.050169,0.28498,-0.066553
74,479.98,-0.050169,0.28498,-0.066553
74,480,-0.050169,0.28498,-0.066553
74,481,-0.050169,0.28498,-0.066553
74,482,-0.050169,0.28498,-0.066553
74,483,-0.050169,0.28498,-0.066553
74,484,-0.050169,0.28498,-0.066553
74,485,-0.050169,0.28498,-0.066553
74,486,-0.050169,0.28498,-0.066553
74,487,-0.050169,0.28498,-0.066553
74,488,-0.050169,0.28498,-0.066553
74,492.02,-0.050169,0.28498,-0.066553
74,504,-0.050169,0.28498,-0.066553
75,0,0.20773,-0.2855,0.50529
75,24,0.20773,-0.2855,0.50529
75,47.97,0.20773,-0.2855,0.50529
75,48,0.20773,-0.2855,0.50529
75,71.97,0.20773,-0.2855,0.50529
75,72,0.20773,-0.2855,0.50529
75,96,0.20773,-0.2855,0.50529
75,119.97,0.20773,-0.2855,0.50529
75,120,0.20773,-0.2855,0.50529
75,144,0.20773,-0.2855,0.50529
75,168,0.20773,-0.2855,0.50529
75,191.97,0.20773,-0.2855,0.50529
75,192,0.20773,-0.2855,0.50529
75,216,0.20773,-0.2855,0.50529
75,240,0.20773,-0.2855,0.50529
75,263.97,0.20773,-0.2855,0.50529
75,264,0.20773,-0.2855,0.50529
75,288,0.20773,-0.2855,0.50529
75,312,0.20773,-0.2855,0.50529
75,335.97,0.20773,-0.2855,0.50529
75,336,0.20773,-0.2855,0.50529
75,360,0.20773,-0.2855,0.50529
75,384,0.20773,-0.2855,0.50529
75,407.97,0.20773,-0.2855,0.50529
75,408,0.20773,-0.2855,0.50529
75,432,0.20773,-0.2855,0.50529
75,456,0.20773,-0.2855,0.50529
75,479.97,0.20773,-0.2855,0.50529
75,480,0.20773,-0.2855,0.50529
75,481,0.20773,-0.2855,0.50529
75,482,0.20773,-0.2855,0.50529
75,483,0.20773,-0.2855,0.50529
75,484,0.20773,-0.2855,0.50529
75,485,0.20773,-0.2855,0.50529
75,486,0.20773,-0.2855,0.50529
75,487,0.20773,-0.2855,0.50529
75,488,0.20773,-0.2855,0.50529
75,492,0.20773,-0.2855,0.50529
75,504,0.20773,-0.2855,0.50529
76,0,0.26028,0.094201,0.2486
76,24,0.26028,0.094201,0.2486
76,47.97,0.26028,0.094201,0.2486
76,48,0.26028,0.094201,0.2486
76,71.97,0.26028,0.094201,0.2486
76,72,0.26028,0.094201,0.2486
76,96,0.26028,0.094201,0.2486
76,119.97,0.26028,0.094201,0.2486
76,120,0.26028,0.094201,0.2486
76,144,0.26028,0.094201,0.2486
76,168,0.26028,0.094201,0.2486
76,191.97,0.26028,0.094201,0.2486
76,192,0.26028,0.094201,0.2486
76,216,0.26028,0.094201,0.2486
76,240,0.26028,0.094201,0.2486
76,263.98,0.26028,0.094201,0.2486
76,264,0.26028,0.094201,0.2486
76,288,0.26028,0.094201,0.2486
76,312,0.26028,0.094201,0.2486
76,335.97,0.26028,0.094201,0.2486
76,336,0.26028,0.094201,0.2486
76,360,0.26028,0.094201,0.2486
76,384,0.26028,0.094201,0.2486
76,407.97,0.26028,0.094201,0.2486
76,408,0.26028,0.094201,0.2486
76,432,0.26028,0.094201,0.2486
76,456,0.26028,0.094201,0.2486
76,479.97,0.26028,0.094201,0.2486
76,480,0.26028,0.094201,0.2486
76,481,0.26028,0.094201,0.2486
76,482.03,0.26028,0.094201,0.2486
76,483,0.26028,0.094201,0.2486
76,484,0.26028,0.094201,0.2486
76,485,0.26028,0.094201,0.2486
76,486,0.26028,0.094201,0.2486
76,487,0.26028,0.094201,0.2486
76,488.05,0.26028,0.094201,0.2486
76,492,0.26028,0.094201,0.2486
76,504,0.26028,0.094201,0.2486
77,0,-0.10981,0.016907,0.35014
77,24,-0.10981,0.016907,0.35014
77,47.97,-0.10981,0.016907,0.35014
77,48,-0.10981,0.016907,0.35014
77,71.97,-0.10981,0.016907,0.35014
77,72,-0.10981,0.016907,0.35014
77,96,-0.10981,0.016907,0.35014
77,119.97,-0.10981,0.016907,0.35014
78,0,0.02836,0.0096881,-0.0548
78,24,0.02836,0.0096881,-0.0548
78,47.97,0.02836,0.0096881,-0.0548
78,48,0.02836,0.0096881,-0.0548
78,71.98,0.02836,0.0096881,-0.0548
78,72,0.02836,0.0096881,-0.0548
78,96,0.02836,0.0096881,-0.0548
78,119.97,0.02836,0.0096881,-0.0548
78,120,0.02836,0.0096881,-0.0548
78,144,0.02836,0.0096881,-0.0548
78,168,0.02836,0.0096881,-0.0548
78,191.97,0.02836,0.0096881,-0.0548
78,192,0.02836,0.0096881,-0.0548
78,216,0.02836,0.0096881,-0.0548
78,240,0.02836,0.0096881,-0.0548
78,263.97,0.02836,0.0096881,-0.0548
78,264,0.02836,0.0096881,-0.0548
78,288,0.02836,0.0096881,-0.0548
78,312,0.02836,0.0096881,-0.0548
78,335.97,0.02836,0.0096881,-0.0548
78,336,0.02836,0.0096881,-0.0548
78,360,0.02836,0.0096881,-0.0548
78,384,0.02836,0.0096881,-0.0548
78,407.97,0.02836,0.0096881,-0.0548
78,408,0.02836,0.0096881,-0.0548
78,432,0.02836,0.0096881,-0.0548
78,456,0.02836,0.0096881,-0.0548
78,479.97,0.02836,0.0096881,-0.0548
78,480,0.02836,0.0096881,-0.0548
78,481,0.02836,0.0096881,-0.0548
78,482,0.02836,0.0096881,-0.0548
78,483,0.02836,0.0096881,-0.0548
78,484,0.02836,0.0096881,-0.0548
78,485,0.02836,0.0096881,-0.0548
78,486,0.02836,0.0096881,-0.0548
78,487,0.02836,0.0096881,-0.0548
78,488,0.02836,0.0096881,-0.0548
78,492,0.02836,0.0096881,-0.0548
78,504,0.02836,0.0096881,-0.0548
79,0,-0.27847,-0.37833,-0.17537
79,24.02,-0.27847,-0.37833,-0.17537
79,47.98,-0.27847,-0.37833,-0.17537
79,48,-0.27847,-0.37833,-0.17537
79,71.97,-0.27847,-0.37833,-0.17537
79,72.08,-0.27847,-0.37833,-0.17537
79,96,-0.27847,-0.37833,-0.17537
79,119.97,-0.27847,-0.37833,-0.17537
79,120,-0.27847,-0.37833,-0.17537
79,144,-0.27847,-0.37833,-0.17537
79,168,-0.27847,-0.37833,-0.17537
79,191.97,-0.27847,-0.37833,-0.17537
79,192,-0.27847,-0.37833,-0.17537
79,216,-0.27847,-0.37833,-0.17537
79,240,-0.27847,-0.37833,-0.17537
79,263.97,-0.27847,-0.37833,-0.17537
79,264,-0.27847,-0.37833,-0.17537
79,288,-0.27847,-0.37833,-0.17537
79,312,-0.27847,-0.37833,-0.17537
79,335.98,-0.27847,-0.37833,-0.17537
79,336,-0.27847,-0.37833,-0.17537
79,360,-0.27847,-0.37833,-0.17537
79,384,-0.27847,-0.37833,-0.17537
79,407.97,-0.27847,-0.37833,-0.17537
79,408,-0.27847,-0.37833,-0.17537
79,432,-0.27847,-0.37833,-0.17537
79,456,-0.27847,-0.37833,-0.17537
79,479.97,-0.27847,-0.37833,-0.17537
79,480,-0.27847,-0.37833,-0.17537
79,481.05,-0.27847,-0.37833,-0.17537
79,482,-0.27847,-0.37833,-0.17537
79,483,-0.27847,-0.37833,-0.17537
79,484,-0.27847,-0.37833,-0.17537
79,485,-0.27847,-0.37833,-0.17537
79,486,-0.27847,-0.37833,-0.17537
79,487,-0.27847,-0.37833,-0.17537
79,488,-0.27847,-0.37833,-0.17537
79,504,-0.27847,-0.37833,-0.17537
80,0,-0.087362,0.055364,-0.5557
80,24,-0.087362,0.055364,-0.5557
80,47.98,-0.087362,0.055364,-0.5557
80,48,-0.087362,0.055364,-0.5557
80,71.97,-0.087362,0.055364,-0.5557
80,72,-0.087362,0.055364,-0.5557
80,96,-0.087362,0.055364,-0.5557
80,119.97,-0.087362,0.055364,-0.5557
80,120,-0.087362,0.055364,-0.5557
80,144,-0.087362,0.055364,-0.5557
80,168,-0.087362,0.055364,-0.5557
80,191.97,-0.087362,0.055364,-0.5557
80,192,-0.087362,0.055364,-0.5557
80,216,-0.087362,0.055364,-0.5557
80,240,-0.087362,0.055364,-0.5557
80,263.97,-0.087362,0.055364,-0.5557
80,264,-0.087362,0.055364,-0.5557
80,288,-0.087362,0.055364,-0.5557
80,312,-0.087362,0.055364,-0.5557
80,335.97,-0.087362,0.055364,-0.5557
80,336,-0.087362,0.055364,-0.5557
80,360,-0.087362,0.055364,-0.5557
80,384,-0.087362,0.055364,-0.5557
80,408,-0.087362,0.055364,-0.5557
80,408,-0.087362,0.055364,-0.5557
80,432,-0.087362,0.055364,-0.5557
80,456,-0.087362,0.055364,-0.5557
80,479.97,-0.087362,0.055364,-0.5557
80,480,-0.087362,0.055364,-0.5557
80,481.03,-0.087362,0.055364,-0.5557
80,482,-0.087362,0.055364,-0.5557
80,483,-0.087362,0.055364,-0.5557
80,484,-0.087362,0.055364,-0.5557
80,485,-0.087362,0.055364,-0.5557
80,486,-0.087362,0.055364,-0.5557
80,487,-0.087362,0.055364,-0.5557
80,488,-0.087362,0.055364,-0.5557
80,492,-0.087362,0.055364,-0.5557
80,504,-0.087362,0.055364,-0.5557
81,0,-0.71033,-0.14657,-0.01508
81,24,-0.71033,-0.14657,-0.01508
81,47.97,-0.71033,-0.14657,-0.01508
81,48,-0.71033,-0.14657,-0.01508
81,71.97,-0.71033,-0.14657,-0.01508
81,72,-0.71033,-0.14657,-0.01508
81,96,-0.71033,-0.14657,-0.01508
81,119.97,-0.71033,-0.14657,-0.01508
81,120,-0.71033,-0.14657,-0.01508
81,144,-0.71033,-0.14657,-0.01508
81,168,-0.71033,-0.14657,-0.01508
81,191.97,-0.71033,-0.14657,-0.01508
81,192,-0.71033,-0.14657,-0.01508
81,216,-0.71033,-0.14657,-0.01508
81,240,-0.71033,-0.14657,-0.01508
81,263.97,-0.71033,-0.14657,-0.01508
81,264,-0.71033,-0.14657,-0.01508
81,288,-0.71033,-0.14657,-0.01508
81,312,-0.71033,-0.14657,-0.01508
81,335.97,-0.71033,-0.14657,-0.01508
81,336,-0.71033,-0.14657,-0.01508
81,360,-0.71033,-0.14657,-0.01508
81,384,-0.71033,-0.14657,-0.01508
81,407.97,-0.71033,-0.14657,-0.01508
81,408,-0.71033,-0.14657,-0.01508
81,432,-0.71033,-0.14657,-0.01508
81,455,-0.71033,-0.14657,-0.01508
81,479,-0.71033,-0.14657,-0.01508
81,479.97,-0.71033,-0.14657,-0.01508
81,481,-0.71033,-0.14657,-0.01508
81,482,-0.71033,-0.14657,-0.01508
81,483,-0.71033,-0.14657,-0.01508
81,484,-0.71033,-0.14657,-0.01508
81,485,-0.71033,-0.14657,-0.01508
81,486.08,-0.71033,-0.14657,-0.01508
81,487,-0.71033,-0.14657,-0.01508
81,488,-0.71033,-0.14657,-0.01508
81,492,-0.71033,-0.14657,-0.01508
81,504,-0.71033,-0.14657,-0.01508
82,0,0.51196,-0.17031,0.28286
82,24,0.51196,-0.17031,0.28286
82,47.97,0.51196,-0.17031,0.28286
82,48,0.51196,-0.17031,0.28286
82,71.97,0.51196,-0.17031,0.28286
82,72,0.51196,-0.17031,0.28286
82,96,0.51196,-0.17031,0.28286
82,119.97,0.51196,-0.17031,0.28286
82,120,0.51196,-0.17031,0.28286
82,144,0.51196,-0.17031,0.28286
82,168,0.51196,-0.17031,0.28286
82,191.97,0.51196,-0.17031,0.28286
82,192,0.51196,-0.17031,0.28286
82,216,0.51196,-0.17031,0.28286
82,240,0.51196,-0.17031,0.28286
82,263.97,0.51196,-0.17031,0.28286
82,264,0.51196,-0.17031,0.28286
82,288,0.51196,-0.17031,0.28286
82,312,0.51196,-0.17031,0.28286
82,335.97,0.51196,-0.17031,0.28286
82,336,0.51196,-0.17031,0.28286
82,360,0.51196,-0.17031,0.28286
82,384,0.51196,-0.17031,0.28286
82,407.97,0.51196,-0.17031,0.28286
82,408,0.51196,-0.17031,0.28286
82,432,0.51196,-0.17031,0.28286
82,456,0.51196,-0.17031,0.28286
82,479.97,0.51196,-0.17031,0.28286
82,480,0.51196,-0.17031,0.28286
82,481,0.51196,-0.17031,0.28286
82,482,0.51196,-0.17031,0.28286
82,483,0.51196,-0.17031,0.28286
82,484.02,0.51196,-0.17031,0.28286
82,485,0.51196,-0.17031,0.28286
82,486.02,0.51196,-0.17031,0.28286
82,487,0.51196,-0.17031,0.28286
82,488,0.51196,-0.17031,0.28286
82,492,0.51196,-0.17031,0.28286
82,504,0.51196,-0.17031,0.28286
83,0,0.12154,-0.17799,0.053519
83,24,0.12154,-0.17799,0.053519
83,47.97,0.12154,-0.17799,0.053519
83,48,0.12154,-0.17799,0.053519
83,71.97,0.12154,-0.17799,0.053519
83,72,0.12154,-0.17799,0.053519
83,96,0.12154,-0.17799,0.053519
83,119.97,0.12154,-0.17799,0.053519
83,120,0.12154,-0.17799,0.053519
83,144,0.12154,-0.17799,0.053519
83,168,0.12154,-0.17799,0.053519
83,191.97,0.12154,-0.17799,0.053519
83,192,0.12154,-0.17799,0.053519
83,216,0.12154,-0.17799,0.053519
83,240,0.12154,-0.17799,0.053519
83,263.97,0.12154,-0.17799,0.053519
83,264,0.12154,-0.17799,0.053519
83,288,0.12154,-0.17799,0.053519
83,312,0.12154,-0.17799,0.053519
83,335.97,0.12154,-0.17799,0.053519
83,336,0.12154,-0.17799,0.053519
83,360,0.12154,-0.17799,0.053519
83,384,0.12154,-0.17799,0.053519
83,407.97,0.12154,-0.17799,0.053519
83,408,0.12154,-0.17799,0.053519
83,432,0.12154,-0.17799,0.053519
83,456,0.12154,-0.17799,0.053519
83,479.97,0.12154,-0.17799,0.053519
83,480,0.12154,-0.17799,0.053519
83,481,0.12154,-0.17799,0.053519
83,482,0.12154,-0.17799,0.053519
83,483.05,0.12154,-0.17799,0.053519
83,484,0.12154,-0.17799,0.053519
83,485,0.12154,-0.17799,0.053519
83,486.03,0.12154,-0.17799,0.053519
83,487,0.12154,-0.17799,0.053519
83,488,0.12154,-0.17799,0.053519
83,492,0.12154,-0.17799,0.053519
83,504,0.12154,-0.17799,0.053519
84,0,0.11712,-0.027232,0.059021
84,502,0.11712,-0.027232,0.059021
84,505.92,0.11712,-0.027232,0.059021
84,526.25,0.11712,-0.027232,0.059021
84,550.42,0.11712,-0.027232,0.059021
84,671,0.11712,-0.027232,0.059021
84,983.75,0.11712,-0.027232,0.059021
84,1006.3,0.11712,-0.027232,0.059021
85,0,-0.084333,-0.025084,0.10595
85,476.75,-0.084333,-0.025084,0.10595
85,503,-0.084333,-0.025084,0.10595
85,524.75,-0.084333,-0.025084,0.10595
85,545,-0.084333,-0.025084,0.10595
85,548.75,-0.084333,-0.025084,0.10595
85,597,-0.084333,-0.025084,0.10595
85,932.75,-0.084333,-0.025084,0.10595
85,954.58,-0.084333,-0.025084,0.10595
85,956.75,-0.084333,-0.025084,0.10595
85,980.75,-0.084333,-0.025084,0.10595
85,993.67,-0.084333,-0.025084,0.10595
86,0,-0.16675,-0.021873,0.62184
86,478.33,-0.16675,-0.021873,0.62184
86,478.58,-0.16675,-0.021873,0.62184
86,935.5,-0.16675,-0.021873,0.62184
86,958.58,-0.16675,-0.021873,0.62184
86,959.5,-0.16675,-0.021873,0.62184
86,982.33,-0.16675,-0.021873,0.62184
86,996.75,-0.16675,-0.021873,0.62184
87,0,-0.018106,0.023546,0.086567
87,503.43,-0.018106,0.023546,0.086567
87,505.52,-0.018106,0.023546,0.086567
87,527.5,-0.018106,0.023546,0.086567
87,551.25,-0.018106,0.023546,0.086567
87,551.5,-0.018106,0.023546,0.086567
87,984,-0.018106,0.023546,0.086567
87,1006.9,-0.018106,0.023546,0.086567
87,1008,-0.018106,0.023546,0.086567
87,1031.5,-0.018106,0.023546,0.086567
87,1043.9,-0.018106,0.023546,0.086567
88,0,-0.10729,0.035069,0.038779
88,383.87,-0.10729,0.035069,0.038779
88,386.87,-0.10729,0.035069,0.038779
88,407.87,-0.10729,0.035069,0.038779
88,431.37,-0.10729,0.035069,0.038779
88,431.87,-0.10729,0.035069,0.038779
88,503.87,-0.10729,0.035069,0.038779
88,888.53,-0.10729,0.035069,0.038779
88,912.53,-0.10729,0.035069,0.038779
88,935.87,-0.10729,0.035069,0.038779
89,0,0.039015,0.037819,0.32516
89,424,0.039015,0.037819,0.32516
89,434.25,0.039015,0.037819,0.32516
89,456,0.039015,0.037819,0.32516
89,479.75,0.039015,0.037819,0.32516
89,480,0.039015,0.037819,0.32516
89,915,0.039015,0.037819,0.32516
89,935.67,0.039015,0.037819,0.32516
89,939,0.039015,0.037819,0.32516
89,960,0.039015,0.037819,0.32516
89,973,0.039015,0.037819,0.32516
90,0,-0.1663,0.051178,0.38949
90,430.85,-0.1663,0.051178,0.38949
90,433.18,-0.1663,0.051178,0.38949
90,454.68,-0.1663,0.051178,0.38949
90,478.18,-0.1663,0.051178,0.38949
90,478.68,-0.1663,0.051178,0.38949
90,574.68,-0.1663,0.051178,0.38949
90,911.68,-0.1663,0.051178,0.38949
90,935.68,-0.1663,0.051178,0.38949
90,958.85,-0.1663,0.051178,0.38949
91,0,-0.16544,-0.020656,0.43931
91,95.75,-0.16544,-0.020656,0.43931
91,431.83,-0.16544,-0.020656,0.43931
91,455.92,-0.16544,-0.020656,0.43931
91,479.92,-0.16544,-0.020656,0.43931
91,552.25,-0.16544,-0.020656,0.43931
91,912.25,-0.16544,-0.020656,0.43931
91,935.6,-0.16544,-0.020656,0.43931
91,936.25,-0.16544,-0.020656,0.43931
91,960,-0.16544,-0.020656,0.43931
91,973.33,-0.16544,-0.020656,0.43931
92,0,-0.054032,-0.024106,-0.087653
92,97.25,-0.054032,-0.024106,-0.087653
92,553.25,-0.054032,-0.024106,-0.087653
92,600,-0.054032,-0.024106,-0.087653
92,624,-0.054032,-0.024106,-0.087653
92,672.75,-0.054032,-0.024106,-0.087653
92,912.17,-0.054032,-0.024106,-0.087653
92,936.07,-0.054032,-0.024106,-0.087653
92,936.17,-0.054032,-0.024106,-0.087653
92,960.25,-0.054032,-0.024106,-0.087653
92,973.9,-0.054032,-0.024106,-0.087653
93,0,0.015142,0.0072553,0.067718
93,25.25,0.015142,0.0072553,0.067718
93,475.75,0.015142,0.0072553,0.067718
93,478.5,0.015142,0.0072553,0.067718
93,499,0.015142,0.0072553,0.067718
93,522.75,0.015142,0.0072553,0.067718
93,523,0.015142,0.0072553,0.067718
93,956.5,0.015142,0.0072553,0.067718
93,979.08,0.015142,0.0072553,0.067718
93,980.5,0.015142,0.0072553,0.067718
93,1003.2,0.015142,0.0072553,0.067718
93,1016,0.015142,0.0072553,0.067718
94,0,0.16645,-0.12279,-0.50522
94,479.5,0.16645,-0.12279,-0.50522
94,481.95,0.16645,-0.12279,-0.50522
94,503.5,0.16645,-0.12279,-0.50522
94,527.6,0.16645,-0.12279,-0.50522
94,938.5,0.16645,-0.12279,-0.50522
94,959.57,0.16645,-0.12279,-0.50522
94,962.5,0.16645,-0.12279,-0.50522
94,983.5,0.16645,-0.12279,-0.50522
94,997,0.16645,-0.12279,-0.50522
95,0,0.19636,-0.13323,-0.1084
95,48.5,0.19636,-0.13323,-0.1084
95,455.08,0.19636,-0.13323,-0.1084
95,457.63,0.19636,-0.13323,-0.1084
95,477.17,0.19636,-0.13323,-0.1084
96,0,-0.038588,0.021507,0.32714
96,456,-0.038588,0.021507,0.32714
96,960.17,-0.038588,0.021507,0.32714
96,973,-0.038588,0.021507,0.32714
97,0,-0.16988,0.10399,-0.55147
97,432.33,-0.16988,0.10399,-0.55147
97,434.5,-0.16988,0.10399,-0.55147
97,456.33,-0.16988,0.10399,-0.55147
97,479.17,-0.16988,0.10399,-0.55147
97,480.33,-0.16988,0.10399,-0.55147
97,912.5,-0.16988,0.10399,-0.55147
97,936.5,-0.16988,0.10399,-0.55147
97,960.33,-0.16988,0.10399,-0.55147
97,974.33,-0.16988,0.10399,-0.55147
98,0,0.19022,-0.21274,0.78683
98,431,0.19022,-0.21274,0.78683
98,433.42,0.19022,-0.21274,0.78683
98,455,0.19022,-0.21274,0.78683
98,478.75,0.19022,-0.21274,0.78683
98,479,0.19022,-0.21274,0.78683
98,912,0.19022,-0.21274,0.78683
98,933.75,0.19022,-0.21274,0.78683
98,936,0.19022,-0.21274,0.78683
98,960,0.19022,-0.21274,0.78683
98,973,0.19022,-0.21274,0.78683
99,0,0.0483,0.020659,-0.10455
99,456,0.0483,0.020659,-0.10455
99,459,0.0483,0.020659,-0.10455
99,480,0.0483,0.020659,-0.10455
99,503.75,0.0483,0.020659,-0.10455
99,504,0.0483,0.020659,-0.10455
99,912.5,0.0483,0.020659,-0.10455
99,935.75,0.0483,0.020659,-0.10455
99,936.5,0.0483,0.020659,-0.10455
99,960,0.0483,0.020659,-0.10455
99,974,0.0483,0.020659,-0.10455
100,0,0.33819,-0.28851,0.03904
100,455.25,0.33819,-0.28851,0.03904
100,457.67,0.33819,-0.28851,0.03904
100,479.17,0.33819,-0.28851,0.03904
100,502.92,0.33819,-0.28851,0.03904
100,503.17,0.33819,-0.28851,0.03904
100,936.17,0.33819,-0.28851,0.03904
100,959,0.33819,-0.28851,0.03904
100,960.17,0.33819,-0.28851,0.03904
100,983.17,0.33819,-0.28851,0.03904
100,996.42,0.33819,-0.28851,0.03904
101,0,-0.11074,-0.01575,0.025257
101,432,-0.11074,-0.01575,0.025257
101,435.08,-0.11074,-0.01575,0.025257
101,456,-0.11074,-0.01575,0.025257
101,479.75,-0.11074,-0.01575,0.025257
101,480,-0.11074,-0.01575,0.025257
101,912,-0.11074,-0.01575,0.025257
101,936.17,-0.11074,-0.01575,0.025257
101,960,-0.11074,-0.01575,0.025257
101,974.83,-0.11074,-0.01575,0.025257
102,0,-0.23305,0.078126,-0.29521
102,384,-0.23305,0.078126,-0.29521
102,386.58,-0.23305,0.078126,-0.29521
102,962,-0.23305,0.078126,-0.29521
102,983.5,-0.23305,0.078126,-0.29521
102,986,-0.23305,0.078126,-0.29521
102,1008,-0.23305,0.078126,-0.29521
102,1022.1,-0.23305,0.078126,-0.29521
103,0,-0.77795,0.23878,0.16815
103,503.08,-0.77795,0.23878,0.16815
103,505.67,-0.77795,0.23878,0.16815
103,527.33,-0.77795,0.23878,0.16815
103,550.5,-0.77795,0.23878,0.16815
103,551.33,-0.77795,0.23878,0.16815
103,982.5,-0.77795,0.23878,0.16815
103,1006.3,-0.77795,0.23878,0.16815
103,1006.5,-0.77795,0.23878,0.16815
103,1031,-0.77795,0.23878,0.16815
103,1044.8,-0.77795,0.23878,0.16815
104,0,0.11756,-0.15171,-0.46813
104,504.25,0.11756,-0.15171,-0.46813
104,506.67,0.11756,-0.15171,-0.46813
104,528.17,0.11756,-0.15171,-0.46813
104,551.58,0.11756,-0.15171,-0.46813
104,552.17,0.11756,-0.15171,-0.46813
104,984,0.11756,-0.15171,-0.46813
104,1007.7,0.11756,-0.15171,-0.46813
104,1008,0.11756,-0.15171,-0.46813
104,1032.2,0.11756,-0.15171,-0.46813
104,1045.6,0.11756,-0.15171,-0.46813
105,0,-0.40858,0.16857,-0.41319
105,503.83,-0.40858,0.16857,-0.41319
105,506.33,-0.40858,0.16857,-0.41319
105,527.92,-0.40858,0.16857,-0.41319
105,551.33,-0.40858,0.16857,-0.41319
105,551.92,-0.40858,0.16857,-0.41319
105,983.83,-0.40858,0.16857,-0.41319
105,1007.3,-0.40858,0.16857,-0.41319
105,1007.8,-0.40858,0.16857,-0.41319
105,1031.8,-0.40858,0.16857,-0.41319
105,1045.5,-0.40858,0.16857,-0.41319
106,0,-0.072672,-0.021264,0.15559
106,455.7,-0.072672,-0.021264,0.15559
106,458.2,-0.072672,-0.021264,0.15559
106,479.7,-0.072672,-0.021264,0.15559
106,503.2,-0.072672,-0.021264,0.15559
106,503.7,-0.072672,-0.021264,0.15559
106,935.37,-0.072672,-0.021264,0.15559
106,959.28,-0.072672,-0.021264,0.15559
106,959.37,-0.072672,-0.021264,0.15559
106,983.7,-0.072672,-0.021264,0.15559
106,997.33,-0.072672,-0.021264,0.15559
107,0,0.12741,-0.084671,-0.89924
107,454.67,0.12741,-0.084671,-0.89924
107,457.17,0.12741,-0.084671,-0.89924
107,478.67,0.12741,-0.084671,-0.89924
107,502.05,0.12741,-0.084671,-0.89924
107,502.67,0.12741,-0.084671,-0.89924
107,934.17,0.12741,-0.084671,-0.89924
107,958,0.12741,-0.084671,-0.89924
107,958.17,0.12741,-0.084671,-0.89924
107,982.67,0.12741,-0.084671,-0.89924
107,996.42,0.12741,-0.084671,-0.89924
108,0,0.25496,-0.37968,0.50733
108,454.33,0.25496,-0.37968,0.50733
108,456.75,0.25496,-0.37968,0.50733
108,478.33,0.25496,-0.37968,0.50733
108,501.83,0.25496,-0.37968,0.50733
108,502.33,0.25496,-0.37968,0.50733
108,935.67,0.25496,-0.37968,0.50733
108,957.58,0.25496,-0.37968,0.50733
108,959.67,0.25496,-0.37968,0.50733
108,982.33,0.25496,-0.37968,0.50733
108,996,0.25496,-0.37968,0.50733
109,0,-0.05753,0.0090979,-0.12184
109,480,-0.05753,0.0090979,-0.12184
109,482.53,-0.05753,0.0090979,-0.12184
109,504,-0.05753,0.0090979,-0.12184
109,527.25,-0.05753,0.0090979,-0.12184
109,528,-0.05753,0.0090979,-0.12184
109,936,-0.05753,0.0090979,-0.12184
109,958.8,-0.05753,0.0090979,-0.12184
109,960,-0.05753,0.0090979,-0.12184
109,984,-0.05753,0.0090979,-0.12184
109,998.5,-0.05753,0.0090979,-0.12184
110,0,-0.089798,0.019724,0.74311
110,453.5,-0.089798,0.019724,0.74311
110,455.7,-0.089798,0.019724,0.74311
110,477.5,-0.089798,0.019724,0.74311
110,500.92,-0.089798,0.019724,0.74311
110,501.5,-0.089798,0.019724,0.74311
110,936.5,-0.089798,0.019724,0.74311
110,957.2,-0.089798,0.019724,0.74311
110,960.5,-0.089798,0.019724,0.74311
110,981.5,-0.089798,0.019724,0.74311
110,996.4,-0.089798,0.019724,0.74311
111,0,-0.036573,0.041063,0.13193
111,456.92,-0.036573,0.041063,0.13193
111,459.23,-0.036573,0.041063,0.13193
111,481,-0.036573,0.041063,0.13193
111,504.32,-0.036573,0.041063,0.13193
111,505,-0.036573,0.041063,0.13193
111,937,-0.036573,0.041063,0.13193
111,960.48,-0.036573,0.041063,0.13193
111,961,-0.036573,0.041063,0.13193
111,985,-0.036573,0.041063,0.13193
111,997.6,-0.036573,0.041063,0.13193
112,0,0.12817,-0.0035765,-0.41929
112,456,0.12817,-0.0035765,-0.41929
112,458.07,0.12817,-0.0035765,-0.41929
112,480,0.12817,-0.0035765,-0.41929
112,503.6,0.12817,-0.0035765,-0.41929
112,504,0.12817,-0.0035765,-0.41929
112,912,0.12817,-0.0035765,-0.41929
112,935.95,0.12817,-0.0035765,-0.41929
112,936,0.12817,-0.0035765,-0.41929
112,960,0.12817,-0.0035765,-0.41929
112,973.75,0.12817,-0.0035765,-0.41929
113,0,0.16728,-0.1863,-0.30236
113,455.5,0.16728,-0.1863,-0.30236
113,457.72,0.16728,-0.1863,-0.30236
113,479.5,0.16728,-0.1863,-0.30236
113,502.85,0.16728,-0.1863,-0.30236
113,503.5,0.16728,-0.1863,-0.30236
113,551.5,0.16728,-0.1863,-0.30236
113,959.5,0.16728,-0.1863,-0.30236
113,1007.8,0.16728,-0.1863,-0.30236
113,1033,0.16728,-0.1863,-0.30236
113,1045.1,0.16728,-0.1863,-0.30236
114,0,0.014685,0.030603,-0.2523
114,478.5,0.014685,0.030603,-0.2523
114,480.68,0.014685,0.030603,-0.2523
114,502.5,0.014685,0.030603,-0.2523
114,525.9,0.014685,0.030603,-0.2523
114,526.5,0.014685,0.030603,-0.2523
114,958.5,0.014685,0.030603,-0.2523
114,981.98,0.014685,0.030603,-0.2523
114,982.5,0.014685,0.030603,-0.2523
114,1006.5,0.014685,0.030603,-0.2523
114,1020.1,0.014685,0.030603,-0.2523
115,0,0.072148,-0.058271,-1.1226
115,456,0.072148,-0.058271,-1.1226
115,458.25,0.072148,-0.058271,-1.1226
115,480,0.072148,-0.058271,-1.1226
115,503.05,0.072148,-0.058271,-1.1226
115,504,0.072148,-0.058271,-1.1226
115,936.25,0.072148,-0.058271,-1.1226
115,960.37,0.072148,-0.058271,-1.1226
115,984,0.072148,-0.058271,-1.1226
115,997.13,0.072148,-0.058271,-1.1226
116,0,0.080315,0.013236,0.091759
116,457,0.080315,0.013236,0.091759
116,482.33,0.080315,0.013236,0.091759
116,504.25,0.080315,0.013236,0.091759
116,524.5,0.080315,0.013236,0.091759
116,528.25,0.080315,0.013236,0.091759
116,960.5,0.080315,0.013236,0.091759
116,984.45,0.080315,0.013236,0.091759
116,984.5,0.080315,0.013236,0.091759
116,1008.2,0.080315,0.013236,0.091759
116,1020.8,0.080315,0.013236,0.091759
117,0,-0.20458,0.10992,-0.14357
117,50,-0.20458,0.10992,-0.14357
117,504.5,-0.20458,0.10992,-0.14357
117,528.5,-0.20458,0.10992,-0.14357
117,531,-0.20458,0.10992,-0.14357
117,550.75,-0.20458,0.10992,-0.14357
117,552.5,-0.20458,0.10992,-0.14357
117,985,-0.20458,0.10992,-0.14357
117,1007.5,-0.20458,0.10992,-0.14357
117,1009,-0.20458,0.10992,-0.14357
117,1032,-0.20458,0.10992,-0.14357
117,1044.9,-0.20458,0.10992,-0.14357
118,0,-0.18879,0.067021,0.075005
118,479.25,-0.18879,0.067021,0.075005
118,482.17,-0.18879,0.067021,0.075005
118,503.75,-0.18879,0.067021,0.075005
118,521.25,-0.18879,0.067021,0.075005
119,0,-0.32284,0.034288,0.12005
119,457,-0.32284,0.034288,0.12005
119,459.5,-0.32284,0.034288,0.12005
119,502.75,-0.32284,0.034288,0.12005
119,505,-0.32284,0.034288,0.12005
119,936.5,-0.32284,0.034288,0.12005
119,939.5,-0.32284,0.034288,0.12005
119,962,-0.32284,0.034288,0.12005
119,985.5,-0.32284,0.034288,0.12005
119,997.75,-0.32284,0.034288,0.12005
120,0,0.06256,-0.054994,0.14539
120,48,0.06256,-0.054994,0.14539
120,479,0.06256,-0.054994,0.14539
120,481,0.06256,-0.054994,0.14539
120,624,0.06256,-0.054994,0.14539
120,959,0.06256,-0.054994,0.14539
120,1007.3,0.06256,-0.054994,0.14539
121,0,0.02063,-0.0048766,-0.15647
121,455,0.02063,-0.0048766,-0.15647
121,482.5,0.02063,-0.0048766,-0.15647
121,502.5,0.02063,-0.0048766,-0.15647
121,525.25,0.02063,-0.0048766,-0.15647
121,526.5,0.02063,-0.0048766,-0.15647
121,935,0.02063,-0.0048766,-0.15647
121,959,0.02063,-0.0048766,-0.15647
121,983,0.02063,-0.0048766,-0.15647
121,995.75,0.02063,-0.0048766,-0.15647
122,0,-0.017045,-0.014703,-0.24492
122,455.25,-0.017045,-0.014703,-0.24492
122,482.75,-0.017045,-0.014703,-0.24492
122,503.25,-0.017045,-0.014703,-0.24492
122,525.75,-0.017045,-0.014703,-0.24492
122,527.25,-0.017045,-0.014703,-0.24492
122,959.25,-0.017045,-0.014703,-0.24492
122,982.25,-0.017045,-0.014703,-0.24492
122,983.25,-0.017045,-0.014703,-0.24492
122,1319.8,-0.017045,-0.014703,-0.24492
123,0,-0.693,0.098714,0.1586
123,432.75,-0.693,0.098714,0.1586
123,436.25,-0.693,0.098714,0.1586
123,456.25,-0.693,0.098714,0.1586
123,478.25,-0.693,0.098714,0.1586
123,480.25,-0.693,0.098714,0.1586
123,912.25,-0.693,0.098714,0.1586
123,937.25,-0.693,0.098714,0.1586
123,960.25,-0.693,0.098714,0.1586
123,973.25,-0.693,0.098714,0.1586
124,0,-0.28705,0.091512,-0.60463
124,480,-0.28705,0.091512,-0.60463
124,483.05,-0.28705,0.091512,-0.60463
124,504,-0.28705,0.091512,-0.60463
124,525.5,-0.28705,0.091512,-0.60463
124,528,-0.28705,0.091512,-0.60463
124,624,-0.28705,0.091512,-0.60463
124,863.75,-0.28705,0.091512,-0.60463
124,912,-0.28705,0.091512,-0.60463
125,0,-0.00033612,-0.058313,-0.3193
125,403.25,-0.00033612,-0.058313,-0.3193
125,406,-0.00033612,-0.058313,-0.3193
125,428.5,-0.00033612,-0.058313,-0.3193
125,449,-0.00033612,-0.058313,-0.3193
125,452.5,-0.00033612,-0.058313,-0.3193
125,885.5,-0.00033612,-0.058313,-0.3193
125,909.5,-0.00033612,-0.058313,-0.3193
125,933,-0.00033612,-0.058313,-0.3193
125,945.83,-0.00033612,-0.058313,-0.3193
126,0,-0.051721,0.095443,0.81537
126,71,-0.051721,0.095443,0.81537
126,406.5,-0.051721,0.095443,0.81537
126,428.5,-0.051721,0.095443,0.81537
126,430.5,-0.051721,0.095443,0.81537
126,934.5,-0.051721,0.095443,0.81537
126,958.5,-0.051721,0.095443,0.81537
126,982.5,-0.051721,0.095443,0.81537
126,996,-0.051721,0.095443,0.81537
127,0,0.20035,-0.054979,0.47234
127,454,0.20035,-0.054979,0.47234
127,456.92,0.20035,-0.054979,0.47234
127,478,0.20035,-0.054979,0.47234
127,501.23,0.20035,-0.054979,0.47234
127,502,0.20035,-0.054979,0.47234
127,934,0.20035,-0.054979,0.47234
127,957.25,0.20035,-0.054979,0.47234
127,958,0.20035,-0.054979,0.47234
127,982,0.20035,-0.054979,0.47234
127,994.58,0.20035,-0.054979,0.47234
128,0,0.23129,-0.08553,0.19156
128,455,0.23129,-0.08553,0.19156
128,458,0.23129,-0.08553,0.19156
128,479,0.23129,-0.08553,0.19156
128,502.37,0.23129,-0.08553,0.19156
128,503,0.23129,-0.08553,0.19156
128,939,0.23129,-0.08553,0.19156
128,958.23,0.23129,-0.08553,0.19156
128,963,0.23129,-0.08553,0.19156
128,984,0.23129,-0.08553,0.19156
128,996.62,0.23129,-0.08553,0.19156
129,0,-0.1101,0.0061799,-0.66338
129,431,-0.1101,0.0061799,-0.66338
129,433.5,-0.1101,0.0061799,-0.66338
129,456.5,-0.1101,0.0061799,-0.66338
129,478.25,-0.1101,0.0061799,-0.66338
129,480.5,-0.1101,0.0061799,-0.66338
129,912.25,-0.1101,0.0061799,-0.66338
129,930.5,-0.1101,0.0061799,-0.66338
129,935,-0.1101,0.0061799,-0.66338
129,936.25,-0.1101,0.0061799,-0.66338
129,972.67,-0.1101,0.0061799,-0.66338
130,0,-0.14167,0.016713,0.57438
130,505,-0.14167,0.016713,0.57438
130,527.5,-0.14167,0.016713,0.57438
130,529,-0.14167,0.016713,0.57438
130,961,-0.14167,0.016713,0.57438
130,985,-0.14167,0.016713,0.57438
130,1009,-0.14167,0.016713,0.57438
130,1022.5,-0.14167,0.016713,0.57438
131,0,0.053222,-0.13449,0.10705
131,479.5,0.053222,-0.13449,0.10705
131,482,0.053222,-0.13449,0.10705
131,503.5,0.053222,-0.13449,0.10705
131,527,0.053222,-0.13449,0.10705
131,527.5,0.053222,-0.13449,0.10705
131,959.5,0.053222,-0.13449,0.10705
131,983,0.053222,-0.13449,0.10705
131,983.5,0.053222,-0.13449,0.10705
131,1007.5,0.053222,-0.13449,0.10705
131,1020.5,0.053222,-0.13449,0.10705
132,0,0.20299,-0.11487,-0.34852
132,504,0.20299,-0.11487,-0.34852
132,506.83,0.20299,-0.11487,-0.34852
132,527.75,0.20299,-0.11487,-0.34852
132,551.72,0.20299,-0.11487,-0.34852
132,551.75,0.20299,-0.11487,-0.34852
132,960,0.20299,-0.11487,-0.34852
132,983.92,0.20299,-0.11487,-0.34852
132,984,0.20299,-0.11487,-0.34852
132,1008,0.20299,-0.11487,-0.34852
132,1021.9,0.20299,-0.11487,-0.34852
133,0,0.14887,-0.21782,0.04224
133,408,0.14887,-0.21782,0.04224
133,410.1,0.14887,-0.21782,0.04224
133,432,0.14887,-0.21782,0.04224
133,455.33,0.14887,-0.21782,0.04224
133,456,0.14887,-0.21782,0.04224
133,888,0.14887,-0.21782,0.04224
133,911.77,0.14887,-0.21782,0.04224
133,912,0.14887,-0.21782,0.04224
133,936,0.14887,-0.21782,0.04224
133,950.05,0.14887,-0.21782,0.04224
134,0,-0.39711,0.13542,0.14455
134,479.97,-0.39711,0.13542,0.14455
134,482.3,-0.39711,0.13542,0.14455
134,503.97,-0.39711,0.13542,0.14455
134,527.35,-0.39711,0.13542,0.14455
134,527.97,-0.39711,0.13542,0.14455
134,959.97,-0.39711,0.13542,0.14455
134,983.63,-0.39711,0.13542,0.14455
134,983.97,-0.39711,0.13542,0.14455
134,1008,-0.39711,0.13542,0.14455
134,1022.4,-0.39711,0.13542,0.14455
135,0,-0.037421,0.049024,-0.35978
135,432,-0.037421,0.049024,-0.35978
135,434.07,-0.037421,0.049024,-0.35978
135,456,-0.037421,0.049024,-0.35978
135,479.43,-0.037421,0.049024,-0.35978
135,480,-0.037421,0.049024,-0.35978
135,912,-0.037421,0.049024,-0.35978
135,936,-0.037421,0.049024,-0.35978
135,960,-0.037421,0.049024,-0.35978
135,973.63,-0.037421,0.049024,-0.35978
136,0,0.10789,-0.050332,-0.24581
136,455.5,0.10789,-0.050332,-0.24581
136,458.33,0.10789,-0.050332,-0.24581
136,479.5,0.10789,-0.050332,-0.24581
136,502.33,0.10789,-0.050332,-0.24581
136,503.5,0.10789,-0.050332,-0.24581
136,959.5,0.10789,-0.050332,-0.24581
136,983.25,0.10789,-0.050332,-0.24581
136,983.5,0.10789,-0.050332,-0.24581
136,996.75,0.10789,-0.050332,-0.24581
136,1019.6,0.10789,-0.050332,-0.24581
137,0,-0.088255,-0.00084337,-0.7925
137,432,-0.088255,-0.00084337,-0.7925
137,436.42,-0.088255,-0.00084337,-0.7925
137,456,-0.088255,-0.00084337,-0.7925
137,479.42,-0.088255,-0.00084337,-0.7925
137,480,-0.088255,-0.00084337,-0.7925
137,576.5,-0.088255,-0.00084337,-0.7925
137,744.25,-0.088255,-0.00084337,-0.7925
138,0,-0.00052446,-0.018179,-0.6151
138,432,-0.00052446,-0.018179,-0.6151
138,456,-0.00052446,-0.018179,-0.6151
138,480,-0.00052446,-0.018179,-0.6151
138,528,-0.00052446,-0.018179,-0.6151
138,915,-0.00052446,-0.018179,-0.6151
138,939,-0.00052446,-0.018179,-0.6151
138,960,-0.00052446,-0.018179,-0.6151
138,972.42,-0.00052446,-0.018179,-0.6151
139,0,-0.020117,-0.010675,-0.11634
139,408,-0.020117,-0.010675,-0.11634
139,435,-0.020117,-0.010675,-0.11634
139,456,-0.020117,-0.010675,-0.11634
139,479.33,-0.020117,-0.010675,-0.11634
139,480,-0.020117,-0.010675,-0.11634
139,888,-0.020117,-0.010675,-0.11634
139,911.45,-0.020117,-0.010675,-0.11634
139,912,-0.020117,-0.010675,-0.11634
139,936,-0.020117,-0.010675,-0.11634
139,948.67,-0.020117,-0.010675,-0.11634
140,0,-0.45779,0.18351,-0.36744
140,432,-0.45779,0.18351,-0.36744
140,434.65,-0.45779,0.18351,-0.36744
140,456,-0.45779,0.18351,-0.36744
140,479.33,-0.45779,0.18351,-0.36744
140,480,-0.45779,0.18351,-0.36744
140,912,-0.45779,0.18351,-0.36744
140,935.53,-0.45779,0.18351,-0.36744
140,936,-0.45779,0.18351,-0.36744
140,960,-0.45779,0.18351,-0.36744
140,972.42,-0.45779,0.18351,-0.36744
141,0,-0.26837,0.083003,0.73469
141,432,-0.26837,0.083003,0.73469
141,435.08,-0.26837,0.083003,0.73469
141,456,-0.26837,0.083003,0.73469
141,479.5,-0.26837,0.083003,0.73469
141,480,-0.26837,0.083003,0.73469
141,912,-0.26837,0.083003,0.73469
141,935.7,-0.26837,0.083003,0.73469
141,936,-0.26837,0.083003,0.73469
141,960,-0.26837,0.083003,0.73469
141,972.58,-0.26837,0.083003,0.73469
142,0,0.23729,-0.036885,0.0031792
142,407,0.23729,-0.036885,0.0031792
142,410,0.23729,-0.036885,0.0031792
142,431,0.23729,-0.036885,0.0031792
142,454.33,0.23729,-0.036885,0.0031792
142,455,0.23729,-0.036885,0.0031792
142,887,0.23729,-0.036885,0.0031792
142,910.75,0.23729,-0.036885,0.0031792
142,911,0.23729,-0.036885,0.0031792
142,935,0.23729,-0.036885,0.0031792
142,947.87,0.23729,-0.036885,0.0031792
143,0,0.23038,-0.11856,0.12144
143,456,0.23038,-0.11856,0.12144
143,459,0.23038,-0.11856,0.12144
143,480,0.23038,-0.11856,0.12144
143,503.5,0.23038,-0.11856,0.12144
143,504,0.23038,-0.11856,0.12144
143,936,0.23038,-0.11856,0.12144
143,959.5,0.23038,-0.11856,0.12144
143,960,0.23038,-0.11856,0.12144
143,984,0.23038,-0.11856,0.12144
143,996.33,0.23038,-0.11856,0.12144
144,0,0.02182,-0.071968,-1.059
144,456,0.02182,-0.071968,-1.059
144,459,0.02182,-0.071968,-1.059
144,480,0.02182,-0.071968,-1.059
144,503.5,0.02182,-0.071968,-1.059
144,504,0.02182,-0.071968,-1.059
144,936,0.02182,-0.071968,-1.059
144,959.5,0.02182,-0.071968,-1.059
144,960,0.02182,-0.071968,-1.059
144,984,0.02182,-0.071968,-1.059
144,996.15,0.02182,-0.071968,-1.059
145,0,-0.36879,0.14455,-0.29692
145,456,-0.36879,0.14455,-0.29692
145,459,-0.36879,0.14455,-0.29692
145,480,-0.36879,0.14455,-0.29692
145,503.33,-0.36879,0.14455,-0.29692
145,504,-0.36879,0.14455,-0.29692
145,554,-0.36879,0.14455,-0.29692
145,864,-0.36879,0.14455,-0.29692
145,887.68,-0.36879,0.14455,-0.29692
145,888,-0.36879,0.14455,-0.29692
145,912,-0.36879,0.14455,-0.29692
145,925.75,-0.36879,0.14455,-0.29692
146,0,-0.63528,0.13295,0.37564
146,504,-0.63528,0.13295,0.37564
146,507,-0.63528,0.13295,0.37564
146,528,-0.63528,0.13295,0.37564
146,551.33,-0.63528,0.13295,0.37564
146,552,-0.63528,0.13295,0.37564
146,936,-0.63528,0.13295,0.37564
146,959.5,-0.63528,0.13295,0.37564
146,960,-0.63528,0.13295,0.37564
146,984,-0.63528,0.13295,0.37564
146,996.27,-0.63528,0.13295,0.37564
147,0,0.016982,-0.096289,-0.25531
147,431.97,0.016982,-0.096289,-0.25531
147,434.8,0.016982,-0.096289,-0.25531
147,455.97,0.016982,-0.096289,-0.25531
147,479.27,0.016982,-0.096289,-0.25531
147,479.97,0.016982,-0.096289,-0.25531
147,911.97,0.016982,-0.096289,-0.25531
147,935.35,0.016982,-0.096289,-0.25531
147,935.97,0.016982,-0.096289,-0.25531
147,959.97,0.016982,-0.096289,-0.25531
147,972.23,0.016982,-0.096289,-0.25531
148,0,0.12894,0.00061392,-0.14504
148,576,0.12894,0.00061392,-0.14504
148,578.58,0.12894,0.00061392,-0.14504
148,600,0.12894,0.00061392,-0.14504
148,623.25,0.12894,0.00061392,-0.14504
148,624,0.12894,0.00061392,-0.14504
148,888,0.12894,0.00061392,-0.14504
148,912,0.12894,0.00061392,-0.14504
148,936,0.12894,0.00061392,-0.14504
148,947.43,0.12894,0.00061392,-0.14504
149,0,0.40466,-0.17663,0.038984
149,432,0.40466,-0.17663,0.038984
149,434.75,0.40466,-0.17663,0.038984
149,456,0.40466,-0.17663,0.038984
149,479.28,0.40466,-0.17663,0.038984
149,480,0.40466,-0.17663,0.038984
149,912,0.40466,-0.17663,0.038984
149,935.67,0.40466,-0.17663,0.038984
149,936,0.40466,-0.17663,0.038984
149,960,0.40466,-0.17663,0.038984
149,972.75,0.40466,-0.17663,0.038984
150,0,-0.29751,0.10598,-0.64056
150,432,-0.29751,0.10598,-0.64056
150,434.75,-0.29751,0.10598,-0.64056
150,456,-0.29751,0.10598,-0.64056
150,479.08,-0.29751,0.10598,-0.64056
150,480,-0.29751,0.10598,-0.64056
150,888,-0.29751,0.10598,-0.64056
150,911.55,-0.29751,0.10598,-0.64056
150,912,-0.29751,0.10598,-0.64056
150,936,-0.29751,0.10598,-0.64056
150,948.5,-0.29751,0.10598,-0.64056
151,0,0.27028,-0.15125,0.6691
151,432,0.27028,-0.15125,0.6691
151,434.82,0.27028,-0.15125,0.6691
151,456,0.27028,-0.15125,0.6691
151,479.08,0.27028,-0.15125,0.6691
151,480,0.27028,-0.15125,0.6691
151,888,0.27028,-0.15125,0.6691
151,911.6,0.27028,-0.15125,0.6691
151,912,0.27028,-0.15125,0.6691
151,936,0.27028,-0.15125,0.6691
151,949.03,0.27028,-0.15125,0.6691
152,0,0.018921,-0.020402,-0.34958
152,48,0.018921,-0.020402,-0.34958
152,72,0.018921,-0.020402,-0.34958
152,456.5,0.018921,-0.020402,-0.34958
152,459.17,0.018921,-0.020402,-0.34958
152,480.5,0.018921,-0.020402,-0.34958
152,503.92,0.018921,-0.020402,-0.34958
152,504.5,0.018921,-0.020402,-0.34958
152,912.5,0.018921,-0.020402,-0.34958
152,936.17,0.018921,-0.020402,-0.34958
152,936.5,0.018921,-0.020402,-0.34958
152,960.5,0.018921,-0.020402,-0.34958
152,973.17,0.018921,-0.020402,-0.34958
153,0,-0.528,0.20657,0.44905
153,431,-0.528,0.20657,0.44905
153,433,-0.528,0.20657,0.44905
153,453.92,-0.528,0.20657,0.44905
153,477.92,-0.528,0.20657,0.44905
153,527,-0.528,0.20657,0.44905
153,912.75,-0.528,0.20657,0.44905
153,934.83,-0.528,0.20657,0.44905
153,936.75,-0.528,0.20657,0.44905
153,959,-0.528,0.20657,0.44905
153,971.75,-0.528,0.20657,0.44905
154,0,0.20634,-0.12769,0.013632
154,480,0.20634,-0.12769,0.013632
154,482.62,0.20634,-0.12769,0.013632
154,503.42,0.20634,-0.12769,0.013632
154,504,0.20634,-0.12769,0.013632
154,984,0.20634,-0.12769,0.013632
154,1007.5,0.20634,-0.12769,0.013632
154,1008,0.20634,-0.12769,0.013632
154,1032,0.20634,-0.12769,0.013632
154,1045.8,0.20634,-0.12769,0.013632
155,0,0.046322,0.034769,0.22867
155,622,0.046322,0.034769,0.22867
155,649.33,0.046322,0.034769,0.22867
155,671,0.046322,0.034769,0.22867
155,694.25,0.046322,0.034769,0.22867
155,695,0.046322,0.034769,0.22867
155,744.25,0.046322,0.034769,0.22867
155,959,0.046322,0.034769,0.22867
155,982.25,0.046322,0.034769,0.22867
155,983,0.046322,0.034769,0.22867
155,1007,0.046322,0.034769,0.22867
155,1020.8,0.046322,0.034769,0.22867
156,0,0.22477,-0.3079,-0.083952
156,430.5,0.22477,-0.3079,-0.083952
156,432.67,0.22477,-0.3079,-0.083952
156,454.67,0.22477,-0.3079,-0.083952
156,477.9,0.22477,-0.3079,-0.083952
156,478.67,0.22477,-0.3079,-0.083952
156,911.5,0.22477,-0.3079,-0.083952
156,934.38,0.22477,-0.3079,-0.083952
156,935.5,0.22477,-0.3079,-0.083952
156,958.5,0.22477,-0.3079,-0.083952
156,971.75,0.22477,-0.3079,-0.083952
157,0,-0.12877,0.10375,-0.412
157,431.42,-0.12877,0.10375,-0.412
157,433.22,-0.12877,0.10375,-0.412
157,454.92,-0.12877,0.10375,-0.412
157,478.25,-0.12877,0.10375,-0.412
157,478.92,-0.12877,0.10375,-0.412
157,911.08,-0.12877,0.10375,-0.412
157,934.77,-0.12877,0.10375,-0.412
157,935.08,-0.12877,0.10375,-0.412
157,958.92,-0.12877,0.10375,-0.412
157,972.8,-0.12877,0.10375,-0.412
158,0,0.047545,-0.079398,0.11251
158,548,0.047545,-0.079398,0.11251
158,550,0.047545,-0.079398,0.11251
158,572,0.047545,-0.079398,0.11251
158,595.5,0.047545,-0.079398,0.11251
158,596,0.047545,-0.079398,0.11251
158,884,0.047545,-0.079398,0.11251
158,907.5,0.047545,-0.079398,0.11251
158,908,0.047545,-0.079398,0.11251
158,932,0.047545,-0.079398,0.11251
158,944.17,0.047545,-0.079398,0.11251
159,0,0.0037484,-0.0006806,-0.024686
159,433,0.0037484,-0.0006806,-0.024686
159,457,0.0037484,-0.0006806,-0.024686
159,480.42,0.0037484,-0.0006806,-0.024686
159,481,0.0037484,-0.0006806,-0.024686
159,889,0.0037484,-0.0006806,-0.024686
159,913,0.0037484,-0.0006806,-0.024686
159,937,0.0037484,-0.0006806,-0.024686
160,0,0.085109,-0.0043038,0.010468
160,409,0.085109,-0.0043038,0.010468
160,411.67,0.085109,-0.0043038,0.010468
160,433,0.085109,-0.0043038,0.010468
160,455.75,0.085109,-0.0043038,0.010468
160,457,0.085109,-0.0043038,0.010468
160,913,0.085109,-0.0043038,0.010468
160,937,0.085109,-0.0043038,0.010468
160,961,0.085109,-0.0043038,0.010468
160,974.33,0.085109,-0.0043038,0.010468
161,0,0.034762,0.0042752,-0.10979
161,46.83,0.034762,0.0042752,-0.10979
161,429.83,0.034762,0.0042752,-0.10979
161,432.33,0.034762,0.0042752,-0.10979
161,453.83,0.034762,0.0042752,-0.10979
161,476.67,0.034762,0.0042752,-0.10979
161,477.83,0.034762,0.0042752,-0.10979
161,909.83,0.034762,0.0042752,-0.10979
161,933.67,0.034762,0.0042752,-0.10979
161,933.83,0.034762,0.0042752,-0.10979
161,957.83,0.034762,0.0042752,-0.10979
161,971.03,0.034762,0.0042752,-0.10979
162,0,0.13852,-0.1523,-0.33966
162,432,0.13852,-0.1523,-0.33966
162,434.58,0.13852,-0.1523,-0.33966
162,478.8,0.13852,-0.1523,-0.33966
162,480,0.13852,-0.1523,-0.33966
162,912,0.13852,-0.1523,-0.33966
162,936,0.13852,-0.1523,-0.33966
162,960,0.13852,-0.1523,-0.33966
162,974.17,0.13852,-0.1523,-0.33966
163,0,-0.24435,0.061213,0.93106
163,408,-0.24435,0.061213,0.93106
163,456,-0.24435,0.061213,0.93106
163,478.5,-0.24435,0.061213,0.93106
163,480,-0.24435,0.061213,0.93106
163,888,-0.24435,0.061213,0.93106
163,912,-0.24435,0.061213,0.93106
163,936,-0.24435,0.061213,0.93106
163,949.17,-0.24435,0.061213,0.93106
164,0,0.32867,-0.17209,0.4858
164,480,0.32867,-0.17209,0.4858
164,482.6,0.32867,-0.17209,0.4858
164,504,0.32867,-0.17209,0.4858
164,526.75,0.32867,-0.17209,0.4858
164,528,0.32867,-0.17209,0.4858
164,936,0.32867,-0.17209,0.4858
164,960,0.32867,-0.17209,0.4858
164,984,0.32867,-0.17209,0.4858
164,997.17,0.32867,-0.17209,0.4858
165,0,0.054097,-0.039587,0.18168
165,384,0.054097,-0.039587,0.18168
165,386.5,0.054097,-0.039587,0.18168
165,408,0.054097,-0.039587,0.18168
165,430.5,0.054097,-0.039587,0.18168
166,0,0.29628,-0.22725,0.15713
166,456,0.29628,-0.22725,0.15713
166,458.5,0.29628,-0.22725,0.15713
166,478.75,0.29628,-0.22725,0.15713
166,480,0.29628,-0.22725,0.15713
166,912.5,0.29628,-0.22725,0.15713
166,935.58,0.29628,-0.22725,0.15713
166,936.5,0.29628,-0.22725,0.15713
166,960,0.29628,-0.22725,0.15713
166,973.33,0.29628,-0.22725,0.15713
167,0,0.056273,-0.078974,-0.56444
167,456,0.056273,-0.078974,-0.56444
167,458.67,0.056273,-0.078974,-0.56444
167,478.7,0.056273,-0.078974,-0.56444
167,480,0.056273,-0.078974,-0.56444
167,912,0.056273,-0.078974,-0.56444
167,960,0.056273,-0.078974,-0.56444
167,973.25,0.056273,-0.078974,-0.56444
168,0,-0.21675,0.017748,0.45902
168,24.5,-0.21675,0.017748,0.45902
168,48.5,-0.21675,0.017748,0.45902
168,480,-0.21675,0.017748,0.45902
168,482.03,-0.21675,0.017748,0.45902
168,504,-0.21675,0.017748,0.45902
168,527.03,-0.21675,0.017748,0.45902
168,528,-0.21675,0.017748,0.45902
168,960.5,-0.21675,0.017748,0.45902
168,983.92,-0.21675,0.017748,0.45902
168,984.5,-0.21675,0.017748,0.45902
168,1008,-0.21675,0.017748,0.45902
168,1019.4,-0.21675,0.017748,0.45902
169,0,-0.046055,-0.0096128,0.042271
169,456,-0.046055,-0.0096128,0.042271
169,482.17,-0.046055,-0.0096128,0.042271
169,504,-0.046055,-0.0096128,0.042271
169,527,-0.046055,-0.0096128,0.042271
169,528,-0.046055,-0.0096128,0.042271
169,984,-0.046055,-0.0096128,0.042271
169,1007.7,-0.046055,-0.0096128,0.042271
169,1008,-0.046055,-0.0096128,0.042271
169,1032,-0.046055,-0.0096128,0.042271
169,1045.5,-0.046055,-0.0096128,0.042271
170,0,0.0832,-0.0026382,-0.64155
170,434.17,0.0832,-0.0026382,-0.64155
170,458.17,0.0832,-0.0026382,-0.64155
170,479.67,0.0832,-0.0026382,-0.64155
170,502.67,0.0832,-0.0026382,-0.64155
170,503.67,0.0832,-0.0026382,-0.64155
170,528.17,0.0832,-0.0026382,-0.64155
170,551.13,0.0832,-0.0026382,-0.64155
170,1055.7,0.0832,-0.0026382,-0.64155
170,1079.1,0.0832,-0.0026382,-0.64155
170,1079.7,0.0832,-0.0026382,-0.64155
170,1103.7,0.0832,-0.0026382,-0.64155
170,1116.2,0.0832,-0.0026382,-0.64155
171,0,0.21507,-0.12616,0.69106
171,72,0.21507,-0.12616,0.69106
171,408,0.21507,-0.12616,0.69106
171,410.33,0.21507,-0.12616,0.69106
171,432,0.21507,-0.12616,0.69106
171,455,0.21507,-0.12616,0.69106
171,456,0.21507,-0.12616,0.69106
171,912,0.21507,-0.12616,0.69106
171,935.67,0.21507,-0.12616,0.69106
171,936,0.21507,-0.12616,0.69106
171,960,0.21507,-0.12616,0.69106
171,973.5,0.21507,-0.12616,0.69106
172,0,-0.10024,0.084759,-0.55903
172,576,-0.10024,0.084759,-0.55903
172,578.1,-0.10024,0.084759,-0.55903
172,600,-0.10024,0.084759,-0.55903
172,622.45,-0.10024,0.084759,-0.55903
172,624,-0.10024,0.084759,-0.55903
172,936,-0.10024,0.084759,-0.55903
172,958.67,-0.10024,0.084759,-0.55903
172,960,-0.10024,0.084759,-0.55903
172,984,-0.10024,0.084759,-0.55903
172,997,-0.10024,0.084759,-0.55903
173,0,-0.023898,0.0097286,0.16368
173,372.58,-0.023898,0.0097286,0.16368
173,382.1,-0.023898,0.0097286,0.16368
173,406,-0.023898,0.0097286,0.16368
173,428.92,-0.023898,0.0097286,0.16368
173,430,-0.023898,0.0097286,0.16368
173,862,-0.023898,0.0097286,0.16368
173,862.5,-0.023898,0.0097286,0.16368
173,886.2,-0.023898,0.0097286,0.16368
174,0,0.0057121,-0.011869,-0.2981
174,474.5,0.0057121,-0.011869,-0.2981
174,500.63,0.0057121,-0.011869,-0.2981
174,522,0.0057121,-0.011869,-0.2981
174,545.67,0.0057121,-0.011869,-0.2981
174,546,0.0057121,-0.011869,-0.2981
174,981,0.0057121,-0.011869,-0.2981
174,1002,0.0057121,-0.011869,-0.2981
174,1005,0.0057121,-0.011869,-0.2981
174,1026.5,0.0057121,-0.011869,-0.2981
174,1039.5,0.0057121,-0.011869,-0.2981
174,1053.5,0.0057121,-0.011869,-0.2981
175,0,0.05491,-0.0060106,-0.26189
175,505.67,0.05491,-0.0060106,-0.26189
175,529.67,0.05491,-0.0060106,-0.26189
175,551.33,0.05491,-0.0060106,-0.26189
175,573.5,0.05491,-0.0060106,-0.26189
175,575.33,0.05491,-0.0060106,-0.26189
175,1007,0.05491,-0.0060106,-0.26189
175,1031,0.05491,-0.0060106,-0.26189
175,1055,0.05491,-0.0060106,-0.26189
175,1067.2,0.05491,-0.0060106,-0.26189
176,0,0.076598,-0.14915,0.58163
176,455.5,0.076598,-0.14915,0.58163
176,458,0.076598,-0.14915,0.58163
176,480,0.076598,-0.14915,0.58163
176,502.33,0.076598,-0.14915,0.58163
176,504,0.076598,-0.14915,0.58163
176,935.5,0.076598,-0.14915,0.58163
176,936,0.076598,-0.14915,0.58163
176,959.38,0.076598,-0.14915,0.58163
176,983.5,0.076598,-0.14915,0.58163
176,997.17,0.076598,-0.14915,0.58163
177,0,-0.50751,0.095775,0.14382
177,453,-0.50751,0.095775,0.14382
177,455.55,-0.50751,0.095775,0.14382
177,475,-0.50751,0.095775,0.14382
177,499.42,-0.50751,0.095775,0.14382
177,933,-0.50751,0.095775,0.14382
177,956.75,-0.50751,0.095775,0.14382
177,957,-0.50751,0.095775,0.14382
177,981,-0.50751,0.095775,0.14382
177,995.93,-0.50751,0.095775,0.14382
178,0,0.16474,-0.16345,-0.37909
178,432,0.16474,-0.16345,-0.37909
178,434.08,0.16474,-0.16345,-0.37909
178,456,0.16474,-0.16345,-0.37909
178,479.25,0.16474,-0.16345,-0.37909
178,480,0.16474,-0.16345,-0.37909
178,937,0.16474,-0.16345,-0.37909
178,959.92,0.16474,-0.16345,-0.37909
178,961,0.16474,-0.16345,-0.37909
178,984,0.16474,-0.16345,-0.37909
178,996.42,0.16474,-0.16345,-0.37909
179,0,0.035511,0.0033865,-0.13309
179,431.58,0.035511,0.0033865,-0.13309
179,433.67,0.035511,0.0033865,-0.13309
179,455.58,0.035511,0.0033865,-0.13309
179,479,0.035511,0.0033865,-0.13309
179,479.58,0.035511,0.0033865,-0.13309
179,936.58,0.035511,0.0033865,-0.13309
179,959.5,0.035511,0.0033865,-0.13309
179,960.58,0.035511,0.0033865,-0.13309
179,983.58,0.035511,0.0033865,-0.13309
179,997,0.035511,0.0033865,-0.13309
180,0,-0.055013,0.0067011,-0.84291
180,432,-0.055013,0.0067011,-0.84291
180,434,-0.055013,0.0067011,-0.84291
180,456,-0.055013,0.0067011,-0.84291
180,479.17,-0.055013,0.0067011,-0.84291
180,480,-0.055013,0.0067011,-0.84291
180,912,-0.055013,0.0067011,-0.84291
180,935.83,-0.055013,0.0067011,-0.84291
180,936,-0.055013,0.0067011,-0.84291
180,960,-0.055013,0.0067011,-0.84291
180,973.58,-0.055013,0.0067011,-0.84291
181,0,-0.20728,0.077986,0.1835
181,25.25,-0.20728,0.077986,0.1835
181,49.05,-0.20728,0.077986,0.1835
181,432,-0.20728,0.077986,0.1835
181,435,-0.20728,0.077986,0.1835
181,456,-0.20728,0.077986,0.1835
181,479.3,-0.20728,0.077986,0.1835
181,480,-0.20728,0.077986,0.1835
181,912,-0.20728,0.077986,0.1835
181,935.58,-0.20728,0.077986,0.1835
181,936,-0.20728,0.077986,0.1835
181,937,-0.20728,0.077986,0.1835
181,974,-0.20728,0.077986,0.1835
182,0,0.057103,0.020993,0.085041
182,456,0.057103,0.020993,0.085041
182,458.63,0.057103,0.020993,0.085041
182,480,0.057103,0.020993,0.085041
182,503.75,0.057103,0.020993,0.085041
182,504,0.057103,0.020993,0.085041
182,936,0.057103,0.020993,0.085041
182,959.5,0.057103,0.020993,0.085041
182,960,0.057103,0.020993,0.085041
182,984,0.057103,0.020993,0.085041
182,997.75,0.057103,0.020993,0.085041
183,0,0.17559,-0.12085,-0.54664
183,474,0.17559,-0.12085,-0.54664
183,477,0.17559,-0.12085,-0.54664
183,498,0.17559,-0.12085,-0.54664
183,521.83,0.17559,-0.12085,-0.54664
183,522,0.17559,-0.12085,-0.54664
183,958.5,0.17559,-0.12085,-0.54664
183,977.42,0.17559,-0.12085,-0.54664
183,982.5,0.17559,-0.12085,-0.54664
183,1002,0.17559,-0.12085,-0.54664
183,1016.4,0.17559,-0.12085,-0.54664
184,0,0.03389,0.0078414,-0.019619
184,453,0.03389,0.0078414,-0.019619
184,479.75,0.03389,0.0078414,-0.019619
184,501,0.03389,0.0078414,-0.019619
184,524.3,0.03389,0.0078414,-0.019619
184,525,0.03389,0.0078414,-0.019619
184,957.5,0.03389,0.0078414,-0.019619
184,981.5,0.03389,0.0078414,-0.019619
184,1005,0.03389,0.0078414,-0.019619
184,1019.4,0.03389,0.0078414,-0.019619
185,0,-0.16975,0.083472,0.93379
185,431.5,-0.16975,0.083472,0.93379
185,457.83,-0.16975,0.083472,0.93379
185,479,-0.16975,0.083472,0.93379
185,502.5,-0.16975,0.083472,0.93379
185,503,-0.16975,0.083472,0.93379
185,935,-0.16975,0.083472,0.93379
185,958.75,-0.16975,0.083472,0.93379
185,959,-0.16975,0.083472,0.93379
185,983,-0.16975,0.083472,0.93379
185,997,-0.16975,0.083472,0.93379
186,0,0.019179,-0.0068877,-0.137
186,456.5,0.019179,-0.0068877,-0.137
186,482.33,0.019179,-0.0068877,-0.137
186,504,0.019179,-0.0068877,-0.137
186,527.38,0.019179,-0.0068877,-0.137
186,528,0.019179,-0.0068877,-0.137
186,984.75,0.019179,-0.0068877,-0.137
186,1008.8,0.019179,-0.0068877,-0.137
186,1032,0.019179,-0.0068877,-0.137
186,1044.5,0.019179,-0.0068877,-0.137
187,0,-0.11606,-0.020219,0.22538
187,432,-0.11606,-0.020219,0.22538
187,459,-0.11606,-0.020219,0.22538
187,480,-0.11606,-0.020219,0.22538
187,503.25,-0.11606,-0.020219,0.22538
187,504,-0.11606,-0.020219,0.22538
187,936,-0.11606,-0.020219,0.22538
187,960,-0.11606,-0.020219,0.22538
187,984,-0.11606,-0.020219,0.22538
187,998.42,-0.11606,-0.020219,0.22538
188,0,0.071342,-0.0048869,-0.47149
188,384,0.071342,-0.0048869,-0.47149
188,411.08,0.071342,-0.0048869,-0.47149
188,432,0.071342,-0.0048869,-0.47149
188,455.4,0.071342,-0.0048869,-0.47149
188,456,0.071342,-0.0048869,-0.47149
188,888,0.071342,-0.0048869,-0.47149
188,911.75,0.071342,-0.0048869,-0.47149
188,912,0.071342,-0.0048869,-0.47149
188,936,0.071342,-0.0048869,-0.47149
188,950.75,0.071342,-0.0048869,-0.47149
189,0,-0.14768,-0.029302,0.41162
189,456,-0.14768,-0.029302,0.41162
189,482.25,-0.14768,-0.029302,0.41162
189,503.75,-0.14768,-0.029302,0.41162
189,527.28,-0.14768,-0.029302,0.41162
189,527.75,-0.14768,-0.029302,0.41162
189,959.75,-0.14768,-0.029302,0.41162
189,983.08,-0.14768,-0.029302,0.41162
189,983.75,-0.14768,-0.029302,0.41162
189,1007.8,-0.14768,-0.029302,0.41162
189,1023,-0.14768,-0.029302,0.41162
190,0,-0.11007,0.06063,0.51087
190,432,-0.11007,0.06063,0.51087
190,480,-0.11007,0.06063,0.51087
190,936.75,-0.11007,0.06063,0.51087
190,960.75,-0.11007,0.06063,0.51087
190,984,-0.11007,0.06063,0.51087
190,997.75,-0.11007,0.06063,0.51087
191,0,-0.14842,0.12525,-0.10514
191,22.92,-0.14842,0.12525,-0.10514
191,49.5,-0.14842,0.12525,-0.10514
191,431,-0.14842,0.12525,-0.10514
191,433.08,-0.14842,0.12525,-0.10514
191,455,-0.14842,0.12525,-0.10514
191,477.83,-0.14842,0.12525,-0.10514
191,479,-0.14842,0.12525,-0.10514
191,911.5,-0.14842,0.12525,-0.10514
191,934.75,-0.14842,0.12525,-0.10514
191,935.5,-0.14842,0.12525,-0.10514
191,959,-0.14842,0.12525,-0.10514
191,972,-0.14842,0.12525,-0.10514
192,0,-0.02108,0.10064,0.077914
192,26,-0.02108,0.10064,0.077914
192,51,-0.02108,0.10064,0.077914
192,479,-0.02108,0.10064,0.077914
192,481.08,-0.02108,0.10064,0.077914
192,503,-0.02108,0.10064,0.077914
192,526.42,-0.02108,0.10064,0.077914
192,527,-0.02108,0.10064,0.077914
192,551,-0.02108,0.10064,0.077914
192,577,-0.02108,0.10064,0.077914
192,936.5,-0.02108,0.10064,0.077914
192,958.67,-0.02108,0.10064,0.077914
192,960.5,-0.02108,0.10064,0.077914
192,983,-0.02108,0.10064,0.077914
192,995.67,-0.02108,0.10064,0.077914
193,0,0.1435,-0.11723,0.84009
193,475.5,0.1435,-0.11723,0.84009
193,478.5,0.1435,-0.11723,0.84009
193,499.5,0.1435,-0.11723,0.84009
193,524,0.1435,-0.11723,0.84009
193,1081,0.1435,-0.11723,0.84009
194,0,0.060806,-0.0020053,-0.30717
194,95.5,0.060806,-0.0020053,-0.30717
194,430,0.060806,-0.0020053,-0.30717
194,454,0.060806,-0.0020053,-0.30717
194,478,0.060806,-0.0020053,-0.30717
194,960.5,0.060806,-0.0020053,-0.30717
194,982,0.060806,-0.0020053,-0.30717
194,984.5,0.060806,-0.0020053,-0.30717
194,1006.5,0.060806,-0.0020053,-0.30717
194,1018.5,0.060806,-0.0020053,-0.30717
195,0,-0.062879,0.02406,0.11705
195,434.68,-0.062879,0.02406,0.11705
195,458.68,-0.062879,0.02406,0.11705
195,480.75,-0.062879,0.02406,0.11705
195,503.23,-0.062879,0.02406,0.11705
195,504.75,-0.062879,0.02406,0.11705
195,576,-0.062879,0.02406,0.11705
195,912,-0.062879,0.02406,0.11705
195,935.88,-0.062879,0.02406,0.11705
195,973.75,-0.062879,0.02406,0.11705
196,0,0.28293,-0.15636,0.20467
196,384,0.28293,-0.15636,0.20467
196,387,0.28293,-0.15636,0.20467
196,408,0.28293,-0.15636,0.20467
196,430,0.28293,-0.15636,0.20467
196,432,0.28293,-0.15636,0.20467
196,864,0.28293,-0.15636,0.20467
196,887.92,0.28293,-0.15636,0.20467
196,888,0.28293,-0.15636,0.20467
196,912,0.28293,-0.15636,0.20467
196,926.07,0.28293,-0.15636,0.20467
197,0,-0.062141,0.018131,-0.030542
197,431.5,-0.062141,0.018131,-0.030542
197,433.5,-0.062141,0.018131,-0.030542
197,456.5,-0.062141,0.018131,-0.030542
197,478.5,-0.062141,0.018131,-0.030542
197,480.5,-0.062141,0.018131,-0.030542
197,911.5,-0.062141,0.018131,-0.030542
197,935.25,-0.062141,0.018131,-0.030542
197,935.5,-0.062141,0.018131,-0.030542
197,959.5,-0.062141,0.018131,-0.030542
197,971.75,-0.062141,0.018131,-0.030542
198,0,-0.4221,0.16116,0.7017
198,480,-0.4221,0.16116,0.7017
198,482,-0.4221,0.16116,0.7017
198,504,-0.4221,0.16116,0.7017
198,504,-0.4221,0.16116,0.7017
198,936,-0.4221,0.16116,0.7017
198,960,-0.4221,0.16116,0.7017
199,0,-0.33691,0.14928,-0.033457
199,451.27,-0.33691,0.14928,-0.033457
199,453.27,-0.33691,0.14928,-0.033457
199,475.27,-0.33691,0.14928,-0.033457
199,498.52,-0.33691,0.14928,-0.033457
199,499.27,-0.33691,0.14928,-0.033457
199,955.27,-0.33691,0.14928,-0.033457
199,979.02,-0.33691,0.14928,-0.033457
199,979.27,-0.33691,0.14928,-0.033457
199,1003.3,-0.33691,0.14928,-0.033457
199,1019,-0.33691,0.14928,-0.033457
200,0,0.20643,-0.12661,-0.44511
200,431,0.20643,-0.12661,-0.44511
200,434,0.20643,-0.12661,-0.44511
200,455,0.20643,-0.12661,-0.44511
200,476,0.20643,-0.12661,-0.44511
200,479,0.20643,-0.12661,-0.44511
200,934,0.20643,-0.12661,-0.44511
200,958.75,0.20643,-0.12661,-0.44511
200,983,0.20643,-0.12661,-0.44511
200,998.25,0.20643,-0.12661,-0.44511
201,0,-0.034731,0.043787,-0.00060823
201,72,-0.034731,0.043787,-0.00060823
201,528,-0.034731,0.043787,-0.00060823
201,530.25,-0.034731,0.043787,-0.00060823
201,552,-0.034731,0.043787,-0.00060823
201,574.25,-0.034731,0.043787,-0.00060823
201,576,-0.034731,0.043787,-0.00060823
201,625,-0.034731,0.043787,-0.00060823
201,1010,-0.034731,0.043787,-0.00060823
201,1032.2,-0.034731,0.043787,-0.00060823
201,1034,-0.034731,0.043787,-0.00060823
201,1056,-0.034731,0.043787,-0.00060823
201,1070.2,-0.034731,0.043787,-0.00060823
202,0,-0.29517,0.16012,-0.17197
202,456,-0.29517,0.16012,-0.17197
202,458,-0.29517,0.16012,-0.17197
202,915,-0.29517,0.16012,-0.17197
202,936.25,-0.29517,0.16012,-0.17197
202,939,-0.29517,0.16012,-0.17197
202,960,-0.29517,0.16012,-0.17197
202,974.83,-0.29517,0.16012,-0.17197
203,0,-0.066832,0.010563,0.37731
203,48,-0.066832,0.010563,0.37731
203,71.5,-0.066832,0.010563,0.37731
203,430,-0.066832,0.010563,0.37731
203,453,-0.066832,0.010563,0.37731
203,476.5,-0.066832,0.010563,0.37731
203,477,-0.066832,0.010563,0.37731
203,528.5,-0.066832,0.010563,0.37731
203,981,-0.066832,0.010563,0.37731
203,1005.7,-0.066832,0.010563,0.37731
203,1029,-0.066832,0.010563,0.37731
204,0,-0.08508,0.13384,0.29286
204,21.5,-0.08508,0.13384,0.29286
204,45.5,-0.08508,0.13384,0.29286
204,381.92,-0.08508,0.13384,0.29286
204,384,-0.08508,0.13384,0.29286
204,405.5,-0.08508,0.13384,0.29286
204,428.5,-0.08508,0.13384,0.29286
204,429.5,-0.08508,0.13384,0.29286
204,453.5,-0.08508,0.13384,0.29286
204,478,-0.08508,0.13384,0.29286
204,861.5,-0.08508,0.13384,0.29286
204,887.25,-0.08508,0.13384,0.29286
204,909.5,-0.08508,0.13384,0.29286
204,922,-0.08508,0.13384,0.29286
205,0,0.17859,-0.19259,0.3814
205,406.25,0.17859,-0.19259,0.3814
205,408.33,0.17859,-0.19259,0.3814
205,503.75,0.17859,-0.19259,0.3814
205,886.25,0.17859,-0.19259,0.3814
205,910.42,0.17859,-0.19259,0.3814
205,934.25,0.17859,-0.19259,0.3814
205,948.25,0.17859,-0.19259,0.3814
206,0,0.35939,-0.36985,0.34485
206,430,0.35939,-0.36985,0.34485
206,432.58,0.35939,-0.36985,0.34485
206,454,0.35939,-0.36985,0.34485
206,475.33,0.35939,-0.36985,0.34485
206,478,0.35939,-0.36985,0.34485
206,1006,0.35939,-0.36985,0.34485
206,1019.7,0.35939,-0.36985,0.34485
207,0,0.11812,-0.0060353,-0.52853
207,456,0.11812,-0.0060353,-0.52853
207,482.5,0.11812,-0.0060353,-0.52853
207,504,0.11812,-0.0060353,-0.52853
207,527.5,0.11812,-0.0060353,-0.52853
207,528,0.11812,-0.0060353,-0.52853
207,840,0.11812,-0.0060353,-0.52853
207,864,0.11812,-0.0060353,-0.52853
207,888,0.11812,-0.0060353,-0.52853
207,900.9,0.11812,-0.0060353,-0.52853
208,0,-0.03708,-0.33303,0.30126
208,476,-0.03708,-0.33303,0.30126
208,478,-0.03708,-0.33303,0.30126
208,498,-0.03708,-0.33303,0.30126
208,522.5,-0.03708,-0.33303,0.30126
208,956,-0.03708,-0.33303,0.30126
208,979.42,-0.03708,-0.33303,0.30126
208,980,-0.03708,-0.33303,0.30126
208,1003.8,-0.03708,-0.33303,0.30126
208,1016.3,-0.03708,-0.33303,0.30126
209,0,-0.034114,0.033263,0.064251
209,478.5,-0.034114,0.033263,0.064251
209,480.67,-0.034114,0.033263,0.064251
209,502.5,-0.034114,0.033263,0.064251
209,526,-0.034114,0.033263,0.064251
209,526.5,-0.034114,0.033263,0.064251
209,959.5,-0.034114,0.033263,0.064251
209,983,-0.034114,0.033263,0.064251
209,983.5,-0.034114,0.033263,0.064251
209,1007.2,-0.034114,0.033263,0.064251
209,1019.2,-0.034114,0.033263,0.064251
210,0,-0.21351,0.074371,0.15883
210,455,-0.21351,0.074371,0.15883
210,479.5,-0.21351,0.074371,0.15883
210,501.5,-0.21351,0.074371,0.15883
210,525.58,-0.21351,0.074371,0.15883
210,959,-0.21351,0.074371,0.15883
210,981.42,-0.21351,0.074371,0.15883
210,983,-0.21351,0.074371,0.15883
210,1006,-0.21351,0.074371,0.15883
210,1019.5,-0.21351,0.074371,0.15883
211,0,0.37285,-0.2422,0.0068155
211,475.05,0.37285,-0.2422,0.0068155
211,477.05,0.37285,-0.2422,0.0068155
211,499,0.37285,-0.2422,0.0068155
211,516.17,0.37285,-0.2422,0.0068155
211,523,0.37285,-0.2422,0.0068155
211,571,0.37285,-0.2422,0.0068155
211,979,0.37285,-0.2422,0.0068155
211,1002.9,0.37285,-0.2422,0.0068155
211,1003,0.37285,-0.2422,0.0068155
211,1027,0.37285,-0.2422,0.0068155
211,1040.8,0.37285,-0.2422,0.0068155
212,0,0.044049,-0.010675,-0.47281
212,48,0.044049,-0.010675,-0.47281
212,480,0.044049,-0.010675,-0.47281
212,504,0.044049,-0.010675,-0.47281
212,527.7,0.044049,-0.010675,-0.47281
212,528,0.044049,-0.010675,-0.47281
212,960,0.044049,-0.010675,-0.47281
212,1008,0.044049,-0.010675,-0.47281
212,1022.2,0.044049,-0.010675,-0.47281
213,0,-0.14938,0.075648,-0.5432
213,430,-0.14938,0.075648,-0.5432
213,432.52,-0.14938,0.075648,-0.5432
213,454.5,-0.14938,0.075648,-0.5432
213,477.75,-0.14938,0.075648,-0.5432
213,478.5,-0.14938,0.075648,-0.5432
213,910.17,-0.14938,0.075648,-0.5432
213,936.25,-0.14938,0.075648,-0.5432
213,958,-0.14938,0.075648,-0.5432
213,971.75,-0.14938,0.075648,-0.5432
214,0,-0.22268,0.048582,0.29593
214,571.33,-0.22268,0.048582,0.29593
214,573.5,-0.22268,0.048582,0.29593
214,594.92,-0.22268,0.048582,0.29593
214,618,-0.22268,0.048582,0.29593
214,618.92,-0.22268,0.048582,0.29593
214,1075,-0.22268,0.048582,0.29593
214,1077.5,-0.22268,0.048582,0.29593
214,1099,-0.22268,0.048582,0.29593
214,1113.5,-0.22268,0.048582,0.29593
215,0,0.23776,-0.25534,0.64823
215,432,0.23776,-0.25534,0.64823
215,434.25,0.23776,-0.25534,0.64823
216,0,-0.053981,-0.013096,0.20597
216,456,-0.053981,-0.013096,0.20597
216,458,-0.053981,-0.013096,0.20597
216,480,-0.053981,-0.013096,0.20597
216,503.92,-0.053981,-0.013096,0.20597
216,504,-0.053981,-0.013096,0.20597
216,912,-0.053981,-0.013096,0.20597
216,935.75,-0.053981,-0.013096,0.20597
216,936,-0.053981,-0.013096,0.20597
216,960,-0.053981,-0.013096,0.20597
216,973.5,-0.053981,-0.013096,0.20597
217,0,-0.1681,0.098659,-0.63883
217,407.83,-0.1681,0.098659,-0.63883
217,410.33,-0.1681,0.098659,-0.63883
217,431.83,-0.1681,0.098659,-0.63883
217,455.23,-0.1681,0.098659,-0.63883
217,455.83,-0.1681,0.098659,-0.63883
217,911.83,-0.1681,0.098659,-0.63883
217,935.63,-0.1681,0.098659,-0.63883
217,935.83,-0.1681,0.098659,-0.63883
217,959.83,-0.1681,0.098659,-0.63883
217,973.55,-0.1681,0.098659,-0.63883
218,0,0.053265,0.015045,-0.43427
218,456,0.053265,0.015045,-0.43427
218,458.5,0.053265,0.015045,-0.43427
218,480,0.053265,0.015045,-0.43427
218,503.43,0.053265,0.015045,-0.43427
218,504,0.053265,0.015045,-0.43427
218,913,0.053265,0.015045,-0.43427
218,935.83,0.053265,0.015045,-0.43427
218,937,0.053265,0.015045,-0.43427
218,960,0.053265,0.015045,-0.43427
218,973.83,0.053265,0.015045,-0.43427
219,0,-0.037335,0.051581,0.48157
219,336.17,-0.037335,0.051581,0.48157
219,361,-0.037335,0.051581,0.48157
219,383.2,-0.037335,0.051581,0.48157
219,405.83,-0.037335,0.051581,0.48157
219,407.2,-0.037335,0.051581,0.48157
219,839.5,-0.037335,0.051581,0.48157
219,862.42,-0.037335,0.051581,0.48157
219,863.5,-0.037335,0.051581,0.48157
219,886.5,-0.037335,0.051581,0.48157
219,901.1,-0.037335,0.051581,0.48157
219,1224.2,-0.037335,0.051581,0.48157
220,0,-0.061361,-0.03071,-0.67636
220,431.5,-0.061361,-0.03071,-0.67636
220,457,-0.061361,-0.03071,-0.67636
220,478.5,-0.061361,-0.03071,-0.67636
220,501.95,-0.061361,-0.03071,-0.67636
220,502.5,-0.061361,-0.03071,-0.67636
220,935.5,-0.061361,-0.03071,-0.67636
220,958.4,-0.061361,-0.03071,-0.67636
220,959.5,-0.061361,-0.03071,-0.67636
220,982.5,-0.061361,-0.03071,-0.67636
220,996.6,-0.061361,-0.03071,-0.67636
221,0,-0.20844,0.0675,0.46011
221,456,-0.20844,0.0675,0.46011
221,458,-0.20844,0.0675,0.46011
221,480,-0.20844,0.0675,0.46011
221,503.5,-0.20844,0.0675,0.46011
221,504,-0.20844,0.0675,0.46011
221,912,-0.20844,0.0675,0.46011
221,935.92,-0.20844,0.0675,0.46011
221,936,-0.20844,0.0675,0.46011
221,960,-0.20844,0.0675,0.46011
221,972.33,-0.20844,0.0675,0.46011
222,0,-0.23658,0.071002,-0.060165
222,479.5,-0.23658,0.071002,-0.060165
222,482,-0.23658,0.071002,-0.060165
222,503.5,-0.23658,0.071002,-0.060165
222,526.83,-0.23658,0.071002,-0.060165
222,527.5,-0.23658,0.071002,-0.060165
222,959.5,-0.23658,0.071002,-0.060165
222,983.42,-0.23658,0.071002,-0.060165
222,983.5,-0.23658,0.071002,-0.060165
222,1007.5,-0.23658,0.071002,-0.060165
222,1019.7,-0.23658,0.071002,-0.060165
223,0,0.17669,-0.0066167,-0.030219
223,408,0.17669,-0.0066167,-0.030219
223,410.5,0.17669,-0.0066167,-0.030219
223,432,0.17669,-0.0066167,-0.030219
223,455.25,0.17669,-0.0066167,-0.030219
223,456,0.17669,-0.0066167,-0.030219
223,936,0.17669,-0.0066167,-0.030219
223,959.92,0.17669,-0.0066167,-0.030219
223,960,0.17669,-0.0066167,-0.030219
223,984,0.17669,-0.0066167,-0.030219
223,997.33,0.17669,-0.0066167,-0.030219
224,0,0.049013,-0.011711,-0.075956
224,455,0.049013,-0.011711,-0.075956
224,456,0.049013,-0.011711,-0.075956
224,458,0.049013,-0.011711,-0.075956
224,503,0.049013,-0.011711,-0.075956
224,503,0.049013,-0.011711,-0.075956
224,960,0.049013,-0.011711,-0.075956
224,983.92,0.049013,-0.011711,-0.075956
224,984,0.049013,-0.011711,-0.075956
224,1008,0.049013,-0.011711,-0.075956
224,1019.2,0.049013,-0.011711,-0.075956
225,0,0.1205,-0.16859,0.23908
225,456,0.1205,-0.16859,0.23908
225,458.5,0.1205,-0.16859,0.23908
225,480,0.1205,-0.16859,0.23908
225,503.5,0.1205,-0.16859,0.23908
225,504,0.1205,-0.16859,0.23908
225,936,0.1205,-0.16859,0.23908
225,959.92,0.1205,-0.16859,0.23908
225,960,0.1205,-0.16859,0.23908
225,984,0.1205,-0.16859,0.23908
225,996.05,0.1205,-0.16859,0.23908
226,0,0.040481,-0.0071202,-0.63998
226,384,0.040481,-0.0071202,-0.63998
226,410,0.040481,-0.0071202,-0.63998
226,432,0.040481,-0.0071202,-0.63998
226,455.42,0.040481,-0.0071202,-0.63998
226,456,0.040481,-0.0071202,-0.63998
226,887.92,0.040481,-0.0071202,-0.63998
226,911.92,0.040481,-0.0071202,-0.63998
226,936,0.040481,-0.0071202,-0.63998
226,947.42,0.040481,-0.0071202,-0.63998
227,0,-0.28132,0.19974,-0.011989
227,479.08,-0.28132,0.19974,-0.011989
227,480.58,-0.28132,0.19974,-0.011989
227,503,-0.28132,0.19974,-0.011989
227,503.08,-0.28132,0.19974,-0.011989
227,959.83,-0.28132,0.19974,-0.011989
227,982.92,-0.28132,0.19974,-0.011989
227,983.83,-0.28132,0.19974,-0.011989
227,1007.1,-0.28132,0.19974,-0.011989
227,1018.3,-0.28132,0.19974,-0.011989
228,0,-0.091995,0.048267,-0.2906
228,479,-0.091995,0.048267,-0.2906
228,481.5,-0.091995,0.048267,-0.2906
228,502.83,-0.091995,0.048267,-0.2906
228,503,-0.091995,0.048267,-0.2906
228,959,-0.091995,0.048267,-0.2906
228,982.83,-0.091995,0.048267,-0.2906
228,983,-0.091995,0.048267,-0.2906
228,1007,-0.091995,0.048267,-0.2906
228,1020.8,-0.091995,0.048267,-0.2906
229,0,-0.050914,0.031526,0.009765
229,480,-0.050914,0.031526,0.009765
229,482.5,-0.050914,0.031526,0.009765
229,503.83,-0.050914,0.031526,0.009765
229,503.83,-0.050914,0.031526,0.009765
229,983.83,-0.050914,0.031526,0.009765
229,984,-0.050914,0.031526,0.009765
229,1008,-0.050914,0.031526,0.009765
229,1020.5,-0.050914,0.031526,0.009765
230,0,-0.17269,0.094648,1.0526
230,472.5,-0.17269,0.094648,1.0526
230,480,-0.17269,0.094648,1.0526
230,503.83,-0.17269,0.094648,1.0526
230,504,-0.17269,0.094648,1.0526
230,960,-0.17269,0.094648,1.0526
230,984.42,-0.17269,0.094648,1.0526
230,1008,-0.17269,0.094648,1.0526
230,1021.5,-0.17269,0.094648,1.0526
231,0,-0.073514,0.011764,-0.57545
231,479.75,-0.073514,0.011764,-0.57545
231,482.25,-0.073514,0.011764,-0.57545
231,503.75,-0.073514,0.011764,-0.57545
231,527.08,-0.073514,0.011764,-0.57545
231,527.75,-0.073514,0.011764,-0.57545
231,959.75,-0.073514,0.011764,-0.57545
231,983.58,-0.073514,0.011764,-0.57545
231,983.75,-0.073514,0.011764,-0.57545
231,1007.8,-0.073514,0.011764,-0.57545
231,1021.6,-0.073514,0.011764,-0.57545
232,0,-0.38954,0.16824,0.41875
232,478.5,-0.38954,0.16824,0.41875
232,481,-0.38954,0.16824,0.41875
232,958.5,-0.38954,0.16824,0.41875
232,982.33,-0.38954,0.16824,0.41875
232,982.5,-0.38954,0.16824,0.41875
232,1006.5,-0.38954,0.16824,0.41875
232,1021.4,-0.38954,0.16824,0.41875
233,0,0.18425,-0.066216,-0.23815
233,479,0.18425,-0.066216,-0.23815
233,481.5,0.18425,-0.066216,-0.23815
233,503,0.18425,-0.066216,-0.23815
233,525.75,0.18425,-0.066216,-0.23815
233,527,0.18425,-0.066216,-0.23815
233,961.5,0.18425,-0.066216,-0.23815
233,982.83,0.18425,-0.066216,-0.23815
233,985.5,0.18425,-0.066216,-0.23815
233,1008,0.18425,-0.066216,-0.23815
233,1020.2,0.18425,-0.066216,-0.23815
234,0,0.0067513,-0.0025414,0.62029
234,478.67,0.0067513,-0.0025414,0.62029
234,481.17,0.0067513,-0.0025414,0.62029
234,502.67,0.0067513,-0.0025414,0.62029
234,526.5,0.0067513,-0.0025414,0.62029
234,526.67,0.0067513,-0.0025414,0.62029
234,959.67,0.0067513,-0.0025414,0.62029
234,983.67,0.0067513,-0.0025414,0.62029
234,1006.7,0.0067513,-0.0025414,0.62029
234,1020,0.0067513,-0.0025414,0.62029
235,0,-0.047983,-0.05497,-0.10992
235,480,-0.047983,-0.05497,-0.10992
235,482.5,-0.047983,-0.05497,-0.10992
235,504,-0.047983,-0.05497,-0.10992
235,526.67,-0.047983,-0.05497,-0.10992
235,528,-0.047983,-0.05497,-0.10992
235,960,-0.047983,-0.05497,-0.10992
235,984,-0.047983,-0.05497,-0.10992
235,1008,-0.047983,-0.05497,-0.10992
235,1020.2,-0.047983,-0.05497,-0.10992
236,0,0.25635,-0.084216,-0.11408
236,527.25,0.25635,-0.084216,-0.11408
236,529.47,0.25635,-0.084216,-0.11408
236,551.25,0.25635,-0.084216,-0.11408
236,574.42,0.25635,-0.084216,-0.11408
236,575.25,0.25635,-0.084216,-0.11408
236,1031.2,0.25635,-0.084216,-0.11408
236,1031.6,0.25635,-0.084216,-0.11408
236,1055.2,0.25635,-0.084216,-0.11408
236,1067.6,0.25635,-0.084216,-0.11408
237,0,-0.15029,-0.10953,0.823
237,552,-0.15029,-0.10953,0.823
237,554.25,-0.15029,-0.10953,0.823
237,576,-0.15029,-0.10953,0.823
237,599.28,-0.15029,-0.10953,0.823
237,600,-0.15029,-0.10953,0.823
237,1008,-0.15029,-0.10953,0.823
237,1031.7,-0.15029,-0.10953,0.823
237,1032,-0.15029,-0.10953,0.823
237,1056,-0.15029,-0.10953,0.823
237,1069,-0.15029,-0.10953,0.823
238,0,0.11814,-0.076072,-0.4875
238,432,0.11814,-0.076072,-0.4875
238,435.33,0.11814,-0.076072,-0.4875
238,456,0.11814,-0.076072,-0.4875
238,479.38,0.11814,-0.076072,-0.4875
238,480,0.11814,-0.076072,-0.4875
238,960,0.11814,-0.076072,-0.4875
238,982.97,0.11814,-0.076072,-0.4875
238,984,0.11814,-0.076072,-0.4875
238,996.92,0.11814,-0.076072,-0.4875
239,0,-0.11417,0.098782,-0.54258
239,502.5,-0.11417,0.098782,-0.54258
239,504.5,-0.11417,0.098782,-0.54258
239,526.5,-0.11417,0.098782,-0.54258
239,549.58,-0.11417,0.098782,-0.54258
239,550.5,-0.11417,0.098782,-0.54258
239,958.5,-0.11417,0.098782,-0.54258
239,982.08,-0.11417,0.098782,-0.54258
240,0,0.047917,0.011224,-0.28051
240,432,0.047917,0.011224,-0.28051
240,434.25,0.047917,0.011224,-0.28051
240,456,0.047917,0.011224,-0.28051
240,479.12,0.047917,0.011224,-0.28051
240,480,0.047917,0.011224,-0.28051
240,912,0.047917,0.011224,-0.28051
240,935.55,0.047917,0.011224,-0.28051
240,936,0.047917,0.011224,-0.28051
240,960,0.047917,0.011224,-0.28051
240,974.05,0.047917,0.011224,-0.28051
241,0,0.14245,-0.071043,-0.22536
241,384,0.14245,-0.071043,-0.22536
241,386.08,0.14245,-0.071043,-0.22536
241,408,0.14245,-0.071043,-0.22536
241,431.25,0.14245,-0.071043,-0.22536
241,432,0.14245,-0.071043,-0.22536
241,864,0.14245,-0.071043,-0.22536
241,880.08,0.14245,-0.071043,-0.22536
241,887.75,0.14245,-0.071043,-0.22536
242,0,0.11128,-0.078694,-0.45313
242,432,0.11128,-0.078694,-0.45313
242,434.17,0.11128,-0.078694,-0.45313
242,456,0.11128,-0.078694,-0.45313
242,479.58,0.11128,-0.078694,-0.45313
242,480,0.11128,-0.078694,-0.45313
242,888,0.11128,-0.078694,-0.45313
242,911.88,0.11128,-0.078694,-0.45313
242,912,0.11128,-0.078694,-0.45313
242,936,0.11128,-0.078694,-0.45313
242,949.42,0.11128,-0.078694,-0.45313
243,0,0.15636,-0.3838,0.29592
243,406.85,0.15636,-0.3838,0.29592
243,408.78,0.15636,-0.3838,0.29592
243,430.92,0.15636,-0.3838,0.29592
243,454.3,0.15636,-0.3838,0.29592
243,454.92,0.15636,-0.3838,0.29592
243,888,0.15636,-0.3838,0.29592
243,910.62,0.15636,-0.3838,0.29592
243,912,0.15636,-0.3838,0.29592
243,934.75,0.15636,-0.3838,0.29592
243,948.83,0.15636,-0.3838,0.29592
244,0,-0.0070989,-0.0049825,-0.047502
244,454,-0.0070989,-0.0049825,-0.047502
244,480.42,-0.0070989,-0.0049825,-0.047502
244,502,-0.0070989,-0.0049825,-0.047502
244,525.8,-0.0070989,-0.0049825,-0.047502
245,0,-0.012248,-0.018833,-1.0694
245,48,-0.012248,-0.018833,-1.0694
245,72,-0.012248,-0.018833,-1.0694
245,456.75,-0.012248,-0.018833,-1.0694
245,480.02,-0.012248,-0.018833,-1.0694
245,503,-0.012248,-0.018833,-1.0694
245,504.02,-0.012248,-0.018833,-1.0694
245,576,-0.012248,-0.018833,-1.0694
245,1032,-0.012248,-0.018833,-1.0694
245,1055.9,-0.012248,-0.018833,-1.0694
245,1056,-0.012248,-0.018833,-1.0694
245,1080.9,-0.012248,-0.018833,-1.0694
245,1092,-0.012248,-0.018833,-1.0694
246,0,0.049605,-0.10886,-0.89275
246,48,0.049605,-0.10886,-0.89275
246,432,0.049605,-0.10886,-0.89275
246,434.57,0.049605,-0.10886,-0.89275
246,456,0.049605,-0.10886,-0.89275
246,479.28,0.049605,-0.10886,-0.89275
246,480,0.049605,-0.10886,-0.89275
246,936,0.049605,-0.10886,-0.89275
246,938.42,0.049605,-0.10886,-0.89275
246,960,0.049605,-0.10886,-0.89275
246,972.78,0.049605,-0.10886,-0.89275
247,0,0.27941,-0.18899,0.2657
247,456,0.27941,-0.18899,0.2657
247,457.97,0.27941,-0.18899,0.2657
247,480,0.27941,-0.18899,0.2657
247,502.75,0.27941,-0.18899,0.2657
247,504,0.27941,-0.18899,0.2657
247,936,0.27941,-0.18899,0.2657
247,960,0.27941,-0.18899,0.2657
247,984,0.27941,-0.18899,0.2657
247,999.92,0.27941,-0.18899,0.2657
248,0,0.045768,0.00029387,-0.46352
248,430.5,0.045768,0.00029387,-0.46352
248,454.37,0.045768,0.00029387,-0.46352
248,454.5,0.045768,0.00029387,-0.46352
248,478.5,0.045768,0.00029387,-0.46352
248,501.67,0.045768,0.00029387,-0.46352
248,502.5,0.045768,0.00029387,-0.46352
248,934.5,0.045768,0.00029387,-0.46352
248,958.42,0.045768,0.00029387,-0.46352
248,958.5,0.045768,0.00029387,-0.46352
248,996.05,0.045768,0.00029387,-0.46352
249,0,0.044852,0.029249,-0.2819
249,432,0.044852,0.029249,-0.2819
249,434.17,0.044852,0.029249,-0.2819
249,456,0.044852,0.029249,-0.2819
249,479.05,0.044852,0.029249,-0.2819
249,480,0.044852,0.029249,-0.2819
249,912,0.044852,0.029249,-0.2819
249,935.75,0.044852,0.029249,-0.2819
249,936,0.044852,0.029249,-0.2819
249,960,0.044852,0.029249,-0.2819
249,973.03,0.044852,0.029249,-0.2819
250,0,-0.10929,0.11759,-0.38567
250,430.75,-0.10929,0.11759,-0.38567
250,433,-0.10929,0.11759,-0.38567
250,454.75,-0.10929,0.11759,-0.38567
250,476.08,-0.10929,0.11759,-0.38567
250,478.75,-0.10929,0.11759,-0.38567
250,935,-0.10929,0.11759,-0.38567
250,958,-0.10929,0.11759,-0.38567
250,959,-0.10929,0.11759,-0.38567
250,982.75,-0.10929,0.11759,-0.38567
250,994.28,-0.10929,0.11759,-0.38567
251,0,-0.2184,0.11805,-0.53876
251,429.67,-0.2184,0.11805,-0.53876
251,431.92,-0.2184,0.11805,-0.53876
251,453.83,-0.2184,0.11805,-0.53876
251,476.07,-0.2184,0.11805,-0.53876
251,477.83,-0.2184,0.11805,-0.53876
251,910.83,-0.2184,0.11805,-0.53876
251,934.67,-0.2184,0.11805,-0.53876
251,969.62,-0.2184,0.11805,-0.53876
252,0,-0.40889,0.16764,0.42791
252,432,-0.40889,0.16764,0.42791
252,434.25,-0.40889,0.16764,0.42791
252,455.83,-0.40889,0.16764,0.42791
252,477.87,-0.40889,0.16764,0.42791
252,479.83,-0.40889,0.16764,0.42791
252,912,-0.40889,0.16764,0.42791
252,936,-0.40889,0.16764,0.42791
252,960,-0.40889,0.16764,0.42791
252,973.2,-0.40889,0.16764,0.42791
253,0,-0.14322,0.065559,0.0078239
253,432,-0.14322,0.065559,0.0078239
253,434.25,-0.14322,0.065559,0.0078239
253,456,-0.14322,0.065559,0.0078239
253,477.12,-0.14322,0.065559,0.0078239
253,480,-0.14322,0.065559,0.0078239
253,936.58,-0.14322,0.065559,0.0078239
253,959.83,-0.14322,0.065559,0.0078239
253,960.58,-0.14322,0.065559,0.0078239
253,984.17,-0.14322,0.065559,0.0078239
253,995.45,-0.14322,0.065559,0.0078239
254,0,-0.096917,-0.37462,0.4991
254,431.67,-0.096917,-0.37462,0.4991
254,433.9,-0.096917,-0.37462,0.4991
254,476.47,-0.096917,-0.37462,0.4991
254,479.5,-0.096917,-0.37462,0.4991
254,912.92,-0.096917,-0.37462,0.4991
254,935.17,-0.096917,-0.37462,0.4991
254,936.92,-0.096917,-0.37462,0.4991
254,959.67,-0.096917,-0.37462,0.4991
254,971.37,-0.096917,-0.37462,0.4991
255,0,0.21714,-0.14519,0.03851
255,503,0.21714,-0.14519,0.03851
255,505.5,0.21714,-0.14519,0.03851
255,527,0.21714,-0.14519,0.03851
255,551,0.21714,-0.14519,0.03851
255,551.5,0.21714,-0.14519,0.03851
255,887,0.21714,-0.14519,0.03851
256,0,0.097672,-0.12202,-0.63995
256,455.33,0.097672,-0.12202,-0.63995
256,457.5,0.097672,-0.12202,-0.63995
256,479.33,0.097672,-0.12202,-0.63995
256,492.25,0.097672,-0.12202,-0.63995
256,503.33,0.097672,-0.12202,-0.63995
256,958.58,0.097672,-0.12202,-0.63995
256,983.33,0.097672,-0.12202,-0.63995
256,1007.3,0.097672,-0.12202,-0.63995
256,1020.4,0.097672,-0.12202,-0.63995
257,0,0.077084,0.015538,-0.3185
257,501,0.077084,0.015538,-0.3185
257,503,0.077084,0.015538,-0.3185
257,525,0.077084,0.015538,-0.3185
257,547.08,0.077084,0.015538,-0.3185
257,549,0.077084,0.015538,-0.3185
257,1004,0.077084,0.015538,-0.3185
257,1029.1,0.077084,0.015538,-0.3185
257,1053,0.077084,0.015538,-0.3185
257,1066.1,0.077084,0.015538,-0.3185
258,0,-0.09452,0.11075,0.32672
258,431,-0.09452,0.11075,0.32672
258,433,-0.09452,0.11075,0.32672
258,455,-0.09452,0.11075,0.32672
258,478.17,-0.09452,0.11075,0.32672
258,479,-0.09452,0.11075,0.32672
258,935,-0.09452,0.11075,0.32672
258,958.75,-0.09452,0.11075,0.32672
258,959,-0.09452,0.11075,0.32672
258,983,-0.09452,0.11075,0.32672
258,995.33,-0.09452,0.11075,0.32672
259,0,-0.067892,0.053654,-0.19887
259,456,-0.067892,0.053654,-0.19887
259,458,-0.067892,0.053654,-0.19887
259,480,-0.067892,0.053654,-0.19887
259,503.25,-0.067892,0.053654,-0.19887
260,0,-0.32585,0.14826,0.20659
260,455,-0.32585,0.14826,0.20659
260,457,-0.32585,0.14826,0.20659
260,478.33,-0.32585,0.14826,0.20659
260,502.33,-0.32585,0.14826,0.20659
261,0,-0.080166,-0.10973,0.12263
261,479.75,-0.080166,-0.10973,0.12263
261,481.75,-0.080166,-0.10973,0.12263
261,503.75,-0.080166,-0.10973,0.12263
261,527,-0.080166,-0.10973,0.12263
261,527.75,-0.080166,-0.10973,0.12263
261,959.75,-0.080166,-0.10973,0.12263
261,983.5,-0.080166,-0.10973,0.12263
261,983.75,-0.080166,-0.10973,0.12263
261,1007.8,-0.080166,-0.10973,0.12263
261,1019.9,-0.080166,-0.10973,0.12263
262,0,-0.16336,0.083875,0.85097
262,406,-0.16336,0.083875,0.85097
262,454,-0.16336,0.083875,0.85097
262,477.17,-0.16336,0.083875,0.85097
262,478,-0.16336,0.083875,0.85097
262,910,-0.16336,0.083875,0.85097
262,934,-0.16336,0.083875,0.85097
262,958,-0.16336,0.083875,0.85097
262,970.75,-0.16336,0.083875,0.85097
263,0,-0.018725,-0.044876,-0.92869
263,47.5,-0.018725,-0.044876,-0.92869
263,432,-0.018725,-0.044876,-0.92869
263,434.65,-0.018725,-0.044876,-0.92869
263,456,-0.018725,-0.044876,-0.92869
263,479.33,-0.018725,-0.044876,-0.92869
263,480,-0.018725,-0.044876,-0.92869
263,911.5,-0.018725,-0.044876,-0.92869
263,935.58,-0.018725,-0.044876,-0.92869
263,961,-0.018725,-0.044876,-0.92869
263,974.58,-0.018725,-0.044876,-0.92869
264,0,0.16958,-0.043202,0.72419
264,432,0.16958,-0.043202,0.72419
264,434.45,0.16958,-0.043202,0.72419
264,456,0.16958,-0.043202,0.72419
264,479.33,0.16958,-0.043202,0.72419
264,480,0.16958,-0.043202,0.72419
264,912,0.16958,-0.043202,0.72419
264,935.53,0.16958,-0.043202,0.72419
264,936,0.16958,-0.043202,0.72419
264,960,0.16958,-0.043202,0.72419
264,972.67,0.16958,-0.043202,0.72419
265,0,-0.0017346,-0.46226,0.45478
265,456,-0.0017346,-0.46226,0.45478
265,458.5,-0.0017346,-0.46226,0.45478
265,480,-0.0017346,-0.46226,0.45478
265,503.25,-0.0017346,-0.46226,0.45478
265,504,-0.0017346,-0.46226,0.45478
265,936,-0.0017346,-0.46226,0.45478
265,959.67,-0.0017346,-0.46226,0.45478
265,960,-0.0017346,-0.46226,0.45478
265,984,-0.0017346,-0.46226,0.45478
265,996.83,-0.0017346,-0.46226,0.45478
266,0,0.43441,-0.2539,0.96062
266,455,0.43441,-0.2539,0.96062
266,457.25,0.43441,-0.2539,0.96062
266,479,0.43441,-0.2539,0.96062
266,499.25,0.43441,-0.2539,0.96062
266,503,0.43441,-0.2539,0.96062
266,935,0.43441,-0.2539,0.96062
266,958.35,0.43441,-0.2539,0.96062
266,959,0.43441,-0.2539,0.96062
266,983,0.43441,-0.2539,0.96062
266,996.73,0.43441,-0.2539,0.96062
267,0,-0.13087,0.078381,-0.16803
267,456.05,-0.13087,0.078381,-0.16803
267,458.75,-0.13087,0.078381,-0.16803
267,480,-0.13087,0.078381,-0.16803
267,503.25,-0.13087,0.078381,-0.16803
267,504,-0.13087,0.078381,-0.16803
267,960,-0.13087,0.078381,-0.16803
267,983.75,-0.13087,0.078381,-0.16803
267,984,-0.13087,0.078381,-0.16803
267,984.03,-0.13087,0.078381,-0.16803
267,997,-0.13087,0.078381,-0.16803
268,0,0.022591,-0.00079148,-0.18892
268,454,0.022591,-0.00079148,-0.18892
268,480.92,0.022591,-0.00079148,-0.18892
268,501.83,0.022591,-0.00079148,-0.18892
268,525,0.022591,-0.00079148,-0.18892
268,525.83,0.022591,-0.00079148,-0.18892
268,1006.7,0.022591,-0.00079148,-0.18892
268,1029.5,0.022591,-0.00079148,-0.18892
268,1030.7,0.022591,-0.00079148,-0.18892
268,1053.8,0.022591,-0.00079148,-0.18892
268,1067.2,0.022591,-0.00079148,-0.18892
269,0,-0.40563,0.22657,-0.30481
269,453,-0.40563,0.22657,-0.30481
269,455.03,-0.40563,0.22657,-0.30481
269,477.05,-0.40563,0.22657,-0.30481
269,500.12,-0.40563,0.22657,-0.30481
269,501.05,-0.40563,0.22657,-0.30481
269,552,-0.40563,0.22657,-0.30481
269,936,-0.40563,0.22657,-0.30481
269,957,-0.40563,0.22657,-0.30481
269,960,-0.40563,0.22657,-0.30481
269,981,-0.40563,0.22657,-0.30481
269,994.83,-0.40563,0.22657,-0.30481
270,0,0.03856,0.0028803,-0.058793
270,453.25,0.03856,0.0028803,-0.058793
270,477.75,0.03856,0.0028803,-0.058793
270,501.33,0.03856,0.0028803,-0.058793
270,501.75,0.03856,0.0028803,-0.058793
270,934,0.03856,0.0028803,-0.058793
270,958,0.03856,0.0028803,-0.058793
270,982,0.03856,0.0028803,-0.058793
270,995.33,0.03856,0.0028803,-0.058793
271,0,-0.23585,0.12492,0.28629
271,455,-0.23585,0.12492,0.28629
271,457,-0.23585,0.12492,0.28629
271,501.67,-0.23585,0.12492,0.28629
271,501.67,-0.23585,0.12492,0.28629
271,935,-0.23585,0.12492,0.28629
271,958.92,-0.23585,0.12492,0.28629
272,0,0.25727,-0.13523,0.18086
272,456,0.25727,-0.13523,0.18086
272,458.92,0.25727,-0.13523,0.18086
272,480,0.25727,-0.13523,0.18086
272,503.57,0.25727,-0.13523,0.18086
272,504,0.25727,-0.13523,0.18086
272,960,0.25727,-0.13523,0.18086
272,962.95,0.25727,-0.13523,0.18086
272,984,0.25727,-0.13523,0.18086
273,0,0.017384,-0.114,-0.068918
273,456,0.017384,-0.114,-0.068918
273,458.92,0.017384,-0.114,-0.068918
273,480,0.017384,-0.114,-0.068918
273,503.23,0.017384,-0.114,-0.068918
273,504,0.017384,-0.114,-0.068918
273,960,0.017384,-0.114,-0.068918
273,962.17,0.017384,-0.114,-0.068918
273,984,0.017384,-0.114,-0.068918
273,997.88,0.017384,-0.114,-0.068918
274,0,-0.48654,0.14812,-0.013855
274,432,-0.48654,0.14812,-0.013855
274,434.82,-0.48654,0.14812,-0.013855
274,456,-0.48654,0.14812,-0.013855
274,479.6,-0.48654,0.14812,-0.013855
274,480,-0.48654,0.14812,-0.013855
274,912,-0.48654,0.14812,-0.013855
274,914.97,-0.48654,0.14812,-0.013855
274,936,-0.48654,0.14812,-0.013855
274,949.47,-0.48654,0.14812,-0.013855
275,0,0.15933,-0.065339,0.031791
275,479,0.15933,-0.065339,0.031791
275,481.67,0.15933,-0.065339,0.031791
275,503,0.15933,-0.065339,0.031791
275,526.43,0.15933,-0.065339,0.031791
275,527,0.15933,-0.065339,0.031791
275,887,0.15933,-0.065339,0.031791
275,889.48,0.15933,-0.065339,0.031791
275,911,0.15933,-0.065339,0.031791
275,925.37,0.15933,-0.065339,0.031791
276,0,-0.00797,0.033481,-0.13644
276,431.25,-0.00797,0.033481,-0.13644
276,433.25,-0.00797,0.033481,-0.13644
276,455,-0.00797,0.033481,-0.13644
276,477.92,-0.00797,0.033481,-0.13644
276,479,-0.00797,0.033481,-0.13644
276,937,-0.00797,0.033481,-0.13644
276,958.67,-0.00797,0.033481,-0.13644
276,961,-0.00797,0.033481,-0.13644
276,983,-0.00797,0.033481,-0.13644
276,996.5,-0.00797,0.033481,-0.13644
277,0,0.07702,-0.095303,0.46891
277,456,0.07702,-0.095303,0.46891
277,458.5,0.07702,-0.095303,0.46891
277,480,0.07702,-0.095303,0.46891
277,503,0.07702,-0.095303,0.46891
277,504,0.07702,-0.095303,0.46891
277,937,0.07702,-0.095303,0.46891
277,959.67,0.07702,-0.095303,0.46891
277,961,0.07702,-0.095303,0.46891
277,972.42,0.07702,-0.095303,0.46891
277,996.42,0.07702,-0.095303,0.46891
278,0,0.04755,0.017244,0.055622
278,311.5,0.04755,0.017244,0.055622
278,323,0.04755,0.017244,0.055622
278,335.5,0.04755,0.017244,0.055622
278,1051.5,0.04755,0.017244,0.055622
278,1488.5,0.04755,0.017244,0.055622
278,1499,0.04755,0.017244,0.055622
278,1512.5,0.04755,0.017244,0.055622
278,1991.5,0.04755,0.017244,0.055622
278,2003,0.04755,0.017244,0.055622
279,0,0.045311,-0.0056322,-0.54904
279,312,0.045311,-0.0056322,-0.54904
279,330.5,0.045311,-0.0056322,-0.54904
279,336,0.045311,-0.0056322,-0.54904
279,1512.5,0.045311,-0.0056322,-0.54904
279,1530,0.045311,-0.0056322,-0.54904
279,1536.5,0.045311,-0.0056322,-0.54904
279,2014.5,0.045311,-0.0056322,-0.54904
279,2036,0.045311,-0.0056322,-0.54904
280,0,-0.011465,-0.018551,-0.94464
280,333.5,-0.011465,-0.018551,-0.94464
280,349.25,-0.011465,-0.018551,-0.94464
280,357.5,-0.011465,-0.018551,-0.94464
280,742.5,-0.011465,-0.018551,-0.94464
280,1270.5,-0.011465,-0.018551,-0.94464
280,1515.5,-0.011465,-0.018551,-0.94464
280,1525.1,-0.011465,-0.018551,-0.94464
280,1539.5,-0.011465,-0.018551,-0.94464
280,2017,-0.011465,-0.018551,-0.94464
280,2033.3,-0.011465,-0.018551,-0.94464
281,0,-0.088309,0.0096813,0.43967
281,301,-0.088309,0.0096813,0.43967
281,332.75,-0.088309,0.0096813,0.43967
282,0,0.0047963,0.010194,0.14262
282,314,0.0047963,0.010194,0.14262
282,324.33,0.0047963,0.010194,0.14262
283,0,-0.010829,0.014269,-0.068328
283,383.5,-0.010829,0.014269,-0.068328
283,393.83,-0.010829,0.014269,-0.068328
283,407.5,-0.010829,0.014269,-0.068328
283,475.5,-0.010829,0.014269,-0.068328
283,739.5,-0.010829,0.014269,-0.068328
283,1027.5,-0.010829,0.014269,-0.068328
283,1051.5,-0.010829,0.014269,-0.068328
283,1512.5,-0.010829,0.014269,-0.068328
283,1513.5,-0.010829,0.014269,-0.068328
284,0,-0.016268,0.0015201,0.10356
284,404.5,-0.016268,0.0015201,0.10356
284,740.5,-0.016268,0.0015201,0.10356
284,1660.5,-0.016268,0.0015201,0.10356
284,1694.7,-0.016268,0.0015201,0.10356
285,0,0.0087533,0.010956,0.086286
285,408,0.0087533,0.010956,0.086286
285,1440,0.0087533,0.010956,0.086286
285,1516,0.0087533,0.010956,0.086286
285,1527.6,0.0087533,0.010956,0.086286
286,0,-0.094868,0.027037,0.50431
286,310.83,-0.094868,0.027037,0.50431
286,329.58,-0.094868,0.027037,0.50431
287,0,-0.013671,0.00014077,0.014421
287,309.5,-0.013671,0.00014077,0.014421
287,327.5,-0.013671,0.00014077,0.014421
287,333.5,-0.013671,0.00014077,0.014421
287,1101,-0.013671,0.00014077,0.014421
287,1705,-0.013671,0.00014077,0.014421
287,1729,-0.013671,0.00014077,0.014421
287,1993,-0.013671,0.00014077,0.014421
287,2006.5,-0.013671,0.00014077,0.014421
288,0,0.08363,-0.0029329,-0.77507
288,288,0.08363,-0.0029329,-0.77507
288,303.92,0.08363,-0.0029329,-0.77507
288,312,0.08363,-0.0029329,-0.77507
288,1098.8,0.08363,-0.0029329,-0.77507
288,1512,0.08363,-0.0029329,-0.77507
288,1536,0.08363,-0.0029329,-0.77507
288,1976.8,0.08363,-0.0029329,-0.77507
288,2005.8,0.08363,-0.0029329,-0.77507
289,0,0.048942,0.010724,-0.14365
289,290.5,0.048942,0.010724,-0.14365
289,303.17,0.048942,0.010724,-0.14365
289,314.5,0.048942,0.010724,-0.14365
289,1488.5,0.048942,0.010724,-0.14365
289,1502.8,0.048942,0.010724,-0.14365
289,1512.5,0.048942,0.010724,-0.14365
289,1946.2,0.048942,0.010724,-0.14365
289,1959.2,0.048942,0.010724,-0.14365
290,0,0.05068,-0.012531,-0.38071
290,337.25,0.05068,-0.012531,-0.38071
290,360.25,0.05068,-0.012531,-0.38071
290,361.25,0.05068,-0.012531,-0.38071
290,1511.8,0.05068,-0.012531,-0.38071
290,1532.3,0.05068,-0.012531,-0.38071
290,1535.8,0.05068,-0.012531,-0.38071
290,1967,0.05068,-0.012531,-0.38071
290,1991.7,0.05068,-0.012531,-0.38071
291,0,-0.18409,0.033684,0.70063
291,312.75,-0.18409,0.033684,0.70063
291,333.33,-0.18409,0.033684,0.70063
291,336.75,-0.18409,0.033684,0.70063
291,383,-0.18409,0.033684,0.70063
291,766.5,-0.18409,0.033684,0.70063
292,0,-0.13551,0.05405,0.61957
292,286.83,-0.13551,0.05405,0.61957
292,303.08,-0.13551,0.05405,0.61957
292,310.83,-0.13551,0.05405,0.61957
292,1510.3,-0.13551,0.05405,0.61957
292,1525,-0.13551,0.05405,0.61957
292,1534.3,-0.13551,0.05405,0.61957
292,2015.1,-0.13551,0.05405,0.61957
292,2027.7,-0.13551,0.05405,0.61957
293,0,-0.029521,0.0020898,0.0092775
293,312,-0.029521,0.0020898,0.0092775
293,331.83,-0.029521,0.0020898,0.0092775
293,336,-0.029521,0.0020898,0.0092775
293,1488,-0.029521,0.0020898,0.0092775
293,1505.1,-0.029521,0.0020898,0.0092775
293,1512,-0.029521,0.0020898,0.0092775
293,1992.5,-0.029521,0.0020898,0.0092775
293,2012.3,-0.029521,0.0020898,0.0092775
294,0,0.002644,0.023433,0.23512
294,384.5,0.002644,0.023433,0.23512
294,399,0.002644,0.023433,0.23512
294,408.5,0.002644,0.023433,0.23512
294,791,0.002644,0.023433,0.23512
294,1994,0.002644,0.023433,0.23512
294,2013,0.002644,0.023433,0.23512
295,0,0.0016203,-0.00060836,-0.016239
295,310,0.0016203,-0.00060836,-0.016239
295,330,0.0016203,-0.00060836,-0.016239
296,0,-0.05626,0.012213,0.32596
296,308.5,-0.05626,0.012213,0.32596
296,330.67,-0.05626,0.012213,0.32596
296,332.5,-0.05626,0.012213,0.32596
296,1099,-0.05626,0.012213,0.32596
296,1506.2,-0.05626,0.012213,0.32596
296,1528,-0.05626,0.012213,0.32596
297,0,-0.04048,0.0037172,0.12917
297,552,-0.04048,0.0037172,0.12917
297,572.5,-0.04048,0.0037172,0.12917
297,576,-0.04048,0.0037172,0.12917
297,1560,-0.04048,0.0037172,0.12917
297,1579,-0.04048,0.0037172,0.12917
298,0,-0.001823,0.014191,0.17161
298,481,-0.001823,0.014191,0.17161
298,495.75,-0.001823,0.014191,0.17161
298,505,-0.001823,0.014191,0.17161
298,1489.5,-0.001823,0.014191,0.17161
298,1504,-0.001823,0.014191,0.17161
298,1513.5,-0.001823,0.014191,0.17161
298,1776.2,-0.001823,0.014191,0.17161
298,1796,-0.001823,0.014191,0.17161
299,0,-0.24055,0.083881,0.51539
299,1053,-0.24055,0.083881,0.51539
299,1488,-0.24055,0.083881,0.51539
299,1512,-0.24055,0.083881,0.51539
299,2112,-0.24055,0.083881,0.51539
299,2129.6,-0.24055,0.083881,0.51539
300,0,0.013975,-0.0053534,-0.13266
300,312,0.013975,-0.0053534,-0.13266
300,330.5,0.013975,-0.0053534,-0.13266
300,336,0.013975,-0.0053534,-0.13266
300,647,0.013975,-0.0053534,-0.13266
300,790,0.013975,-0.0053534,-0.13266
301,0,-0.034634,0.044195,0.49101
301,405.5,-0.034634,0.044195,0.49101
301,433,-0.034634,0.044195,0.49101
301,694.5,-0.034634,0.044195,0.49101
301,718.5,-0.034634,0.044195,0.49101
301,1491,-0.034634,0.044195,0.49101
301,1509.5,-0.034634,0.044195,0.49101
301,1515,-0.034634,0.044195,0.49101
301,1994,-0.034634,0.044195,0.49101
301,2013.5,-0.034634,0.044195,0.49101
302,0,-0.075973,0.011983,0.34977
302,312.5,-0.075973,0.011983,0.34977
302,336.5,-0.075973,0.011983,0.34977
302,359,-0.075973,0.011983,0.34977
302,478,-0.075973,0.011983,0.34977
303,0,-0.00045379,-0.02207,0.18914
303,358.25,-0.00045379,-0.02207,0.18914
303,1438.2,-0.00045379,-0.02207,0.18914
303,1462.2,-0.00045379,-0.02207,0.18914
303,1942.2,-0.00045379,-0.02207,0.18914
303,1965.2,-0.00045379,-0.02207,0.18914
304,0,-0.15583,0.033261,0.60396
304,288,-0.15583,0.033261,0.60396
304,312.5,-0.15583,0.033261,0.60396
304,1541,-0.15583,0.033261,0.60396
304,1556.5,-0.15583,0.033261,0.60396
305,0,0.0031285,-0.00081285,-0.021763
305,312,0.0031285,-0.00081285,-0.021763
305,332.5,0.0031285,-0.00081285,-0.021763
306,0,-0.0020555,-0.017234,-0.44483
306,405.58,-0.0020555,-0.017234,-0.44483
306,693.58,-0.0020555,-0.017234,-0.44483
306,1053.6,-0.0020555,-0.017234,-0.44483
306,1512.1,-0.0020555,-0.017234,-0.44483
306,1525.4,-0.0020555,-0.017234,-0.44483
307,0,-0.00080816,0.00033705,0.0073001
307,312,-0.00080816,0.00033705,0.0073001
307,329,-0.00080816,0.00033705,0.0073001
307,336,-0.00080816,0.00033705,0.0073001
307,1104,-0.00080816,0.00033705,0.0073001
307,1126,-0.00080816,0.00033705,0.0073001
308,0,0.010253,-0.0018758,-0.37732
308,288.5,0.010253,-0.0018758,-0.37732
308,307.92,0.010253,-0.0018758,-0.37732
308,312.5,0.010253,-0.0018758,-0.37732
308,1464.5,0.010253,-0.0018758,-0.37732
308,1480,0.010253,-0.0018758,-0.37732
308,1488.5,0.010253,-0.0018758,-0.37732
308,1968.5,0.010253,-0.0018758,-0.37732
308,1983.7,0.010253,-0.0018758,-0.37732
309,0,-0.0021669,-0.0091161,-0.14366
309,314.5,-0.0021669,-0.0091161,-0.14366
309,328.42,-0.0021669,-0.0091161,-0.14366
309,338.5,-0.0021669,-0.0091161,-0.14366
309,1080.5,-0.0021669,-0.0091161,-0.14366
309,1491.5,-0.0021669,-0.0091161,-0.14366
309,1508.1,-0.0021669,-0.0091161,-0.14366
309,1515.5,-0.0021669,-0.0091161,-0.14366
309,1608.5,-0.0021669,-0.0091161,-0.14366
309,2043.5,-0.0021669,-0.0091161,-0.14366
310,0,0.015421,-0.0099209,-0.39802
310,337.75,0.015421,-0.0099209,-0.39802
310,356.5,0.015421,-0.0099209,-0.39802
310,361.75,0.015421,-0.0099209,-0.39802
310,1488.5,0.015421,-0.0099209,-0.39802
310,1507.2,0.015421,-0.0099209,-0.39802
310,1512.5,0.015421,-0.0099209,-0.39802
310,1993,0.015421,-0.0099209,-0.39802
310,2005.9,0.015421,-0.0099209,-0.39802
311,0,-0.010246,-0.0051291,-0.45274
311,312.17,-0.010246,-0.0051291,-0.45274
311,326.57,-0.010246,-0.0051291,-0.45274
311,336.17,-0.010246,-0.0051291,-0.45274
311,1488.4,-0.010246,-0.0051291,-0.45274
311,1503.2,-0.010246,-0.0051291,-0.45274
311,1512.4,-0.010246,-0.0051291,-0.45274
311,1996.4,-0.010246,-0.0051291,-0.45274
311,2006.1,-0.010246,-0.0051291,-0.45274
312,0,-0.00893,0.010438,0.18553
312,311.25,-0.00893,0.010438,0.18553
312,326.33,-0.00893,0.010438,0.18553
313,0,0.10904,0.0025175,-0.85481
313,311.5,0.10904,0.0025175,-0.85481
313,331.42,0.10904,0.0025175,-0.85481
313,335.5,0.10904,0.0025175,-0.85481
313,1486,0.10904,0.0025175,-0.85481
313,1507.2,0.10904,0.0025175,-0.85481
313,1510,0.10904,0.0025175,-0.85481
313,1581.5,0.10904,0.0025175,-0.85481
313,2062,0.10904,0.0025175,-0.85481
313,2078.6,0.10904,0.0025175,-0.85481
314,0,0.0087324,0.0017456,0.009901
314,287,0.0087324,0.0017456,0.009901
314,311,0.0087324,0.0017456,0.009901
314,1464,0.0087324,0.0017456,0.009901
314,1476.5,0.0087324,0.0017456,0.009901
314,1488,0.0087324,0.0017456,0.009901
314,1969,0.0087324,0.0017456,0.009901
314,1982.6,0.0087324,0.0017456,0.009901
315,0,-0.0057304,0.042802,0.61531
315,313,-0.0057304,0.042802,0.61531
315,328.5,-0.0057304,0.042802,0.61531
315,337,-0.0057304,0.042802,0.61531
315,1488.5,-0.0057304,0.042802,0.61531
315,1503,-0.0057304,0.042802,0.61531
315,1512.5,-0.0057304,0.042802,0.61531
315,1993,-0.0057304,0.042802,0.61531
315,2006.5,-0.0057304,0.042802,0.61531
316,0,0.056791,0.029342,0.32392
316,310.83,0.056791,0.029342,0.32392
316,322.83,0.056791,0.029342,0.32392
316,334.83,0.056791,0.029342,0.32392
316,1463.3,0.056791,0.029342,0.32392
316,1474.8,0.056791,0.029342,0.32392
316,1487.3,0.056791,0.029342,0.32392
316,1991.3,0.056791,0.029342,0.32392
316,2002.8,0.056791,0.029342,0.32392
317,0,0.0091063,0.0037241,0.0055256
317,312,0.0091063,0.0037241,0.0055256
317,327,0.0091063,0.0037241,0.0055256
317,336,0.0091063,0.0037241,0.0055256
317,1488,0.0091063,0.0037241,0.0055256
317,1502,0.0091063,0.0037241,0.0055256
317,1512,0.0091063,0.0037241,0.0055256
317,1992.5,0.0091063,0.0037241,0.0055256
317,2008,0.0091063,0.0037241,0.0055256
318,0,-0.086419,0.021062,0.33777
318,288.5,-0.086419,0.021062,0.33777
318,302.5,-0.086419,0.021062,0.33777
318,312.5,-0.086419,0.021062,0.33777
318,1464,-0.086419,0.021062,0.33777
318,1478.5,-0.086419,0.021062,0.33777
318,1488,-0.086419,0.021062,0.33777
318,1968,-0.086419,0.021062,0.33777
318,1983,-0.086419,0.021062,0.33777
319,0,0.025118,-0.010847,-0.28578
319,312,0.025118,-0.010847,-0.28578
319,326.5,0.025118,-0.010847,-0.28578
319,336,0.025118,-0.010847,-0.28578
319,1487,0.025118,-0.010847,-0.28578
319,1501.5,0.025118,-0.010847,-0.28578
319,1511,0.025118,-0.010847,-0.28578
319,1991,0.025118,-0.010847,-0.28578
319,2005.5,0.025118,-0.010847,-0.28578
320,0,-0.00081825,-0.0072922,-0.12766
320,336,-0.00081825,-0.0072922,-0.12766
320,348,-0.00081825,-0.0072922,-0.12766
320,360,-0.00081825,-0.0072922,-0.12766
320,889,-0.00081825,-0.0072922,-0.12766
320,1102,-0.00081825,-0.0072922,-0.12766
321,0,-0.022367,0.0097281,0.16025
321,336.5,-0.022367,0.0097281,0.16025
321,348,-0.022367,0.0097281,0.16025
321,360.5,-0.022367,0.0097281,0.16025
321,1488,-0.022367,0.0097281,0.16025
321,1500.5,-0.022367,0.0097281,0.16025
321,1512,-0.022367,0.0097281,0.16025
321,2016,-0.022367,0.0097281,0.16025
321,2027.5,-0.022367,0.0097281,0.16025
322,0,-0.0045283,-0.0068527,-0.41862
322,336,-0.0045283,-0.0068527,-0.41862
322,349,-0.0045283,-0.0068527,-0.41862
322,360,-0.0045283,-0.0068527,-0.41862
322,1512,-0.0045283,-0.0068527,-0.41862
322,1525,-0.0045283,-0.0068527,-0.41862
322,1536,-0.0045283,-0.0068527,-0.41862
322,1994.5,-0.0045283,-0.0068527,-0.41862
322,2004.5,-0.0045283,-0.0068527,-0.41862
323,0,0.0029294,0.0084626,0.13165
323,287.5,0.0029294,0.0084626,0.13165
323,300.5,0.0029294,0.0084626,0.13165
323,311.5,0.0029294,0.0084626,0.13165
323,355.5,0.0029294,0.0084626,0.13165
323,1487.5,0.0029294,0.0084626,0.13165
323,1511.5,0.0029294,0.0084626,0.13165
323,1968,0.0029294,0.0084626,0.13165
324,0,0.01122,0.0065241,0.22885
324,360,0.01122,0.0065241,0.22885
324,373,0.01122,0.0065241,0.22885
324,384,0.01122,0.0065241,0.22885
324,1488,0.01122,0.0065241,0.22885
324,1502,0.01122,0.0065241,0.22885
324,1512,0.01122,0.0065241,0.22885
324,1993,0.01122,0.0065241,0.22885
324,2004,0.01122,0.0065241,0.22885
325,0,-0.057132,0.01073,0.36092
325,288,-0.057132,0.01073,0.36092
325,301,-0.057132,0.01073,0.36092
325,312,-0.057132,0.01073,0.36092
325,1488,-0.057132,0.01073,0.36092
325,1503,-0.057132,0.01073,0.36092
325,1512,-0.057132,0.01073,0.36092
325,2016,-0.057132,0.01073,0.36092
325,2030,-0.057132,0.01073,0.36092
326,0,-0.097176,0.044266,0.57913
326,289,-0.097176,0.044266,0.57913
326,303,-0.097176,0.044266,0.57913
326,313,-0.097176,0.044266,0.57913
326,1559.5,-0.097176,0.044266,0.57913
326,1583.5,-0.097176,0.044266,0.57913
326,2039,-0.097176,0.044266,0.57913
327,0,-0.048666,-0.039989,0.032958
327,314.17,-0.048666,-0.039989,0.032958
327,325.67,-0.048666,-0.039989,0.032958
327,338.17,-0.048666,-0.039989,0.032958
327,1488.7,-0.048666,-0.039989,0.032958
327,1501.3,-0.048666,-0.039989,0.032958
327,1512.7,-0.048666,-0.039989,0.032958
327,1992.7,-0.048666,-0.039989,0.032958
327,2004.9,-0.048666,-0.039989,0.032958
328,0,-0.19004,0.060779,0.80221
328,288.5,-0.19004,0.060779,0.80221
328,301.17,-0.19004,0.060779,0.80221
328,312.5,-0.19004,0.060779,0.80221
328,692.5,-0.19004,0.060779,0.80221
328,1465,-0.19004,0.060779,0.80221
328,1478.8,-0.19004,0.060779,0.80221
328,1489,-0.19004,0.060779,0.80221
328,1970,-0.19004,0.060779,0.80221
328,1982.1,-0.19004,0.060779,0.80221
329,0,0.015479,-0.0028379,-0.16467
329,291,0.015479,-0.0028379,-0.16467
329,300,0.015479,-0.0028379,-0.16467
329,1463.8,0.015479,-0.0028379,-0.16467
329,1475.2,0.015479,-0.0028379,-0.16467
329,1487.8,0.015479,-0.0028379,-0.16467
329,1968.5,0.015479,-0.0028379,-0.16467
329,1979.8,0.015479,-0.0028379,-0.16467
330,0,-0.015636,0.0030084,0.19987
330,361,-0.015636,0.0030084,0.19987
330,371.5,-0.015636,0.0030084,0.19987
330,385,-0.015636,0.0030084,0.19987
330,1561,-0.015636,0.0030084,0.19987
330,1572.2,-0.015636,0.0030084,0.19987
330,1585,-0.015636,0.0030084,0.19987
330,2137,-0.015636,0.0030084,0.19987
330,2146.6,-0.015636,0.0030084,0.19987
331,0,-0.027805,0.017092,0.19632
331,336,-0.027805,0.017092,0.19632
331,348.75,-0.027805,0.017092,0.19632
331,360,-0.027805,0.017092,0.19632
331,719.83,-0.027805,0.017092,0.19632
331,733,-0.027805,0.017092,0.19632
332,0,-0.02532,0.021574,0.23353
332,315.5,-0.02532,0.021574,0.23353
332,326.75,-0.02532,0.021574,0.23353
332,339.5,-0.02532,0.021574,0.23353
332,1491,-0.02532,0.021574,0.23353
332,1502.7,-0.02532,0.021574,0.23353
332,1515,-0.02532,0.021574,0.23353
332,1995.5,-0.02532,0.021574,0.23353
332,2007.3,-0.02532,0.021574,0.23353
333,0,0.078763,0.034768,0.18995
333,312,0.078763,0.034768,0.18995
333,323.25,0.078763,0.034768,0.18995
333,336,0.078763,0.034768,0.18995
333,356,0.078763,0.034768,0.18995
333,380,0.078763,0.034768,0.18995
333,692,0.078763,0.034768,0.18995
333,716,0.078763,0.034768,0.18995
333,1466,0.078763,0.034768,0.18995
333,1498.9,0.078763,0.034768,0.18995
334,0,0.012075,-0.014324,-0.038725
334,312.33,0.012075,-0.014324,-0.038725
334,326.42,0.012075,-0.014324,-0.038725
334,336.33,0.012075,-0.014324,-0.038725
334,1993.3,0.012075,-0.014324,-0.038725
334,2005.8,0.012075,-0.014324,-0.038725
335,0,-0.015774,-0.017448,-0.28193
335,312,-0.015774,-0.017448,-0.28193
335,322.83,-0.015774,-0.017448,-0.28193
335,336,-0.015774,-0.017448,-0.28193
335,403,-0.015774,-0.017448,-0.28193
335,739,-0.015774,-0.017448,-0.28193
335,1099,-0.015774,-0.017448,-0.28193
335,1489,-0.015774,-0.017448,-0.28193
335,1513,-0.015774,-0.017448,-0.28193
335,1521,-0.015774,-0.017448,-0.28193
335,1627,-0.015774,-0.017448,-0.28193
335,1969,-0.015774,-0.017448,-0.28193
336,0,0.039568,0.02101,0.23515
336,311.5,0.039568,0.02101,0.23515
336,323.93,0.039568,0.02101,0.23515
336,335.5,0.039568,0.02101,0.23515
336,1487.7,0.039568,0.02101,0.23515
336,1499,0.039568,0.02101,0.23515
336,1511.7,0.039568,0.02101,0.23515
336,1991.7,0.039568,0.02101,0.23515
336,2003.6,0.039568,0.02101,0.23515
337,0,-0.00050266,-0.0047949,0.053038
337,313,-0.00050266,-0.0047949,0.053038
337,324.95,-0.00050266,-0.0047949,0.053038
337,337,-0.00050266,-0.0047949,0.053038
337,1488,-0.00050266,-0.0047949,0.053038
337,1500.7,-0.00050266,-0.0047949,0.053038
337,1512,-0.00050266,-0.0047949,0.053038
337,1581,-0.00050266,-0.0047949,0.053038
337,1993,-0.00050266,-0.0047949,0.053038
337,2004.2,-0.00050266,-0.0047949,0.053038
338,0,-0.0062415,0.0050572,-0.07172
338,291.25,-0.0062415,0.0050572,-0.07172
338,304.73,-0.0062415,0.0050572,-0.07172
338,315.25,-0.0062415,0.0050572,-0.07172
338,384,-0.0062415,0.0050572,-0.07172
338,744,-0.0062415,0.0050572,-0.07172
338,1104,-0.0062415,0.0050572,-0.07172
338,1491,-0.0062415,0.0050572,-0.07172
338,1515,-0.0062415,0.0050572,-0.07172
338,1560,-0.0062415,0.0050572,-0.07172
338,1972.3,-0.0062415,0.0050572,-0.07172
338,1984.1,-0.0062415,0.0050572,-0.07172
339,0,0.011055,-0.0086015,-0.25929
339,288,0.011055,-0.0086015,-0.25929
339,312,0.011055,-0.0086015,-0.25929
339,1463.5,0.011055,-0.0086015,-0.25929
339,1487.5,0.011055,-0.0086015,-0.25929
339,1991.5,0.011055,-0.0086015,-0.25929
339,2005,0.011055,-0.0086015,-0.25929
340,0,-0.055842,0.019672,0.073028
340,312,-0.055842,0.019672,0.073028
340,327.2,-0.055842,0.019672,0.073028
340,336,-0.055842,0.019672,0.073028
340,1487.6,-0.055842,0.019672,0.073028
340,1503.3,-0.055842,0.019672,0.073028
340,1511.6,-0.055842,0.019672,0.073028
340,2063.9,-0.055842,0.019672,0.073028
340,2078.6,-0.055842,0.019672,0.073028
341,0,0.015331,0.019913,0.25919
341,317.5,0.015331,0.019913,0.25919
341,327.27,0.015331,0.019913,0.25919
342,0,-0.013944,0.079157,0.67242
342,311.67,-0.013944,0.079157,0.67242
342,324.9,-0.013944,0.079157,0.67242
342,335.67,-0.013944,0.079157,0.67242
342,1220.2,-0.013944,0.079157,0.67242
342,1776.7,-0.013944,0.079157,0.67242
342,1920.7,-0.013944,0.079157,0.67242
342,1967.9,-0.013944,0.079157,0.67242
342,1979.9,-0.013944,0.079157,0.67242
343,0,0.042363,-0.0062233,-0.36337
343,311.5,0.042363,-0.0062233,-0.36337
343,323,0.042363,-0.0062233,-0.36337
343,335.5,0.042363,-0.0062233,-0.36337
343,427.5,0.042363,-0.0062233,-0.36337
343,1463.5,0.042363,-0.0062233,-0.36337
343,1475,0.042363,-0.0062233,-0.36337
343,1487.5,0.042363,-0.0062233,-0.36337
343,1992,0.042363,-0.0062233,-0.36337
343,2003.2,0.042363,-0.0062233,-0.36337
344,0,0.016571,0.01296,0.29986
344,312.33,0.016571,0.01296,0.29986
344,323.33,0.016571,0.01296,0.29986
344,336.33,0.016571,0.01296,0.29986
344,1486.8,0.016571,0.01296,0.29986
344,1498.3,0.016571,0.01296,0.29986
345,0,-0.0047617,-0.010161,-0.17659
345,336.5,-0.0047617,-0.010161,-0.17659
345,348,-0.0047617,-0.010161,-0.17659
346,0,-0.14912,0.0097571,0.46746
346,310.5,-0.14912,0.0097571,0.46746
346,321.75,-0.14912,0.0097571,0.46746
346,334.5,-0.14912,0.0097571,0.46746
346,1439,-0.14912,0.0097571,0.46746
346,1454.8,-0.14912,0.0097571,0.46746
346,1463,-0.14912,0.0097571,0.46746
346,1919.2,-0.14912,0.0097571,0.46746
346,1930,-0.14912,0.0097571,0.46746
347,0,-0.0055562,-0.0012373,-0.0092974
347,287.5,-0.0055562,-0.0012373,-0.0092974
347,296.25,-0.0055562,-0.0012373,-0.0092974
347,311.5,-0.0055562,-0.0012373,-0.0092974
347,1463.2,-0.0055562,-0.0012373,-0.0092974
347,1472.5,-0.0055562,-0.0012373,-0.0092974
347,1487.2,-0.0055562,-0.0012373,-0.0092974
347,1966.5,-0.0055562,-0.0012373,-0.0092974
347,1976.5,-0.0055562,-0.0012373,-0.0092974
348,0,0.074944,0.01491,0.12109
348,310.83,0.074944,0.01491,0.12109
348,320.25,0.074944,0.01491,0.12109
348,334.83,0.074944,0.01491,0.12109
348,1487,0.074944,0.01491,0.12109
348,1496.2,0.074944,0.01491,0.12109
348,1511,0.074944,0.01491,0.12109
348,2087.2,0.074944,0.01491,0.12109
348,2096.5,0.074944,0.01491,0.12109
349,0,-0.021843,-0.017943,-0.44603
349,407,-0.021843,-0.017943,-0.44603
349,420.33,-0.021843,-0.017943,-0.44603
349,431,-0.021843,-0.017943,-0.44603
349,1417,-0.021843,-0.017943,-0.44603
349,1441,-0.021843,-0.017943,-0.44603
349,1945,-0.021843,-0.017943,-0.44603
350,0,-0.013747,-0.016255,-0.34579
350,457.5,-0.013747,-0.016255,-0.34579
350,468.5,-0.013747,-0.016255,-0.34579
350,481.5,-0.013747,-0.016255,-0.34579
350,1416.5,-0.013747,-0.016255,-0.34579
350,1440.5,-0.013747,-0.016255,-0.34579
350,1944.5,-0.013747,-0.016255,-0.34579
351,0,0.0046479,0.0049817,0.075572
351,287.75,0.0046479,0.0049817,0.075572
351,300.5,0.0046479,0.0049817,0.075572
351,311.75,0.0046479,0.0049817,0.075572
351,1077.5,0.0046479,0.0049817,0.075572
351,1487.5,0.0046479,0.0049817,0.075572
351,1500,0.0046479,0.0049817,0.075572
351,1511.5,0.0046479,0.0049817,0.075572
351,1629.5,0.0046479,0.0049817,0.075572
351,2039.5,0.0046479,0.0049817,0.075572
352,0,-0.028896,0.041688,0.5354
352,315.5,-0.028896,0.041688,0.5354
352,334.5,-0.028896,0.041688,0.5354
352,339.5,-0.028896,0.041688,0.5354
352,1128,-0.028896,0.041688,0.5354
352,1540.2,-0.028896,0.041688,0.5354
352,1552.5,-0.028896,0.041688,0.5354
352,1564.2,-0.028896,0.041688,0.5354
352,2042.5,-0.028896,0.041688,0.5354
352,2056.5,-0.028896,0.041688,0.5354
353,0,-0.00042283,0.0019489,0.038628
353,1053.8,-0.00042283,0.0019489,0.038628
353,1489.2,-0.00042283,0.0019489,0.038628
353,1507.9,-0.00042283,0.0019489,0.038628
353,1513.2,-0.00042283,0.0019489,0.038628
353,1994,-0.00042283,0.0019489,0.038628
353,2006.5,-0.00042283,0.0019489,0.038628
354,0,0.027645,-0.01163,-0.44058
354,287.67,0.027645,-0.01163,-0.44058
354,310.67,0.027645,-0.01163,-0.44058
354,311.67,0.027645,-0.01163,-0.44058
354,1463.5,0.027645,-0.01163,-0.44058
354,1486.1,0.027645,-0.01163,-0.44058
355,0,0.065167,0.010753,-0.0059167
355,294,0.065167,0.010753,-0.0059167
355,326.5,0.065167,0.010753,-0.0059167
355,1512.2,0.065167,0.010753,-0.0059167
355,1526,0.065167,0.010753,-0.0059167
355,1536.2,0.065167,0.010753,-0.0059167
355,2017.2,0.065167,0.010753,-0.0059167
355,2031,0.065167,0.010753,-0.0059167
356,0,-0.02965,-0.043169,0.14947
356,311.75,-0.02965,-0.043169,0.14947
356,333.75,-0.02965,-0.043169,0.14947
356,335.75,-0.02965,-0.043169,0.14947
356,717.5,-0.02965,-0.043169,0.14947
356,741.5,-0.02965,-0.043169,0.14947
356,1053.5,-0.02965,-0.043169,0.14947
356,1077.5,-0.02965,-0.043169,0.14947
356,1512,-0.02965,-0.043169,0.14947
356,1557.3,-0.02965,-0.043169,0.14947
356,1560,-0.02965,-0.043169,0.14947
356,1992.5,-0.02965,-0.043169,0.14947
356,2013.2,-0.02965,-0.043169,0.14947
357,0,-0.021808,-0.03014,-0.4906
357,312,-0.021808,-0.03014,-0.4906
357,327,-0.021808,-0.03014,-0.4906
357,336,-0.021808,-0.03014,-0.4906
357,380.5,-0.021808,-0.03014,-0.4906
357,1584.5,-0.021808,-0.03014,-0.4906
357,1604.2,-0.021808,-0.03014,-0.4906
358,0,-0.04843,-0.015427,-0.2711
358,312.25,-0.04843,-0.015427,-0.2711
358,331.58,-0.04843,-0.015427,-0.2711
358,336.25,-0.04843,-0.015427,-0.2711
358,1052,-0.04843,-0.015427,-0.2711
358,1487.5,-0.04843,-0.015427,-0.2711
358,1499.8,-0.04843,-0.015427,-0.2711
358,1511.5,-0.04843,-0.015427,-0.2711
358,1920.5,-0.04843,-0.015427,-0.2711
358,1930.5,-0.04843,-0.015427,-0.2711
359,0,-0.018774,-0.012369,-0.030349
359,312,-0.018774,-0.012369,-0.030349
359,325,-0.018774,-0.012369,-0.030349
359,336,-0.018774,-0.012369,-0.030349
359,382,-0.018774,-0.012369,-0.030349
359,1511.5,-0.018774,-0.012369,-0.030349
359,1525.7,-0.018774,-0.012369,-0.030349
360,0,0.0070209,-0.013878,-0.6361
360,1631.8,0.0070209,-0.013878,-0.6361
360,1644.9,0.0070209,-0.013878,-0.6361
360,1655.8,0.0070209,-0.013878,-0.6361
360,2136.2,0.0070209,-0.013878,-0.6361
360,2149,0.0070209,-0.013878,-0.6361
361,0,-0.10428,0.016125,0.5583
361,312,-0.10428,0.016125,0.5583
361,325.33,-0.10428,0.016125,0.5583
361,336,-0.10428,0.016125,0.5583
361,718,-0.10428,0.016125,0.5583
361,1655.5,-0.10428,0.016125,0.5583
361,1670.3,-0.10428,0.016125,0.5583
361,1679.5,-0.10428,0.016125,0.5583
361,1726,-0.10428,0.016125,0.5583
361,2376,-0.10428,0.016125,0.5583
361,2390.5,-0.10428,0.016125,0.5583
362,0,-0.086934,0.021602,0.45545
362,458.17,-0.086934,0.021602,0.45545
362,470.83,-0.086934,0.021602,0.45545
362,482.17,-0.086934,0.021602,0.45545
362,526,-0.086934,0.021602,0.45545
362,862,-0.086934,0.021602,0.45545
362,1222,-0.086934,0.021602,0.45545
362,1632,-0.086934,0.021602,0.45545
362,1646,-0.086934,0.021602,0.45545
362,1656,-0.086934,0.021602,0.45545
362,2112,-0.086934,0.021602,0.45545
362,2125.5,-0.086934,0.021602,0.45545
363,0,0.097148,0.00023227,-0.50454
363,1405.8,0.097148,0.00023227,-0.50454
363,1429.8,0.097148,0.00023227,-0.50454
363,1824,0.097148,0.00023227,-0.50454
363,1837.4,0.097148,0.00023227,-0.50454
364,0,-0.026284,0.016502,0.29865
364,1345,-0.026284,0.016502,0.29865
364,1358.2,-0.026284,0.016502,0.29865
365,0,0.010154,-0.01316,0.18427
365,312.5,0.010154,-0.01316,0.18427
365,323.5,0.010154,-0.01316,0.18427
365,336.5,0.010154,-0.01316,0.18427
365,1487.5,0.010154,-0.01316,0.18427
365,1499.3,0.010154,-0.01316,0.18427
365,1511.5,0.010154,-0.01316,0.18427
365,1991.2,0.010154,-0.01316,0.18427
365,2003.5,0.010154,-0.01316,0.18427
366,0,-0.042745,-0.028277,-0.92449
366,291,-0.042745,-0.028277,-0.92449
366,302,-0.042745,-0.028277,-0.92449
366,315,-0.042745,-0.028277,-0.92449
366,1467,-0.042745,-0.028277,-0.92449
366,1478.1,-0.042745,-0.028277,-0.92449
366,1491,-0.042745,-0.028277,-0.92449
366,1970.5,-0.042745,-0.028277,-0.92449
366,1982,-0.042745,-0.028277,-0.92449
367,0,-0.092563,-0.018533,0.026282
367,287,-0.092563,-0.018533,0.026282
367,311,-0.092563,-0.018533,0.026282
367,1512,-0.092563,-0.018533,0.026282
367,1521,-0.092563,-0.018533,0.026282
368,0,-0.072175,-0.024426,-0.69171
368,292.5,-0.072175,-0.024426,-0.69171
368,316.5,-0.072175,-0.024426,-0.69171
368,325.25,-0.072175,-0.024426,-0.69171
368,718.5,-0.072175,-0.024426,-0.69171
368,982.5,-0.072175,-0.024426,-0.69171
368,1006.5,-0.072175,-0.024426,-0.69171
368,1491.5,-0.072175,-0.024426,-0.69171
368,1501,-0.072175,-0.024426,-0.69171
368,1515.5,-0.072175,-0.024426,-0.69171
368,1995,-0.072175,-0.024426,-0.69171
368,2005.2,-0.072175,-0.024426,-0.69171
369,0,0.0087063,-0.0025907,-0.086096
369,335.5,0.0087063,-0.0025907,-0.086096
369,348.33,0.0087063,-0.0025907,-0.086096
369,359.5,0.0087063,-0.0025907,-0.086096
369,2015.5,0.0087063,-0.0025907,-0.086096
369,2027.4,0.0087063,-0.0025907,-0.086096
370,0,0.028036,0.025443,0.33192
370,313.17,0.028036,0.025443,0.33192
370,322.42,0.028036,0.025443,0.33192
370,337.17,0.028036,0.025443,0.33192
370,715.42,0.028036,0.025443,0.33192
370,1051.4,0.028036,0.025443,0.33192
370,1490.5,0.028036,0.025443,0.33192
370,1499.2,0.028036,0.025443,0.33192
370,1559.9,0.028036,0.025443,0.33192
371,0,-0.019474,-0.0093815,-0.1116
371,362.5,-0.019474,-0.0093815,-0.1116
371,372.33,-0.019474,-0.0093815,-0.1116
371,386.5,-0.019474,-0.0093815,-0.1116
371,742,-0.019474,-0.0093815,-0.1116
371,1174,-0.019474,-0.0093815,-0.1116
371,1681.5,-0.019474,-0.0093815,-0.1116
371,1692.5,-0.019474,-0.0093815,-0.1116
372,0,-0.14354,0.087949,0.82767
372,288.5,-0.14354,0.087949,0.82767
372,300.17,-0.14354,0.087949,0.82767
372,312.5,-0.14354,0.087949,0.82767
372,1945.1,-0.14354,0.087949,0.82767
372,1956.4,-0.14354,0.087949,0.82767
373,0,-0.00042216,0.012118,0.18303
373,408.25,-0.00042216,0.012118,0.18303
373,419,-0.00042216,0.012118,0.18303
373,432.25,-0.00042216,0.012118,0.18303
373,983.75,-0.00042216,0.012118,0.18303
374,0,0.016292,-0.0019954,-0.21773
374,312.5,0.016292,-0.0019954,-0.21773
374,324.33,0.016292,-0.0019954,-0.21773
374,336.5,0.016292,-0.0019954,-0.21773
374,381,0.016292,-0.0019954,-0.21773
374,1439.5,0.016292,-0.0019954,-0.21773
374,1451.4,0.016292,-0.0019954,-0.21773
374,1463.5,0.016292,-0.0019954,-0.21773
374,1509,0.016292,-0.0019954,-0.21773
374,1991.5,0.016292,-0.0019954,-0.21773
374,2003.2,0.016292,-0.0019954,-0.21773
375,0,0.047714,0.037892,0.46262
375,312.5,0.047714,0.037892,0.46262
375,328,0.047714,0.037892,0.46262
375,336.5,0.047714,0.037892,0.46262
375,1443.5,0.047714,0.037892,0.46262
375,1454,0.047714,0.037892,0.46262
375,1467.5,0.047714,0.037892,0.46262
375,1945.3,0.047714,0.037892,0.46262
375,1958.3,0.047714,0.037892,0.46262
376,0,-0.11636,0.043961,0.60894
376,312.25,-0.11636,0.043961,0.60894
376,326.75,-0.11636,0.043961,0.60894
376,336.25,-0.11636,0.043961,0.60894
376,694,-0.11636,0.043961,0.60894
376,1487,-0.11636,0.043961,0.60894
376,1501.2,-0.11636,0.043961,0.60894
376,1511,-0.11636,0.043961,0.60894
376,1992,-0.11636,0.043961,0.60894
376,2004.8,-0.11636,0.043961,0.60894
377,0,-0.068635,0.035612,0.53186
377,314,-0.068635,0.035612,0.53186
377,327.5,-0.068635,0.035612,0.53186
377,338,-0.068635,0.035612,0.53186
377,720.5,-0.068635,0.035612,0.53186
377,1586,-0.068635,0.035612,0.53186
377,1599.7,-0.068635,0.035612,0.53186
377,1610,-0.068635,0.035612,0.53186
377,1656.5,-0.068635,0.035612,0.53186
377,2090,-0.068635,0.035612,0.53186
377,2103.5,-0.068635,0.035612,0.53186
378,0,0.21248,0.02243,-0.18439
378,264,0.21248,0.02243,-0.18439
378,306,0.21248,0.02243,-0.18439
378,312,0.21248,0.02243,-0.18439
378,1630.5,0.21248,0.02243,-0.18439
378,2041.5,0.21248,0.02243,-0.18439
378,2054,0.21248,0.02243,-0.18439
379,0,-0.10371,-0.045916,-0.59003
379,312.5,-0.10371,-0.045916,-0.59003
379,322.5,-0.10371,-0.045916,-0.59003
379,336.5,-0.10371,-0.045916,-0.59003
379,2016,-0.10371,-0.045916,-0.59003
379,2026.7,-0.10371,-0.045916,-0.59003
380,0,-0.086189,0.015804,0.43644
380,1467,-0.086189,0.015804,0.43644
380,1488.2,-0.086189,0.015804,0.43644
380,1491,-0.086189,0.015804,0.43644
380,1995.5,-0.086189,0.015804,0.43644
381,0,-0.00087954,-0.017393,-0.070184
381,337,-0.00087954,-0.017393,-0.070184
381,347.58,-0.00087954,-0.017393,-0.070184
381,361,-0.00087954,-0.017393,-0.070184
381,1489,-0.00087954,-0.017393,-0.070184
381,1500.2,-0.00087954,-0.017393,-0.070184
381,1513,-0.00087954,-0.017393,-0.070184
381,1896,-0.00087954,-0.017393,-0.070184
381,1908.4,-0.00087954,-0.017393,-0.070184
382,0,-0.0095231,0.029734,0.49225
382,216,-0.0095231,0.029734,0.49225
382,229,-0.0095231,0.029734,0.49225
382,240,-0.0095231,0.029734,0.49225
382,1391.5,-0.0095231,0.029734,0.49225
382,1404.8,-0.0095231,0.029734,0.49225
382,1415.5,-0.0095231,0.029734,0.49225
382,1437.5,-0.0095231,0.029734,0.49225
382,1871.5,-0.0095231,0.029734,0.49225
382,1883.8,-0.0095231,0.029734,0.49225
383,0,-0.039311,0.024236,0.24974
383,265,-0.039311,0.024236,0.24974
383,277,-0.039311,0.024236,0.24974
383,289,-0.039311,0.024236,0.24974
383,1053.5,-0.039311,0.024236,0.24974
383,1077.5,-0.039311,0.024236,0.24974
383,1318.5,-0.039311,0.024236,0.24974
383,1332.3,-0.039311,0.024236,0.24974
383,1342.5,-0.039311,0.024236,0.24974
383,1437.5,-0.039311,0.024236,0.24974
383,1992,-0.039311,0.024236,0.24974
383,2004.8,-0.039311,0.024236,0.24974
384,0,-0.08084,-0.014746,-0.2503
384,337.5,-0.08084,-0.014746,-0.2503
384,354.25,-0.08084,-0.014746,-0.2503
384,361.5,-0.08084,-0.014746,-0.2503
384,1078,-0.08084,-0.014746,-0.2503
384,1466.5,-0.08084,-0.014746,-0.2503
384,1476,-0.08084,-0.014746,-0.2503
384,1490.5,-0.08084,-0.014746,-0.2503
384,1534,-0.08084,-0.014746,-0.2503
384,1993,-0.08084,-0.014746,-0.2503
384,2004.1,-0.08084,-0.014746,-0.2503
385,0,-0.05443,0.045384,0.55579
385,1562,-0.05443,0.045384,0.55579
385,1572.5,-0.05443,0.045384,0.55579
385,1586,-0.05443,0.045384,0.55579
385,1849.5,-0.05443,0.045384,0.55579
385,1860.5,-0.05443,0.045384,0.55579
386,0,-0.046317,0.032165,0.46761
386,1535.2,-0.046317,0.032165,0.46761
386,1548.1,-0.046317,0.032165,0.46761
386,1559.2,-0.046317,0.032165,0.46761
386,2015.8,-0.046317,0.032165,0.46761
386,2028.1,-0.046317,0.032165,0.46761
387,0,0.13844,0.061439,0.42698
387,313,0.13844,0.061439,0.42698
387,323.33,0.13844,0.061439,0.42698
387,337,0.13844,0.061439,0.42698
387,1490,0.13844,0.061439,0.42698
387,1499.2,0.13844,0.061439,0.42698
387,1514,0.13844,0.061439,0.42698
387,1979,0.13844,0.061439,0.42698
387,2003,0.13844,0.061439,0.42698
388,0,-0.13119,0.10319,0.89
388,312.5,-0.13119,0.10319,0.89
388,323.5,-0.13119,0.10319,0.89
388,336.5,-0.13119,0.10319,0.89
388,381.5,-0.13119,0.10319,0.89
388,1487.5,-0.13119,0.10319,0.89
388,1499.7,-0.13119,0.10319,0.89
389,0,0.011249,0.012692,0.19469
389,336.5,0.011249,0.012692,0.19469
389,345.75,0.011249,0.012692,0.19469
389,360.5,0.011249,0.012692,0.19469
389,379.5,0.011249,0.012692,0.19469
389,739.5,0.011249,0.012692,0.19469
389,1464.5,0.011249,0.012692,0.19469
389,1473.5,0.011249,0.012692,0.19469
390,0,-0.010842,-0.020987,-0.34352
390,312,-0.010842,-0.020987,-0.34352
390,325,-0.010842,-0.020987,-0.34352
390,336,-0.010842,-0.020987,-0.34352
390,383,-0.010842,-0.020987,-0.34352
390,1055,-0.010842,-0.020987,-0.34352
390,1513,-0.010842,-0.020987,-0.34352
390,1526,-0.010842,-0.020987,-0.34352
390,1537,-0.010842,-0.020987,-0.34352
390,1993,-0.010842,-0.020987,-0.34352
390,2005.2,-0.010842,-0.020987,-0.34352
391,0,0.028746,0.037971,0.21423
391,312,0.028746,0.037971,0.21423
391,334.58,0.028746,0.037971,0.21423
391,336,0.028746,0.037971,0.21423
391,1511.8,0.028746,0.037971,0.21423
391,1534.5,0.028746,0.037971,0.21423
391,1535.8,0.028746,0.037971,0.21423
391,1991.8,0.028746,0.037971,0.21423
391,2005.7,0.028746,0.037971,0.21423
392,0,0.2257,0.024891,-0.10637
392,300.33,0.2257,0.024891,-0.10637
392,324.33,0.2257,0.024891,-0.10637
392,1488.5,0.2257,0.024891,-0.10637
392,1512.5,0.2257,0.024891,-0.10637
392,1993.5,0.2257,0.024891,-0.10637
392,2005.2,0.2257,0.024891,-0.10637
393,0,0.020013,0.0029694,-0.038337
393,647.5,0.020013,0.0029694,-0.038337
393,665.83,0.020013,0.0029694,-0.038337
393,671.5,0.020013,0.0029694,-0.038337
393,1487.5,0.020013,0.0029694,-0.038337
393,1499.1,0.020013,0.0029694,-0.038337
393,1511.5,0.020013,0.0029694,-0.038337
393,1991.5,0.020013,0.0029694,-0.038337
393,2003.1,0.020013,0.0029694,-0.038337
394,0,-0.0412,-0.031993,-0.5663
394,288,-0.0412,-0.031993,-0.5663
394,299.92,-0.0412,-0.031993,-0.5663
394,312,-0.0412,-0.031993,-0.5663
394,1029,-0.0412,-0.031993,-0.5663
394,1464,-0.0412,-0.031993,-0.5663
394,1479.2,-0.0412,-0.031993,-0.5663
394,1488,-0.0412,-0.031993,-0.5663
394,1968,-0.0412,-0.031993,-0.5663
394,1983,-0.0412,-0.031993,-0.5663
395,0,-0.089093,-0.03847,-0.65604
395,336,-0.089093,-0.03847,-0.65604
395,346,-0.089093,-0.03847,-0.65604
396,0,-0.13106,-0.039534,-0.63923
396,311.5,-0.13106,-0.039534,-0.63923
396,321.75,-0.13106,-0.039534,-0.63923
396,335.5,-0.13106,-0.039534,-0.63923
396,379.5,-0.13106,-0.039534,-0.63923
396,1894.5,-0.13106,-0.039534,-0.63923
396,1905.8,-0.13106,-0.039534,-0.63923
397,0,0.059973,-0.0036404,-0.62503
397,312.5,0.059973,-0.0036404,-0.62503
397,334,0.059973,-0.0036404,-0.62503
397,336.5,0.059973,-0.0036404,-0.62503
397,1489,0.059973,-0.0036404,-0.62503
397,1509.5,0.059973,-0.0036404,-0.62503
397,1513,0.059973,-0.0036404,-0.62503
397,1969.5,0.059973,-0.0036404,-0.62503
397,1989.7,0.059973,-0.0036404,-0.62503
398,0,0.023301,0.0031503,-0.12561
398,1417.2,0.023301,0.0031503,-0.12561
398,1437.1,0.023301,0.0031503,-0.12561
398,1441.2,0.023301,0.0031503,-0.12561
398,1956.5,0.023301,0.0031503,-0.12561
398,1980.5,0.023301,0.0031503,-0.12561
399,0,-0.017372,0.0065684,-0.025498
399,434,-0.017372,0.0065684,-0.025498
399,452.08,-0.017372,0.0065684,-0.025498
399,458,-0.017372,0.0065684,-0.025498
399,1005,-0.017372,0.0065684,-0.025498
399,1442.2,-0.017372,0.0065684,-0.025498
399,1460.6,-0.017372,0.0065684,-0.025498
399,1466.2,-0.017372,0.0065684,-0.025498
399,1945,-0.017372,0.0065684,-0.025498
399,1963.8,-0.017372,0.0065684,-0.025498
400,0,0.041427,-0.0014187,-0.23201
400,1029.5,0.041427,-0.0014187,-0.23201
400,1053.5,0.041427,-0.0014187,-0.23201
400,1488,0.041427,-0.0014187,-0.23201
400,1527,0.041427,-0.0014187,-0.23201
400,1536,0.041427,-0.0014187,-0.23201
400,2015,0.041427,-0.0014187,-0.23201
400,2029.6,0.041427,-0.0014187,-0.23201
401,0,-0.080554,0.017718,0.47457
401,335.62,-0.080554,0.017718,0.47457
401,356.37,-0.080554,0.017718,0.47457
401,359.62,-0.080554,0.017718,0.47457
401,1487.2,-0.080554,0.017718,0.47457
401,1507.7,-0.080554,0.017718,0.47457
402,0,-0.09726,-0.046231,-0.81352
402,312.5,-0.09726,-0.046231,-0.81352
402,324.57,-0.09726,-0.046231,-0.81352
402,336.5,-0.09726,-0.046231,-0.81352
402,1488.5,-0.09726,-0.046231,-0.81352
402,1512.5,-0.09726,-0.046231,-0.81352
402,1605,-0.09726,-0.046231,-0.81352
402,1992,-0.09726,-0.046231,-0.81352
403,0,-0.13118,0.023576,0.57359
403,299.5,-0.13118,0.023576,0.57359
403,323.5,-0.13118,0.023576,0.57359
403,1656,-0.13118,0.023576,0.57359
403,1668.2,-0.13118,0.023576,0.57359
404,0,0.0026411,-0.0099395,-0.23238
404,311.75,0.0026411,-0.0099395,-0.23238
404,328,0.0026411,-0.0099395,-0.23238
404,335.75,0.0026411,-0.0099395,-0.23238
404,792,0.0026411,-0.0099395,-0.23238
405,0,-0.0061888,0.0040643,0.092209
405,313,-0.0061888,0.0040643,0.092209
405,330.25,-0.0061888,0.0040643,0.092209
405,337,-0.0061888,0.0040643,0.092209
405,1489,-0.0061888,0.0040643,0.092209
405,1501.5,-0.0061888,0.0040643,0.092209
405,1513,-0.0061888,0.0040643,0.092209
405,1993,-0.0061888,0.0040643,0.092209
405,2006.5,-0.0061888,0.0040643,0.092209
406,0,0.026109,-0.0010644,-0.15545
406,310.75,0.026109,-0.0010644,-0.15545
406,331.75,0.026109,-0.0010644,-0.15545
406,334.75,0.026109,-0.0010644,-0.15545
406,1342.8,0.026109,-0.0010644,-0.15545
406,1362.8,0.026109,-0.0010644,-0.15545
406,1366.8,0.026109,-0.0010644,-0.15545
406,1991.8,0.026109,-0.0010644,-0.15545
406,2011.8,0.026109,-0.0010644,-0.15545
407,0,0.0042928,-0.0023859,-0.062874
407,1055.2,0.0042928,-0.0023859,-0.062874
407,1872.9,0.0042928,-0.0023859,-0.062874
407,1887.5,0.0042928,-0.0023859,-0.062874
408,0,-0.085752,0.022613,0.42946
408,312.5,-0.085752,0.022613,0.42946
408,330.42,-0.085752,0.022613,0.42946
408,336.5,-0.085752,0.022613,0.42946
408,1055.2,-0.085752,0.022613,0.42946
408,1079.2,-0.085752,0.022613,0.42946
408,2209.2,-0.085752,0.022613,0.42946
409,0,0.06576,0.010565,0.15942
409,335.5,0.06576,0.010565,0.15942
409,346.75,0.06576,0.010565,0.15942
409,359.5,0.06576,0.010565,0.15942
409,1486.5,0.06576,0.010565,0.15942
409,1510.5,0.06576,0.010565,0.15942
409,1989.8,0.06576,0.010565,0.15942
409,2003.2,0.06576,0.010565,0.15942
410,0,-0.078812,0.029281,0.41726
410,312.25,-0.078812,0.029281,0.41726
410,327.5,-0.078812,0.029281,0.41726
410,336.25,-0.078812,0.029281,0.41726
410,719,-0.078812,0.029281,0.41726
410,816.5,-0.078812,0.029281,0.41726
410,833,-0.078812,0.029281,0.41726
411,0,-0.026867,-0.015547,-0.011131
411,307.5,-0.026867,-0.015547,-0.011131
411,337.5,-0.026867,-0.015547,-0.011131
411,649.5,-0.026867,-0.015547,-0.011131
411,668,-0.026867,-0.015547,-0.011131
412,0,0.0086024,-0.0047327,-0.039396
412,312,0.0086024,-0.0047327,-0.039396
412,323.25,0.0086024,-0.0047327,-0.039396
412,336,0.0086024,-0.0047327,-0.039396
412,1125,0.0086024,-0.0047327,-0.039396
412,1486.5,0.0086024,-0.0047327,-0.039396
412,1499.5,0.0086024,-0.0047327,-0.039396
412,1510.5,0.0086024,-0.0047327,-0.039396
412,1989,0.0086024,-0.0047327,-0.039396
412,2003.5,0.0086024,-0.0047327,-0.039396
413,0,0.00058777,-0.0090018,-0.19748
413,312,0.00058777,-0.0090018,-0.19748
413,326.5,0.00058777,-0.0090018,-0.19748
413,336,0.00058777,-0.0090018,-0.19748
413,1055,0.00058777,-0.0090018,-0.19748
413,1492,0.00058777,-0.0090018,-0.19748
413,1504.5,0.00058777,-0.0090018,-0.19748
413,1516,0.00058777,-0.0090018,-0.19748
413,1655,0.00058777,-0.0090018,-0.19748
413,2064,0.00058777,-0.0090018,-0.19748
414,0,0.039508,-0.010463,-0.62762
414,315.5,0.039508,-0.010463,-0.62762
414,326.75,0.039508,-0.010463,-0.62762
414,339.5,0.039508,-0.010463,-0.62762
414,1055.5,0.039508,-0.010463,-0.62762
414,1467,0.039508,-0.010463,-0.62762
414,1484,0.039508,-0.010463,-0.62762
414,1491,0.039508,-0.010463,-0.62762
414,1895.5,0.039508,-0.010463,-0.62762
414,1912.8,0.039508,-0.010463,-0.62762
415,0,0.075829,0.00037623,-0.44268
415,285,0.075829,0.00037623,-0.44268
415,301.75,0.075829,0.00037623,-0.44268
415,309,0.075829,0.00037623,-0.44268
415,1462.5,0.075829,0.00037623,-0.44268
415,1477.8,0.075829,0.00037623,-0.44268
415,1486.5,0.075829,0.00037623,-0.44268
415,1943,0.075829,0.00037623,-0.44268
415,1958.2,0.075829,0.00037623,-0.44268
416,0,-0.062678,0.014898,0.35932
416,1992.5,-0.062678,0.014898,0.35932
416,2011,-0.062678,0.014898,0.35932
417,0,-0.016336,0.0062587,0.21494
417,312.17,-0.016336,0.0062587,0.21494
417,327.67,-0.016336,0.0062587,0.21494
417,336.17,-0.016336,0.0062587,0.21494
417,1489.2,-0.016336,0.0062587,0.21494
417,1504,-0.016336,0.0062587,0.21494
417,1513.2,-0.016336,0.0062587,0.21494
417,1993.2,-0.016336,0.0062587,0.21494
417,2007.9,-0.016336,0.0062587,0.21494
418,0,-0.032567,0.0075302,0.20873
418,311.33,-0.032567,0.0075302,0.20873
418,335.33,-0.032567,0.0075302,0.20873
418,718.83,-0.032567,0.0075302,0.20873
418,1487.3,-0.032567,0.0075302,0.20873
418,1506.5,-0.032567,0.0075302,0.20873
419,0,0.093864,0.014743,-0.093207
419,311.75,0.093864,0.014743,-0.093207
419,326.67,0.093864,0.014743,-0.093207
419,335.75,0.093864,0.014743,-0.093207
419,1488.9,0.093864,0.014743,-0.093207
419,1502.1,0.093864,0.014743,-0.093207
419,1512.9,0.093864,0.014743,-0.093207
419,1982.2,0.093864,0.014743,-0.093207
419,2006.2,0.093864,0.014743,-0.093207
420,0,-0.099237,0.034898,0.62868
420,287.75,-0.099237,0.034898,0.62868
420,302.17,-0.099237,0.034898,0.62868
420,311.75,-0.099237,0.034898,0.62868
420,1486.8,-0.099237,0.034898,0.62868
420,1502,-0.099237,0.034898,0.62868
421,0,-0.035755,-0.0024161,0.12884
421,312.92,-0.035755,-0.0024161,0.12884
421,324.67,-0.035755,-0.0024161,0.12884
421,336.92,-0.035755,-0.0024161,0.12884
421,1464,-0.035755,-0.0024161,0.12884
421,1475,-0.035755,-0.0024161,0.12884
421,1488,-0.035755,-0.0024161,0.12884
421,1954.8,-0.035755,-0.0024161,0.12884
421,1979,-0.035755,-0.0024161,0.12884
422,0,-0.20786,-0.053522,-0.5697
422,198,-0.20786,-0.053522,-0.5697
422,205.75,-0.20786,-0.053522,-0.5697
422,1056,-0.20786,-0.053522,-0.5697
422,1492,-0.20786,-0.053522,-0.5697
422,1505,-0.20786,-0.053522,-0.5697
423,0,-0.011623,0.015786,0.25596
423,336.5,-0.011623,0.015786,0.25596
423,349.25,-0.011623,0.015786,0.25596
423,360.5,-0.011623,0.015786,0.25596
423,2017.5,-0.011623,0.015786,0.25596
423,2028.8,-0.011623,0.015786,0.25596
424,0,-0.045475,-0.026975,-0.7738
424,287.5,-0.045475,-0.026975,-0.7738
424,301,-0.045475,-0.026975,-0.7738
424,311.5,-0.045475,-0.026975,-0.7738
424,1464.5,-0.045475,-0.026975,-0.7738
424,1477.5,-0.045475,-0.026975,-0.7738
424,1488.5,-0.045475,-0.026975,-0.7738
424,1969.5,-0.045475,-0.026975,-0.7738
424,1981.5,-0.045475,-0.026975,-0.7738
425,0,0.0063253,0.0056741,0.15831
425,312.17,0.0063253,0.0056741,0.15831
425,323.67,0.0063253,0.0056741,0.15831
425,336.17,0.0063253,0.0056741,0.15831
425,1488.8,0.0063253,0.0056741,0.15831
425,1499,0.0063253,0.0056741,0.15831
425,1512.8,0.0063253,0.0056741,0.15831
425,2016,0.0063253,0.0056741,0.15831
425,2027.8,0.0063253,0.0056741,0.15831
426,0,0.0095333,-0.0010735,0.096491
426,312.5,0.0095333,-0.0010735,0.096491
426,323,0.0095333,-0.0010735,0.096491
426,336.5,0.0095333,-0.0010735,0.096491
426,1489.5,0.0095333,-0.0010735,0.096491
426,1513.5,0.0095333,-0.0010735,0.096491
426,2040.5,0.0095333,-0.0010735,0.096491
426,2051.2,0.0095333,-0.0010735,0.096491
427,0,-0.029047,0.031167,0.41462
427,315.03,-0.029047,0.031167,0.41462
427,327.33,-0.029047,0.031167,0.41462
428,0,0.010697,0.004937,0.071719
428,335.45,0.010697,0.004937,0.071719
428,344.95,0.010697,0.004937,0.071719
429,0,-0.00011192,-0.012205,-0.33988
429,312.5,-0.00011192,-0.012205,-0.33988
429,323.17,-0.00011192,-0.012205,-0.33988
429,336.5,-0.00011192,-0.012205,-0.33988
429,1488.5,-0.00011192,-0.012205,-0.33988
429,1500,-0.00011192,-0.012205,-0.33988
429,1512.5,-0.00011192,-0.012205,-0.33988
429,1556,-0.00011192,-0.012205,-0.33988
429,1969,-0.00011192,-0.012205,-0.33988
429,2003,-0.00011192,-0.012205,-0.33988
430,0,-0.047835,0.028373,0.41954
430,316.75,-0.047835,0.028373,0.41954
430,330.75,-0.047835,0.028373,0.41954
430,340.75,-0.047835,0.028373,0.41954
430,383.75,-0.047835,0.028373,0.41954
430,719.75,-0.047835,0.028373,0.41954
430,1607.8,-0.047835,0.028373,0.41954
430,1997.2,-0.047835,0.028373,0.41954
431,0,0.0093775,-0.0094047,-0.27924
431,1657.8,0.0093775,-0.0094047,-0.27924
431,1676.1,0.0093775,-0.0094047,-0.27924
431,1681.8,0.0093775,-0.0094047,-0.27924
431,1727.8,0.0093775,-0.0094047,-0.27924
431,1993.8,0.0093775,-0.0094047,-0.27924
431,2007.8,0.0093775,-0.0094047,-0.27924
432,0,-0.096634,0.032618,0.37776
432,288,-0.096634,0.032618,0.37776
432,303.5,-0.096634,0.032618,0.37776
432,312,-0.096634,0.032618,0.37776
432,1514,-0.096634,0.032618,0.37776
432,1527.4,-0.096634,0.032618,0.37776
432,1538,-0.096634,0.032618,0.37776
432,1990,-0.096634,0.032618,0.37776
432,2006.8,-0.096634,0.032618,0.37776
433,0,-0.0095354,-0.012459,-0.34617
433,239.5,-0.0095354,-0.012459,-0.34617
433,249.92,-0.0095354,-0.012459,-0.34617
433,263.5,-0.0095354,-0.012459,-0.34617
433,1392.2,-0.0095354,-0.012459,-0.34617
433,1403.3,-0.0095354,-0.012459,-0.34617
433,1416.2,-0.0095354,-0.012459,-0.34617
433,1920,-0.0095354,-0.012459,-0.34617
433,1931.8,-0.0095354,-0.012459,-0.34617
434,0,-0.022026,0.060479,0.51716
434,310,-0.022026,0.060479,0.51716
434,327.08,-0.022026,0.060479,0.51716
434,334,-0.022026,0.060479,0.51716
434,1489,-0.022026,0.060479,0.51716
434,1503,-0.022026,0.060479,0.51716
434,1513,-0.022026,0.060479,0.51716
434,1965,-0.022026,0.060479,0.51716
434,1986.2,-0.022026,0.060479,0.51716
435,0,0.0071067,0.0024508,0.013433
435,311,0.0071067,0.0024508,0.013433
435,328.67,0.0071067,0.0024508,0.013433
435,335,0.0071067,0.0024508,0.013433
435,1487,0.0071067,0.0024508,0.013433
435,1504.3,0.0071067,0.0024508,0.013433
435,1511,0.0071067,0.0024508,0.013433
435,1991,0.0071067,0.0024508,0.013433
435,2012,0.0071067,0.0024508,0.013433
436,0,-0.031812,-0.019172,-0.34559
436,335.5,-0.031812,-0.019172,-0.34559
436,349.75,-0.031812,-0.019172,-0.34559
436,359.5,-0.031812,-0.019172,-0.34559
436,1919.5,-0.031812,-0.019172,-0.34559
436,1935.8,-0.031812,-0.019172,-0.34559
437,0,-0.0070194,0.021014,0.29315
437,311,-0.0070194,0.021014,0.29315
437,327.25,-0.0070194,0.021014,0.29315
437,335,-0.0070194,0.021014,0.29315
437,694.5,-0.0070194,0.021014,0.29315
437,1463.5,-0.0070194,0.021014,0.29315
437,1477.4,-0.0070194,0.021014,0.29315
437,1487.5,-0.0070194,0.021014,0.29315
437,1992.5,-0.0070194,0.021014,0.29315
437,2007.2,-0.0070194,0.021014,0.29315
438,0,-0.04686,0.018498,0.35946
438,310.25,-0.04686,0.018498,0.35946
438,330.75,-0.04686,0.018498,0.35946
438,334.25,-0.04686,0.018498,0.35946
438,984.5,-0.04686,0.018498,0.35946
438,1000,-0.04686,0.018498,0.35946
439,0,0.011091,-0.014007,-0.37186
439,263.25,0.011091,-0.014007,-0.37186
439,284.75,0.011091,-0.014007,-0.37186
439,287.25,0.011091,-0.014007,-0.37186
439,1442.2,0.011091,-0.014007,-0.37186
439,1455.2,0.011091,-0.014007,-0.37186
439,1466.2,0.011091,-0.014007,-0.37186
439,1919.8,0.011091,-0.014007,-0.37186
439,1936.4,0.011091,-0.014007,-0.37186
440,0,-0.04578,-0.0024964,0.16046
440,312.5,-0.04578,-0.0024964,0.16046
440,324.25,-0.04578,-0.0024964,0.16046
440,336.5,-0.04578,-0.0024964,0.16046
440,741,-0.04578,-0.0024964,0.16046
440,1488,-0.04578,-0.0024964,0.16046
440,1500.5,-0.04578,-0.0024964,0.16046
440,1512,-0.04578,-0.0024964,0.16046
440,1557,-0.04578,-0.0024964,0.16046
440,2043,-0.04578,-0.0024964,0.16046
440,2076.5,-0.04578,-0.0024964,0.16046
441,0,-0.21133,0.050205,0.82855
441,311,-0.21133,0.050205,0.82855
441,328.25,-0.21133,0.050205,0.82855
441,335,-0.21133,0.050205,0.82855
441,646.75,-0.21133,0.050205,0.82855
441,664.5,-0.21133,0.050205,0.82855
442,0,0.068616,0.050543,0.48358
442,316.33,0.068616,0.050543,0.48358
442,327.08,0.068616,0.050543,0.48358
442,340.33,0.068616,0.050543,0.48358
442,1489.3,0.068616,0.050543,0.48358
442,1504.1,0.068616,0.050543,0.48358
442,1513.3,0.068616,0.050543,0.48358
442,1992.8,0.068616,0.050543,0.48358
442,2012.3,0.068616,0.050543,0.48358
443,0,-0.084871,0.071814,0.76611
443,312.5,-0.084871,0.071814,0.76611
443,326,-0.084871,0.071814,0.76611
443,336.5,-0.084871,0.071814,0.76611
443,1369.5,-0.084871,0.071814,0.76611
443,1381,-0.084871,0.071814,0.76611
444,0,-0.073584,0.01734,0.41443
444,1483,-0.073584,0.01734,0.41443
444,2256.5,-0.073584,0.01734,0.41443
444,2275.5,-0.073584,0.01734,0.41443
445,0,0.12127,0.015967,-0.080978
445,215,0.12127,0.015967,-0.080978
445,227,0.12127,0.015967,-0.080978
445,239,0.12127,0.015967,-0.080978
445,1343.5,0.12127,0.015967,-0.080978
445,1363.5,0.12127,0.015967,-0.080978
445,1367.5,0.12127,0.015967,-0.080978
445,1458.5,0.12127,0.015967,-0.080978
445,2039,0.12127,0.015967,-0.080978
446,0,0.017914,-0.0121,-0.26027
446,312.5,0.017914,-0.0121,-0.26027
446,330.5,0.017914,-0.0121,-0.26027
446,336.5,0.017914,-0.0121,-0.26027
446,380.5,0.017914,-0.0121,-0.26027
446,716.5,0.017914,-0.0121,-0.26027
446,1220.5,0.017914,-0.0121,-0.26027
446,1724.5,0.017914,-0.0121,-0.26027
446,2111.5,0.017914,-0.0121,-0.26027
446,2130.5,0.017914,-0.0121,-0.26027
447,0,-0.027587,-0.02924,-0.44787
447,316,-0.027587,-0.02924,-0.44787
447,330,-0.027587,-0.02924,-0.44787
447,340,-0.027587,-0.02924,-0.44787
447,672,-0.027587,-0.02924,-0.44787
447,1008,-0.027587,-0.02924,-0.44787
447,1948,-0.027587,-0.02924,-0.44787
447,1962,-0.027587,-0.02924,-0.44787
448,0,0.047551,0.014197,0.088386
448,306.5,0.047551,0.014197,0.088386
448,331.5,0.047551,0.014197,0.088386
448,427.5,0.047551,0.014197,0.088386
448,691.5,0.047551,0.014197,0.088386
448,1171.5,0.047551,0.014197,0.088386
448,1608.5,0.047551,0.014197,0.088386
448,1622.5,0.047551,0.014197,0.088386
448,1632.5,0.047551,0.014197,0.088386
448,1723.5,0.047551,0.014197,0.088386
448,2112.5,0.047551,0.014197,0.088386
449,0,0.041273,-0.012305,-0.82702
449,331.5,0.041273,-0.012305,-0.82702
449,355.5,0.041273,-0.012305,-0.82702
449,1027.5,0.041273,-0.012305,-0.82702
449,2015.5,0.041273,-0.012305,-0.82702
449,2037,0.041273,-0.012305,-0.82702
450,0,0.00034294,0.0027132,0.041176
450,312,0.00034294,0.0027132,0.041176
450,323.25,0.00034294,0.0027132,0.041176
450,336,0.00034294,0.0027132,0.041176
450,355,0.00034294,0.0027132,0.041176
450,379,0.00034294,0.0027132,0.041176
450,838,0.00034294,0.0027132,0.041176
451,0,-0.071077,-0.0073996,0.26431
451,312.75,-0.071077,-0.0073996,0.26431
451,324.25,-0.071077,-0.0073996,0.26431
451,336.75,-0.071077,-0.0073996,0.26431
451,1488.2,-0.071077,-0.0073996,0.26431
451,1500.2,-0.071077,-0.0073996,0.26431
451,1512.2,-0.071077,-0.0073996,0.26431
451,1992.8,-0.071077,-0.0073996,0.26431
451,2006.8,-0.071077,-0.0073996,0.26431
452,0,-0.068967,0.016319,0.37982
452,451,-0.068967,0.016319,0.37982
452,787,-0.068967,0.016319,0.37982
452,1099,-0.068967,0.016319,0.37982
452,1123,-0.068967,0.016319,0.37982
452,1558,-0.068967,0.016319,0.37982
452,1577,-0.068967,0.016319,0.37982
453,0,0.023513,0.038248,0.029915
453,268.5,0.023513,0.038248,0.029915
453,283.5,0.023513,0.038248,0.029915
453,292.5,0.023513,0.038248,0.029915
453,360,0.023513,0.038248,0.029915
453,1324.5,0.023513,0.038248,0.029915
453,1536.5,0.023513,0.038248,0.029915
453,1540.5,0.023513,0.038248,0.029915
453,2021,0.023513,0.038248,0.029915
453,2035,0.023513,0.038248,0.029915
454,0,-0.050837,0.012833,0.22486
454,264.5,-0.050837,0.012833,0.22486
454,284.5,-0.050837,0.012833,0.22486
454,288.5,-0.050837,0.012833,0.22486
454,669,-0.050837,0.012833,0.22486
454,1533,-0.050837,0.012833,0.22486
454,2016,-0.050837,0.012833,0.22486
454,2036,-0.050837,0.012833,0.22486
455,0,-0.0011675,0.00026825,0.0087234
455,504,-0.0011675,0.00026825,0.0087234
455,888,-0.0011675,0.00026825,0.0087234
455,1248,-0.0011675,0.00026825,0.0087234
455,1588,-0.0011675,0.00026825,0.0087234
455,1684,-0.0011675,0.00026825,0.0087234
455,1752,-0.0011675,0.00026825,0.0087234
455,2092,-0.0011675,0.00026825,0.0087234
455,2112.5,-0.0011675,0.00026825,0.0087234
456,0,-0.14705,-0.07938,-0.39921
456,313.25,-0.14705,-0.07938,-0.39921
456,325.25,-0.14705,-0.07938,-0.39921
456,337.25,-0.14705,-0.07938,-0.39921
456,380.75,-0.14705,-0.07938,-0.39921
456,1512.8,-0.14705,-0.07938,-0.39921
456,1531.2,-0.14705,-0.07938,-0.39921
456,1536.8,-0.14705,-0.07938,-0.39921
456,1580.8,-0.14705,-0.07938,-0.39921
456,1993,-0.14705,-0.07938,-0.39921
456,2035.2,-0.14705,-0.07938,-0.39921
457,0,0.026753,-0.0080459,-0.34194
457,289,0.026753,-0.0080459,-0.34194
457,327,0.026753,-0.0080459,-0.34194
457,337,0.026753,-0.0080459,-0.34194
457,692,0.026753,-0.0080459,-0.34194
457,1969,0.026753,-0.0080459,-0.34194
457,1983,0.026753,-0.0080459,-0.34194
458,0,0.0028595,-0.017454,-1.0005
458,1204.5,0.0028595,-0.017454,-1.0005
458,1219,0.0028595,-0.017454,-1.0005
459,0,-0.018573,-0.017388,-0.37677
459,310.92,-0.018573,-0.017388,-0.37677
459,324.92,-0.018573,-0.017388,-0.37677
459,334.92,-0.018573,-0.017388,-0.37677
459,1607.8,-0.018573,-0.017388,-0.37677
459,1621.8,-0.018573,-0.017388,-0.37677
459,1631.8,-0.018573,-0.017388,-0.37677
459,1991.8,-0.018573,-0.017388,-0.37677
459,2004.4,-0.018573,-0.017388,-0.37677
460,0,-0.12344,-0.040166,0.3093
460,282,-0.12344,-0.040166,0.3093
460,306,-0.12344,-0.040166,0.3093
460,1559.8,-0.12344,-0.040166,0.3093
460,1573.5,-0.12344,-0.040166,0.3093
461,0,-0.018218,0.046925,0.56546
461,312.5,-0.018218,0.046925,0.56546
461,324,-0.018218,0.046925,0.56546
461,336.5,-0.018218,0.046925,0.56546
461,428.5,-0.018218,0.046925,0.56546
461,764.5,-0.018218,0.046925,0.56546
461,1100.5,-0.018218,0.046925,0.56546
461,1657.5,-0.018218,0.046925,0.56546
461,1668,-0.018218,0.046925,0.56546
461,1681.5,-0.018218,0.046925,0.56546
461,1748.5,-0.018218,0.046925,0.56546
461,2161.5,-0.018218,0.046925,0.56546
461,2172,-0.018218,0.046925,0.56546
462,0,-0.11783,0.070941,0.78389
462,316,-0.11783,0.070941,0.78389
462,330.5,-0.11783,0.070941,0.78389
462,340,-0.11783,0.070941,0.78389
462,1012.5,-0.11783,0.070941,0.78389
462,1025,-0.11783,0.070941,0.78389
463,0,0.051547,-0.0049327,-0.5032
463,312,0.051547,-0.0049327,-0.5032
463,329.83,0.051547,-0.0049327,-0.5032
463,336,0.051547,-0.0049327,-0.5032
463,714.33,0.051547,-0.0049327,-0.5032
463,1487.8,0.051547,-0.0049327,-0.5032
463,1507.8,0.051547,-0.0049327,-0.5032
463,1511.8,0.051547,-0.0049327,-0.5032
463,1991.8,0.051547,-0.0049327,-0.5032
463,2011.8,0.051547,-0.0049327,-0.5032
464,0,0.01858,-0.0035232,-0.059762
464,1631.2,0.01858,-0.0035232,-0.059762
464,1651.8,0.01858,-0.0035232,-0.059762
464,1655.2,0.01858,-0.0035232,-0.059762
464,2160.2,0.01858,-0.0035232,-0.059762
464,2179.8,0.01858,-0.0035232,-0.059762
465,0,-0.012397,-0.0095082,-0.15412
465,263.5,-0.012397,-0.0095082,-0.15412
465,276,-0.012397,-0.0095082,-0.15412
466,0,0.034819,-0.0096867,-0.51124
466,336.25,0.034819,-0.0096867,-0.51124
466,352.25,0.034819,-0.0096867,-0.51124
466,360.25,0.034819,-0.0096867,-0.51124
466,1488.2,0.034819,-0.0096867,-0.51124
466,1505,0.034819,-0.0096867,-0.51124
466,1512.2,0.034819,-0.0096867,-0.51124
466,1602.8,0.034819,-0.0096867,-0.51124
466,2137.8,0.034819,-0.0096867,-0.51124
467,0,-0.05457,0.048086,0.61093
467,1492.5,-0.05457,0.048086,0.61093
467,1504.2,-0.05457,0.048086,0.61093
467,1516.5,-0.05457,0.048086,0.61093
467,1560,-0.05457,0.048086,0.61093
467,2116.5,-0.05457,0.048086,0.61093
467,2128,-0.05457,0.048086,0.61093
468,0,-0.027485,-0.020955,-0.62988
468,312.75,-0.027485,-0.020955,-0.62988
468,324.5,-0.027485,-0.020955,-0.62988
468,336.75,-0.027485,-0.020955,-0.62988
468,1464.5,-0.027485,-0.020955,-0.62988
468,1475.8,-0.027485,-0.020955,-0.62988
469,0,-0.063538,0.016857,0.35894
469,311.17,-0.063538,0.016857,0.35894
469,321.17,-0.063538,0.016857,0.35894
469,335.17,-0.063538,0.016857,0.35894
469,1487.2,-0.063538,0.016857,0.35894
469,1497,-0.063538,0.016857,0.35894
469,1511.2,-0.063538,0.016857,0.35894
469,2015.2,-0.063538,0.016857,0.35894
469,2025.2,-0.063538,0.016857,0.35894
470,0,-0.17284,-0.045094,0.46274
470,288.5,-0.17284,-0.045094,0.46274
470,298,-0.17284,-0.045094,0.46274
470,312.5,-0.17284,-0.045094,0.46274
470,1440.2,-0.17284,-0.045094,0.46274
470,1449.9,-0.17284,-0.045094,0.46274
470,1464.2,-0.17284,-0.045094,0.46274
470,1507,-0.17284,-0.045094,0.46274
470,1921.5,-0.17284,-0.045094,0.46274
470,1953.8,-0.17284,-0.045094,0.46274
471,0,0.02509,0.015244,0.2578
471,288,0.02509,0.015244,0.2578
471,300.5,0.02509,0.015244,0.2578
471,312,0.02509,0.015244,0.2578
471,1441.5,0.02509,0.015244,0.2578
471,1451.7,0.02509,0.015244,0.2578
471,1465.5,0.02509,0.015244,0.2578
471,1945.2,0.02509,0.015244,0.2578
471,1955.7,0.02509,0.015244,0.2578
472,0,-0.0074197,0.032473,0.27741
472,240,-0.0074197,0.032473,0.27741
472,251,-0.0074197,0.032473,0.27741
472,264,-0.0074197,0.032473,0.27741
472,1415.5,-0.0074197,0.032473,0.27741
472,1427.5,-0.0074197,0.032473,0.27741
473,0,0.0089674,-0.0019904,-0.26869
473,312.42,0.0089674,-0.0019904,-0.26869
473,323.75,0.0089674,-0.0019904,-0.26869
473,336.42,0.0089674,-0.0019904,-0.26869
473,1511.8,0.0089674,-0.0019904,-0.26869
473,1523.8,0.0089674,-0.0019904,-0.26869
473,1535.8,0.0089674,-0.0019904,-0.26869
473,2016.2,0.0089674,-0.0019904,-0.26869
473,2026.2,0.0089674,-0.0019904,-0.26869
474,0,-0.18727,-0.015925,0.17874
474,278,-0.18727,-0.015925,0.17874
474,298,-0.18727,-0.015925,0.17874
474,302,-0.18727,-0.015925,0.17874
474,739,-0.18727,-0.015925,0.17874
474,1487,-0.18727,-0.015925,0.17874
474,1498,-0.18727,-0.015925,0.17874
474,1511,-0.18727,-0.015925,0.17874
474,2064.5,-0.18727,-0.015925,0.17874
474,2074.2,-0.18727,-0.015925,0.17874
475,0,-0.03631,0.0068303,0.2089
475,303.58,-0.03631,0.0068303,0.2089
475,327.5,-0.03631,0.0068303,0.2089
475,327.58,-0.03631,0.0068303,0.2089
475,380.25,-0.03631,0.0068303,0.2089
475,1052.2,-0.03631,0.0068303,0.2089
475,1580.2,-0.03631,0.0068303,0.2089
475,1983.2,-0.03631,0.0068303,0.2089
475,2007.2,-0.03631,0.0068303,0.2089
476,0,-0.058118,-0.0077491,0.13317
476,282.17,-0.058118,-0.0077491,0.13317
476,306.17,-0.058118,-0.0077491,0.13317
476,1968.2,-0.058118,-0.0077491,0.13317
476,1980.2,-0.058118,-0.0077491,0.13317
477,0,0.056808,0.0069304,-0.067564
477,311.75,0.056808,0.0069304,-0.067564
477,324.75,0.056808,0.0069304,-0.067564
477,335.75,0.056808,0.0069304,-0.067564
477,716.75,0.056808,0.0069304,-0.067564
477,1488.2,0.056808,0.0069304,-0.067564
477,1500.2,0.056808,0.0069304,-0.067564
477,1512.2,0.056808,0.0069304,-0.067564
477,1968.2,0.056808,0.0069304,-0.067564
477,2003.2,0.056808,0.0069304,-0.067564
478,0,-0.10036,0.048236,0.60959
478,432.5,-0.10036,0.048236,0.60959
478,444.25,-0.10036,0.048236,0.60959
478,456.5,-0.10036,0.048236,0.60959
478,1464,-0.10036,0.048236,0.60959
478,1475.3,-0.10036,0.048236,0.60959
478,1488,-0.10036,0.048236,0.60959
478,1531,-0.10036,0.048236,0.60959
478,1991.5,-0.10036,0.048236,0.60959
478,2003,-0.10036,0.048236,0.60959
479,0,0.10586,0.011935,-0.15819
479,311.75,0.10586,0.011935,-0.15819
479,321.75,0.10586,0.011935,-0.15819
479,335.75,0.10586,0.011935,-0.15819
479,1487.2,0.10586,0.011935,-0.15819
479,1499,0.10586,0.011935,-0.15819
480,0,-0.053826,-0.0030513,0.044427
480,311.5,-0.053826,-0.0030513,0.044427
480,330.5,-0.053826,-0.0030513,0.044427
480,335.5,-0.053826,-0.0030513,0.044427
480,691.5,-0.053826,-0.0030513,0.044427
480,1344,-0.053826,-0.0030513,0.044427
480,1359,-0.053826,-0.0030513,0.044427
480,1368,-0.053826,-0.0030513,0.044427
480,1968.5,-0.053826,-0.0030513,0.044427
480,1986.2,-0.053826,-0.0030513,0.044427
481,0,-0.011891,-0.021799,-0.711
481,287.5,-0.011891,-0.021799,-0.711
481,304.98,-0.011891,-0.021799,-0.711
481,311.5,-0.011891,-0.021799,-0.711
481,1487.5,-0.011891,-0.021799,-0.711
481,1505,-0.011891,-0.021799,-0.711
481,1511.5,-0.011891,-0.021799,-0.711
481,1991.5,-0.011891,-0.021799,-0.711
481,2007.8,-0.011891,-0.021799,-0.711
482,0,0.0066399,-0.0095142,-0.15445
482,287,0.0066399,-0.0095142,-0.15445
482,305.42,0.0066399,-0.0095142,-0.15445
482,311,0.0066399,-0.0095142,-0.15445
482,360,0.0066399,-0.0095142,-0.15445
482,720,0.0066399,-0.0095142,-0.15445
482,1056,0.0066399,-0.0095142,-0.15445
482,2111,0.0066399,-0.0095142,-0.15445
482,2128.3,0.0066399,-0.0095142,-0.15445
483,0,0.0619,-0.0031175,-0.14054
483,286.5,0.0619,-0.0031175,-0.14054
483,305.67,0.0619,-0.0031175,-0.14054
483,310.5,0.0619,-0.0031175,-0.14054
483,1075.5,0.0619,-0.0031175,-0.14054
483,1511,0.0619,-0.0031175,-0.14054
483,1527,0.0619,-0.0031175,-0.14054
483,1535,0.0619,-0.0031175,-0.14054
483,1579.5,0.0619,-0.0031175,-0.14054
483,2015,0.0619,-0.0031175,-0.14054
483,2026.3,0.0619,-0.0031175,-0.14054
484,0,-0.017583,-0.019908,-0.44189
484,307,-0.017583,-0.019908,-0.44189
484,321.67,-0.017583,-0.019908,-0.44189
484,331,-0.017583,-0.019908,-0.44189
484,811.5,-0.017583,-0.019908,-0.44189
484,1268.5,-0.017583,-0.019908,-0.44189
485,0,-0.088959,-0.0030363,0.30394
485,310.5,-0.088959,-0.0030363,0.30394
485,326.42,-0.088959,-0.0030363,0.30394
485,334.5,-0.088959,-0.0030363,0.30394
485,1511,-0.088959,-0.0030363,0.30394
485,1535,-0.088959,-0.0030363,0.30394
485,1992,-0.088959,-0.0030363,0.30394
486,0,-0.084368,0.051649,0.62264
486,311.75,-0.084368,0.051649,0.62264
486,328.92,-0.084368,0.051649,0.62264
486,335.75,-0.084368,0.051649,0.62264
486,1487.8,-0.084368,0.051649,0.62264
486,1505,-0.084368,0.051649,0.62264
486,1511.8,-0.084368,0.051649,0.62264
486,1993.2,-0.084368,0.051649,0.62264
486,2007.1,-0.084368,0.051649,0.62264
487,0,0.011011,0.0037427,-0.23746
487,312.5,0.011011,0.0037427,-0.23746
487,330.17,0.011011,0.0037427,-0.23746
487,336.5,0.011011,0.0037427,-0.23746
487,1515.5,0.011011,0.0037427,-0.23746
487,1530,0.011011,0.0037427,-0.23746
487,1539.5,0.011011,0.0037427,-0.23746
487,2017,0.011011,0.0037427,-0.23746
487,2034.3,0.011011,0.0037427,-0.23746
488,0,-0.043016,0.026948,0.41658
488,311.25,-0.043016,0.026948,0.41658
488,327.75,-0.043016,0.026948,0.41658
488,335.25,-0.043016,0.026948,0.41658
488,1656.2,-0.043016,0.026948,0.41658
488,1672.1,-0.043016,0.026948,0.41658
488,1680.2,-0.043016,0.026948,0.41658
488,1992.2,-0.043016,0.026948,0.41658
488,2007.3,-0.043016,0.026948,0.41658
489,0,-0.018916,-0.017222,-0.32436
489,311.33,-0.018916,-0.017222,-0.32436
489,328.92,-0.018916,-0.017222,-0.32436
489,335.33,-0.018916,-0.017222,-0.32436
489,647.42,-0.018916,-0.017222,-0.32436
489,665.75,-0.018916,-0.017222,-0.32436
490,0,-0.032391,0.0092441,0.20016
490,312,-0.032391,0.0092441,0.20016
490,330.33,-0.032391,0.0092441,0.20016
491,0,-0.27251,0.066028,0.93906
491,313,-0.27251,0.066028,0.93906
491,331,-0.27251,0.066028,0.93906
491,337,-0.27251,0.066028,0.93906
491,551,-0.27251,0.066028,0.93906
491,1488,-0.27251,0.066028,0.93906
491,1501.5,-0.27251,0.066028,0.93906
491,1512,-0.27251,0.066028,0.93906
491,1559,-0.27251,0.066028,0.93906
491,1991.2,-0.27251,0.066028,0.93906
491,2005.7,-0.27251,0.066028,0.93906
492,0,-0.0018336,-0.0078158,-0.12968
492,316,-0.0018336,-0.0078158,-0.12968
492,328.05,-0.0018336,-0.0078158,-0.12968
492,340,-0.0018336,-0.0078158,-0.12968
492,720.5,-0.0018336,-0.0078158,-0.12968
492,1491.5,-0.0018336,-0.0078158,-0.12968
492,1504.1,-0.0018336,-0.0078158,-0.12968
492,1515.5,-0.0018336,-0.0078158,-0.12968
492,1560.5,-0.0018336,-0.0078158,-0.12968
492,1991,-0.0018336,-0.0078158,-0.12968
492,2008.6,-0.0018336,-0.0078158,-0.12968
493,0,-0.047294,0.02433,0.39054
493,263.75,-0.047294,0.02433,0.39054
493,280.17,-0.047294,0.02433,0.39054
493,287.75,-0.047294,0.02433,0.39054
493,358.25,-0.047294,0.02433,0.39054
493,718.25,-0.047294,0.02433,0.39054
493,1246.2,-0.047294,0.02433,0.39054
493,1270.2,-0.047294,0.02433,0.39054
493,1486.2,-0.047294,0.02433,0.39054
493,1606.2,-0.047294,0.02433,0.39054
493,1968.2,-0.047294,0.02433,0.39054
494,0,0.037113,-0.0078178,0.053533
494,312.5,0.037113,-0.0078178,0.053533
494,333.43,0.037113,-0.0078178,0.053533
494,336.5,0.037113,-0.0078178,0.053533
494,1056.5,0.037113,-0.0078178,0.053533
494,1513.5,0.037113,-0.0078178,0.053533
494,1537.5,0.037113,-0.0078178,0.053533
494,1560.5,0.037113,-0.0078178,0.053533
494,1584.5,0.037113,-0.0078178,0.053533
494,1994.5,0.037113,-0.0078178,0.053533
494,2013.4,0.037113,-0.0078178,0.053533
495,0,0.033913,-0.011593,-0.37197
495,299.75,0.033913,-0.011593,-0.37197
495,326.17,0.033913,-0.011593,-0.37197
495,1488,0.033913,-0.011593,-0.37197
495,1508.7,0.033913,-0.011593,-0.37197
496,0,-0.10429,0.035182,0.55103
496,311,-0.10429,0.035182,0.55103
496,328.42,-0.10429,0.035182,0.55103
496,335,-0.10429,0.035182,0.55103
496,723.5,-0.10429,0.035182,0.55103
496,927.08,-0.10429,0.035182,0.55103
497,0,-0.045869,0.0053768,0.22333
497,311.25,-0.045869,0.0053768,0.22333
497,328.25,-0.045869,0.0053768,0.22333
497,335.25,-0.045869,0.0053768,0.22333
497,1463.8,-0.045869,0.0053768,0.22333
497,1480.9,-0.045869,0.0053768,0.22333
497,1487.8,-0.045869,0.0053768,0.22333
497,1968.5,-0.045869,0.0053768,0.22333
497,1984.4,-0.045869,0.0053768,0.22333
498,0,0.024417,-0.002111,-0.3939
498,68,0.024417,-0.002111,-0.3939
498,211.5,0.024417,-0.002111,-0.3939
498,328.58,0.024417,-0.002111,-0.3939
499,0,-0.084986,-0.034664,0.50198
499,266,-0.084986,-0.034664,0.50198
499,279.75,-0.084986,-0.034664,0.50198
499,290,-0.084986,-0.034664,0.50198
499,336,-0.084986,-0.034664,0.50198
499,578,-0.084986,-0.034664,0.50198
499,619.92,-0.084986,-0.034664,0.50198
500,0,-0.01654,0.0037059,0.12393
500,312,-0.01654,0.0037059,0.12393
500,331.83,-0.01654,0.0037059,0.12393
500,336,-0.01654,0.0037059,0.12393
500,1514.6,-0.01654,0.0037059,0.12393
500,1530.2,-0.01654,0.0037059,0.12393
500,1538.6,-0.01654,0.0037059,0.12393
500,1995.5,-0.01654,0.0037059,0.12393
500,2009.3,-0.01654,0.0037059,0.12393
501,0,0.054906,0.00054263,-0.50685
501,313.5,0.054906,0.00054263,-0.50685
501,330.5,0.054906,0.00054263,-0.50685
501,337.5,0.054906,0.00054263,-0.50685
501,1464,0.054906,0.00054263,-0.50685
501,1486.5,0.054906,0.00054263,-0.50685
501,1488,0.054906,0.00054263,-0.50685
501,2064.5,0.054906,0.00054263,-0.50685
501,2086.3,0.054906,0.00054263,-0.50685
502,0,0.0096461,0.0042596,-0.18655
502,336,0.0096461,0.0042596,-0.18655
502,350,0.0096461,0.0042596,-0.18655
502,360,0.0096461,0.0042596,-0.18655
502,1510.5,0.0096461,0.0042596,-0.18655
502,1526.5,0.0096461,0.0042596,-0.18655
502,1534.5,0.0096461,0.0042596,-0.18655
502,2015.3,0.0096461,0.0042596,-0.18655
502,2030.8,0.0096461,0.0042596,-0.18655
503,0,-0.10907,0.042338,0.74679
503,291,-0.10907,0.042338,0.74679
503,302.5,-0.10907,0.042338,0.74679
503,315,-0.10907,0.042338,0.74679
503,1466,-0.10907,0.042338,0.74679
503,1477.8,-0.10907,0.042338,0.74679
503,1490,-0.10907,0.042338,0.74679
503,2305,-0.10907,0.042338,0.74679
503,2318.8,-0.10907,0.042338,0.74679
504,0,0.034122,-0.011245,-0.73382
504,311.5,0.034122,-0.011245,-0.73382
504,325.33,0.034122,-0.011245,-0.73382
504,335.5,0.034122,-0.011245,-0.73382
504,1489.5,0.034122,-0.011245,-0.73382
504,1500.4,0.034122,-0.011245,-0.73382
504,1513.5,0.034122,-0.011245,-0.73382
504,1994,0.034122,-0.011245,-0.73382
504,2005.2,0.034122,-0.011245,-0.73382
505,0,-0.026135,0.019943,0.28946
505,312,-0.026135,0.019943,0.28946
505,324.33,-0.026135,0.019943,0.28946
505,336,-0.026135,0.019943,0.28946
505,1489,-0.026135,0.019943,0.28946
505,1500.2,-0.026135,0.019943,0.28946
505,1513,-0.026135,0.019943,0.28946
505,1994,-0.026135,0.019943,0.28946
505,2003.5,-0.026135,0.019943,0.28946
506,0,-0.063749,0.052604,0.50485
506,312.5,-0.063749,0.052604,0.50485
506,325.75,-0.063749,0.052604,0.50485
506,336.5,-0.063749,0.052604,0.50485
506,1512,-0.063749,0.052604,0.50485
506,1528.1,-0.063749,0.052604,0.50485
507,0,-0.011484,0.012363,0.21505
507,310,-0.011484,0.012363,0.21505
507,325,-0.011484,0.012363,0.21505
507,334,-0.011484,0.012363,0.21505
507,405,-0.011484,0.012363,0.21505
507,1489,-0.011484,0.012363,0.21505
508,0,-0.12107,0.075234,0.79708
508,312.5,-0.12107,0.075234,0.79708
508,323.92,-0.12107,0.075234,0.79708
508,336.5,-0.12107,0.075234,0.79708
508,1488.5,-0.12107,0.075234,0.79708
508,1500.2,-0.12107,0.075234,0.79708
509,0,-0.0011034,-0.0026305,-0.033171
509,311.5,-0.0011034,-0.0026305,-0.033171
509,330.33,-0.0011034,-0.0026305,-0.033171
509,335.5,-0.0011034,-0.0026305,-0.033171
509,1487.4,-0.0011034,-0.0026305,-0.033171
509,1506.9,-0.0011034,-0.0026305,-0.033171
509,1511.4,-0.0011034,-0.0026305,-0.033171
509,2018.8,-0.0011034,-0.0026305,-0.033171
509,2034.4,-0.0011034,-0.0026305,-0.033171
510,0,0.068115,0.002325,-0.1799
510,359.58,0.068115,0.002325,-0.1799
510,372.92,0.068115,0.002325,-0.1799
510,383.58,0.068115,0.002325,-0.1799
510,1199.1,0.068115,0.002325,-0.1799
510,1511.2,0.068115,0.002325,-0.1799
510,1535.2,0.068115,0.002325,-0.1799
510,1994.5,0.068115,0.002325,-0.1799
510,2013.8,0.068115,0.002325,-0.1799
511,0,0.026078,-0.0069899,-0.25164
511,326,0.026078,-0.0069899,-0.25164
511,349.5,0.026078,-0.0069899,-0.25164
511,350,0.026078,-0.0069899,-0.25164
511,476,0.026078,-0.0069899,-0.25164
511,788,0.026078,-0.0069899,-0.25164
511,1268,0.026078,-0.0069899,-0.25164
511,1700,0.026078,-0.0069899,-0.25164
511,1752,0.026078,-0.0069899,-0.25164
511,1776,0.026078,-0.0069899,-0.25164
511,1970,0.026078,-0.0069899,-0.25164
512,0,-0.000677,0.013235,0.15788
512,313.5,-0.000677,0.013235,0.15788
512,326.5,-0.000677,0.013235,0.15788
512,337.5,-0.000677,0.013235,0.15788
512,2019,-0.000677,0.013235,0.15788
512,2033.7,-0.000677,0.013235,0.15788
513,0,0.098977,0.029617,0.18949
513,312.5,0.098977,0.029617,0.18949
513,323,0.098977,0.029617,0.18949
513,336.5,0.098977,0.029617,0.18949
513,1488.5,0.098977,0.029617,0.18949
513,1498.7,0.098977,0.029617,0.18949
513,1512.5,0.098977,0.029617,0.18949
513,1968.5,0.098977,0.029617,0.18949
513,1984.7,0.098977,0.029617,0.18949
514,0,-0.00041561,-0.011518,-0.10773
514,360,-0.00041561,-0.011518,-0.10773
514,375.83,-0.00041561,-0.011518,-0.10773
514,384,-0.00041561,-0.011518,-0.10773
514,430,-0.00041561,-0.011518,-0.10773
514,1487,-0.00041561,-0.011518,-0.10773
514,1504.3,-0.00041561,-0.011518,-0.10773
514,1511,-0.00041561,-0.011518,-0.10773
514,1582,-0.00041561,-0.011518,-0.10773
514,1994,-0.00041561,-0.011518,-0.10773
514,2004.7,-0.00041561,-0.011518,-0.10773
515,0,0.022138,0.011244,-0.02324
515,335.88,0.022138,0.011244,-0.02324
515,350.72,0.022138,0.011244,-0.02324
515,359.88,0.022138,0.011244,-0.02324
515,1515.1,0.022138,0.011244,-0.02324
515,1527.5,0.022138,0.011244,-0.02324
515,1539.1,0.022138,0.011244,-0.02324
515,2015.7,0.022138,0.011244,-0.02324
515,2030.3,0.022138,0.011244,-0.02324
516,0,-0.063107,-0.050367,-0.41741
516,289,-0.063107,-0.050367,-0.41741
516,301,-0.063107,-0.050367,-0.41741
516,313,-0.063107,-0.050367,-0.41741
516,692.5,-0.063107,-0.050367,-0.41741
516,1464.5,-0.063107,-0.050367,-0.41741
516,1475.4,-0.063107,-0.050367,-0.41741
516,1488.5,-0.063107,-0.050367,-0.41741
516,2014.5,-0.063107,-0.050367,-0.41741
516,2033.8,-0.063107,-0.050367,-0.41741
517,0,0.0016709,-0.0014101,-0.032455
517,335,0.0016709,-0.0014101,-0.032455
517,351.75,0.0016709,-0.0014101,-0.032455
517,359,0.0016709,-0.0014101,-0.032455
517,404,0.0016709,-0.0014101,-0.032455
517,716,0.0016709,-0.0014101,-0.032455
517,740,0.0016709,-0.0014101,-0.032455
517,1608,0.0016709,-0.0014101,-0.032455
517,1632,0.0016709,-0.0014101,-0.032455
517,1990,0.0016709,-0.0014101,-0.032455
518,0,-0.10586,0.026562,0.52566
518,287.5,-0.10586,0.026562,0.52566
518,311.5,-0.10586,0.026562,0.52566
518,1464,-0.10586,0.026562,0.52566
518,1486,-0.10586,0.026562,0.52566
518,1488,-0.10586,0.026562,0.52566
518,1969,-0.10586,0.026562,0.52566
518,1988.5,-0.10586,0.026562,0.52566
519,0,0.028147,-0.050826,-0.86434
519,301.67,0.028147,-0.050826,-0.86434
519,328.77,0.028147,-0.050826,-0.86434
519,1957.7,0.028147,-0.050826,-0.86434
519,1987.3,0.028147,-0.050826,-0.86434
520,0,-0.025249,-0.020776,-0.28733
520,321.5,-0.025249,-0.020776,-0.28733
520,335.35,-0.025249,-0.020776,-0.28733
520,345.5,-0.025249,-0.020776,-0.28733
520,1497.5,-0.025249,-0.020776,-0.28733
520,1511.4,-0.025249,-0.020776,-0.28733
520,1521.5,-0.025249,-0.020776,-0.28733
520,2001.5,-0.025249,-0.020776,-0.28733
521,0,-0.0527,-0.028301,-0.51261
521,263.5,-0.0527,-0.028301,-0.51261
521,276.52,-0.0527,-0.028301,-0.51261
521,287.5,-0.0527,-0.028301,-0.51261
521,312,-0.0527,-0.028301,-0.51261
521,329.93,-0.0527,-0.028301,-0.51261
522,0,0.0013875,-0.00040974,0.031228
522,312.5,0.0013875,-0.00040974,0.031228
522,333.75,0.0013875,-0.00040974,0.031228
522,336.5,0.0013875,-0.00040974,0.031228
522,1993,0.0013875,-0.00040974,0.031228
522,2012.4,0.0013875,-0.00040974,0.031228
523,0,-0.083449,0.0067066,0.72803
523,47.5,-0.083449,0.0067066,0.72803
523,277.5,-0.083449,0.0067066,0.72803
523,329.47,-0.083449,0.0067066,0.72803
524,0,0.0021909,0.0015672,0.038189
524,338,0.0021909,0.0015672,0.038189
524,352,0.0021909,0.0015672,0.038189
524,362,0.0021909,0.0015672,0.038189
524,1322,0.0021909,0.0015672,0.038189
524,1335.3,0.0021909,0.0015672,0.038189
524,1346,0.0021909,0.0015672,0.038189
524,1994,0.0021909,0.0015672,0.038189
524,2006.6,0.0021909,0.0015672,0.038189
525,0,-0.0075224,-0.025751,-0.71799
525,288.5,-0.0075224,-0.025751,-0.71799
525,302.78,-0.0075224,-0.025751,-0.71799
525,312.5,-0.0075224,-0.025751,-0.71799
525,1489.5,-0.0075224,-0.025751,-0.71799
525,1502.4,-0.0075224,-0.025751,-0.71799
525,1513.5,-0.0075224,-0.025751,-0.71799
525,1993,-0.0075224,-0.025751,-0.71799
525,2006.1,-0.0075224,-0.025751,-0.71799
526,0,-0.12427,0.019115,0.32495
526,312,-0.12427,0.019115,0.32495
526,327.33,-0.12427,0.019115,0.32495
526,336,-0.12427,0.019115,0.32495
526,1486.5,-0.12427,0.019115,0.32495
526,1500.7,-0.12427,0.019115,0.32495
526,1510.5,-0.12427,0.019115,0.32495
526,2014.5,-0.12427,0.019115,0.32495
526,2030.6,-0.12427,0.019115,0.32495
527,0,-0.014128,0.0054905,-0.06773
527,312,-0.014128,0.0054905,-0.06773
527,334.42,-0.014128,0.0054905,-0.06773
527,336,-0.014128,0.0054905,-0.06773
527,1488.5,-0.014128,0.0054905,-0.06773
527,1509.2,-0.014128,0.0054905,-0.06773
527,1512.5,-0.014128,0.0054905,-0.06773
527,1992.5,-0.014128,0.0054905,-0.06773
527,2014.1,-0.014128,0.0054905,-0.06773
528,0,-0.032433,0.06257,0.68834
528,287.75,-0.032433,0.06257,0.68834
528,305.12,-0.032433,0.06257,0.68834
528,311.75,-0.032433,0.06257,0.68834
528,1464.2,-0.032433,0.06257,0.68834
528,1475.4,-0.032433,0.06257,0.68834
528,1488.2,-0.032433,0.06257,0.68834
528,1967.3,-0.032433,0.06257,0.68834
528,1979.3,-0.032433,0.06257,0.68834
529,0,0.054537,-0.0066464,-0.49504
529,311,0.054537,-0.0066464,-0.49504
529,325.25,0.054537,-0.0066464,-0.49504
529,335,0.054537,-0.0066464,-0.49504
529,1511,0.054537,-0.0066464,-0.49504
529,1529.2,0.054537,-0.0066464,-0.49504
529,1535,0.054537,-0.0066464,-0.49504
529,2016,0.054537,-0.0066464,-0.49504
529,2032,0.054537,-0.0066464,-0.49504
530,0,-0.11394,0.0099561,0.30711
530,312,-0.11394,0.0099561,0.30711
530,330.5,-0.11394,0.0099561,0.30711
530,336,-0.11394,0.0099561,0.30711
530,382,-0.11394,0.0099561,0.30711
530,1488,-0.11394,0.0099561,0.30711
530,1502,-0.11394,0.0099561,0.30711
530,1512,-0.11394,0.0099561,0.30711
530,1702,-0.11394,0.0099561,0.30711
530,2087,-0.11394,0.0099561,0.30711
531,0,-0.013763,-0.027464,-0.87227
531,312,-0.013763,-0.027464,-0.87227
531,329.17,-0.013763,-0.027464,-0.87227
531,336,-0.013763,-0.027464,-0.87227
531,1488,-0.013763,-0.027464,-0.87227
531,1512,-0.013763,-0.027464,-0.87227
531,2064,-0.013763,-0.027464,-0.87227
531,2080.8,-0.013763,-0.027464,-0.87227
532,0,0.015173,0.0023245,-0.06893
532,312.63,0.015173,0.0023245,-0.06893
532,326,0.015173,0.0023245,-0.06893
532,336.63,0.015173,0.0023245,-0.06893
532,1491,0.015173,0.0023245,-0.06893
532,1503.9,0.015173,0.0023245,-0.06893
532,1515,0.015173,0.0023245,-0.06893
532,1995,0.015173,0.0023245,-0.06893
532,2008,0.015173,0.0023245,-0.06893
533,0,-0.015588,-0.018519,-0.49404
533,360.5,-0.015588,-0.018519,-0.49404
533,373,-0.015588,-0.018519,-0.49404
533,384.5,-0.015588,-0.018519,-0.49404
533,1101.5,-0.015588,-0.018519,-0.49404
533,1511,-0.015588,-0.018519,-0.49404
533,1522.8,-0.015588,-0.018519,-0.49404
533,1535,-0.015588,-0.018519,-0.49404
533,1629.5,-0.015588,-0.018519,-0.49404
533,2016.1,-0.015588,-0.018519,-0.49404
534,0,-0.03719,0.037895,0.53819
534,268,-0.03719,0.037895,0.53819
534,292,-0.03719,0.037895,0.53819
534,300.17,-0.03719,0.037895,0.53819
534,1487.5,-0.03719,0.037895,0.53819
534,1500,-0.03719,0.037895,0.53819
534,1511.5,-0.03719,0.037895,0.53819
534,1991,-0.03719,0.037895,0.53819
534,2004.8,-0.03719,0.037895,0.53819
535,0,0.091422,-0.012333,-0.17224
535,336.25,0.091422,-0.012333,-0.17224
535,360.25,0.091422,-0.012333,-0.17224
535,1510.2,0.091422,-0.012333,-0.17224
535,1534.7,0.091422,-0.012333,-0.17224
535,2005.9,0.091422,-0.012333,-0.17224
535,2038.6,0.091422,-0.012333,-0.17224
536,0,0.019802,-0.0085784,-0.27717
536,311.5,0.019802,-0.0085784,-0.27717
536,328.17,0.019802,-0.0085784,-0.27717
536,335.5,0.019802,-0.0085784,-0.27717
536,694.5,0.019802,-0.0085784,-0.27717
536,1488.5,0.019802,-0.0085784,-0.27717
536,1504.5,0.019802,-0.0085784,-0.27717
536,1512.5,0.019802,-0.0085784,-0.27717
536,1991.5,0.019802,-0.0085784,-0.27717
536,2008.2,0.019802,-0.0085784,-0.27717
537,0,0.011875,-0.014375,-1.0009
537,313.5,0.011875,-0.014375,-1.0009
537,328.5,0.011875,-0.014375,-1.0009
537,337.5,0.011875,-0.014375,-1.0009
537,1488.2,0.011875,-0.014375,-1.0009
537,1504.3,0.011875,-0.014375,-1.0009
537,1512.2,0.011875,-0.014375,-1.0009
537,1991,0.011875,-0.014375,-1.0009
537,2008.8,0.011875,-0.014375,-1.0009
538,0,-0.14168,-0.026664,0.43949
538,313.5,-0.14168,-0.026664,0.43949
538,324,-0.14168,-0.026664,0.43949
538,337.5,-0.14168,-0.026664,0.43949
538,1489.8,-0.14168,-0.026664,0.43949
538,1499.2,-0.14168,-0.026664,0.43949
538,1513.8,-0.14168,-0.026664,0.43949
538,1947.5,-0.14168,-0.026664,0.43949
538,1979.2,-0.14168,-0.026664,0.43949
539,0,-0.012087,-0.0090038,-0.13522
539,312,-0.012087,-0.0090038,-0.13522
539,321.5,-0.012087,-0.0090038,-0.13522
539,336,-0.012087,-0.0090038,-0.13522
539,1440,-0.012087,-0.0090038,-0.13522
539,1464,-0.012087,-0.0090038,-0.13522
539,1969,-0.012087,-0.0090038,-0.13522
540,0,0.026102,-0.005786,-0.25305
540,336,0.026102,-0.005786,-0.25305
540,360,0.026102,-0.005786,-0.25305
540,405.5,0.026102,-0.005786,-0.25305
540,1343,0.026102,-0.005786,-0.25305
540,1363.2,0.026102,-0.005786,-0.25305
540,1367,0.026102,-0.005786,-0.25305
540,2015,0.026102,-0.005786,-0.25305
541,0,-0.035489,0.023789,0.26311
541,313.5,-0.035489,0.023789,0.26311
541,326.72,-0.035489,0.023789,0.26311
541,337.5,-0.035489,0.023789,0.26311
541,1492.5,-0.035489,0.023789,0.26311
541,1502.4,-0.035489,0.023789,0.26311
541,1516.5,-0.035489,0.023789,0.26311
541,1994.5,-0.035489,0.023789,0.26311
541,2006.5,-0.035489,0.023789,0.26311
542,0,-0.023598,-0.034293,-0.41075
542,315,-0.023598,-0.034293,-0.41075
542,329.42,-0.023598,-0.034293,-0.41075
542,339,-0.023598,-0.034293,-0.41075
542,1491,-0.023598,-0.034293,-0.41075
542,1505.2,-0.023598,-0.034293,-0.41075
542,1515,-0.023598,-0.034293,-0.41075
542,1994,-0.023598,-0.034293,-0.41075
542,2009.2,-0.023598,-0.034293,-0.41075
543,0,-0.037712,-0.0097111,-0.046046
543,310.75,-0.037712,-0.0097111,-0.046046
543,324.42,-0.037712,-0.0097111,-0.046046
543,334.75,-0.037712,-0.0097111,-0.046046
543,1486.8,-0.037712,-0.0097111,-0.046046
543,1500.3,-0.037712,-0.0097111,-0.046046
543,1510.8,-0.037712,-0.0097111,-0.046046
543,1991.8,-0.037712,-0.0097111,-0.046046
543,2004.6,-0.037712,-0.0097111,-0.046046
544,0,-0.0025215,0.0018084,0.039308
544,311.5,-0.0025215,0.0018084,0.039308
544,328.5,-0.0025215,0.0018084,0.039308
544,335.5,-0.0025215,0.0018084,0.039308
544,623.5,-0.0025215,0.0018084,0.039308
545,0,-0.0062764,-0.012011,0.10026
545,313,-0.0062764,-0.012011,0.10026
545,326.75,-0.0062764,-0.012011,0.10026
545,337,-0.0062764,-0.012011,0.10026
545,1103,-0.0062764,-0.012011,0.10026
545,1488.2,-0.0062764,-0.012011,0.10026
545,1502.8,-0.0062764,-0.012011,0.10026
545,1512.2,-0.0062764,-0.012011,0.10026
545,1992,-0.0062764,-0.012011,0.10026
545,2007.4,-0.0062764,-0.012011,0.10026
546,0,0.012188,-0.010331,-0.2835
546,310.45,0.012188,-0.010331,-0.2835
546,324.78,0.012188,-0.010331,-0.2835
546,334.45,0.012188,-0.010331,-0.2835
546,381.7,0.012188,-0.010331,-0.2835
546,646.2,0.012188,-0.010331,-0.2835
546,661.12,0.012188,-0.010331,-0.2835
547,0,-0.013412,-0.02545,-0.31645
547,407.75,-0.013412,-0.02545,-0.31645
547,427.08,-0.013412,-0.02545,-0.31645
547,431.75,-0.013412,-0.02545,-0.31645
547,1055.5,-0.013412,-0.02545,-0.31645
547,1488,-0.013412,-0.02545,-0.31645
547,1502.9,-0.013412,-0.02545,-0.31645
547,1512,-0.013412,-0.02545,-0.31645
547,1992.5,-0.013412,-0.02545,-0.31645
547,2007.7,-0.013412,-0.02545,-0.31645
548,0,0.032866,-0.0056693,-0.31905
548,456.25,0.032866,-0.0056693,-0.31905
548,473.17,0.032866,-0.0056693,-0.31905
548,480.25,0.032866,-0.0056693,-0.31905
548,1461.8,0.032866,-0.0056693,-0.31905
548,1481.1,0.032866,-0.0056693,-0.31905
548,1485.8,0.032866,-0.0056693,-0.31905
548,2014.8,0.032866,-0.0056693,-0.31905
548,2029.8,0.032866,-0.0056693,-0.31905
549,0,-0.039656,-0.0097914,0.081666
549,312,-0.039656,-0.0097914,0.081666
549,328,-0.039656,-0.0097914,0.081666
549,336,-0.039656,-0.0097914,0.081666
549,1683.8,-0.039656,-0.0097914,0.081666
549,1696.3,-0.039656,-0.0097914,0.081666
549,1707.8,-0.039656,-0.0097914,0.081666
549,2255.5,-0.039656,-0.0097914,0.081666
549,2320.6,-0.039656,-0.0097914,0.081666
550,0,-0.013416,0.022291,0.34637
550,317,-0.013416,0.022291,0.34637
550,341,-0.013416,0.022291,0.34637
550,1008,-0.013416,0.022291,0.34637
550,1661,-0.013416,0.022291,0.34637
550,1672.7,-0.013416,0.022291,0.34637
551,0,-0.032389,0.011334,0.23993
551,312.5,-0.032389,0.011334,0.23993
551,328.33,-0.032389,0.011334,0.23993
551,336.5,-0.032389,0.011334,0.23993
551,648.5,-0.032389,0.011334,0.23993
551,664.92,-0.032389,0.011334,0.23993
552,0,0.0042982,-0.017888,-0.57965
552,289.37,0.0042982,-0.017888,-0.57965
552,302.87,0.0042982,-0.017888,-0.57965
552,313.37,0.0042982,-0.017888,-0.57965
552,1464.6,0.0042982,-0.017888,-0.57965
552,1480.6,0.0042982,-0.017888,-0.57965
552,1488.6,0.0042982,-0.017888,-0.57965
552,1992.9,0.0042982,-0.017888,-0.57965
552,2008.1,0.0042982,-0.017888,-0.57965
553,0,-0.030135,-0.015758,-0.014518
553,312,-0.030135,-0.015758,-0.014518
553,328,-0.030135,-0.015758,-0.014518
553,336,-0.030135,-0.015758,-0.014518
553,1489.5,-0.030135,-0.015758,-0.014518
553,1503.5,-0.030135,-0.015758,-0.014518
553,1513.5,-0.030135,-0.015758,-0.014518
553,1559.5,-0.030135,-0.015758,-0.014518
553,1967.5,-0.030135,-0.015758,-0.014518
553,2010.6,-0.030135,-0.015758,-0.014518
554,0,-0.075094,0.026199,0.43463
554,288,-0.075094,0.026199,0.43463
554,303.9,-0.075094,0.026199,0.43463
554,312,-0.075094,0.026199,0.43463
554,695.25,-0.075094,0.026199,0.43463
554,1968.2,-0.075094,0.026199,0.43463
554,1983.9,-0.075094,0.026199,0.43463
555,0,0.092302,0.010742,0.0048513
555,310.25,0.092302,0.010742,0.0048513
555,320.17,0.092302,0.010742,0.0048513
555,334.25,0.092302,0.010742,0.0048513
555,379.5,0.092302,0.010742,0.0048513
555,667.5,0.092302,0.010742,0.0048513
555,1437.5,0.092302,0.010742,0.0048513
555,1448.9,0.092302,0.010742,0.0048513
556,0,0.0042028,0.0089321,0.1093
556,313,0.0042028,0.0089321,0.1093
556,328.55,0.0042028,0.0089321,0.1093
556,337,0.0042028,0.0089321,0.1093
556,1489,0.0042028,0.0089321,0.1093
556,1504.7,0.0042028,0.0089321,0.1093
556,1513,0.0042028,0.0089321,0.1093
556,2042,0.0042028,0.0089321,0.1093
556,2056.8,0.0042028,0.0089321,0.1093
557,0,-0.1284,0.032638,0.51563
557,312.92,-0.1284,0.032638,0.51563
557,329.25,-0.1284,0.032638,0.51563
557,336.92,-0.1284,0.032638,0.51563
557,1466.4,-0.1284,0.032638,0.51563
557,1481.4,-0.1284,0.032638,0.51563
557,1490.4,-0.1284,0.032638,0.51563
557,1969.9,-0.1284,0.032638,0.51563
557,1985.5,-0.1284,0.032638,0.51563
558,0,0.00027187,-0.0097738,-0.17487
558,312,0.00027187,-0.0097738,-0.17487
558,324.75,0.00027187,-0.0097738,-0.17487
559,0,-0.10407,-0.056545,-0.31305
559,312,-0.10407,-0.056545,-0.31305
559,324.5,-0.10407,-0.056545,-0.31305
559,336,-0.10407,-0.056545,-0.31305
559,984,-0.10407,-0.056545,-0.31305
559,1020,-0.10407,-0.056545,-0.31305
560,0,0.0032998,-0.0085086,-0.16689
560,337.5,0.0032998,-0.0085086,-0.16689
560,351,0.0032998,-0.0085086,-0.16689
560,361.5,0.0032998,-0.0085086,-0.16689
560,624,0.0032998,-0.0085086,-0.16689
560,1248,0.0032998,-0.0085086,-0.16689
560,1298,0.0032998,-0.0085086,-0.16689
561,0,-0.068642,0.03001,0.50649
561,311.83,-0.068642,0.03001,0.50649
561,327.8,-0.068642,0.03001,0.50649
561,335.83,-0.068642,0.03001,0.50649
561,1489.5,-0.068642,0.03001,0.50649
561,1504.1,-0.068642,0.03001,0.50649
561,1513.5,-0.068642,0.03001,0.50649
561,1994.5,-0.068642,0.03001,0.50649
561,2008,-0.068642,0.03001,0.50649
562,0,-0.0028561,0.010755,0.17849
562,311.5,-0.0028561,0.010755,0.17849
562,325.42,-0.0028561,0.010755,0.17849
562,335.5,-0.0028561,0.010755,0.17849
562,383.5,-0.0028561,0.010755,0.17849
562,719.5,-0.0028561,0.010755,0.17849
562,1055.5,-0.0028561,0.010755,0.17849
562,1583.5,-0.0028561,0.010755,0.17849
562,1968,-0.0028561,0.010755,0.17849
563,0,-0.0081387,0.028185,0.3237
563,313.25,-0.0081387,0.028185,0.3237
563,324.58,-0.0081387,0.028185,0.3237
563,337.25,-0.0081387,0.028185,0.3237
563,1489.5,-0.0081387,0.028185,0.3237
563,1500.4,-0.0081387,0.028185,0.3237
564,0,-0.11023,0.11411,0.85089
564,309.58,-0.11023,0.11411,0.85089
564,323.58,-0.11023,0.11411,0.85089
564,333.58,-0.11023,0.11411,0.85089
564,1125.1,-0.11023,0.11411,0.85089
564,1485.6,-0.11023,0.11411,0.85089
564,1499.1,-0.11023,0.11411,0.85089
564,1509.6,-0.11023,0.11411,0.85089
564,1581.1,-0.11023,0.11411,0.85089
564,2060.6,-0.11023,0.11411,0.85089
564,2077.8,-0.11023,0.11411,0.85089
565,0,-0.020498,0.020623,0.33136
565,335.92,-0.020498,0.020623,0.33136
565,351.42,-0.020498,0.020623,0.33136
565,359.92,-0.020498,0.020623,0.33136
565,1511.9,-0.020498,0.020623,0.33136
565,1527.3,-0.020498,0.020623,0.33136
565,1535.9,-0.020498,0.020623,0.33136
565,1991.9,-0.020498,0.020623,0.33136
565,2007.3,-0.020498,0.020623,0.33136
566,0,0.12105,0.0053675,-0.23512
566,312,0.12105,0.0053675,-0.23512
566,323.83,0.12105,0.0053675,-0.23512
566,336,0.12105,0.0053675,-0.23512
566,814.33,0.12105,0.0053675,-0.23512
566,1054.3,0.12105,0.0053675,-0.23512
566,1463.3,0.12105,0.0053675,-0.23512
566,1485.1,0.12105,0.0053675,-0.23512
566,1487.3,0.12105,0.0053675,-0.23512
566,1534.3,0.12105,0.0053675,-0.23512
566,1990.8,0.12105,0.0053675,-0.23512
566,2003.5,0.12105,0.0053675,-0.23512
567,0,0.028857,-0.014362,-0.86063
567,312,0.028857,-0.014362,-0.86063
567,336,0.028857,-0.014362,-0.86063
567,1440,0.028857,-0.014362,-0.86063
567,1456.6,0.028857,-0.014362,-0.86063
567,1464,0.028857,-0.014362,-0.86063
567,1990,0.028857,-0.014362,-0.86063
567,2006.8,0.028857,-0.014362,-0.86063
568,0,-0.13325,0.022215,0.58301
568,312,-0.13325,0.022215,0.58301
568,332.67,-0.13325,0.022215,0.58301
568,336,-0.13325,0.022215,0.58301
568,743,-0.13325,0.022215,0.58301
568,1488,-0.13325,0.022215,0.58301
568,1508.6,-0.13325,0.022215,0.58301
568,1512,-0.13325,0.022215,0.58301
568,1992,-0.13325,0.022215,0.58301
568,2006.2,-0.13325,0.022215,0.58301
569,0,-0.042544,0.012503,0.26567
569,316.5,-0.042544,0.012503,0.26567
569,334.75,-0.042544,0.012503,0.26567
570,0,0.010224,-0.0034853,-0.090344
570,337,0.010224,-0.0034853,-0.090344
570,355.8,0.010224,-0.0034853,-0.090344
571,0,-0.083264,0.027572,0.31408
571,313,-0.083264,0.027572,0.31408
571,325.17,-0.083264,0.027572,0.31408
571,337,-0.083264,0.027572,0.31408
571,1512,-0.083264,0.027572,0.31408
571,1524.8,-0.083264,0.027572,0.31408
571,1536,-0.083264,0.027572,0.31408
571,1583,-0.083264,0.027572,0.31408
571,2039,-0.083264,0.027572,0.31408
571,2052.8,-0.083264,0.027572,0.31408
572,0,-0.037835,0.0019602,0.15808
572,335.5,-0.037835,0.0019602,0.15808
572,348.83,-0.037835,0.0019602,0.15808
572,359.5,-0.037835,0.0019602,0.15808
572,1501.5,-0.037835,0.0019602,0.15808
572,1525.8,-0.037835,0.0019602,0.15808
572,1992.5,-0.037835,0.0019602,0.15808
572,2004.8,-0.037835,0.0019602,0.15808
573,0,-0.0077189,-0.032632,-0.088794
573,361,-0.0077189,-0.032632,-0.088794
573,373.5,-0.0077189,-0.032632,-0.088794
573,385,-0.0077189,-0.032632,-0.088794
573,1512,-0.0077189,-0.032632,-0.088794
573,1524.8,-0.0077189,-0.032632,-0.088794
573,1536,-0.0077189,-0.032632,-0.088794
573,2017,-0.0077189,-0.032632,-0.088794
573,2029.5,-0.0077189,-0.032632,-0.088794
574,0,-0.005243,-0.018717,-0.34926
574,288.75,-0.005243,-0.018717,-0.34926
574,302.25,-0.005243,-0.018717,-0.34926
575,0,-0.024902,-0.018198,-0.31928
575,311,-0.024902,-0.018198,-0.31928
575,324.75,-0.024902,-0.018198,-0.31928
575,335,-0.024902,-0.018198,-0.31928
575,1511.1,-0.024902,-0.018198,-0.31928
575,1535.1,-0.024902,-0.018198,-0.31928
575,2039,-0.024902,-0.018198,-0.31928
575,2054.5,-0.024902,-0.018198,-0.31928
576,0,0.018503,-0.008677,-0.3096
576,328,0.018503,-0.008677,-0.3096
576,352,0.018503,-0.008677,-0.3096
576,1511.5,0.018503,-0.008677,-0.3096
576,1535.5,0.018503,-0.008677,-0.3096
576,2017,0.018503,-0.008677,-0.3096
576,2032.2,0.018503,-0.008677,-0.3096
577,0,-0.012365,0.005564,0.13096
577,314,-0.012365,0.005564,0.13096
577,328.17,-0.012365,0.005564,0.13096
577,338,-0.012365,0.005564,0.13096
577,1489,-0.012365,0.005564,0.13096
577,1507.5,-0.012365,0.005564,0.13096
577,1513,-0.012365,0.005564,0.13096
577,1560,-0.012365,0.005564,0.13096
577,1994.5,-0.012365,0.005564,0.13096
577,2009.3,-0.012365,0.005564,0.13096
578,0,-0.012054,0.01045,0.16766
578,361.5,-0.012054,0.01045,0.16766
578,374.58,-0.012054,0.01045,0.16766
578,385.5,-0.012054,0.01045,0.16766
578,1680,-0.012054,0.01045,0.16766
578,1693.3,-0.012054,0.01045,0.16766
578,1704,-0.012054,0.01045,0.16766
578,2234.5,-0.012054,0.01045,0.16766
578,2246.8,-0.012054,0.01045,0.16766
579,0,0.017358,0.0080071,0.095046
579,309,0.017358,0.0080071,0.095046
579,325.33,0.017358,0.0080071,0.095046
579,333,0.017358,0.0080071,0.095046
579,1652,0.017358,0.0080071,0.095046
579,1669.5,0.017358,0.0080071,0.095046
579,1676,0.017358,0.0080071,0.095046
579,2156,0.017358,0.0080071,0.095046
579,2173.3,0.017358,0.0080071,0.095046
580,0,0.0016852,-0.019483,-0.099645
580,312,0.0016852,-0.019483,-0.099645
580,328.42,0.0016852,-0.019483,-0.099645
580,336,0.0016852,-0.019483,-0.099645
580,1056,0.0016852,-0.019483,-0.099645
580,1536,0.0016852,-0.019483,-0.099645
580,1552.6,0.0016852,-0.019483,-0.099645
580,1560,0.0016852,-0.019483,-0.099645
580,2040,0.0016852,-0.019483,-0.099645
580,2056.2,0.0016852,-0.019483,-0.099645
581,0,-0.027624,-0.019978,-0.40033
581,670.5,-0.027624,-0.019978,-0.40033
581,691.5,-0.027624,-0.019978,-0.40033
581,694.5,-0.027624,-0.019978,-0.40033
581,1487,-0.027624,-0.019978,-0.40033
581,1500,-0.027624,-0.019978,-0.40033
581,1511,-0.027624,-0.019978,-0.40033
581,1991.5,-0.027624,-0.019978,-0.40033
581,2004,-0.027624,-0.019978,-0.40033
582,0,-0.071485,-0.0023835,0.25335
582,310,-0.071485,-0.0023835,0.25335
582,331.5,-0.071485,-0.0023835,0.25335
582,334,-0.071485,-0.0023835,0.25335
582,1486,-0.071485,-0.0023835,0.25335
582,1506.7,-0.071485,-0.0023835,0.25335
582,1510,-0.071485,-0.0023835,0.25335
582,1558,-0.071485,-0.0023835,0.25335
582,1990.5,-0.071485,-0.0023835,0.25335
582,2006.2,-0.071485,-0.0023835,0.25335
583,0,0.010237,-0.0015576,-0.072695
583,312,0.010237,-0.0015576,-0.072695
583,325.5,0.010237,-0.0015576,-0.072695
583,336,0.010237,-0.0015576,-0.072695
583,1487,0.010237,-0.0015576,-0.072695
583,1511,0.010237,-0.0015576,-0.072695
583,2015,0.010237,-0.0015576,-0.072695
583,2034.2,0.010237,-0.0015576,-0.072695
584,0,0.023762,-0.016278,-0.27201
584,312,0.023762,-0.016278,-0.27201
584,330.75,0.023762,-0.016278,-0.27201
584,336,0.023762,-0.016278,-0.27201
584,1055,0.023762,-0.016278,-0.27201
584,2014,0.023762,-0.016278,-0.27201
584,2034.5,0.023762,-0.016278,-0.27201
585,0,0.019491,-0.017822,-0.31192
585,312,0.019491,-0.017822,-0.31192
585,331,0.019491,-0.017822,-0.31192
585,336,0.019491,-0.017822,-0.31192
585,408,0.019491,-0.017822,-0.31192
585,768,0.019491,-0.017822,-0.31192
585,1176,0.019491,-0.017822,-0.31192
585,1464,0.019491,-0.017822,-0.31192
585,1483,0.019491,-0.017822,-0.31192
585,1488,0.019491,-0.017822,-0.31192
585,1992,0.019491,-0.017822,-0.31192
585,2011.5,0.019491,-0.017822,-0.31192
586,0,0.024239,-0.010617,-0.35354
586,308.5,0.024239,-0.010617,-0.35354
586,330.5,0.024239,-0.010617,-0.35354
586,332.5,0.024239,-0.010617,-0.35354
586,428,0.024239,-0.010617,-0.35354
586,692,0.024239,-0.010617,-0.35354
586,1196,0.024239,-0.010617,-0.35354
586,1558,0.024239,-0.010617,-0.35354
586,1606,0.024239,-0.010617,-0.35354
586,1772,0.024239,-0.010617,-0.35354
586,1942,0.024239,-0.010617,-0.35354
587,0,-0.010507,0.002203,0.062825
587,312,-0.010507,0.002203,0.062825
587,331.18,-0.010507,0.002203,0.062825
587,336,-0.010507,0.002203,0.062825
587,1466.2,-0.010507,0.002203,0.062825
587,1477.2,-0.010507,0.002203,0.062825
587,1490.2,-0.010507,0.002203,0.062825
587,1535,-0.010507,0.002203,0.062825
587,2113,-0.010507,0.002203,0.062825
587,2134.4,-0.010507,0.002203,0.062825
588,0,0.0043157,0.013822,0.28471
588,312.5,0.0043157,0.013822,0.28471
588,324.33,0.0043157,0.013822,0.28471
588,336.5,0.0043157,0.013822,0.28471
588,1511.5,0.0043157,0.013822,0.28471
588,1524.2,0.0043157,0.013822,0.28471
588,1535.5,0.0043157,0.013822,0.28471
588,2040.5,0.0043157,0.013822,0.28471
588,2050.8,0.0043157,0.013822,0.28471
589,0,0.021076,-0.0082827,-0.3171
589,334.5,0.021076,-0.0082827,-0.3171
589,358.5,0.021076,-0.0082827,-0.3171
589,1511,0.021076,-0.0082827,-0.3171
589,1535,0.021076,-0.0082827,-0.3171
589,2042,0.021076,-0.0082827,-0.3171
589,2058.1,0.021076,-0.0082827,-0.3171
590,0,0.0060588,-0.011681,-0.23353
590,312,0.0060588,-0.011681,-0.23353
590,326.33,0.0060588,-0.011681,-0.23353
590,336,0.0060588,-0.011681,-0.23353
590,1488,0.0060588,-0.011681,-0.23353
590,1512,0.0060588,-0.011681,-0.23353
590,2008,0.0060588,-0.011681,-0.23353
591,0,0.032018,-0.0022389,-0.31753
591,312,0.032018,-0.0022389,-0.31753
591,333.25,0.032018,-0.0022389,-0.31753
591,336,0.032018,-0.0022389,-0.31753
591,1488,0.032018,-0.0022389,-0.31753
591,1508.5,0.032018,-0.0022389,-0.31753
591,1512,0.032018,-0.0022389,-0.31753
591,1559,0.032018,-0.0022389,-0.31753
591,2016,0.032018,-0.0022389,-0.31753
592,0,-0.024164,-0.025733,-0.39667
592,313.5,-0.024164,-0.025733,-0.39667
592,324,-0.024164,-0.025733,-0.39667
592,337.5,-0.024164,-0.025733,-0.39667
592,1488.5,-0.024164,-0.025733,-0.39667
592,1500,-0.024164,-0.025733,-0.39667
592,1512.5,-0.024164,-0.025733,-0.39667
592,1992.5,-0.024164,-0.025733,-0.39667
592,2004,-0.024164,-0.025733,-0.39667
593,0,-0.047229,0.013776,0.10855
593,337,-0.047229,0.013776,0.10855
593,351.08,-0.047229,0.013776,0.10855
593,361,-0.047229,0.013776,0.10855
593,1512,-0.047229,0.013776,0.10855
593,1525.9,-0.047229,0.013776,0.10855
593,1536,-0.047229,0.013776,0.10855
593,2016,-0.047229,0.013776,0.10855
593,2028.9,-0.047229,0.013776,0.10855
594,0,-0.00086521,0.023462,0.30642
594,336,-0.00086521,0.023462,0.30642
594,346.5,-0.00086521,0.023462,0.30642
595,0,-0.28852,0.13876,1.0892
595,312.5,-0.28852,0.13876,1.0892
595,323.67,-0.28852,0.13876,1.0892
595,336.5,-0.28852,0.13876,1.0892
595,474.75,-0.28852,0.13876,1.0892
595,481.75,-0.28852,0.13876,1.0892
596,0,-0.025171,-0.024949,-0.50525
596,312.5,-0.025171,-0.024949,-0.50525
596,324.5,-0.025171,-0.024949,-0.50525
596,336.5,-0.025171,-0.024949,-0.50525
596,1465,-0.025171,-0.024949,-0.50525
596,1505.5,-0.025171,-0.024949,-0.50525
596,1981.5,-0.025171,-0.024949,-0.50525
597,0,-0.056901,0.01323,0.16492
597,216.83,-0.056901,0.01323,0.16492
597,237.42,-0.056901,0.01323,0.16492
597,240.83,-0.056901,0.01323,0.16492
597,1418.3,-0.056901,0.01323,0.16492
597,1437.6,-0.056901,0.01323,0.16492
597,1442.3,-0.056901,0.01323,0.16492
597,2064.8,-0.056901,0.01323,0.16492
597,2085.8,-0.056901,0.01323,0.16492
598,0,-0.023604,0.0050679,0.12136
598,216,-0.023604,0.0050679,0.12136
598,238,-0.023604,0.0050679,0.12136
598,240,-0.023604,0.0050679,0.12136
598,619,-0.023604,0.0050679,0.12136
598,1150,-0.023604,0.0050679,0.12136
598,1171,-0.023604,0.0050679,0.12136
599,0,-0.015542,-0.003043,0.084896
599,312,-0.015542,-0.003043,0.084896
599,332,-0.015542,-0.003043,0.084896
599,336,-0.015542,-0.003043,0.084896
599,1488.5,-0.015542,-0.003043,0.084896
599,1512.5,-0.015542,-0.003043,0.084896
599,1992,-0.015542,-0.003043,0.084896
599,2013,-0.015542,-0.003043,0.084896
600,0,-0.087955,0.015238,0.42682
600,309.42,-0.087955,0.015238,0.42682
600,333.5,-0.087955,0.015238,0.42682
600,382,-0.087955,0.015238,0.42682
600,816,-0.087955,0.015238,0.42682
601,0,0.048639,-0.0093808,-0.88981
601,311.5,0.048639,-0.0093808,-0.88981
601,330,0.048639,-0.0093808,-0.88981
601,335.5,0.048639,-0.0093808,-0.88981
601,1488.1,0.048639,-0.0093808,-0.88981
601,1512.1,0.048639,-0.0093808,-0.88981
601,1990.9,0.048639,-0.0093808,-0.88981
601,2012.3,0.048639,-0.0093808,-0.88981
602,0,-0.03616,0.014932,0.11669
602,22.67,-0.03616,0.014932,0.11669
602,432.58,-0.03616,0.014932,0.11669
602,1897,-0.03616,0.014932,0.11669
602,1921,-0.03616,0.014932,0.11669
602,2403.6,-0.03616,0.014932,0.11669
603,0,0.033407,0.010534,0.10594
603,311.5,0.033407,0.010534,0.10594
603,326.5,0.033407,0.010534,0.10594
603,335.5,0.033407,0.010534,0.10594
603,1487.5,0.033407,0.010534,0.10594
603,1506,0.033407,0.010534,0.10594
603,1511.5,0.033407,0.010534,0.10594
603,1982.8,0.033407,0.010534,0.10594
603,2012.8,0.033407,0.010534,0.10594
604,0,-0.045835,0.013397,0.30497
604,335,-0.045835,0.013397,0.30497
604,354.67,-0.045835,0.013397,0.30497
604,359,-0.045835,0.013397,0.30497
604,1488,-0.045835,0.013397,0.30497
604,1512,-0.045835,0.013397,0.30497
604,1990,-0.045835,0.013397,0.30497
605,0,-0.022048,0.0039268,0.15476
605,332.58,-0.022048,0.0039268,0.15476
605,356.58,-0.022048,0.0039268,0.15476
605,1507.4,-0.022048,0.0039268,0.15476
605,1531,-0.022048,0.0039268,0.15476
605,1531.4,-0.022048,0.0039268,0.15476
605,1940.3,-0.022048,0.0039268,0.15476
606,0,-0.13126,0.016127,0.42512
606,313.67,-0.13126,0.016127,0.42512
606,335.53,-0.13126,0.016127,0.42512
606,337.67,-0.13126,0.016127,0.42512
606,1488,-0.13126,0.016127,0.42512
606,1507.6,-0.13126,0.016127,0.42512
606,1512,-0.13126,0.016127,0.42512
606,1994,-0.13126,0.016127,0.42512
607,0,-0.017632,0.0073466,0.18223
607,308.92,-0.017632,0.0073466,0.18223
607,331.58,-0.017632,0.0073466,0.18223
607,332.92,-0.017632,0.0073466,0.18223
607,1485.6,-0.017632,0.0073466,0.18223
607,1504,-0.017632,0.0073466,0.18223
607,1509.6,-0.017632,0.0073466,0.18223
607,1988.5,-0.017632,0.0073466,0.18223
608,0,-0.050594,0.021271,0.43371
608,313,-0.050594,0.021271,0.43371
608,329,-0.050594,0.021271,0.43371
608,337,-0.050594,0.021271,0.43371
608,1488,-0.050594,0.021271,0.43371
608,1504.5,-0.050594,0.021271,0.43371
609,0,-0.12782,0.049668,0.69349
609,335,-0.12782,0.049668,0.69349
609,351.42,-0.12782,0.049668,0.69349
609,359,-0.12782,0.049668,0.69349
609,1489,-0.12782,0.049668,0.69349
609,1513,-0.12782,0.049668,0.69349
609,2019.5,-0.12782,0.049668,0.69349
609,2033.9,-0.12782,0.049668,0.69349
610,0,-0.030899,0.0029796,0.12116
610,47,-0.030899,0.0029796,0.12116
610,120,-0.030899,0.0029796,0.12116
610,158.7,-0.030899,0.0029796,0.12116
611,0,-0.064421,-0.037104,-0.76519
611,336.67,-0.064421,-0.037104,-0.76519
611,349.42,-0.064421,-0.037104,-0.76519
611,360.67,-0.064421,-0.037104,-0.76519
611,765.67,-0.064421,-0.037104,-0.76519
611,1293.7,-0.064421,-0.037104,-0.76519
611,1488.7,-0.064421,-0.037104,-0.76519
611,1512.7,-0.064421,-0.037104,-0.76519
611,2041.2,-0.064421,-0.037104,-0.76519
611,2052.5,-0.064421,-0.037104,-0.76519
612,0,0.020813,-0.012394,-0.47369
612,311,0.020813,-0.012394,-0.47369
612,326.75,0.020813,-0.012394,-0.47369
612,335,0.020813,-0.012394,-0.47369
612,359.5,0.020813,-0.012394,-0.47369
612,383.5,0.020813,-0.012394,-0.47369
612,1487.5,0.020813,-0.012394,-0.47369
612,1504.3,0.020813,-0.012394,-0.47369
612,1511.5,0.020813,-0.012394,-0.47369
612,1992,0.020813,-0.012394,-0.47369
613,0,0.0010633,-0.00050052,-0.010596
613,312,0.0010633,-0.00050052,-0.010596
613,328.5,0.0010633,-0.00050052,-0.010596
613,336,0.0010633,-0.00050052,-0.010596
613,1199.5,0.0010633,-0.00050052,-0.010596
614,0,-0.0014963,-0.026719,-0.51481
614,336,-0.0014963,-0.026719,-0.51481
614,353,-0.0014963,-0.026719,-0.51481
614,360,-0.0014963,-0.026719,-0.51481
614,1512,-0.0014963,-0.026719,-0.51481
614,1527.3,-0.0014963,-0.026719,-0.51481
614,1536,-0.0014963,-0.026719,-0.51481
614,2040,-0.0014963,-0.026719,-0.51481
614,2056.8,-0.0014963,-0.026719,-0.51481
615,0,-0.0022709,-0.012271,-0.339
615,311.8,-0.0022709,-0.012271,-0.339
615,331.3,-0.0022709,-0.012271,-0.339
615,335.8,-0.0022709,-0.012271,-0.339
615,1055.8,-0.0022709,-0.012271,-0.339
615,1079.8,-0.0022709,-0.012271,-0.339
615,1487.8,-0.0022709,-0.012271,-0.339
615,1504.5,-0.0022709,-0.012271,-0.339
616,0,-0.013921,0.033527,0.44855
616,311.5,-0.013921,0.033527,0.44855
616,324.25,-0.013921,0.033527,0.44855
616,335.5,-0.013921,0.033527,0.44855
616,1487.7,-0.013921,0.033527,0.44855
616,1500.5,-0.013921,0.033527,0.44855
616,1511.7,-0.013921,0.033527,0.44855
616,1991.5,-0.013921,0.033527,0.44855
616,2004.5,-0.013921,0.033527,0.44855
617,0,-0.013111,-0.017588,-0.41192
617,336,-0.013111,-0.017588,-0.41192
617,350.42,-0.013111,-0.017588,-0.41192
617,360,-0.013111,-0.017588,-0.41192
617,1489.5,-0.013111,-0.017588,-0.41192
617,1502.8,-0.013111,-0.017588,-0.41192
617,1513.5,-0.013111,-0.017588,-0.41192
617,1993.5,-0.013111,-0.017588,-0.41192
617,2030.8,-0.013111,-0.017588,-0.41192
618,0,-0.021652,-0.022504,-0.51364
618,287,-0.021652,-0.022504,-0.51364
618,302.83,-0.021652,-0.022504,-0.51364
618,311,-0.021652,-0.022504,-0.51364
618,1465,-0.021652,-0.022504,-0.51364
618,1489,-0.021652,-0.022504,-0.51364
618,1969,-0.021652,-0.022504,-0.51364
619,0,-0.10161,0.004204,0.37401
619,284.5,-0.10161,0.004204,0.37401
619,299.67,-0.10161,0.004204,0.37401
619,308.5,-0.10161,0.004204,0.37401
619,1485,-0.10161,0.004204,0.37401
619,1499.1,-0.10161,0.004204,0.37401
619,1509,-0.10161,0.004204,0.37401
619,2061.5,-0.10161,0.004204,0.37401
619,2080.8,-0.10161,0.004204,0.37401
620,0,-0.079411,-0.033334,-0.12122
620,480,-0.079411,-0.033334,-0.12122
620,500.25,-0.079411,-0.033334,-0.12122
620,504,-0.079411,-0.033334,-0.12122
620,1344,-0.079411,-0.033334,-0.12122
620,1609.8,-0.079411,-0.033334,-0.12122
620,1623.3,-0.079411,-0.033334,-0.12122
620,1633.8,-0.079411,-0.033334,-0.12122
620,1776,-0.079411,-0.033334,-0.12122
620,2088,-0.079411,-0.033334,-0.12122
621,0,0.059027,0.0079547,-0.039384
621,310.08,0.059027,0.0079547,-0.039384
621,324.58,0.059027,0.0079547,-0.039384
621,334.08,0.059027,0.0079547,-0.039384
621,1500.3,0.059027,0.0079547,-0.039384
621,1524.3,0.059027,0.0079547,-0.039384
621,1580.3,0.059027,0.0079547,-0.039384
621,2013.3,0.059027,0.0079547,-0.039384
621,2028.4,0.059027,0.0079547,-0.039384
622,0,-0.12527,-0.0053758,0.37487
622,311.5,-0.12527,-0.0053758,0.37487
622,328,-0.12527,-0.0053758,0.37487
622,335.5,-0.12527,-0.0053758,0.37487
622,1487.5,-0.12527,-0.0053758,0.37487
622,1503.8,-0.12527,-0.0053758,0.37487
622,1511.5,-0.12527,-0.0053758,0.37487
622,2015.5,-0.12527,-0.0053758,0.37487
622,2031.5,-0.12527,-0.0053758,0.37487
623,0,0.0066093,-0.0023935,-0.14865
623,287,0.0066093,-0.0023935,-0.14865
623,308,0.0066093,-0.0023935,-0.14865
623,311,0.0066093,-0.0023935,-0.14865
623,696,0.0066093,-0.0023935,-0.14865
623,1224,0.0066093,-0.0023935,-0.14865
623,1632.8,0.0066093,-0.0023935,-0.14865
623,1652,0.0066093,-0.0023935,-0.14865
623,1656.8,0.0066093,-0.0023935,-0.14865
623,1704,0.0066093,-0.0023935,-0.14865
623,2136,0.0066093,-0.0023935,-0.14865
623,2156.2,0.0066093,-0.0023935,-0.14865
624,0,0.0045659,-0.024882,-0.61722
624,312.5,0.0045659,-0.024882,-0.61722
624,329.75,0.0045659,-0.024882,-0.61722
624,336.5,0.0045659,-0.024882,-0.61722
624,1547.5,0.0045659,-0.024882,-0.61722
624,1992.5,0.0045659,-0.024882,-0.61722
624,2005.8,0.0045659,-0.024882,-0.61722
625,0,-0.036615,0.0071044,0.20219
625,357,-0.036615,0.0071044,0.20219
625,378.68,-0.036615,0.0071044,0.20219
625,381,-0.036615,0.0071044,0.20219
625,1485,-0.036615,0.0071044,0.20219
625,1509,-0.036615,0.0071044,0.20219
625,2016,-0.036615,0.0071044,0.20219
625,2034.8,-0.036615,0.0071044,0.20219
626,0,-0.23186,0.036418,0.18688
626,311,-0.23186,0.036418,0.18688
626,331.85,-0.23186,0.036418,0.18688
626,335,-0.23186,0.036418,0.18688
626,1055,-0.23186,0.036418,0.18688
626,1486.2,-0.23186,0.036418,0.18688
626,1510.2,-0.23186,0.036418,0.18688
626,1990.5,-0.23186,0.036418,0.18688
626,2014.5,-0.23186,0.036418,0.18688
627,0,-0.2078,0.082111,0.40714
627,311.75,-0.2078,0.082111,0.40714
627,337,-0.2078,0.082111,0.40714
627,1513.5,-0.2078,0.082111,0.40714
627,1531.8,-0.2078,0.082111,0.40714
627,1537.5,-0.2078,0.082111,0.40714
627,1945.5,-0.2078,0.082111,0.40714
627,1967,-0.2078,0.082111,0.40714
628,0,-0.11193,0.035591,0.58016
628,336,-0.11193,0.035591,0.58016
628,352.87,-0.11193,0.035591,0.58016
628,360,-0.11193,0.035591,0.58016
628,1461.5,-0.11193,0.035591,0.58016
628,1476.8,-0.11193,0.035591,0.58016
628,1485.5,-0.11193,0.035591,0.58016
628,1629,-0.11193,0.035591,0.58016
628,1847,-0.11193,0.035591,0.58016
629,0,-0.0055428,-0.013241,-0.050473
629,313.17,-0.0055428,-0.013241,-0.050473
629,326.67,-0.0055428,-0.013241,-0.050473
629,337.17,-0.0055428,-0.013241,-0.050473
629,1491,-0.0055428,-0.013241,-0.050473
629,1515,-0.0055428,-0.013241,-0.050473
629,1970.5,-0.0055428,-0.013241,-0.050473
629,1986.1,-0.0055428,-0.013241,-0.050473
630,0,0.0032787,-0.022272,-0.51361
630,312,0.0032787,-0.022272,-0.51361
630,328.02,0.0032787,-0.022272,-0.51361
631,0,-0.023757,0.0043322,0.14751
631,1968,-0.023757,0.0043322,0.14751
631,1989.6,-0.023757,0.0043322,0.14751
632,0,0.0060152,-0.0013781,-0.048816
632,1992,0.0060152,-0.0013781,-0.048816
632,2011.5,0.0060152,-0.0013781,-0.048816
633,0,-0.029721,-0.004963,0.18095
633,312.5,-0.029721,-0.004963,0.18095
633,326,-0.029721,-0.004963,0.18095
633,336.5,-0.029721,-0.004963,0.18095
633,1488.5,-0.029721,-0.004963,0.18095
633,1502.5,-0.029721,-0.004963,0.18095
633,1512.5,-0.029721,-0.004963,0.18095
633,1992.5,-0.029721,-0.004963,0.18095
633,2007.5,-0.029721,-0.004963,0.18095
634,0,0.041094,-0.0053245,-0.37751
634,311.08,0.041094,-0.0053245,-0.37751
634,331.58,0.041094,-0.0053245,-0.37751
634,335.08,0.041094,-0.0053245,-0.37751
634,1559.3,0.041094,-0.0053245,-0.37751
634,1579.8,0.041094,-0.0053245,-0.37751
634,1583.3,0.041094,-0.0053245,-0.37751
634,1629.3,0.041094,-0.0053245,-0.37751
634,1993.1,0.041094,-0.0053245,-0.37751
634,2011.2,0.041094,-0.0053245,-0.37751
635,0,-0.059142,0.04115,0.56271
635,334.95,-0.059142,0.04115,0.56271
635,1442.2,-0.059142,0.04115,0.56271
635,1454.7,-0.059142,0.04115,0.56271
635,1466.2,-0.059142,0.04115,0.56271
635,1993,-0.059142,0.04115,0.56271
635,2006.1,-0.059142,0.04115,0.56271
636,0,0.018681,-0.016043,-0.53354
636,287.75,0.018681,-0.016043,-0.53354
636,309.75,0.018681,-0.016043,-0.53354
636,311.75,0.018681,-0.016043,-0.53354
636,432.17,0.018681,-0.016043,-0.53354
636,448.5,0.018681,-0.016043,-0.53354
637,0,-0.032142,0.023987,0.35086
637,314,-0.032142,0.023987,0.35086
637,327.25,-0.032142,0.023987,0.35086
637,338,-0.032142,0.023987,0.35086
637,862,-0.032142,0.023987,0.35086
637,1298,-0.032142,0.023987,0.35086
637,1322,-0.032142,0.023987,0.35086
637,1946,-0.032142,0.023987,0.35086
