AGE,WEIGHT,HEIGHT,FAT,SCR,ALT,AST,ALP,ALBUMIN,BILIRUBIN,HISP,WHITE,AFRAMER,ASIAN,SEX,CLCR,BMI,OBESE,ID,AMT,TIME,ADDL,II,EVID,CMT,STUD,MDV,DV
36,131.3,186.8,58.6915,0.79,39,25,140,3.9,0.6,1,0,0,0,1,240.070323488045,37.6279867393587,1,1,129,0,.,.,1,1,1,1,.
36,131.3,186.8,58.6915,0.79,39,25,140,3.9,0.6,1,0,0,0,1,240.070323488045,37.6279867393587,1,1,129,24,.,.,1,1,1,1,.
36,131.3,186.8,58.6915,0.79,39,25,140,3.9,0.6,1,0,0,0,1,240.070323488045,37.6279867393587,1,1,.,47.98,.,.,0,2,1,0,0.0356850560741891
36,131.3,186.8,58.6915,0.79,39,25,140,3.9,0.6,1,0,0,0,1,240.070323488045,37.6279867393587,1,1,129,48,.,.,1,1,1,1,.
36,131.3,186.8,58.6915,0.79,39,25,140,3.9,0.6,1,0,0,0,1,240.070323488045,37.6279867393587,1,1,.,71.97,.,.,0,2,1,0,0.0401678787194936
36,131.3,186.8,58.6915,0.79,39,25,140,3.9,0.6,1,0,0,0,1,240.070323488045,37.6279867393587,1,1,129,72,.,.,1,1,1,1,.
36,131.3,186.8,58.6915,0.79,39,25,140,3.9,0.6,1,0,0,0,1,240.070323488045,37.6279867393587,1,1,129,96,.,.,1,1,1,1,.
36,131.3,186.8,58.6915,0.79,39,25,140,3.9,0.6,1,0,0,0,1,240.070323488045,37.6279867393587,1,1,.,119.97,.,.,0,2,1,0,0.0411731164436123
36,131.3,186.8,58.6915,0.79,39,25,140,3.9,0.6,1,0,0,0,1,240.070323488045,37.6279867393587,1,1,129,120,.,.,1,1,1,1,.
36,131.3,186.8,58.6915,0.79,39,25,140,3.9,0.6,1,0,0,0,1,240.070323488045,37.6279867393587,1,1,129,144,.,.,1,1,1,1,.
36,131.3,186.8,58.6915,0.79,39,25,140,3.9,0.6,1,0,0,0,1,240.070323488045,37.6279867393587,1,1,129,168,.,.,1,1,1,1,.
36,131.3,186.8,58.6915,0.79,39,25,140,3.9,0.6,1,0,0,0,1,240.070323488045,37.6279867393587,1,1,.,191.97,.,.,0,2,1,0,0.0358043129452303
36,131.3,186.8,58.6915,0.79,39,25,140,3.9,0.6,1,0,0,0,1,240.070323488045,37.6279867393587,1,1,129,192,.,.,1,1,1,1,.
36,131.3,186.8,58.6915,0.79,39,25,140,3.9,0.6,1,0,0,0,1,240.070323488045,37.6279867393587,1,1,129,216,.,.,1,1,1,1,.
36,131.3,186.8,58.6915,0.79,39,25,140,3.9,0.6,1,0,0,0,1,240.070323488045,37.6279867393587,1,1,129,240,.,.,1,1,1,1,.
36,131.3,186.8,58.6915,0.79,39,25,140,3.9,0.6,1,0,0,0,1,240.070323488045,37.6279867393587,1,1,.,263.97,.,.,0,2,1,0,0.0747588865374816
36,131.3,186.8,58.6915,0.79,39,25,140,3.9,0.6,1,0,0,0,1,240.070323488045,37.6279867393587,1,1,129,264,.,.,1,1,1,1,.
36,131.3,186.8,58.6915,0.79,39,25,140,3.9,0.6,1,0,0,0,1,240.070323488045,37.6279867393587,1,1,129,289,.,.,1,1,1,1,.
36,131.3,186.8,58.6915,0.79,39,25,140,3.9,0.6,1,0,0,0,1,240.070323488045,37.6279867393587,1,1,129,313,.,.,1,1,1,1,.
36,131.3,186.8,58.6915,0.79,39,25,140,3.9,0.6,1,0,0,0,1,240.070323488045,37.6279867393587,1,1,.,335.97,.,.,0,2,1,0,0.019897115251703
36,131.3,186.8,58.6915,0.79,39,25,140,3.9,0.6,1,0,0,0,1,240.070323488045,37.6279867393587,1,1,129,337,.,.,1,1,1,1,.
36,131.3,186.8,58.6915,0.79,39,25,140,3.9,0.6,1,0,0,0,1,240.070323488045,37.6279867393587,1,1,129,361,.,.,1,1,1,1,.
36,131.3,186.8,58.6915,0.79,39,25,140,3.9,0.6,1,0,0,0,1,240.070323488045,37.6279867393587,1,1,129,385,.,.,1,1,1,1,.
36,131.3,186.8,58.6915,0.79,39,25,140,3.9,0.6,1,0,0,0,1,240.070323488045,37.6279867393587,1,1,.,407.97,.,.,0,2,1,0,0.0655073801887618
36,131.3,186.8,58.6915,0.79,39,25,140,3.9,0.6,1,0,0,0,1,240.070323488045,37.6279867393587,1,1,129,409,.,.,1,1,1,1,.
36,131.3,186.8,58.6915,0.79,39,25,140,3.9,0.6,1,0,0,0,1,240.070323488045,37.6279867393587,1,1,129,433,.,.,1,1,1,1,.
36,131.3,186.8,58.6915,0.79,39,25,140,3.9,0.6,1,0,0,0,1,240.070323488045,37.6279867393587,1,1,129,457,.,.,1,1,1,1,.
36,131.3,186.8,58.6915,0.79,39,25,140,3.9,0.6,1,0,0,0,1,240.070323488045,37.6279867393587,1,1,.,479.97,.,.,0,2,1,0,0.0621868765137473
36,131.3,186.8,58.6915,0.79,39,25,140,3.9,0.6,1,0,0,0,1,240.070323488045,37.6279867393587,1,1,.,481,.,.,0,2,1,0,0.0717421901434429
36,131.3,186.8,58.6915,0.79,39,25,140,3.9,0.6,1,0,0,0,1,240.070323488045,37.6279867393587,1,1,129,481,.,.,1,1,1,1,.
36,131.3,186.8,58.6915,0.79,39,25,140,3.9,0.6,1,0,0,0,1,240.070323488045,37.6279867393587,1,1,.,482,.,.,0,2,1,0,0.198787788794567
36,131.3,186.8,58.6915,0.79,39,25,140,3.9,0.6,1,0,0,0,1,240.070323488045,37.6279867393587,1,1,.,483,.,.,0,2,1,0,0.173009337260347
36,131.3,186.8,58.6915,0.79,39,25,140,3.9,0.6,1,0,0,0,1,240.070323488045,37.6279867393587,1,1,.,484,.,.,0,2,1,0,0.28113843167285
36,131.3,186.8,58.6915,0.79,39,25,140,3.9,0.6,1,0,0,0,1,240.070323488045,37.6279867393587,1,1,.,485,.,.,0,2,1,0,0.264575673272785
36,131.3,186.8,58.6915,0.79,39,25,140,3.9,0.6,1,0,0,0,1,240.070323488045,37.6279867393587,1,1,.,486,.,.,0,2,1,0,0.182105974549768
36,131.3,186.8,58.6915,0.79,39,25,140,3.9,0.6,1,0,0,0,1,240.070323488045,37.6279867393587,1,1,.,487,.,.,0,2,1,0,0.0700281592713607
36,131.3,186.8,58.6915,0.79,39,25,140,3.9,0.6,1,0,0,0,1,240.070323488045,37.6279867393587,1,1,.,488,.,.,0,2,1,0,0.297008378755442
36,131.3,186.8,58.6915,0.79,39,25,140,3.9,0.6,1,0,0,0,1,240.070323488045,37.6279867393587,1,1,.,492,.,.,0,2,1,0,0.21308684560257
36,131.3,186.8,58.6915,0.79,39,25,140,3.9,0.6,1,0,0,0,1,240.070323488045,37.6279867393587,1,1,.,504,.,.,0,2,1,0,0.03371956572789
34,63.7,161.8,18.6908,0.78,21,23,38,4.5,1.1,0,0,0,0,2,102.196759259259,24.3322571625456,0,2,258,0,.,.,1,1,1,1,.
34,63.7,161.8,18.6908,0.78,21,23,38,4.5,1.1,0,0,0,0,2,102.196759259259,24.3322571625456,0,2,258,24,.,.,1,1,1,1,.
34,63.7,161.8,18.6908,0.78,21,23,38,4.5,1.1,0,0,0,0,2,102.196759259259,24.3322571625456,0,2,.,47.97,.,.,0,2,1,0,0.0932656080252441
34,63.7,161.8,18.6908,0.78,21,23,38,4.5,1.1,0,0,0,0,2,102.196759259259,24.3322571625456,0,2,258,48,.,.,1,1,1,1,.
34,63.7,161.8,18.6908,0.78,21,23,38,4.5,1.1,0,0,0,0,2,102.196759259259,24.3322571625456,0,2,.,71.97,.,.,0,2,1,0,0.123651211570646
34,63.7,161.8,18.6908,0.78,21,23,38,4.5,1.1,0,0,0,0,2,102.196759259259,24.3322571625456,0,2,258,72,.,.,1,1,1,1,.
34,63.7,161.8,18.6908,0.78,21,23,38,4.5,1.1,0,0,0,0,2,102.196759259259,24.3322571625456,0,2,258,96,.,.,1,1,1,1,.
34,63.7,161.8,18.6908,0.78,21,23,38,4.5,1.1,0,0,0,0,2,102.196759259259,24.3322571625456,0,2,258,120,.,.,1,1,1,1,.
34,63.7,161.8,18.6908,0.78,21,23,38,4.5,1.1,0,0,0,0,2,102.196759259259,24.3322571625456,0,2,.,120.05,.,.,0,2,1,0,0.177675417570034
34,63.7,161.8,18.6908,0.78,21,23,38,4.5,1.1,0,0,0,0,2,102.196759259259,24.3322571625456,0,2,258,144,.,.,1,1,1,1,.
34,63.7,161.8,18.6908,0.78,21,23,38,4.5,1.1,0,0,0,0,2,102.196759259259,24.3322571625456,0,2,258,168,.,.,1,1,1,1,.
34,63.7,161.8,18.6908,0.78,21,23,38,4.5,1.1,0,0,0,0,2,102.196759259259,24.3322571625456,0,2,.,191.97,.,.,0,2,1,0,0.284777365490314
34,63.7,161.8,18.6908,0.78,21,23,38,4.5,1.1,0,0,0,0,2,102.196759259259,24.3322571625456,0,2,258,192,.,.,1,1,1,1,.
34,63.7,161.8,18.6908,0.78,21,23,38,4.5,1.1,0,0,0,0,2,102.196759259259,24.3322571625456,0,2,258,216,.,.,1,1,1,1,.
34,63.7,161.8,18.6908,0.78,21,23,38,4.5,1.1,0,0,0,0,2,102.196759259259,24.3322571625456,0,2,258,240,.,.,1,1,1,1,.
34,63.7,161.8,18.6908,0.78,21,23,38,4.5,1.1,0,0,0,0,2,102.196759259259,24.3322571625456,0,2,258,264,.,.,1,1,1,1,.
34,63.7,161.8,18.6908,0.78,21,23,38,4.5,1.1,0,0,0,0,2,102.196759259259,24.3322571625456,0,2,258,289,.,.,1,1,1,1,.
34,63.7,161.8,18.6908,0.78,21,23,38,4.5,1.1,0,0,0,0,2,102.196759259259,24.3322571625456,0,2,258,313,.,.,1,1,1,1,.
34,63.7,161.8,18.6908,0.78,21,23,38,4.5,1.1,0,0,0,0,2,102.196759259259,24.3322571625456,0,2,.,335.97,.,.,0,2,1,0,0.25872294139406
34,63.7,161.8,18.6908,0.78,21,23,38,4.5,1.1,0,0,0,0,2,102.196759259259,24.3322571625456,0,2,258,337,.,.,1,1,1,1,.
34,63.7,161.8,18.6908,0.78,21,23,38,4.5,1.1,0,0,0,0,2,102.196759259259,24.3322571625456,0,2,258,361,.,.,1,1,1,1,.
34,63.7,161.8,18.6908,0.78,21,23,38,4.5,1.1,0,0,0,0,2,102.196759259259,24.3322571625456,0,2,258,385,.,.,1,1,1,1,.
34,63.7,161.8,18.6908,0.78,21,23,38,4.5,1.1,0,0,0,0,2,102.196759259259,24.3322571625456,0,2,.,407.97,.,.,0,2,1,0,0.337505991258898
34,63.7,161.8,18.6908,0.78,21,23,38,4.5,1.1,0,0,0,0,2,102.196759259259,24.3322571625456,0,2,258,409,.,.,1,1,1,1,.
34,63.7,161.8,18.6908,0.78,21,23,38,4.5,1.1,0,0,0,0,2,102.196759259259,24.3322571625456,0,2,258,433,.,.,1,1,1,1,.
34,63.7,161.8,18.6908,0.78,21,23,38,4.5,1.1,0,0,0,0,2,102.196759259259,24.3322571625456,0,2,258,457,.,.,1,1,1,1,.
34,63.7,161.8,18.6908,0.78,21,23,38,4.5,1.1,0,0,0,0,2,102.196759259259,24.3322571625456,0,2,.,479.97,.,.,0,2,1,0,0.230931879952609
34,63.7,161.8,18.6908,0.78,21,23,38,4.5,1.1,0,0,0,0,2,102.196759259259,24.3322571625456,0,2,.,481,.,.,0,2,1,0,0.315324313715828
34,63.7,161.8,18.6908,0.78,21,23,38,4.5,1.1,0,0,0,0,2,102.196759259259,24.3322571625456,0,2,258,481,.,.,1,1,1,1,.
34,63.7,161.8,18.6908,0.78,21,23,38,4.5,1.1,0,0,0,0,2,102.196759259259,24.3322571625456,0,2,.,482,.,.,0,2,1,0,0.655316164905298
34,63.7,161.8,18.6908,0.78,21,23,38,4.5,1.1,0,0,0,0,2,102.196759259259,24.3322571625456,0,2,.,483,.,.,0,2,1,0,1.20503359596049
34,63.7,161.8,18.6908,0.78,21,23,38,4.5,1.1,0,0,0,0,2,102.196759259259,24.3322571625456,0,2,.,484.15,.,.,0,2,1,0,1.32047527569516
34,63.7,161.8,18.6908,0.78,21,23,38,4.5,1.1,0,0,0,0,2,102.196759259259,24.3322571625456,0,2,.,485,.,.,0,2,1,0,0.975980136980954
34,63.7,161.8,18.6908,0.78,21,23,38,4.5,1.1,0,0,0,0,2,102.196759259259,24.3322571625456,0,2,.,486,.,.,0,2,1,0,0.813037574681544
34,63.7,161.8,18.6908,0.78,21,23,38,4.5,1.1,0,0,0,0,2,102.196759259259,24.3322571625456,0,2,.,487,.,.,0,2,1,0,0.902665787584323
34,63.7,161.8,18.6908,0.78,21,23,38,4.5,1.1,0,0,0,0,2,102.196759259259,24.3322571625456,0,2,.,488,.,.,0,2,1,0,0.389405757351814
34,63.7,161.8,18.6908,0.78,21,23,38,4.5,1.1,0,0,0,0,2,102.196759259259,24.3322571625456,0,2,.,492,.,.,0,2,1,0,0.264591473776732
34,63.7,161.8,18.6908,0.78,21,23,38,4.5,1.1,0,0,0,0,2,102.196759259259,24.3322571625456,0,2,.,504,.,.,0,2,1,0,0.235985304969001
30,131.8,188.2,42.8872,1.12,33,27,54,4.7,0.6,0,1,0,0,1,179.786706349206,37.2114139095023,1,3,129,0,.,.,1,1,1,1,.
30,131.8,188.2,42.8872,1.12,33,27,54,4.7,0.6,0,1,0,0,1,179.786706349206,37.2114139095023,1,3,129,24,.,.,1,1,1,1,.
30,131.8,188.2,42.8872,1.12,33,27,54,4.7,0.6,0,1,0,0,1,179.786706349206,37.2114139095023,1,3,.,47.97,.,.,0,2,1,0,0.0425744967331764
30,131.8,188.2,42.8872,1.12,33,27,54,4.7,0.6,0,1,0,0,1,179.786706349206,37.2114139095023,1,3,129,48,.,.,1,1,1,1,.
30,131.8,188.2,42.8872,1.12,33,27,54,4.7,0.6,0,1,0,0,1,179.786706349206,37.2114139095023,1,3,.,71.97,.,.,0,2,1,0,0.110256239120636
30,131.8,188.2,42.8872,1.12,33,27,54,4.7,0.6,0,1,0,0,1,179.786706349206,37.2114139095023,1,3,129,72,.,.,1,1,1,1,.
30,131.8,188.2,42.8872,1.12,33,27,54,4.7,0.6,0,1,0,0,1,179.786706349206,37.2114139095023,1,3,129,96,.,.,1,1,1,1,.
30,131.8,188.2,42.8872,1.12,33,27,54,4.7,0.6,0,1,0,0,1,179.786706349206,37.2114139095023,1,3,.,119.97,.,.,0,2,1,0,0.0524850123483706
30,131.8,188.2,42.8872,1.12,33,27,54,4.7,0.6,0,1,0,0,1,179.786706349206,37.2114139095023,1,3,129,120,.,.,1,1,1,1,.
30,131.8,188.2,42.8872,1.12,33,27,54,4.7,0.6,0,1,0,0,1,179.786706349206,37.2114139095023,1,3,129,144,.,.,1,1,1,1,.
30,131.8,188.2,42.8872,1.12,33,27,54,4.7,0.6,0,1,0,0,1,179.786706349206,37.2114139095023,1,3,129,168,.,.,1,1,1,1,.
30,131.8,188.2,42.8872,1.12,33,27,54,4.7,0.6,0,1,0,0,1,179.786706349206,37.2114139095023,1,3,.,191.97,.,.,0,2,1,0,0.0468390352322747
30,131.8,188.2,42.8872,1.12,33,27,54,4.7,0.6,0,1,0,0,1,179.786706349206,37.2114139095023,1,3,129,192,.,.,1,1,1,1,.
30,131.8,188.2,42.8872,1.12,33,27,54,4.7,0.6,0,1,0,0,1,179.786706349206,37.2114139095023,1,3,129,216,.,.,1,1,1,1,.
30,131.8,188.2,42.8872,1.12,33,27,54,4.7,0.6,0,1,0,0,1,179.786706349206,37.2114139095023,1,3,129,240,.,.,1,1,1,1,.
30,131.8,188.2,42.8872,1.12,33,27,54,4.7,0.6,0,1,0,0,1,179.786706349206,37.2114139095023,1,3,.,263.97,.,.,0,2,1,0,0.177781204537992
30,131.8,188.2,42.8872,1.12,33,27,54,4.7,0.6,0,1,0,0,1,179.786706349206,37.2114139095023,1,3,129,264,.,.,1,1,1,1,.
30,131.8,188.2,42.8872,1.12,33,27,54,4.7,0.6,0,1,0,0,1,179.786706349206,37.2114139095023,1,3,129,289,.,.,1,1,1,1,.
30,131.8,188.2,42.8872,1.12,33,27,54,4.7,0.6,0,1,0,0,1,179.786706349206,37.2114139095023,1,3,129,313,.,.,1,1,1,1,.
30,131.8,188.2,42.8872,1.12,33,27,54,4.7,0.6,0,1,0,0,1,179.786706349206,37.2114139095023,1,3,.,335.97,.,.,0,2,1,0,0.229229625103388
30,131.8,188.2,42.8872,1.12,33,27,54,4.7,0.6,0,1,0,0,1,179.786706349206,37.2114139095023,1,3,129,337,.,.,1,1,1,1,.
30,131.8,188.2,42.8872,1.12,33,27,54,4.7,0.6,0,1,0,0,1,179.786706349206,37.2114139095023,1,3,129,361,.,.,1,1,1,1,.
30,131.8,188.2,42.8872,1.12,33,27,54,4.7,0.6,0,1,0,0,1,179.786706349206,37.2114139095023,1,3,129,385,.,.,1,1,1,1,.
30,131.8,188.2,42.8872,1.12,33,27,54,4.7,0.6,0,1,0,0,1,179.786706349206,37.2114139095023,1,3,.,407.97,.,.,0,2,1,0,0.0592448196967529
30,131.8,188.2,42.8872,1.12,33,27,54,4.7,0.6,0,1,0,0,1,179.786706349206,37.2114139095023,1,3,129,409,.,.,1,1,1,1,.
30,131.8,188.2,42.8872,1.12,33,27,54,4.7,0.6,0,1,0,0,1,179.786706349206,37.2114139095023,1,3,129,433,.,.,1,1,1,1,.
30,131.8,188.2,42.8872,1.12,33,27,54,4.7,0.6,0,1,0,0,1,179.786706349206,37.2114139095023,1,3,129,457,.,.,1,1,1,1,.
30,131.8,188.2,42.8872,1.12,33,27,54,4.7,0.6,0,1,0,0,1,179.786706349206,37.2114139095023,1,3,.,479.97,.,.,0,2,1,0,0.0858085083479024
30,131.8,188.2,42.8872,1.12,33,27,54,4.7,0.6,0,1,0,0,1,179.786706349206,37.2114139095023,1,3,.,481,.,.,0,2,1,0,0.172826282546091
30,131.8,188.2,42.8872,1.12,33,27,54,4.7,0.6,0,1,0,0,1,179.786706349206,37.2114139095023,1,3,129,481,.,.,1,1,1,1,.
30,131.8,188.2,42.8872,1.12,33,27,54,4.7,0.6,0,1,0,0,1,179.786706349206,37.2114139095023,1,3,.,482,.,.,0,2,1,0,0.199355214344389
30,131.8,188.2,42.8872,1.12,33,27,54,4.7,0.6,0,1,0,0,1,179.786706349206,37.2114139095023,1,3,.,483,.,.,0,2,1,0,0.0741789107520918
30,131.8,188.2,42.8872,1.12,33,27,54,4.7,0.6,0,1,0,0,1,179.786706349206,37.2114139095023,1,3,.,484,.,.,0,2,1,0,0.221597641049911
30,131.8,188.2,42.8872,1.12,33,27,54,4.7,0.6,0,1,0,0,1,179.786706349206,37.2114139095023,1,3,.,485,.,.,0,2,1,0,0.192582909230765
30,131.8,188.2,42.8872,1.12,33,27,54,4.7,0.6,0,1,0,0,1,179.786706349206,37.2114139095023,1,3,.,486,.,.,0,2,1,0,0.0461594374247546
30,131.8,188.2,42.8872,1.12,33,27,54,4.7,0.6,0,1,0,0,1,179.786706349206,37.2114139095023,1,3,.,487,.,.,0,2,1,0,0.358564686645711
30,131.8,188.2,42.8872,1.12,33,27,54,4.7,0.6,0,1,0,0,1,179.786706349206,37.2114139095023,1,3,.,488,.,.,0,2,1,0,0.543143836663749
30,131.8,188.2,42.8872,1.12,33,27,54,4.7,0.6,0,1,0,0,1,179.786706349206,37.2114139095023,1,3,.,492,.,.,0,2,1,0,0.21833355104205
30,131.8,188.2,42.8872,1.12,33,27,54,4.7,0.6,0,1,0,0,1,179.786706349206,37.2114139095023,1,3,.,504,.,.,0,2,1,0,0.384940675327412
26,57.4,162.4,17.5421,0.7,32,30,42,4.9,0.6,0,1,0,0,2,110.358333333333,21.7640563954476,0,4,258,0,.,.,1,1,1,1,.
26,57.4,162.4,17.5421,0.7,32,30,42,4.9,0.6,0,1,0,0,2,110.358333333333,21.7640563954476,0,4,258,24,.,.,1,1,1,1,.
26,57.4,162.4,17.5421,0.7,32,30,42,4.9,0.6,0,1,0,0,2,110.358333333333,21.7640563954476,0,4,.,47.97,.,.,0,2,1,0,0.142096847527099
26,57.4,162.4,17.5421,0.7,32,30,42,4.9,0.6,0,1,0,0,2,110.358333333333,21.7640563954476,0,4,258,48,.,.,1,1,1,1,.
26,57.4,162.4,17.5421,0.7,32,30,42,4.9,0.6,0,1,0,0,2,110.358333333333,21.7640563954476,0,4,.,71.97,.,.,0,2,1,0,0.187642326826575
26,57.4,162.4,17.5421,0.7,32,30,42,4.9,0.6,0,1,0,0,2,110.358333333333,21.7640563954476,0,4,258,72,.,.,1,1,1,1,.
26,57.4,162.4,17.5421,0.7,32,30,42,4.9,0.6,0,1,0,0,2,110.358333333333,21.7640563954476,0,4,258,96,.,.,1,1,1,1,.
26,57.4,162.4,17.5421,0.7,32,30,42,4.9,0.6,0,1,0,0,2,110.358333333333,21.7640563954476,0,4,.,119.97,.,.,0,2,1,0,0.161755891636919
26,57.4,162.4,17.5421,0.7,32,30,42,4.9,0.6,0,1,0,0,2,110.358333333333,21.7640563954476,0,4,258,120,.,.,1,1,1,1,.
26,57.4,162.4,17.5421,0.7,32,30,42,4.9,0.6,0,1,0,0,2,110.358333333333,21.7640563954476,0,4,258,144,.,.,1,1,1,1,.
26,57.4,162.4,17.5421,0.7,32,30,42,4.9,0.6,0,1,0,0,2,110.358333333333,21.7640563954476,0,4,258,168,.,.,1,1,1,1,.
26,57.4,162.4,17.5421,0.7,32,30,42,4.9,0.6,0,1,0,0,2,110.358333333333,21.7640563954476,0,4,.,191.97,.,.,0,2,1,0,0.182378223847058
26,57.4,162.4,17.5421,0.7,32,30,42,4.9,0.6,0,1,0,0,2,110.358333333333,21.7640563954476,0,4,258,192,.,.,1,1,1,1,.
26,57.4,162.4,17.5421,0.7,32,30,42,4.9,0.6,0,1,0,0,2,110.358333333333,21.7640563954476,0,4,258,216,.,.,1,1,1,1,.
26,57.4,162.4,17.5421,0.7,32,30,42,4.9,0.6,0,1,0,0,2,110.358333333333,21.7640563954476,0,4,258,240,.,.,1,1,1,1,.
26,57.4,162.4,17.5421,0.7,32,30,42,4.9,0.6,0,1,0,0,2,110.358333333333,21.7640563954476,0,4,.,263.93,.,.,0,2,1,0,0.297418864756739
26,57.4,162.4,17.5421,0.7,32,30,42,4.9,0.6,0,1,0,0,2,110.358333333333,21.7640563954476,0,4,258,264,.,.,1,1,1,1,.
26,57.4,162.4,17.5421,0.7,32,30,42,4.9,0.6,0,1,0,0,2,110.358333333333,21.7640563954476,0,4,258,288.03,.,.,1,1,1,1,.
26,57.4,162.4,17.5421,0.7,32,30,42,4.9,0.6,0,1,0,0,2,110.358333333333,21.7640563954476,0,4,258,312,.,.,1,1,1,1,.
26,57.4,162.4,17.5421,0.7,32,30,42,4.9,0.6,0,1,0,0,2,110.358333333333,21.7640563954476,0,4,.,336,.,.,0,2,1,0,0.539432417542057
26,57.4,162.4,17.5421,0.7,32,30,42,4.9,0.6,0,1,0,0,2,110.358333333333,21.7640563954476,0,4,258,336,.,.,1,1,1,1,.
26,57.4,162.4,17.5421,0.7,32,30,42,4.9,0.6,0,1,0,0,2,110.358333333333,21.7640563954476,0,4,258,360,.,.,1,1,1,1,.
26,57.4,162.4,17.5421,0.7,32,30,42,4.9,0.6,0,1,0,0,2,110.358333333333,21.7640563954476,0,4,258,384,.,.,1,1,1,1,.
26,57.4,162.4,17.5421,0.7,32,30,42,4.9,0.6,0,1,0,0,2,110.358333333333,21.7640563954476,0,4,.,407.97,.,.,0,2,1,0,0.414459166262193
26,57.4,162.4,17.5421,0.7,32,30,42,4.9,0.6,0,1,0,0,2,110.358333333333,21.7640563954476,0,4,258,408,.,.,1,1,1,1,.
26,57.4,162.4,17.5421,0.7,32,30,42,4.9,0.6,0,1,0,0,2,110.358333333333,21.7640563954476,0,4,258,432,.,.,1,1,1,1,.
26,57.4,162.4,17.5421,0.7,32,30,42,4.9,0.6,0,1,0,0,2,110.358333333333,21.7640563954476,0,4,258,456,.,.,1,1,1,1,.
26,57.4,162.4,17.5421,0.7,32,30,42,4.9,0.6,0,1,0,0,2,110.358333333333,21.7640563954476,0,4,.,479.98,.,.,0,2,1,0,0.137174468230523
26,57.4,162.4,17.5421,0.7,32,30,42,4.9,0.6,0,1,0,0,2,110.358333333333,21.7640563954476,0,4,258,480,.,.,1,1,1,1,.
26,57.4,162.4,17.5421,0.7,32,30,42,4.9,0.6,0,1,0,0,2,110.358333333333,21.7640563954476,0,4,.,481,.,.,0,2,1,0,0.365438383974247
26,57.4,162.4,17.5421,0.7,32,30,42,4.9,0.6,0,1,0,0,2,110.358333333333,21.7640563954476,0,4,.,482,.,.,0,2,1,0,0.458910651540433
26,57.4,162.4,17.5421,0.7,32,30,42,4.9,0.6,0,1,0,0,2,110.358333333333,21.7640563954476,0,4,.,483,.,.,0,2,1,0,0.345092795345169
26,57.4,162.4,17.5421,0.7,32,30,42,4.9,0.6,0,1,0,0,2,110.358333333333,21.7640563954476,0,4,.,484,.,.,0,2,1,0,0.498923965673759
26,57.4,162.4,17.5421,0.7,32,30,42,4.9,0.6,0,1,0,0,2,110.358333333333,21.7640563954476,0,4,.,485,.,.,0,2,1,0,0.964177993374444
26,57.4,162.4,17.5421,0.7,32,30,42,4.9,0.6,0,1,0,0,2,110.358333333333,21.7640563954476,0,4,.,486,.,.,0,2,1,0,0.65321829102189
26,57.4,162.4,17.5421,0.7,32,30,42,4.9,0.6,0,1,0,0,2,110.358333333333,21.7640563954476,0,4,.,487,.,.,0,2,1,0,0.528543980819685
26,57.4,162.4,17.5421,0.7,32,30,42,4.9,0.6,0,1,0,0,2,110.358333333333,21.7640563954476,0,4,.,488,.,.,0,2,1,0,0.197557483368975
26,57.4,162.4,17.5421,0.7,32,30,42,4.9,0.6,0,1,0,0,2,110.358333333333,21.7640563954476,0,4,.,492,.,.,0,2,1,0,0.405507152060579
26,57.4,162.4,17.5421,0.7,32,30,42,4.9,0.6,0,1,0,0,2,110.358333333333,21.7640563954476,0,4,.,504,.,.,0,2,1,0,0.359641083715429
18,54.1,168.7,9.1304,0.89,16,23,88,4.9,2.6,0,0,1,0,1,102.999375780275,19.0093426878508,0,5,129,0,.,.,1,1,1,1,.
18,54.1,168.7,9.1304,0.89,16,23,88,4.9,2.6,0,0,1,0,1,102.999375780275,19.0093426878508,0,5,129,24,.,.,1,1,1,1,.
18,54.1,168.7,9.1304,0.89,16,23,88,4.9,2.6,0,0,1,0,1,102.999375780275,19.0093426878508,0,5,.,47.97,.,.,0,2,1,0,0.0345277608240184
18,54.1,168.7,9.1304,0.89,16,23,88,4.9,2.6,0,0,1,0,1,102.999375780275,19.0093426878508,0,5,129,48,.,.,1,1,1,1,.
18,54.1,168.7,9.1304,0.89,16,23,88,4.9,2.6,0,0,1,0,1,102.999375780275,19.0093426878508,0,5,.,71.97,.,.,0,2,1,0,0.102883638656096
18,54.1,168.7,9.1304,0.89,16,23,88,4.9,2.6,0,0,1,0,1,102.999375780275,19.0093426878508,0,5,129,72,.,.,1,1,1,1,.
18,54.1,168.7,9.1304,0.89,16,23,88,4.9,2.6,0,0,1,0,1,102.999375780275,19.0093426878508,0,5,129,96,.,.,1,1,1,1,.
18,54.1,168.7,9.1304,0.89,16,23,88,4.9,2.6,0,0,1,0,1,102.999375780275,19.0093426878508,0,5,.,119.97,.,.,0,2,1,0,0.0723494953992766
18,54.1,168.7,9.1304,0.89,16,23,88,4.9,2.6,0,0,1,0,1,102.999375780275,19.0093426878508,0,5,129,120,.,.,1,1,1,1,.
18,54.1,168.7,9.1304,0.89,16,23,88,4.9,2.6,0,0,1,0,1,102.999375780275,19.0093426878508,0,5,129,144,.,.,1,1,1,1,.
18,54.1,168.7,9.1304,0.89,16,23,88,4.9,2.6,0,0,1,0,1,102.999375780275,19.0093426878508,0,5,129,168,.,.,1,1,1,1,.
18,54.1,168.7,9.1304,0.89,16,23,88,4.9,2.6,0,0,1,0,1,102.999375780275,19.0093426878508,0,5,.,191.98,.,.,0,2,1,0,0.0441739098519165
18,54.1,168.7,9.1304,0.89,16,23,88,4.9,2.6,0,0,1,0,1,102.999375780275,19.0093426878508,0,5,129,192,.,.,1,1,1,1,.
18,54.1,168.7,9.1304,0.89,16,23,88,4.9,2.6,0,0,1,0,1,102.999375780275,19.0093426878508,0,5,129,216.02,.,.,1,1,1,1,.
18,54.1,168.7,9.1304,0.89,16,23,88,4.9,2.6,0,0,1,0,1,102.999375780275,19.0093426878508,0,5,129,240,.,.,1,1,1,1,.
18,54.1,168.7,9.1304,0.89,16,23,88,4.9,2.6,0,0,1,0,1,102.999375780275,19.0093426878508,0,5,.,263.97,.,.,0,2,1,0,0.0651888082506269
18,54.1,168.7,9.1304,0.89,16,23,88,4.9,2.6,0,0,1,0,1,102.999375780275,19.0093426878508,0,5,129,264,.,.,1,1,1,1,.
18,54.1,168.7,9.1304,0.89,16,23,88,4.9,2.6,0,0,1,0,1,102.999375780275,19.0093426878508,0,5,129,288.03,.,.,1,1,1,1,.
18,54.1,168.7,9.1304,0.89,16,23,88,4.9,2.6,0,0,1,0,1,102.999375780275,19.0093426878508,0,5,129,312,.,.,1,1,1,1,.
18,54.1,168.7,9.1304,0.89,16,23,88,4.9,2.6,0,0,1,0,1,102.999375780275,19.0093426878508,0,5,.,335.97,.,.,0,2,1,0,0.119677121443157
18,54.1,168.7,9.1304,0.89,16,23,88,4.9,2.6,0,0,1,0,1,102.999375780275,19.0093426878508,0,5,129,336,.,.,1,1,1,1,.
18,54.1,168.7,9.1304,0.89,16,23,88,4.9,2.6,0,0,1,0,1,102.999375780275,19.0093426878508,0,5,129,360,.,.,1,1,1,1,.
18,54.1,168.7,9.1304,0.89,16,23,88,4.9,2.6,0,0,1,0,1,102.999375780275,19.0093426878508,0,5,129,384,.,.,1,1,1,1,.
18,54.1,168.7,9.1304,0.89,16,23,88,4.9,2.6,0,0,1,0,1,102.999375780275,19.0093426878508,0,5,.,407.97,.,.,0,2,1,0,0.203086192353116
18,54.1,168.7,9.1304,0.89,16,23,88,4.9,2.6,0,0,1,0,1,102.999375780275,19.0093426878508,0,5,129,408,.,.,1,1,1,1,.
18,54.1,168.7,9.1304,0.89,16,23,88,4.9,2.6,0,0,1,0,1,102.999375780275,19.0093426878508,0,5,129,432,.,.,1,1,1,1,.
18,54.1,168.7,9.1304,0.89,16,23,88,4.9,2.6,0,0,1,0,1,102.999375780275,19.0093426878508,0,5,129,456,.,.,1,1,1,1,.
18,54.1,168.7,9.1304,0.89,16,23,88,4.9,2.6,0,0,1,0,1,102.999375780275,19.0093426878508,0,5,.,479.97,.,.,0,2,1,0,0.14634307750933
18,54.1,168.7,9.1304,0.89,16,23,88,4.9,2.6,0,0,1,0,1,102.999375780275,19.0093426878508,0,5,129,480,.,.,1,1,1,1,.
18,54.1,168.7,9.1304,0.89,16,23,88,4.9,2.6,0,0,1,0,1,102.999375780275,19.0093426878508,0,5,.,481,.,.,0,2,1,0,0.165077649440804
18,54.1,168.7,9.1304,0.89,16,23,88,4.9,2.6,0,0,1,0,1,102.999375780275,19.0093426878508,0,5,.,482,.,.,0,2,1,0,0.336980269763282
18,54.1,168.7,9.1304,0.89,16,23,88,4.9,2.6,0,0,1,0,1,102.999375780275,19.0093426878508,0,5,.,483,.,.,0,2,1,0,0.296111427569247
18,54.1,168.7,9.1304,0.89,16,23,88,4.9,2.6,0,0,1,0,1,102.999375780275,19.0093426878508,0,5,.,484,.,.,0,2,1,0,0.371245024159566
18,54.1,168.7,9.1304,0.89,16,23,88,4.9,2.6,0,0,1,0,1,102.999375780275,19.0093426878508,0,5,.,485,.,.,0,2,1,0,0.394293293139913
18,54.1,168.7,9.1304,0.89,16,23,88,4.9,2.6,0,0,1,0,1,102.999375780275,19.0093426878508,0,5,.,486,.,.,0,2,1,0,0.22820515729018
18,54.1,168.7,9.1304,0.89,16,23,88,4.9,2.6,0,0,1,0,1,102.999375780275,19.0093426878508,0,5,.,487,.,.,0,2,1,0,0.287712375025684
18,54.1,168.7,9.1304,0.89,16,23,88,4.9,2.6,0,0,1,0,1,102.999375780275,19.0093426878508,0,5,.,488,.,.,0,2,1,0,0.284993124696371
18,54.1,168.7,9.1304,0.89,16,23,88,4.9,2.6,0,0,1,0,1,102.999375780275,19.0093426878508,0,5,.,492,.,.,0,2,1,0,0.19927468870874
18,54.1,168.7,9.1304,0.89,16,23,88,4.9,2.6,0,0,1,0,1,102.999375780275,19.0093426878508,0,5,.,504,.,.,0,2,1,0,0.264081880665678
27,64.3,170.6,20.6439,0.79,10,17,33,4.4,0.3,0,0,1,0,2,108.579729254571,22.0929097908355,0,6,258,0,.,.,1,1,1,1,.
27,64.3,170.6,20.6439,0.79,10,17,33,4.4,0.3,0,0,1,0,2,108.579729254571,22.0929097908355,0,6,258,24,.,.,1,1,1,1,.
27,64.3,170.6,20.6439,0.79,10,17,33,4.4,0.3,0,0,1,0,2,108.579729254571,22.0929097908355,0,6,.,47.97,.,.,0,2,1,0,0.162570291018242
27,64.3,170.6,20.6439,0.79,10,17,33,4.4,0.3,0,0,1,0,2,108.579729254571,22.0929097908355,0,6,258,48,.,.,1,1,1,1,.
27,64.3,170.6,20.6439,0.79,10,17,33,4.4,0.3,0,0,1,0,2,108.579729254571,22.0929097908355,0,6,.,71.97,.,.,0,2,1,0,0.199505534100641
27,64.3,170.6,20.6439,0.79,10,17,33,4.4,0.3,0,0,1,0,2,108.579729254571,22.0929097908355,0,6,258,72,.,.,1,1,1,1,.
27,64.3,170.6,20.6439,0.79,10,17,33,4.4,0.3,0,0,1,0,2,108.579729254571,22.0929097908355,0,6,258,96,.,.,1,1,1,1,.
27,64.3,170.6,20.6439,0.79,10,17,33,4.4,0.3,0,0,1,0,2,108.579729254571,22.0929097908355,0,6,.,119.97,.,.,0,2,1,0,0.249756368976902
27,64.3,170.6,20.6439,0.79,10,17,33,4.4,0.3,0,0,1,0,2,108.579729254571,22.0929097908355,0,6,258,120,.,.,1,1,1,1,.
27,64.3,170.6,20.6439,0.79,10,17,33,4.4,0.3,0,0,1,0,2,108.579729254571,22.0929097908355,0,6,258,144,.,.,1,1,1,1,.
27,64.3,170.6,20.6439,0.79,10,17,33,4.4,0.3,0,0,1,0,2,108.579729254571,22.0929097908355,0,6,258,168,.,.,1,1,1,1,.
27,64.3,170.6,20.6439,0.79,10,17,33,4.4,0.3,0,0,1,0,2,108.579729254571,22.0929097908355,0,6,.,191.97,.,.,0,2,1,0,0.458221989027776
27,64.3,170.6,20.6439,0.79,10,17,33,4.4,0.3,0,0,1,0,2,108.579729254571,22.0929097908355,0,6,258,192,.,.,1,1,1,1,.
27,64.3,170.6,20.6439,0.79,10,17,33,4.4,0.3,0,0,1,0,2,108.579729254571,22.0929097908355,0,6,258,216.03,.,.,1,1,1,1,.
27,64.3,170.6,20.6439,0.79,10,17,33,4.4,0.3,0,0,1,0,2,108.579729254571,22.0929097908355,0,6,258,240,.,.,1,1,1,1,.
27,64.3,170.6,20.6439,0.79,10,17,33,4.4,0.3,0,0,1,0,2,108.579729254571,22.0929097908355,0,6,.,263.97,.,.,0,2,1,0,0.464121568371398
27,64.3,170.6,20.6439,0.79,10,17,33,4.4,0.3,0,0,1,0,2,108.579729254571,22.0929097908355,0,6,258,264,.,.,1,1,1,1,.
27,64.3,170.6,20.6439,0.79,10,17,33,4.4,0.3,0,0,1,0,2,108.579729254571,22.0929097908355,0,6,258,288,.,.,1,1,1,1,.
27,64.3,170.6,20.6439,0.79,10,17,33,4.4,0.3,0,0,1,0,2,108.579729254571,22.0929097908355,0,6,258,312,.,.,1,1,1,1,.
27,64.3,170.6,20.6439,0.79,10,17,33,4.4,0.3,0,0,1,0,2,108.579729254571,22.0929097908355,0,6,.,335.97,.,.,0,2,1,0,0.281782880319183
27,64.3,170.6,20.6439,0.79,10,17,33,4.4,0.3,0,0,1,0,2,108.579729254571,22.0929097908355,0,6,258,336,.,.,1,1,1,1,.
27,64.3,170.6,20.6439,0.79,10,17,33,4.4,0.3,0,0,1,0,2,108.579729254571,22.0929097908355,0,6,258,360,.,.,1,1,1,1,.
27,64.3,170.6,20.6439,0.79,10,17,33,4.4,0.3,0,0,1,0,2,108.579729254571,22.0929097908355,0,6,258,384,.,.,1,1,1,1,.
27,64.3,170.6,20.6439,0.79,10,17,33,4.4,0.3,0,0,1,0,2,108.579729254571,22.0929097908355,0,6,.,407.97,.,.,0,2,1,0,0.340946608483947
27,64.3,170.6,20.6439,0.79,10,17,33,4.4,0.3,0,0,1,0,2,108.579729254571,22.0929097908355,0,6,258,408,.,.,1,1,1,1,.
27,64.3,170.6,20.6439,0.79,10,17,33,4.4,0.3,0,0,1,0,2,108.579729254571,22.0929097908355,0,6,258,432,.,.,1,1,1,1,.
27,64.3,170.6,20.6439,0.79,10,17,33,4.4,0.3,0,0,1,0,2,108.579729254571,22.0929097908355,0,6,258,456,.,.,1,1,1,1,.
27,64.3,170.6,20.6439,0.79,10,17,33,4.4,0.3,0,0,1,0,2,108.579729254571,22.0929097908355,0,6,.,479.97,.,.,0,2,1,0,0.674491623453617
27,64.3,170.6,20.6439,0.79,10,17,33,4.4,0.3,0,0,1,0,2,108.579729254571,22.0929097908355,0,6,258,480,.,.,1,1,1,1,.
27,64.3,170.6,20.6439,0.79,10,17,33,4.4,0.3,0,0,1,0,2,108.579729254571,22.0929097908355,0,6,.,481,.,.,0,2,1,0,0.644604647444292
27,64.3,170.6,20.6439,0.79,10,17,33,4.4,0.3,0,0,1,0,2,108.579729254571,22.0929097908355,0,6,.,482,.,.,0,2,1,0,0.101535538747975
27,64.3,170.6,20.6439,0.79,10,17,33,4.4,0.3,0,0,1,0,2,108.579729254571,22.0929097908355,0,6,.,483,.,.,0,2,1,0,1.01244985077153
27,64.3,170.6,20.6439,0.79,10,17,33,4.4,0.3,0,0,1,0,2,108.579729254571,22.0929097908355,0,6,.,484,.,.,0,2,1,0,0.570965479365298
27,64.3,170.6,20.6439,0.79,10,17,33,4.4,0.3,0,0,1,0,2,108.579729254571,22.0929097908355,0,6,.,485,.,.,0,2,1,0,0.721337109278083
27,64.3,170.6,20.6439,0.79,10,17,33,4.4,0.3,0,0,1,0,2,108.579729254571,22.0929097908355,0,6,.,486,.,.,0,2,1,0,-0.299600783724153
27,64.3,170.6,20.6439,0.79,10,17,33,4.4,0.3,0,0,1,0,2,108.579729254571,22.0929097908355,0,6,.,487,.,.,0,2,1,0,0.975024195064221
27,64.3,170.6,20.6439,0.79,10,17,33,4.4,0.3,0,0,1,0,2,108.579729254571,22.0929097908355,0,6,.,488,.,.,0,2,1,0,0.225039440112624
27,64.3,170.6,20.6439,0.79,10,17,33,4.4,0.3,0,0,1,0,2,108.579729254571,22.0929097908355,0,6,.,492,.,.,0,2,1,0,0.895397549430065
27,64.3,170.6,20.6439,0.79,10,17,33,4.4,0.3,0,0,1,0,2,108.579729254571,22.0929097908355,0,6,.,504,.,.,0,2,1,0,0.356945963267583
19,69.2,173.6,14.2961,0.86,9,18,68,4.7,0.8,0,0,1,0,1,135.226098191214,22.9618382212406,0,7,129,0,.,.,1,1,1,1,.
19,69.2,173.6,14.2961,0.86,9,18,68,4.7,0.8,0,0,1,0,1,135.226098191214,22.9618382212406,0,7,129,24,.,.,1,1,1,1,.
19,69.2,173.6,14.2961,0.86,9,18,68,4.7,0.8,0,0,1,0,1,135.226098191214,22.9618382212406,0,7,.,47.97,.,.,0,2,1,0,0.0841449002356055
19,69.2,173.6,14.2961,0.86,9,18,68,4.7,0.8,0,0,1,0,1,135.226098191214,22.9618382212406,0,7,129,48,.,.,1,1,1,1,.
19,69.2,173.6,14.2961,0.86,9,18,68,4.7,0.8,0,0,1,0,1,135.226098191214,22.9618382212406,0,7,.,71.97,.,.,0,2,1,0,0.0716651413376632
19,69.2,173.6,14.2961,0.86,9,18,68,4.7,0.8,0,0,1,0,1,135.226098191214,22.9618382212406,0,7,129,72,.,.,1,1,1,1,.
19,69.2,173.6,14.2961,0.86,9,18,68,4.7,0.8,0,0,1,0,1,135.226098191214,22.9618382212406,0,7,129,96,.,.,1,1,1,1,.
19,69.2,173.6,14.2961,0.86,9,18,68,4.7,0.8,0,0,1,0,1,135.226098191214,22.9618382212406,0,7,.,119.97,.,.,0,2,1,0,0.114613666601724
19,69.2,173.6,14.2961,0.86,9,18,68,4.7,0.8,0,0,1,0,1,135.226098191214,22.9618382212406,0,7,129,120,.,.,1,1,1,1,.
19,69.2,173.6,14.2961,0.86,9,18,68,4.7,0.8,0,0,1,0,1,135.226098191214,22.9618382212406,0,7,129,144,.,.,1,1,1,1,.
19,69.2,173.6,14.2961,0.86,9,18,68,4.7,0.8,0,0,1,0,1,135.226098191214,22.9618382212406,0,7,129,168,.,.,1,1,1,1,.
19,69.2,173.6,14.2961,0.86,9,18,68,4.7,0.8,0,0,1,0,1,135.226098191214,22.9618382212406,0,7,.,191.97,.,.,0,2,1,0,0.159587749728244
19,69.2,173.6,14.2961,0.86,9,18,68,4.7,0.8,0,0,1,0,1,135.226098191214,22.9618382212406,0,7,129,192,.,.,1,1,1,1,.
19,69.2,173.6,14.2961,0.86,9,18,68,4.7,0.8,0,0,1,0,1,135.226098191214,22.9618382212406,0,7,129,216,.,.,1,1,1,1,.
19,69.2,173.6,14.2961,0.86,9,18,68,4.7,0.8,0,0,1,0,1,135.226098191214,22.9618382212406,0,7,129,240,.,.,1,1,1,1,.
19,69.2,173.6,14.2961,0.86,9,18,68,4.7,0.8,0,0,1,0,1,135.226098191214,22.9618382212406,0,7,.,263.97,.,.,0,2,1,0,0.152389194282204
19,69.2,173.6,14.2961,0.86,9,18,68,4.7,0.8,0,0,1,0,1,135.226098191214,22.9618382212406,0,7,129,264,.,.,1,1,1,1,.
19,69.2,173.6,14.2961,0.86,9,18,68,4.7,0.8,0,0,1,0,1,135.226098191214,22.9618382212406,0,7,129,288,.,.,1,1,1,1,.
19,69.2,173.6,14.2961,0.86,9,18,68,4.7,0.8,0,0,1,0,1,135.226098191214,22.9618382212406,0,7,129,312,.,.,1,1,1,1,.
19,69.2,173.6,14.2961,0.86,9,18,68,4.7,0.8,0,0,1,0,1,135.226098191214,22.9618382212406,0,7,.,335.97,.,.,0,2,1,0,0.220587064873852
19,69.2,173.6,14.2961,0.86,9,18,68,4.7,0.8,0,0,1,0,1,135.226098191214,22.9618382212406,0,7,129,336,.,.,1,1,1,1,.
19,69.2,173.6,14.2961,0.86,9,18,68,4.7,0.8,0,0,1,0,1,135.226098191214,22.9618382212406,0,7,129,360,.,.,1,1,1,1,.
19,69.2,173.6,14.2961,0.86,9,18,68,4.7,0.8,0,0,1,0,1,135.226098191214,22.9618382212406,0,7,129,384,.,.,1,1,1,1,.
19,69.2,173.6,14.2961,0.86,9,18,68,4.7,0.8,0,0,1,0,1,135.226098191214,22.9618382212406,0,7,.,407.97,.,.,0,2,1,0,0.195699345700971
19,69.2,173.6,14.2961,0.86,9,18,68,4.7,0.8,0,0,1,0,1,135.226098191214,22.9618382212406,0,7,129,408,.,.,1,1,1,1,.
19,69.2,173.6,14.2961,0.86,9,18,68,4.7,0.8,0,0,1,0,1,135.226098191214,22.9618382212406,0,7,129,432,.,.,1,1,1,1,.
19,69.2,173.6,14.2961,0.86,9,18,68,4.7,0.8,0,0,1,0,1,135.226098191214,22.9618382212406,0,7,129,456,.,.,1,1,1,1,.
19,69.2,173.6,14.2961,0.86,9,18,68,4.7,0.8,0,0,1,0,1,135.226098191214,22.9618382212406,0,7,.,479.97,.,.,0,2,1,0,0.0882139359059177
19,69.2,173.6,14.2961,0.86,9,18,68,4.7,0.8,0,0,1,0,1,135.226098191214,22.9618382212406,0,7,129,480,.,.,1,1,1,1,.
19,69.2,173.6,14.2961,0.86,9,18,68,4.7,0.8,0,0,1,0,1,135.226098191214,22.9618382212406,0,7,.,481,.,.,0,2,1,0,0.144615550360164
19,69.2,173.6,14.2961,0.86,9,18,68,4.7,0.8,0,0,1,0,1,135.226098191214,22.9618382212406,0,7,.,482,.,.,0,2,1,0,0.133527632886924
19,69.2,173.6,14.2961,0.86,9,18,68,4.7,0.8,0,0,1,0,1,135.226098191214,22.9618382212406,0,7,.,483,.,.,0,2,1,0,0.196957415472694
19,69.2,173.6,14.2961,0.86,9,18,68,4.7,0.8,0,0,1,0,1,135.226098191214,22.9618382212406,0,7,.,484,.,.,0,2,1,0,0.327301895464325
19,69.2,173.6,14.2961,0.86,9,18,68,4.7,0.8,0,0,1,0,1,135.226098191214,22.9618382212406,0,7,.,485,.,.,0,2,1,0,0.158699945552701
19,69.2,173.6,14.2961,0.86,9,18,68,4.7,0.8,0,0,1,0,1,135.226098191214,22.9618382212406,0,7,.,486.02,.,.,0,2,1,0,0.244688587596969
19,69.2,173.6,14.2961,0.86,9,18,68,4.7,0.8,0,0,1,0,1,135.226098191214,22.9618382212406,0,7,.,487,.,.,0,2,1,0,0.432847328854373
19,69.2,173.6,14.2961,0.86,9,18,68,4.7,0.8,0,0,1,0,1,135.226098191214,22.9618382212406,0,7,.,488,.,.,0,2,1,0,0.248083966315887
19,69.2,173.6,14.2961,0.86,9,18,68,4.7,0.8,0,0,1,0,1,135.226098191214,22.9618382212406,0,7,.,492,.,.,0,2,1,0,0.254878439064542
19,69.2,173.6,14.2961,0.86,9,18,68,4.7,0.8,0,0,1,0,1,135.226098191214,22.9618382212406,0,7,.,504,.,.,0,2,1,0,0.133657768356392
43,90.7,168.6,28.2573,0.88,44,25,62,4.7,0.4,0,1,0,0,1,138.855744949495,31.9074536093064,1,8,258,0,.,.,1,1,1,1,.
43,90.7,168.6,28.2573,0.88,44,25,62,4.7,0.4,0,1,0,0,1,138.855744949495,31.9074536093064,1,8,258,23.92,.,.,1,1,1,1,.
43,90.7,168.6,28.2573,0.88,44,25,62,4.7,0.4,0,1,0,0,1,138.855744949495,31.9074536093064,1,8,258,47.92,.,.,1,1,1,1,.
43,90.7,168.6,28.2573,0.88,44,25,62,4.7,0.4,0,1,0,0,1,138.855744949495,31.9074536093064,1,8,.,47.97,.,.,0,2,1,0,0.136048009855606
43,90.7,168.6,28.2573,0.88,44,25,62,4.7,0.4,0,1,0,0,1,138.855744949495,31.9074536093064,1,8,258,71.92,.,.,1,1,1,1,.
43,90.7,168.6,28.2573,0.88,44,25,62,4.7,0.4,0,1,0,0,1,138.855744949495,31.9074536093064,1,8,.,71.97,.,.,0,2,1,0,0.285006688154942
43,90.7,168.6,28.2573,0.88,44,25,62,4.7,0.4,0,1,0,0,1,138.855744949495,31.9074536093064,1,8,258,95.92,.,.,1,1,1,1,.
43,90.7,168.6,28.2573,0.88,44,25,62,4.7,0.4,0,1,0,0,1,138.855744949495,31.9074536093064,1,8,258,119.92,.,.,1,1,1,1,.
43,90.7,168.6,28.2573,0.88,44,25,62,4.7,0.4,0,1,0,0,1,138.855744949495,31.9074536093064,1,8,.,119.97,.,.,0,2,1,0,0.113203408026387
43,90.7,168.6,28.2573,0.88,44,25,62,4.7,0.4,0,1,0,0,1,138.855744949495,31.9074536093064,1,8,258,143.92,.,.,1,1,1,1,.
43,90.7,168.6,28.2573,0.88,44,25,62,4.7,0.4,0,1,0,0,1,138.855744949495,31.9074536093064,1,8,258,167.92,.,.,1,1,1,1,.
43,90.7,168.6,28.2573,0.88,44,25,62,4.7,0.4,0,1,0,0,1,138.855744949495,31.9074536093064,1,8,258,191.92,.,.,1,1,1,1,.
43,90.7,168.6,28.2573,0.88,44,25,62,4.7,0.4,0,1,0,0,1,138.855744949495,31.9074536093064,1,8,.,191.97,.,.,0,2,1,0,0.662323026589584
43,90.7,168.6,28.2573,0.88,44,25,62,4.7,0.4,0,1,0,0,1,138.855744949495,31.9074536093064,1,8,258,215.92,.,.,1,1,1,1,.
43,90.7,168.6,28.2573,0.88,44,25,62,4.7,0.4,0,1,0,0,1,138.855744949495,31.9074536093064,1,8,258,239.92,.,.,1,1,1,1,.
43,90.7,168.6,28.2573,0.88,44,25,62,4.7,0.4,0,1,0,0,1,138.855744949495,31.9074536093064,1,8,258,263.92,.,.,1,1,1,1,.
43,90.7,168.6,28.2573,0.88,44,25,62,4.7,0.4,0,1,0,0,1,138.855744949495,31.9074536093064,1,8,.,263.97,.,.,0,2,1,0,0.69404853712619
43,90.7,168.6,28.2573,0.88,44,25,62,4.7,0.4,0,1,0,0,1,138.855744949495,31.9074536093064,1,8,258,287.92,.,.,1,1,1,1,.
43,90.7,168.6,28.2573,0.88,44,25,62,4.7,0.4,0,1,0,0,1,138.855744949495,31.9074536093064,1,8,258,311.92,.,.,1,1,1,1,.
43,90.7,168.6,28.2573,0.88,44,25,62,4.7,0.4,0,1,0,0,1,138.855744949495,31.9074536093064,1,8,258,335.92,.,.,1,1,1,1,.
43,90.7,168.6,28.2573,0.88,44,25,62,4.7,0.4,0,1,0,0,1,138.855744949495,31.9074536093064,1,8,.,335.97,.,.,0,2,1,0,0.585269541367843
43,90.7,168.6,28.2573,0.88,44,25,62,4.7,0.4,0,1,0,0,1,138.855744949495,31.9074536093064,1,8,258,359.92,.,.,1,1,1,1,.
43,90.7,168.6,28.2573,0.88,44,25,62,4.7,0.4,0,1,0,0,1,138.855744949495,31.9074536093064,1,8,258,383.92,.,.,1,1,1,1,.
43,90.7,168.6,28.2573,0.88,44,25,62,4.7,0.4,0,1,0,0,1,138.855744949495,31.9074536093064,1,8,258,407.92,.,.,1,1,1,1,.
43,90.7,168.6,28.2573,0.88,44,25,62,4.7,0.4,0,1,0,0,1,138.855744949495,31.9074536093064,1,8,.,407.97,.,.,0,2,1,0,0.539550361047175
43,90.7,168.6,28.2573,0.88,44,25,62,4.7,0.4,0,1,0,0,1,138.855744949495,31.9074536093064,1,8,258,431.92,.,.,1,1,1,1,.
43,90.7,168.6,28.2573,0.88,44,25,62,4.7,0.4,0,1,0,0,1,138.855744949495,31.9074536093064,1,8,258,455.92,.,.,1,1,1,1,.
43,90.7,168.6,28.2573,0.88,44,25,62,4.7,0.4,0,1,0,0,1,138.855744949495,31.9074536093064,1,8,258,479.92,.,.,1,1,1,1,.
43,90.7,168.6,28.2573,0.88,44,25,62,4.7,0.4,0,1,0,0,1,138.855744949495,31.9074536093064,1,8,.,479.97,.,.,0,2,1,0,0.311283830683603
43,90.7,168.6,28.2573,0.88,44,25,62,4.7,0.4,0,1,0,0,1,138.855744949495,31.9074536093064,1,8,.,481,.,.,0,2,1,0,-0.0395192597348659
43,90.7,168.6,28.2573,0.88,44,25,62,4.7,0.4,0,1,0,0,1,138.855744949495,31.9074536093064,1,8,.,482,.,.,0,2,1,0,0.656960969572661
43,90.7,168.6,28.2573,0.88,44,25,62,4.7,0.4,0,1,0,0,1,138.855744949495,31.9074536093064,1,8,.,483,.,.,0,2,1,0,1.1129863951607
43,90.7,168.6,28.2573,0.88,44,25,62,4.7,0.4,0,1,0,0,1,138.855744949495,31.9074536093064,1,8,.,484,.,.,0,2,1,0,0.777456981871138
43,90.7,168.6,28.2573,0.88,44,25,62,4.7,0.4,0,1,0,0,1,138.855744949495,31.9074536093064,1,8,.,485,.,.,0,2,1,0,0.386363919454713
43,90.7,168.6,28.2573,0.88,44,25,62,4.7,0.4,0,1,0,0,1,138.855744949495,31.9074536093064,1,8,.,486,.,.,0,2,1,0,0.692130045793457
43,90.7,168.6,28.2573,0.88,44,25,62,4.7,0.4,0,1,0,0,1,138.855744949495,31.9074536093064,1,8,.,487,.,.,0,2,1,0,0.678698419787241
43,90.7,168.6,28.2573,0.88,44,25,62,4.7,0.4,0,1,0,0,1,138.855744949495,31.9074536093064,1,8,.,488,.,.,0,2,1,0,0.632122785882144
43,90.7,168.6,28.2573,0.88,44,25,62,4.7,0.4,0,1,0,0,1,138.855744949495,31.9074536093064,1,8,.,492,.,.,0,2,1,0,0.214830646379195
43,90.7,168.6,28.2573,0.88,44,25,62,4.7,0.4,0,1,0,0,1,138.855744949495,31.9074536093064,1,8,.,504,.,.,0,2,1,0,0.618181171937765
40,61.7,163.5,22.6963,0.37,31,31,61,3.5,0.1,0,0,0,0,2,196.865615615616,23.0807358153541,0,9,258,0,.,.,1,1,1,1,.
40,61.7,163.5,22.6963,0.37,31,31,61,3.5,0.1,0,0,0,0,2,196.865615615616,23.0807358153541,0,9,258,24,.,.,1,1,1,1,.
40,61.7,163.5,22.6963,0.37,31,31,61,3.5,0.1,0,0,0,0,2,196.865615615616,23.0807358153541,0,9,.,47.97,.,.,0,2,1,0,0.0547208901739792
40,61.7,163.5,22.6963,0.37,31,31,61,3.5,0.1,0,0,0,0,2,196.865615615616,23.0807358153541,0,9,258,48,.,.,1,1,1,1,.
40,61.7,163.5,22.6963,0.37,31,31,61,3.5,0.1,0,0,0,0,2,196.865615615616,23.0807358153541,0,9,.,71.97,.,.,0,2,1,0,0.0617200921049551
40,61.7,163.5,22.6963,0.37,31,31,61,3.5,0.1,0,0,0,0,2,196.865615615616,23.0807358153541,0,9,258,72,.,.,1,1,1,1,.
40,61.7,163.5,22.6963,0.37,31,31,61,3.5,0.1,0,0,0,0,2,196.865615615616,23.0807358153541,0,9,258,96,.,.,1,1,1,1,.
40,61.7,163.5,22.6963,0.37,31,31,61,3.5,0.1,0,0,0,0,2,196.865615615616,23.0807358153541,0,9,.,119.97,.,.,0,2,1,0,0.200360310341322
40,61.7,163.5,22.6963,0.37,31,31,61,3.5,0.1,0,0,0,0,2,196.865615615616,23.0807358153541,0,9,258,120,.,.,1,1,1,1,.
40,61.7,163.5,22.6963,0.37,31,31,61,3.5,0.1,0,0,0,0,2,196.865615615616,23.0807358153541,0,9,258,144,.,.,1,1,1,1,.
40,61.7,163.5,22.6963,0.37,31,31,61,3.5,0.1,0,0,0,0,2,196.865615615616,23.0807358153541,0,9,258,168,.,.,1,1,1,1,.
40,61.7,163.5,22.6963,0.37,31,31,61,3.5,0.1,0,0,0,0,2,196.865615615616,23.0807358153541,0,9,.,191.97,.,.,0,2,1,0,0.208546266186749
40,61.7,163.5,22.6963,0.37,31,31,61,3.5,0.1,0,0,0,0,2,196.865615615616,23.0807358153541,0,9,258,192,.,.,1,1,1,1,.
40,61.7,163.5,22.6963,0.37,31,31,61,3.5,0.1,0,0,0,0,2,196.865615615616,23.0807358153541,0,9,258,216,.,.,1,1,1,1,.
40,61.7,163.5,22.6963,0.37,31,31,61,3.5,0.1,0,0,0,0,2,196.865615615616,23.0807358153541,0,9,258,240,.,.,1,1,1,1,.
40,61.7,163.5,22.6963,0.37,31,31,61,3.5,0.1,0,0,0,0,2,196.865615615616,23.0807358153541,0,9,.,263.97,.,.,0,2,1,0,0.283873754457178
40,61.7,163.5,22.6963,0.37,31,31,61,3.5,0.1,0,0,0,0,2,196.865615615616,23.0807358153541,0,9,258,264,.,.,1,1,1,1,.
40,61.7,163.5,22.6963,0.37,31,31,61,3.5,0.1,0,0,0,0,2,196.865615615616,23.0807358153541,0,9,258,288,.,.,1,1,1,1,.
40,61.7,163.5,22.6963,0.37,31,31,61,3.5,0.1,0,0,0,0,2,196.865615615616,23.0807358153541,0,9,258,312,.,.,1,1,1,1,.
40,61.7,163.5,22.6963,0.37,31,31,61,3.5,0.1,0,0,0,0,2,196.865615615616,23.0807358153541,0,9,.,335.97,.,.,0,2,1,0,0.245939145250397
40,61.7,163.5,22.6963,0.37,31,31,61,3.5,0.1,0,0,0,0,2,196.865615615616,23.0807358153541,0,9,258,336,.,.,1,1,1,1,.
40,61.7,163.5,22.6963,0.37,31,31,61,3.5,0.1,0,0,0,0,2,196.865615615616,23.0807358153541,0,9,258,360,.,.,1,1,1,1,.
40,61.7,163.5,22.6963,0.37,31,31,61,3.5,0.1,0,0,0,0,2,196.865615615616,23.0807358153541,0,9,258,384,.,.,1,1,1,1,.
40,61.7,163.5,22.6963,0.37,31,31,61,3.5,0.1,0,0,0,0,2,196.865615615616,23.0807358153541,0,9,.,407.97,.,.,0,2,1,0,0.248999642954139
40,61.7,163.5,22.6963,0.37,31,31,61,3.5,0.1,0,0,0,0,2,196.865615615616,23.0807358153541,0,9,258,408,.,.,1,1,1,1,.
40,61.7,163.5,22.6963,0.37,31,31,61,3.5,0.1,0,0,0,0,2,196.865615615616,23.0807358153541,0,9,258,432,.,.,1,1,1,1,.
40,61.7,163.5,22.6963,0.37,31,31,61,3.5,0.1,0,0,0,0,2,196.865615615616,23.0807358153541,0,9,258,456,.,.,1,1,1,1,.
40,61.7,163.5,22.6963,0.37,31,31,61,3.5,0.1,0,0,0,0,2,196.865615615616,23.0807358153541,0,9,.,479.98,.,.,0,2,1,0,0.344308960063746
40,61.7,163.5,22.6963,0.37,31,31,61,3.5,0.1,0,0,0,0,2,196.865615615616,23.0807358153541,0,9,258,480,.,.,1,1,1,1,.
40,61.7,163.5,22.6963,0.37,31,31,61,3.5,0.1,0,0,0,0,2,196.865615615616,23.0807358153541,0,9,.,481,.,.,0,2,1,0,0.349780626976998
40,61.7,163.5,22.6963,0.37,31,31,61,3.5,0.1,0,0,0,0,2,196.865615615616,23.0807358153541,0,9,.,482,.,.,0,2,1,0,0.422455915515443
40,61.7,163.5,22.6963,0.37,31,31,61,3.5,0.1,0,0,0,0,2,196.865615615616,23.0807358153541,0,9,.,483,.,.,0,2,1,0,0.233960391070695
40,61.7,163.5,22.6963,0.37,31,31,61,3.5,0.1,0,0,0,0,2,196.865615615616,23.0807358153541,0,9,.,484,.,.,0,2,1,0,0.423387361325791
40,61.7,163.5,22.6963,0.37,31,31,61,3.5,0.1,0,0,0,0,2,196.865615615616,23.0807358153541,0,9,.,485,.,.,0,2,1,0,0.329741287494014
40,61.7,163.5,22.6963,0.37,31,31,61,3.5,0.1,0,0,0,0,2,196.865615615616,23.0807358153541,0,9,.,486,.,.,0,2,1,0,0.481533850263361
40,61.7,163.5,22.6963,0.37,31,31,61,3.5,0.1,0,0,0,0,2,196.865615615616,23.0807358153541,0,9,.,487,.,.,0,2,1,0,0.761848972998813
40,61.7,163.5,22.6963,0.37,31,31,61,3.5,0.1,0,0,0,0,2,196.865615615616,23.0807358153541,0,9,.,488,.,.,0,2,1,0,0.387158391751608
40,61.7,163.5,22.6963,0.37,31,31,61,3.5,0.1,0,0,0,0,2,196.865615615616,23.0807358153541,0,9,.,492,.,.,0,2,1,0,0.201041940435222
40,61.7,163.5,22.6963,0.37,31,31,61,3.5,0.1,0,0,0,0,2,196.865615615616,23.0807358153541,0,9,.,504,.,.,0,2,1,0,0.200063328360871
42,57,150.9,19.9182,0.61,14,19,63,4.5,1.2,1,0,0,0,2,108.107923497268,25.0320476083196,0,10,258,0,.,.,1,1,1,1,.
42,57,150.9,19.9182,0.61,14,19,63,4.5,1.2,1,0,0,0,2,108.107923497268,25.0320476083196,0,10,258,24,.,.,1,1,1,1,.
42,57,150.9,19.9182,0.61,14,19,63,4.5,1.2,1,0,0,0,2,108.107923497268,25.0320476083196,0,10,258,48,.,.,1,1,1,1,.
42,57,150.9,19.9182,0.61,14,19,63,4.5,1.2,1,0,0,0,2,108.107923497268,25.0320476083196,0,10,.,71.97,.,.,0,2,1,0,0.285957920274873
42,57,150.9,19.9182,0.61,14,19,63,4.5,1.2,1,0,0,0,2,108.107923497268,25.0320476083196,0,10,258,72,.,.,1,1,1,1,.
42,57,150.9,19.9182,0.61,14,19,63,4.5,1.2,1,0,0,0,2,108.107923497268,25.0320476083196,0,10,258,96,.,.,1,1,1,1,.
42,57,150.9,19.9182,0.61,14,19,63,4.5,1.2,1,0,0,0,2,108.107923497268,25.0320476083196,0,10,.,119.97,.,.,0,2,1,0,0.118173528624586
42,57,150.9,19.9182,0.61,14,19,63,4.5,1.2,1,0,0,0,2,108.107923497268,25.0320476083196,0,10,258,120,.,.,1,1,1,1,.
42,57,150.9,19.9182,0.61,14,19,63,4.5,1.2,1,0,0,0,2,108.107923497268,25.0320476083196,0,10,258,144,.,.,1,1,1,1,.
42,57,150.9,19.9182,0.61,14,19,63,4.5,1.2,1,0,0,0,2,108.107923497268,25.0320476083196,0,10,258,168,.,.,1,1,1,1,.
42,57,150.9,19.9182,0.61,14,19,63,4.5,1.2,1,0,0,0,2,108.107923497268,25.0320476083196,0,10,.,191.97,.,.,0,2,1,0,0.220378141716828
42,57,150.9,19.9182,0.61,14,19,63,4.5,1.2,1,0,0,0,2,108.107923497268,25.0320476083196,0,10,258,192,.,.,1,1,1,1,.
42,57,150.9,19.9182,0.61,14,19,63,4.5,1.2,1,0,0,0,2,108.107923497268,25.0320476083196,0,10,258,216,.,.,1,1,1,1,.
42,57,150.9,19.9182,0.61,14,19,63,4.5,1.2,1,0,0,0,2,108.107923497268,25.0320476083196,0,10,258,240,.,.,1,1,1,1,.
42,57,150.9,19.9182,0.61,14,19,63,4.5,1.2,1,0,0,0,2,108.107923497268,25.0320476083196,0,10,.,263.97,.,.,0,2,1,0,0.419850050455726
42,57,150.9,19.9182,0.61,14,19,63,4.5,1.2,1,0,0,0,2,108.107923497268,25.0320476083196,0,10,258,264,.,.,1,1,1,1,.
42,57,150.9,19.9182,0.61,14,19,63,4.5,1.2,1,0,0,0,2,108.107923497268,25.0320476083196,0,10,258,288,.,.,1,1,1,1,.
42,57,150.9,19.9182,0.61,14,19,63,4.5,1.2,1,0,0,0,2,108.107923497268,25.0320476083196,0,10,258,312,.,.,1,1,1,1,.
42,57,150.9,19.9182,0.61,14,19,63,4.5,1.2,1,0,0,0,2,108.107923497268,25.0320476083196,0,10,.,335.97,.,.,0,2,1,0,0.347702747274336
42,57,150.9,19.9182,0.61,14,19,63,4.5,1.2,1,0,0,0,2,108.107923497268,25.0320476083196,0,10,258,336,.,.,1,1,1,1,.
42,57,150.9,19.9182,0.61,14,19,63,4.5,1.2,1,0,0,0,2,108.107923497268,25.0320476083196,0,10,258,360,.,.,1,1,1,1,.
42,57,150.9,19.9182,0.61,14,19,63,4.5,1.2,1,0,0,0,2,108.107923497268,25.0320476083196,0,10,258,384,.,.,1,1,1,1,.
42,57,150.9,19.9182,0.61,14,19,63,4.5,1.2,1,0,0,0,2,108.107923497268,25.0320476083196,0,10,.,407.97,.,.,0,2,1,0,0.17836713714745
42,57,150.9,19.9182,0.61,14,19,63,4.5,1.2,1,0,0,0,2,108.107923497268,25.0320476083196,0,10,258,408,.,.,1,1,1,1,.
42,57,150.9,19.9182,0.61,14,19,63,4.5,1.2,1,0,0,0,2,108.107923497268,25.0320476083196,0,10,258,432,.,.,1,1,1,1,.
42,57,150.9,19.9182,0.61,14,19,63,4.5,1.2,1,0,0,0,2,108.107923497268,25.0320476083196,0,10,258,456,.,.,1,1,1,1,.
42,57,150.9,19.9182,0.61,14,19,63,4.5,1.2,1,0,0,0,2,108.107923497268,25.0320476083196,0,10,.,479.97,.,.,0,2,1,0,0.21351976089414
42,57,150.9,19.9182,0.61,14,19,63,4.5,1.2,1,0,0,0,2,108.107923497268,25.0320476083196,0,10,258,480,.,.,1,1,1,1,.
42,57,150.9,19.9182,0.61,14,19,63,4.5,1.2,1,0,0,0,2,108.107923497268,25.0320476083196,0,10,.,481,.,.,0,2,1,0,0.544951970470975
42,57,150.9,19.9182,0.61,14,19,63,4.5,1.2,1,0,0,0,2,108.107923497268,25.0320476083196,0,10,.,482,.,.,0,2,1,0,0.53236156645714
42,57,150.9,19.9182,0.61,14,19,63,4.5,1.2,1,0,0,0,2,108.107923497268,25.0320476083196,0,10,.,483,.,.,0,2,1,0,0.874245727716895
42,57,150.9,19.9182,0.61,14,19,63,4.5,1.2,1,0,0,0,2,108.107923497268,25.0320476083196,0,10,.,484,.,.,0,2,1,0,0.528036068411572
42,57,150.9,19.9182,0.61,14,19,63,4.5,1.2,1,0,0,0,2,108.107923497268,25.0320476083196,0,10,.,485,.,.,0,2,1,0,0.56602231055545
42,57,150.9,19.9182,0.61,14,19,63,4.5,1.2,1,0,0,0,2,108.107923497268,25.0320476083196,0,10,.,486,.,.,0,2,1,0,0.420946451532703
42,57,150.9,19.9182,0.61,14,19,63,4.5,1.2,1,0,0,0,2,108.107923497268,25.0320476083196,0,10,.,487,.,.,0,2,1,0,0.653385857084698
42,57,150.9,19.9182,0.61,14,19,63,4.5,1.2,1,0,0,0,2,108.107923497268,25.0320476083196,0,10,.,488,.,.,0,2,1,0,0.6944561169804
42,57,150.9,19.9182,0.61,14,19,63,4.5,1.2,1,0,0,0,2,108.107923497268,25.0320476083196,0,10,.,492,.,.,0,2,1,0,0.442525751141937
42,57,150.9,19.9182,0.61,14,19,63,4.5,1.2,1,0,0,0,2,108.107923497268,25.0320476083196,0,10,.,504,.,.,0,2,1,0,0.44337150340543
25,55,160.4,18.5947,0.73,21,21,76,4.5,0.6,0,1,0,0,2,102.287861491629,21.3773546184414,0,11,129,0,.,.,1,1,1,1,.
25,55,160.4,18.5947,0.73,21,21,76,4.5,0.6,0,1,0,0,2,102.287861491629,21.3773546184414,0,11,129,24,.,.,1,1,1,1,.
25,55,160.4,18.5947,0.73,21,21,76,4.5,0.6,0,1,0,0,2,102.287861491629,21.3773546184414,0,11,.,47.98,.,.,0,2,1,0,0.0622938239035262
25,55,160.4,18.5947,0.73,21,21,76,4.5,0.6,0,1,0,0,2,102.287861491629,21.3773546184414,0,11,129,48,.,.,1,1,1,1,.
25,55,160.4,18.5947,0.73,21,21,76,4.5,0.6,0,1,0,0,2,102.287861491629,21.3773546184414,0,11,.,71.97,.,.,0,2,1,0,0.105445032606266
25,55,160.4,18.5947,0.73,21,21,76,4.5,0.6,0,1,0,0,2,102.287861491629,21.3773546184414,0,11,129,72,.,.,1,1,1,1,.
25,55,160.4,18.5947,0.73,21,21,76,4.5,0.6,0,1,0,0,2,102.287861491629,21.3773546184414,0,11,129,96,.,.,1,1,1,1,.
25,55,160.4,18.5947,0.73,21,21,76,4.5,0.6,0,1,0,0,2,102.287861491629,21.3773546184414,0,11,.,119.97,.,.,0,2,1,0,0.151908942052757
25,55,160.4,18.5947,0.73,21,21,76,4.5,0.6,0,1,0,0,2,102.287861491629,21.3773546184414,0,11,129,120,.,.,1,1,1,1,.
25,55,160.4,18.5947,0.73,21,21,76,4.5,0.6,0,1,0,0,2,102.287861491629,21.3773546184414,0,11,129,144,.,.,1,1,1,1,.
25,55,160.4,18.5947,0.73,21,21,76,4.5,0.6,0,1,0,0,2,102.287861491629,21.3773546184414,0,11,129,168,.,.,1,1,1,1,.
25,55,160.4,18.5947,0.73,21,21,76,4.5,0.6,0,1,0,0,2,102.287861491629,21.3773546184414,0,11,.,191.97,.,.,0,2,1,0,0.104811101502336
25,55,160.4,18.5947,0.73,21,21,76,4.5,0.6,0,1,0,0,2,102.287861491629,21.3773546184414,0,11,129,192,.,.,1,1,1,1,.
25,55,160.4,18.5947,0.73,21,21,76,4.5,0.6,0,1,0,0,2,102.287861491629,21.3773546184414,0,11,129,216,.,.,1,1,1,1,.
25,55,160.4,18.5947,0.73,21,21,76,4.5,0.6,0,1,0,0,2,102.287861491629,21.3773546184414,0,11,129,240,.,.,1,1,1,1,.
25,55,160.4,18.5947,0.73,21,21,76,4.5,0.6,0,1,0,0,2,102.287861491629,21.3773546184414,0,11,.,263.97,.,.,0,2,1,0,0.140114507894368
25,55,160.4,18.5947,0.73,21,21,76,4.5,0.6,0,1,0,0,2,102.287861491629,21.3773546184414,0,11,129,264,.,.,1,1,1,1,.
25,55,160.4,18.5947,0.73,21,21,76,4.5,0.6,0,1,0,0,2,102.287861491629,21.3773546184414,0,11,129,288,.,.,1,1,1,1,.
25,55,160.4,18.5947,0.73,21,21,76,4.5,0.6,0,1,0,0,2,102.287861491629,21.3773546184414,0,11,129,312,.,.,1,1,1,1,.
25,55,160.4,18.5947,0.73,21,21,76,4.5,0.6,0,1,0,0,2,102.287861491629,21.3773546184414,0,11,.,335.97,.,.,0,2,1,0,0.164923816938148
25,55,160.4,18.5947,0.73,21,21,76,4.5,0.6,0,1,0,0,2,102.287861491629,21.3773546184414,0,11,129,336,.,.,1,1,1,1,.
25,55,160.4,18.5947,0.73,21,21,76,4.5,0.6,0,1,0,0,2,102.287861491629,21.3773546184414,0,11,129,360,.,.,1,1,1,1,.
25,55,160.4,18.5947,0.73,21,21,76,4.5,0.6,0,1,0,0,2,102.287861491629,21.3773546184414,0,11,129,384,.,.,1,1,1,1,.
25,55,160.4,18.5947,0.73,21,21,76,4.5,0.6,0,1,0,0,2,102.287861491629,21.3773546184414,0,11,.,407.97,.,.,0,2,1,0,0.321032310433536
25,55,160.4,18.5947,0.73,21,21,76,4.5,0.6,0,1,0,0,2,102.287861491629,21.3773546184414,0,11,129,408,.,.,1,1,1,1,.
25,55,160.4,18.5947,0.73,21,21,76,4.5,0.6,0,1,0,0,2,102.287861491629,21.3773546184414,0,11,129,432,.,.,1,1,1,1,.
25,55,160.4,18.5947,0.73,21,21,76,4.5,0.6,0,1,0,0,2,102.287861491629,21.3773546184414,0,11,129,456,.,.,1,1,1,1,.
25,55,160.4,18.5947,0.73,21,21,76,4.5,0.6,0,1,0,0,2,102.287861491629,21.3773546184414,0,11,.,479.97,.,.,0,2,1,0,0.153571831132616
25,55,160.4,18.5947,0.73,21,21,76,4.5,0.6,0,1,0,0,2,102.287861491629,21.3773546184414,0,11,129,480,.,.,1,1,1,1,.
25,55,160.4,18.5947,0.73,21,21,76,4.5,0.6,0,1,0,0,2,102.287861491629,21.3773546184414,0,11,.,481,.,.,0,2,1,0,0.244238742636833
25,55,160.4,18.5947,0.73,21,21,76,4.5,0.6,0,1,0,0,2,102.287861491629,21.3773546184414,0,11,.,482,.,.,0,2,1,0,0.370347816841083
25,55,160.4,18.5947,0.73,21,21,76,4.5,0.6,0,1,0,0,2,102.287861491629,21.3773546184414,0,11,.,483,.,.,0,2,1,0,0.487819325677737
25,55,160.4,18.5947,0.73,21,21,76,4.5,0.6,0,1,0,0,2,102.287861491629,21.3773546184414,0,11,.,484,.,.,0,2,1,0,0.034115227402963
25,55,160.4,18.5947,0.73,21,21,76,4.5,0.6,0,1,0,0,2,102.287861491629,21.3773546184414,0,11,.,485,.,.,0,2,1,0,0.393230575648266
25,55,160.4,18.5947,0.73,21,21,76,4.5,0.6,0,1,0,0,2,102.287861491629,21.3773546184414,0,11,.,486,.,.,0,2,1,0,0.357963674972349
25,55,160.4,18.5947,0.73,21,21,76,4.5,0.6,0,1,0,0,2,102.287861491629,21.3773546184414,0,11,.,487,.,.,0,2,1,0,0.568206201815428
25,55,160.4,18.5947,0.73,21,21,76,4.5,0.6,0,1,0,0,2,102.287861491629,21.3773546184414,0,11,.,488,.,.,0,2,1,0,0.5487544657915
25,55,160.4,18.5947,0.73,21,21,76,4.5,0.6,0,1,0,0,2,102.287861491629,21.3773546184414,0,11,.,492,.,.,0,2,1,0,0.0695472739405819
25,55,160.4,18.5947,0.73,21,21,76,4.5,0.6,0,1,0,0,2,102.287861491629,21.3773546184414,0,11,.,504,.,.,0,2,1,0,0.206123542341453
33,123.1,184.5,48.0862,0.86,22,24,96,4.8,0.6,0,1,0,0,1,212.721253229974,36.1630716578169,1,12,258,0,.,.,1,1,1,1,.
33,123.1,184.5,48.0862,0.86,22,24,96,4.8,0.6,0,1,0,0,1,212.721253229974,36.1630716578169,1,12,258,24,.,.,1,1,1,1,.
33,123.1,184.5,48.0862,0.86,22,24,96,4.8,0.6,0,1,0,0,1,212.721253229974,36.1630716578169,1,12,.,47.97,.,.,0,2,1,0,0.13218400361666
33,123.1,184.5,48.0862,0.86,22,24,96,4.8,0.6,0,1,0,0,1,212.721253229974,36.1630716578169,1,12,258,48,.,.,1,1,1,1,.
33,123.1,184.5,48.0862,0.86,22,24,96,4.8,0.6,0,1,0,0,1,212.721253229974,36.1630716578169,1,12,.,71.97,.,.,0,2,1,0,0.178570981291661
33,123.1,184.5,48.0862,0.86,22,24,96,4.8,0.6,0,1,0,0,1,212.721253229974,36.1630716578169,1,12,258,72,.,.,1,1,1,1,.
33,123.1,184.5,48.0862,0.86,22,24,96,4.8,0.6,0,1,0,0,1,212.721253229974,36.1630716578169,1,12,258,96,.,.,1,1,1,1,.
33,123.1,184.5,48.0862,0.86,22,24,96,4.8,0.6,0,1,0,0,1,212.721253229974,36.1630716578169,1,12,.,119.97,.,.,0,2,1,0,0.319819689486017
33,123.1,184.5,48.0862,0.86,22,24,96,4.8,0.6,0,1,0,0,1,212.721253229974,36.1630716578169,1,12,258,120,.,.,1,1,1,1,.
33,123.1,184.5,48.0862,0.86,22,24,96,4.8,0.6,0,1,0,0,1,212.721253229974,36.1630716578169,1,12,258,144,.,.,1,1,1,1,.
33,123.1,184.5,48.0862,0.86,22,24,96,4.8,0.6,0,1,0,0,1,212.721253229974,36.1630716578169,1,12,258,168,.,.,1,1,1,1,.
33,123.1,184.5,48.0862,0.86,22,24,96,4.8,0.6,0,1,0,0,1,212.721253229974,36.1630716578169,1,12,.,191.97,.,.,0,2,1,0,0.233073163564945
33,123.1,184.5,48.0862,0.86,22,24,96,4.8,0.6,0,1,0,0,1,212.721253229974,36.1630716578169,1,12,258,192,.,.,1,1,1,1,.
33,123.1,184.5,48.0862,0.86,22,24,96,4.8,0.6,0,1,0,0,1,212.721253229974,36.1630716578169,1,12,258,216,.,.,1,1,1,1,.
33,123.1,184.5,48.0862,0.86,22,24,96,4.8,0.6,0,1,0,0,1,212.721253229974,36.1630716578169,1,12,258,240,.,.,1,1,1,1,.
33,123.1,184.5,48.0862,0.86,22,24,96,4.8,0.6,0,1,0,0,1,212.721253229974,36.1630716578169,1,12,.,263.97,.,.,0,2,1,0,0.200078371470831
33,123.1,184.5,48.0862,0.86,22,24,96,4.8,0.6,0,1,0,0,1,212.721253229974,36.1630716578169,1,12,258,264,.,.,1,1,1,1,.
33,123.1,184.5,48.0862,0.86,22,24,96,4.8,0.6,0,1,0,0,1,212.721253229974,36.1630716578169,1,12,258,288,.,.,1,1,1,1,.
33,123.1,184.5,48.0862,0.86,22,24,96,4.8,0.6,0,1,0,0,1,212.721253229974,36.1630716578169,1,12,258,312,.,.,1,1,1,1,.
33,123.1,184.5,48.0862,0.86,22,24,96,4.8,0.6,0,1,0,0,1,212.721253229974,36.1630716578169,1,12,.,335.97,.,.,0,2,1,0,0.168304876149945
33,123.1,184.5,48.0862,0.86,22,24,96,4.8,0.6,0,1,0,0,1,212.721253229974,36.1630716578169,1,12,258,336,.,.,1,1,1,1,.
33,123.1,184.5,48.0862,0.86,22,24,96,4.8,0.6,0,1,0,0,1,212.721253229974,36.1630716578169,1,12,258,360,.,.,1,1,1,1,.
33,123.1,184.5,48.0862,0.86,22,24,96,4.8,0.6,0,1,0,0,1,212.721253229974,36.1630716578169,1,12,258,384,.,.,1,1,1,1,.
33,123.1,184.5,48.0862,0.86,22,24,96,4.8,0.6,0,1,0,0,1,212.721253229974,36.1630716578169,1,12,.,407.97,.,.,0,2,1,0,0.15643849489737
33,123.1,184.5,48.0862,0.86,22,24,96,4.8,0.6,0,1,0,0,1,212.721253229974,36.1630716578169,1,12,258,408,.,.,1,1,1,1,.
33,123.1,184.5,48.0862,0.86,22,24,96,4.8,0.6,0,1,0,0,1,212.721253229974,36.1630716578169,1,12,258,432,.,.,1,1,1,1,.
33,123.1,184.5,48.0862,0.86,22,24,96,4.8,0.6,0,1,0,0,1,212.721253229974,36.1630716578169,1,12,258,456,.,.,1,1,1,1,.
33,123.1,184.5,48.0862,0.86,22,24,96,4.8,0.6,0,1,0,0,1,212.721253229974,36.1630716578169,1,12,.,479.97,.,.,0,2,1,0,0.311845066655881
33,123.1,184.5,48.0862,0.86,22,24,96,4.8,0.6,0,1,0,0,1,212.721253229974,36.1630716578169,1,12,258,480,.,.,1,1,1,1,.
33,123.1,184.5,48.0862,0.86,22,24,96,4.8,0.6,0,1,0,0,1,212.721253229974,36.1630716578169,1,12,.,481,.,.,0,2,1,0,0.377086751956152
33,123.1,184.5,48.0862,0.86,22,24,96,4.8,0.6,0,1,0,0,1,212.721253229974,36.1630716578169,1,12,.,482,.,.,0,2,1,0,0.722173067027817
33,123.1,184.5,48.0862,0.86,22,24,96,4.8,0.6,0,1,0,0,1,212.721253229974,36.1630716578169,1,12,.,484,.,.,0,2,1,0,-0.00262892870053816
33,123.1,184.5,48.0862,0.86,22,24,96,4.8,0.6,0,1,0,0,1,212.721253229974,36.1630716578169,1,12,.,485,.,.,0,2,1,0,0.353580214846413
33,123.1,184.5,48.0862,0.86,22,24,96,4.8,0.6,0,1,0,0,1,212.721253229974,36.1630716578169,1,12,.,486,.,.,0,2,1,0,0.306031796402208
33,123.1,184.5,48.0862,0.86,22,24,96,4.8,0.6,0,1,0,0,1,212.721253229974,36.1630716578169,1,12,.,487,.,.,0,2,1,0,0.513835707484918
33,123.1,184.5,48.0862,0.86,22,24,96,4.8,0.6,0,1,0,0,1,212.721253229974,36.1630716578169,1,12,.,488,.,.,0,2,1,0,0.521814207865251
33,123.1,184.5,48.0862,0.86,22,24,96,4.8,0.6,0,1,0,0,1,212.721253229974,36.1630716578169,1,12,.,504,.,.,0,2,1,0,0.324240454277602
44,60.7,159.2,20.5887,0.67,19,23,49,4.1,0.8,0,0,0,1,2,102.676616915423,23.9498371253251,0,13,258,0,.,.,1,1,1,1,.
44,60.7,159.2,20.5887,0.67,19,23,49,4.1,0.8,0,0,0,1,2,102.676616915423,23.9498371253251,0,13,258,24,.,.,1,1,1,1,.
44,60.7,159.2,20.5887,0.67,19,23,49,4.1,0.8,0,0,0,1,2,102.676616915423,23.9498371253251,0,13,.,47.97,.,.,0,2,1,0,0.0981447243151349
44,60.7,159.2,20.5887,0.67,19,23,49,4.1,0.8,0,0,0,1,2,102.676616915423,23.9498371253251,0,13,258,48,.,.,1,1,1,1,.
44,60.7,159.2,20.5887,0.67,19,23,49,4.1,0.8,0,0,0,1,2,102.676616915423,23.9498371253251,0,13,.,71.97,.,.,0,2,1,0,0.0964666613204912
44,60.7,159.2,20.5887,0.67,19,23,49,4.1,0.8,0,0,0,1,2,102.676616915423,23.9498371253251,0,13,258,72,.,.,1,1,1,1,.
44,60.7,159.2,20.5887,0.67,19,23,49,4.1,0.8,0,0,0,1,2,102.676616915423,23.9498371253251,0,13,258,96,.,.,1,1,1,1,.
44,60.7,159.2,20.5887,0.67,19,23,49,4.1,0.8,0,0,0,1,2,102.676616915423,23.9498371253251,0,13,.,119.97,.,.,0,2,1,0,0.0381627989032336
44,60.7,159.2,20.5887,0.67,19,23,49,4.1,0.8,0,0,0,1,2,102.676616915423,23.9498371253251,0,13,258,120,.,.,1,1,1,1,.
44,60.7,159.2,20.5887,0.67,19,23,49,4.1,0.8,0,0,0,1,2,102.676616915423,23.9498371253251,0,13,258,144,.,.,1,1,1,1,.
44,60.7,159.2,20.5887,0.67,19,23,49,4.1,0.8,0,0,0,1,2,102.676616915423,23.9498371253251,0,13,258,168,.,.,1,1,1,1,.
44,60.7,159.2,20.5887,0.67,19,23,49,4.1,0.8,0,0,0,1,2,102.676616915423,23.9498371253251,0,13,.,191.97,.,.,0,2,1,0,0.165063737019542
44,60.7,159.2,20.5887,0.67,19,23,49,4.1,0.8,0,0,0,1,2,102.676616915423,23.9498371253251,0,13,258,192,.,.,1,1,1,1,.
44,60.7,159.2,20.5887,0.67,19,23,49,4.1,0.8,0,0,0,1,2,102.676616915423,23.9498371253251,0,13,258,216,.,.,1,1,1,1,.
44,60.7,159.2,20.5887,0.67,19,23,49,4.1,0.8,0,0,0,1,2,102.676616915423,23.9498371253251,0,13,258,240,.,.,1,1,1,1,.
44,60.7,159.2,20.5887,0.67,19,23,49,4.1,0.8,0,0,0,1,2,102.676616915423,23.9498371253251,0,13,.,263.97,.,.,0,2,1,0,0.265188039898236
44,60.7,159.2,20.5887,0.67,19,23,49,4.1,0.8,0,0,0,1,2,102.676616915423,23.9498371253251,0,13,258,264,.,.,1,1,1,1,.
44,60.7,159.2,20.5887,0.67,19,23,49,4.1,0.8,0,0,0,1,2,102.676616915423,23.9498371253251,0,13,258,288,.,.,1,1,1,1,.
44,60.7,159.2,20.5887,0.67,19,23,49,4.1,0.8,0,0,0,1,2,102.676616915423,23.9498371253251,0,13,258,312,.,.,1,1,1,1,.
44,60.7,159.2,20.5887,0.67,19,23,49,4.1,0.8,0,0,0,1,2,102.676616915423,23.9498371253251,0,13,.,335.97,.,.,0,2,1,0,0.184322146662191
44,60.7,159.2,20.5887,0.67,19,23,49,4.1,0.8,0,0,0,1,2,102.676616915423,23.9498371253251,0,13,258,336,.,.,1,1,1,1,.
44,60.7,159.2,20.5887,0.67,19,23,49,4.1,0.8,0,0,0,1,2,102.676616915423,23.9498371253251,0,13,258,360,.,.,1,1,1,1,.
44,60.7,159.2,20.5887,0.67,19,23,49,4.1,0.8,0,0,0,1,2,102.676616915423,23.9498371253251,0,13,258,384,.,.,1,1,1,1,.
44,60.7,159.2,20.5887,0.67,19,23,49,4.1,0.8,0,0,0,1,2,102.676616915423,23.9498371253251,0,13,.,407.97,.,.,0,2,1,0,0.333121612639885
44,60.7,159.2,20.5887,0.67,19,23,49,4.1,0.8,0,0,0,1,2,102.676616915423,23.9498371253251,0,13,258,408,.,.,1,1,1,1,.
44,60.7,159.2,20.5887,0.67,19,23,49,4.1,0.8,0,0,0,1,2,102.676616915423,23.9498371253251,0,13,258,432,.,.,1,1,1,1,.
44,60.7,159.2,20.5887,0.67,19,23,49,4.1,0.8,0,0,0,1,2,102.676616915423,23.9498371253251,0,13,258,455,.,.,1,1,1,1,.
44,60.7,159.2,20.5887,0.67,19,23,49,4.1,0.8,0,0,0,1,2,102.676616915423,23.9498371253251,0,13,258,479,.,.,1,1,1,1,.
44,60.7,159.2,20.5887,0.67,19,23,49,4.1,0.8,0,0,0,1,2,102.676616915423,23.9498371253251,0,13,.,479.97,.,.,0,2,1,0,0.38077359978318
44,60.7,159.2,20.5887,0.67,19,23,49,4.1,0.8,0,0,0,1,2,102.676616915423,23.9498371253251,0,13,.,481,.,.,0,2,1,0,0.650752691723622
44,60.7,159.2,20.5887,0.67,19,23,49,4.1,0.8,0,0,0,1,2,102.676616915423,23.9498371253251,0,13,.,482.13,.,.,0,2,1,0,0.448209605707266
44,60.7,159.2,20.5887,0.67,19,23,49,4.1,0.8,0,0,0,1,2,102.676616915423,23.9498371253251,0,13,.,483,.,.,0,2,1,0,0.610468864462119
44,60.7,159.2,20.5887,0.67,19,23,49,4.1,0.8,0,0,0,1,2,102.676616915423,23.9498371253251,0,13,.,484,.,.,0,2,1,0,0.499147345058061
44,60.7,159.2,20.5887,0.67,19,23,49,4.1,0.8,0,0,0,1,2,102.676616915423,23.9498371253251,0,13,.,485,.,.,0,2,1,0,0.702647658563587
44,60.7,159.2,20.5887,0.67,19,23,49,4.1,0.8,0,0,0,1,2,102.676616915423,23.9498371253251,0,13,.,486,.,.,0,2,1,0,0.335634769079868
44,60.7,159.2,20.5887,0.67,19,23,49,4.1,0.8,0,0,0,1,2,102.676616915423,23.9498371253251,0,13,.,487,.,.,0,2,1,0,0.131105680123007
44,60.7,159.2,20.5887,0.67,19,23,49,4.1,0.8,0,0,0,1,2,102.676616915423,23.9498371253251,0,13,.,488,.,.,0,2,1,0,0.38202408743287
44,60.7,159.2,20.5887,0.67,19,23,49,4.1,0.8,0,0,0,1,2,102.676616915423,23.9498371253251,0,13,.,492,.,.,0,2,1,0,0.214007919555582
44,60.7,159.2,20.5887,0.67,19,23,49,4.1,0.8,0,0,0,1,2,102.676616915423,23.9498371253251,0,13,.,504.07,.,.,0,2,1,0,0.263034192863435
19,72.4,176.6,21.1009,0.86,13,21,97,4.3,0.6,0,0,1,0,2,120.257428940569,23.2143841967759,0,14,129,0,.,.,1,1,1,1,.
19,72.4,176.6,21.1009,0.86,13,21,97,4.3,0.6,0,0,1,0,2,120.257428940569,23.2143841967759,0,14,129,24,.,.,1,1,1,1,.
19,72.4,176.6,21.1009,0.86,13,21,97,4.3,0.6,0,0,1,0,2,120.257428940569,23.2143841967759,0,14,.,47.97,.,.,0,2,1,0,0.0907386987235076
19,72.4,176.6,21.1009,0.86,13,21,97,4.3,0.6,0,0,1,0,2,120.257428940569,23.2143841967759,0,14,129,48,.,.,1,1,1,1,.
19,72.4,176.6,21.1009,0.86,13,21,97,4.3,0.6,0,0,1,0,2,120.257428940569,23.2143841967759,0,14,.,71.97,.,.,0,2,1,0,0.0900780310953607
19,72.4,176.6,21.1009,0.86,13,21,97,4.3,0.6,0,0,1,0,2,120.257428940569,23.2143841967759,0,14,129,72,.,.,1,1,1,1,.
19,72.4,176.6,21.1009,0.86,13,21,97,4.3,0.6,0,0,1,0,2,120.257428940569,23.2143841967759,0,14,129,96,.,.,1,1,1,1,.
19,72.4,176.6,21.1009,0.86,13,21,97,4.3,0.6,0,0,1,0,2,120.257428940569,23.2143841967759,0,14,.,119.97,.,.,0,2,1,0,0.0701145629399276
19,72.4,176.6,21.1009,0.86,13,21,97,4.3,0.6,0,0,1,0,2,120.257428940569,23.2143841967759,0,14,129,120,.,.,1,1,1,1,.
19,72.4,176.6,21.1009,0.86,13,21,97,4.3,0.6,0,0,1,0,2,120.257428940569,23.2143841967759,0,14,129,144,.,.,1,1,1,1,.
19,72.4,176.6,21.1009,0.86,13,21,97,4.3,0.6,0,0,1,0,2,120.257428940569,23.2143841967759,0,14,129,168,.,.,1,1,1,1,.
19,72.4,176.6,21.1009,0.86,13,21,97,4.3,0.6,0,0,1,0,2,120.257428940569,23.2143841967759,0,14,.,191.97,.,.,0,2,1,0,0.108375517396956
19,72.4,176.6,21.1009,0.86,13,21,97,4.3,0.6,0,0,1,0,2,120.257428940569,23.2143841967759,0,14,129,192,.,.,1,1,1,1,.
19,72.4,176.6,21.1009,0.86,13,21,97,4.3,0.6,0,0,1,0,2,120.257428940569,23.2143841967759,0,14,129,216,.,.,1,1,1,1,.
19,72.4,176.6,21.1009,0.86,13,21,97,4.3,0.6,0,0,1,0,2,120.257428940569,23.2143841967759,0,14,129,240,.,.,1,1,1,1,.
19,72.4,176.6,21.1009,0.86,13,21,97,4.3,0.6,0,0,1,0,2,120.257428940569,23.2143841967759,0,14,.,263.97,.,.,0,2,1,0,0.250385715614029
19,72.4,176.6,21.1009,0.86,13,21,97,4.3,0.6,0,0,1,0,2,120.257428940569,23.2143841967759,0,14,129,264,.,.,1,1,1,1,.
19,72.4,176.6,21.1009,0.86,13,21,97,4.3,0.6,0,0,1,0,2,120.257428940569,23.2143841967759,0,14,129,288,.,.,1,1,1,1,.
19,72.4,176.6,21.1009,0.86,13,21,97,4.3,0.6,0,0,1,0,2,120.257428940569,23.2143841967759,0,14,129,312,.,.,1,1,1,1,.
19,72.4,176.6,21.1009,0.86,13,21,97,4.3,0.6,0,0,1,0,2,120.257428940569,23.2143841967759,0,14,.,335.97,.,.,0,2,1,0,0.140910231402342
19,72.4,176.6,21.1009,0.86,13,21,97,4.3,0.6,0,0,1,0,2,120.257428940569,23.2143841967759,0,14,129,336,.,.,1,1,1,1,.
19,72.4,176.6,21.1009,0.86,13,21,97,4.3,0.6,0,0,1,0,2,120.257428940569,23.2143841967759,0,14,129,360,.,.,1,1,1,1,.
19,72.4,176.6,21.1009,0.86,13,21,97,4.3,0.6,0,0,1,0,2,120.257428940569,23.2143841967759,0,14,129,384,.,.,1,1,1,1,.
19,72.4,176.6,21.1009,0.86,13,21,97,4.3,0.6,0,0,1,0,2,120.257428940569,23.2143841967759,0,14,.,407.97,.,.,0,2,1,0,0.169360831453053
19,72.4,176.6,21.1009,0.86,13,21,97,4.3,0.6,0,0,1,0,2,120.257428940569,23.2143841967759,0,14,129,408,.,.,1,1,1,1,.
19,72.4,176.6,21.1009,0.86,13,21,97,4.3,0.6,0,0,1,0,2,120.257428940569,23.2143841967759,0,14,129,432,.,.,1,1,1,1,.
19,72.4,176.6,21.1009,0.86,13,21,97,4.3,0.6,0,0,1,0,2,120.257428940569,23.2143841967759,0,14,129,456,.,.,1,1,1,1,.
19,72.4,176.6,21.1009,0.86,13,21,97,4.3,0.6,0,0,1,0,2,120.257428940569,23.2143841967759,0,14,.,479.97,.,.,0,2,1,0,0.086452771797487
19,72.4,176.6,21.1009,0.86,13,21,97,4.3,0.6,0,0,1,0,2,120.257428940569,23.2143841967759,0,14,129,480,.,.,1,1,1,1,.
19,72.4,176.6,21.1009,0.86,13,21,97,4.3,0.6,0,0,1,0,2,120.257428940569,23.2143841967759,0,14,.,481.03,.,.,0,2,1,0,0.232124290482598
19,72.4,176.6,21.1009,0.86,13,21,97,4.3,0.6,0,0,1,0,2,120.257428940569,23.2143841967759,0,14,.,482,.,.,0,2,1,0,0.361591699906368
19,72.4,176.6,21.1009,0.86,13,21,97,4.3,0.6,0,0,1,0,2,120.257428940569,23.2143841967759,0,14,.,483,.,.,0,2,1,0,0.209236252760413
19,72.4,176.6,21.1009,0.86,13,21,97,4.3,0.6,0,0,1,0,2,120.257428940569,23.2143841967759,0,14,.,484,.,.,0,2,1,0,0.247898040818136
19,72.4,176.6,21.1009,0.86,13,21,97,4.3,0.6,0,0,1,0,2,120.257428940569,23.2143841967759,0,14,.,485,.,.,0,2,1,0,0.431047012954192
19,72.4,176.6,21.1009,0.86,13,21,97,4.3,0.6,0,0,1,0,2,120.257428940569,23.2143841967759,0,14,.,486,.,.,0,2,1,0,0.456260421097842
19,72.4,176.6,21.1009,0.86,13,21,97,4.3,0.6,0,0,1,0,2,120.257428940569,23.2143841967759,0,14,.,487,.,.,0,2,1,0,0.297500050876506
19,72.4,176.6,21.1009,0.86,13,21,97,4.3,0.6,0,0,1,0,2,120.257428940569,23.2143841967759,0,14,.,488,.,.,0,2,1,0,0.327410135505004
19,72.4,176.6,21.1009,0.86,13,21,97,4.3,0.6,0,0,1,0,2,120.257428940569,23.2143841967759,0,14,.,492,.,.,0,2,1,0,0.174189065409571
19,72.4,176.6,21.1009,0.86,13,21,97,4.3,0.6,0,0,1,0,2,120.257428940569,23.2143841967759,0,14,.,504,.,.,0,2,1,0,0.209604046183243
29,58.6,177.3,9.146,0.98,14,23,63,4.7,0.6,0,1,0,0,1,92.1853741496599,18.6414695076775,0,15,129,0,.,.,1,1,1,1,.
29,58.6,177.3,9.146,0.98,14,23,63,4.7,0.6,0,1,0,0,1,92.1853741496599,18.6414695076775,0,15,129,24,.,.,1,1,1,1,.
29,58.6,177.3,9.146,0.98,14,23,63,4.7,0.6,0,1,0,0,1,92.1853741496599,18.6414695076775,0,15,.,47.97,.,.,0,2,1,0,0.0822122071907303
29,58.6,177.3,9.146,0.98,14,23,63,4.7,0.6,0,1,0,0,1,92.1853741496599,18.6414695076775,0,15,129,48,.,.,1,1,1,1,.
29,58.6,177.3,9.146,0.98,14,23,63,4.7,0.6,0,1,0,0,1,92.1853741496599,18.6414695076775,0,15,.,71.97,.,.,0,2,1,0,0.111992151805202
29,58.6,177.3,9.146,0.98,14,23,63,4.7,0.6,0,1,0,0,1,92.1853741496599,18.6414695076775,0,15,129,72,.,.,1,1,1,1,.
29,58.6,177.3,9.146,0.98,14,23,63,4.7,0.6,0,1,0,0,1,92.1853741496599,18.6414695076775,0,15,129,96,.,.,1,1,1,1,.
29,58.6,177.3,9.146,0.98,14,23,63,4.7,0.6,0,1,0,0,1,92.1853741496599,18.6414695076775,0,15,.,119.97,.,.,0,2,1,0,0.344479967042695
29,58.6,177.3,9.146,0.98,14,23,63,4.7,0.6,0,1,0,0,1,92.1853741496599,18.6414695076775,0,15,129,120,.,.,1,1,1,1,.
29,58.6,177.3,9.146,0.98,14,23,63,4.7,0.6,0,1,0,0,1,92.1853741496599,18.6414695076775,0,15,129,144,.,.,1,1,1,1,.
29,58.6,177.3,9.146,0.98,14,23,63,4.7,0.6,0,1,0,0,1,92.1853741496599,18.6414695076775,0,15,129,168,.,.,1,1,1,1,.
29,58.6,177.3,9.146,0.98,14,23,63,4.7,0.6,0,1,0,0,1,92.1853741496599,18.6414695076775,0,15,.,191.97,.,.,0,2,1,0,0.187165663777331
29,58.6,177.3,9.146,0.98,14,23,63,4.7,0.6,0,1,0,0,1,92.1853741496599,18.6414695076775,0,15,129,192,.,.,1,1,1,1,.
29,58.6,177.3,9.146,0.98,14,23,63,4.7,0.6,0,1,0,0,1,92.1853741496599,18.6414695076775,0,15,129,216,.,.,1,1,1,1,.
29,58.6,177.3,9.146,0.98,14,23,63,4.7,0.6,0,1,0,0,1,92.1853741496599,18.6414695076775,0,15,129,240,.,.,1,1,1,1,.
29,58.6,177.3,9.146,0.98,14,23,63,4.7,0.6,0,1,0,0,1,92.1853741496599,18.6414695076775,0,15,.,263.97,.,.,0,2,1,0,0.279647051349311
29,58.6,177.3,9.146,0.98,14,23,63,4.7,0.6,0,1,0,0,1,92.1853741496599,18.6414695076775,0,15,129,264,.,.,1,1,1,1,.
29,58.6,177.3,9.146,0.98,14,23,63,4.7,0.6,0,1,0,0,1,92.1853741496599,18.6414695076775,0,15,129,288,.,.,1,1,1,1,.
29,58.6,177.3,9.146,0.98,14,23,63,4.7,0.6,0,1,0,0,1,92.1853741496599,18.6414695076775,0,15,129,312,.,.,1,1,1,1,.
29,58.6,177.3,9.146,0.98,14,23,63,4.7,0.6,0,1,0,0,1,92.1853741496599,18.6414695076775,0,15,.,335.97,.,.,0,2,1,0,0.310520162721653
29,58.6,177.3,9.146,0.98,14,23,63,4.7,0.6,0,1,0,0,1,92.1853741496599,18.6414695076775,0,15,129,336,.,.,1,1,1,1,.
29,58.6,177.3,9.146,0.98,14,23,63,4.7,0.6,0,1,0,0,1,92.1853741496599,18.6414695076775,0,15,129,360,.,.,1,1,1,1,.
29,58.6,177.3,9.146,0.98,14,23,63,4.7,0.6,0,1,0,0,1,92.1853741496599,18.6414695076775,0,15,129,384,.,.,1,1,1,1,.
29,58.6,177.3,9.146,0.98,14,23,63,4.7,0.6,0,1,0,0,1,92.1853741496599,18.6414695076775,0,15,.,408,.,.,0,2,1,0,0.294596234221471
29,58.6,177.3,9.146,0.98,14,23,63,4.7,0.6,0,1,0,0,1,92.1853741496599,18.6414695076775,0,15,129,408,.,.,1,1,1,1,.
29,58.6,177.3,9.146,0.98,14,23,63,4.7,0.6,0,1,0,0,1,92.1853741496599,18.6414695076775,0,15,129,432.03,.,.,1,1,1,1,.
29,58.6,177.3,9.146,0.98,14,23,63,4.7,0.6,0,1,0,0,1,92.1853741496599,18.6414695076775,0,15,129,456,.,.,1,1,1,1,.
29,58.6,177.3,9.146,0.98,14,23,63,4.7,0.6,0,1,0,0,1,92.1853741496599,18.6414695076775,0,15,.,479.97,.,.,0,2,1,0,0.194393121165627
29,58.6,177.3,9.146,0.98,14,23,63,4.7,0.6,0,1,0,0,1,92.1853741496599,18.6414695076775,0,15,129,480,.,.,1,1,1,1,.
29,58.6,177.3,9.146,0.98,14,23,63,4.7,0.6,0,1,0,0,1,92.1853741496599,18.6414695076775,0,15,.,481,.,.,0,2,1,0,0.295685191643242
29,58.6,177.3,9.146,0.98,14,23,63,4.7,0.6,0,1,0,0,1,92.1853741496599,18.6414695076775,0,15,.,482,.,.,0,2,1,0,0.211862303769368
29,58.6,177.3,9.146,0.98,14,23,63,4.7,0.6,0,1,0,0,1,92.1853741496599,18.6414695076775,0,15,.,483,.,.,0,2,1,0,0.708064173976646
29,58.6,177.3,9.146,0.98,14,23,63,4.7,0.6,0,1,0,0,1,92.1853741496599,18.6414695076775,0,15,.,484,.,.,0,2,1,0,0.256920291980143
29,58.6,177.3,9.146,0.98,14,23,63,4.7,0.6,0,1,0,0,1,92.1853741496599,18.6414695076775,0,15,.,485,.,.,0,2,1,0,0.776956792112303
29,58.6,177.3,9.146,0.98,14,23,63,4.7,0.6,0,1,0,0,1,92.1853741496599,18.6414695076775,0,15,.,486,.,.,0,2,1,0,0.267730661551225
29,58.6,177.3,9.146,0.98,14,23,63,4.7,0.6,0,1,0,0,1,92.1853741496599,18.6414695076775,0,15,.,487,.,.,0,2,1,0,0.550708351526224
29,58.6,177.3,9.146,0.98,14,23,63,4.7,0.6,0,1,0,0,1,92.1853741496599,18.6414695076775,0,15,.,488,.,.,0,2,1,0,0.784152795438459
29,58.6,177.3,9.146,0.98,14,23,63,4.7,0.6,0,1,0,0,1,92.1853741496599,18.6414695076775,0,15,.,492,.,.,0,2,1,0,0.602771461469416
29,58.6,177.3,9.146,0.98,14,23,63,4.7,0.6,0,1,0,0,1,92.1853741496599,18.6414695076775,0,15,.,504,.,.,0,2,1,0,0.295923647862203
22,90.2,160.2,39.6169,0.77,23,23,105,3.8,0.5,0,0,1,0,2,163.186507936508,35.1464539487937,1,16,258,0,.,.,1,1,1,1,.
22,90.2,160.2,39.6169,0.77,23,23,105,3.8,0.5,0,0,1,0,2,163.186507936508,35.1464539487937,1,16,258,24,.,.,1,1,1,1,.
22,90.2,160.2,39.6169,0.77,23,23,105,3.8,0.5,0,0,1,0,2,163.186507936508,35.1464539487937,1,16,.,47.97,.,.,0,2,1,0,0.22277549631209
22,90.2,160.2,39.6169,0.77,23,23,105,3.8,0.5,0,0,1,0,2,163.186507936508,35.1464539487937,1,16,258,48,.,.,1,1,1,1,.
22,90.2,160.2,39.6169,0.77,23,23,105,3.8,0.5,0,0,1,0,2,163.186507936508,35.1464539487937,1,16,.,71.97,.,.,0,2,1,0,0.28096068452842
22,90.2,160.2,39.6169,0.77,23,23,105,3.8,0.5,0,0,1,0,2,163.186507936508,35.1464539487937,1,16,258,72,.,.,1,1,1,1,.
22,90.2,160.2,39.6169,0.77,23,23,105,3.8,0.5,0,0,1,0,2,163.186507936508,35.1464539487937,1,16,258,96,.,.,1,1,1,1,.
22,90.2,160.2,39.6169,0.77,23,23,105,3.8,0.5,0,0,1,0,2,163.186507936508,35.1464539487937,1,16,.,119.97,.,.,0,2,1,0,0.186671530282341
22,90.2,160.2,39.6169,0.77,23,23,105,3.8,0.5,0,0,1,0,2,163.186507936508,35.1464539487937,1,16,258,120,.,.,1,1,1,1,.
22,90.2,160.2,39.6169,0.77,23,23,105,3.8,0.5,0,0,1,0,2,163.186507936508,35.1464539487937,1,16,258,144,.,.,1,1,1,1,.
22,90.2,160.2,39.6169,0.77,23,23,105,3.8,0.5,0,0,1,0,2,163.186507936508,35.1464539487937,1,16,258,168,.,.,1,1,1,1,.
22,90.2,160.2,39.6169,0.77,23,23,105,3.8,0.5,0,0,1,0,2,163.186507936508,35.1464539487937,1,16,.,191.97,.,.,0,2,1,0,0.528941285280295
22,90.2,160.2,39.6169,0.77,23,23,105,3.8,0.5,0,0,1,0,2,163.186507936508,35.1464539487937,1,16,258,192,.,.,1,1,1,1,.
22,90.2,160.2,39.6169,0.77,23,23,105,3.8,0.5,0,0,1,0,2,163.186507936508,35.1464539487937,1,16,258,216,.,.,1,1,1,1,.
22,90.2,160.2,39.6169,0.77,23,23,105,3.8,0.5,0,0,1,0,2,163.186507936508,35.1464539487937,1,16,258,240,.,.,1,1,1,1,.
22,90.2,160.2,39.6169,0.77,23,23,105,3.8,0.5,0,0,1,0,2,163.186507936508,35.1464539487937,1,16,.,263.97,.,.,0,2,1,0,0.101110056002798
22,90.2,160.2,39.6169,0.77,23,23,105,3.8,0.5,0,0,1,0,2,163.186507936508,35.1464539487937,1,16,258,264,.,.,1,1,1,1,.
22,90.2,160.2,39.6169,0.77,23,23,105,3.8,0.5,0,0,1,0,2,163.186507936508,35.1464539487937,1,16,258,288,.,.,1,1,1,1,.
22,90.2,160.2,39.6169,0.77,23,23,105,3.8,0.5,0,0,1,0,2,163.186507936508,35.1464539487937,1,16,258,312,.,.,1,1,1,1,.
22,90.2,160.2,39.6169,0.77,23,23,105,3.8,0.5,0,0,1,0,2,163.186507936508,35.1464539487937,1,16,.,335.97,.,.,0,2,1,0,0.432915284788567
22,90.2,160.2,39.6169,0.77,23,23,105,3.8,0.5,0,0,1,0,2,163.186507936508,35.1464539487937,1,16,258,336,.,.,1,1,1,1,.
22,90.2,160.2,39.6169,0.77,23,23,105,3.8,0.5,0,0,1,0,2,163.186507936508,35.1464539487937,1,16,258,360,.,.,1,1,1,1,.
22,90.2,160.2,39.6169,0.77,23,23,105,3.8,0.5,0,0,1,0,2,163.186507936508,35.1464539487937,1,16,258,384,.,.,1,1,1,1,.
22,90.2,160.2,39.6169,0.77,23,23,105,3.8,0.5,0,0,1,0,2,163.186507936508,35.1464539487937,1,16,.,407.97,.,.,0,2,1,0,0.293773631058813
22,90.2,160.2,39.6169,0.77,23,23,105,3.8,0.5,0,0,1,0,2,163.186507936508,35.1464539487937,1,16,258,408,.,.,1,1,1,1,.
22,90.2,160.2,39.6169,0.77,23,23,105,3.8,0.5,0,0,1,0,2,163.186507936508,35.1464539487937,1,16,258,432,.,.,1,1,1,1,.
22,90.2,160.2,39.6169,0.77,23,23,105,3.8,0.5,0,0,1,0,2,163.186507936508,35.1464539487937,1,16,258,456,.,.,1,1,1,1,.
22,90.2,160.2,39.6169,0.77,23,23,105,3.8,0.5,0,0,1,0,2,163.186507936508,35.1464539487937,1,16,.,479.97,.,.,0,2,1,0,0.440156270621766
22,90.2,160.2,39.6169,0.77,23,23,105,3.8,0.5,0,0,1,0,2,163.186507936508,35.1464539487937,1,16,258,480,.,.,1,1,1,1,.
22,90.2,160.2,39.6169,0.77,23,23,105,3.8,0.5,0,0,1,0,2,163.186507936508,35.1464539487937,1,16,.,481,.,.,0,2,1,0,0.75622979766432
22,90.2,160.2,39.6169,0.77,23,23,105,3.8,0.5,0,0,1,0,2,163.186507936508,35.1464539487937,1,16,.,482,.,.,0,2,1,0,0.686960476790142
22,90.2,160.2,39.6169,0.77,23,23,105,3.8,0.5,0,0,1,0,2,163.186507936508,35.1464539487937,1,16,.,483,.,.,0,2,1,0,0.382951811039657
22,90.2,160.2,39.6169,0.77,23,23,105,3.8,0.5,0,0,1,0,2,163.186507936508,35.1464539487937,1,16,.,484,.,.,0,2,1,0,0.543547124920702
22,90.2,160.2,39.6169,0.77,23,23,105,3.8,0.5,0,0,1,0,2,163.186507936508,35.1464539487937,1,16,.,485,.,.,0,2,1,0,0.318864161684572
22,90.2,160.2,39.6169,0.77,23,23,105,3.8,0.5,0,0,1,0,2,163.186507936508,35.1464539487937,1,16,.,486,.,.,0,2,1,0,0.722857072352589
22,90.2,160.2,39.6169,0.77,23,23,105,3.8,0.5,0,0,1,0,2,163.186507936508,35.1464539487937,1,16,.,487,.,.,0,2,1,0,0.190172504493086
22,90.2,160.2,39.6169,0.77,23,23,105,3.8,0.5,0,0,1,0,2,163.186507936508,35.1464539487937,1,16,.,488,.,.,0,2,1,0,0.460503607911708
22,90.2,160.2,39.6169,0.77,23,23,105,3.8,0.5,0,0,1,0,2,163.186507936508,35.1464539487937,1,16,.,492,.,.,0,2,1,0,0.457448668745416
22,90.2,160.2,39.6169,0.77,23,23,105,3.8,0.5,0,0,1,0,2,163.186507936508,35.1464539487937,1,16,.,504,.,.,0,2,1,0,0.329081633006901
18,64.4,162,19.9892,1.25,25,28,50,4.7,0.4,0,0,0,1,1,87.2977777777778,24.5389422344155,0,17,129,0,.,.,1,1,1,1,.
18,64.4,162,19.9892,1.25,25,28,50,4.7,0.4,0,0,0,1,1,87.2977777777778,24.5389422344155,0,17,129,24,.,.,1,1,1,1,.
18,64.4,162,19.9892,1.25,25,28,50,4.7,0.4,0,0,0,1,1,87.2977777777778,24.5389422344155,0,17,.,47.97,.,.,0,2,1,0,0.0468527750634276
18,64.4,162,19.9892,1.25,25,28,50,4.7,0.4,0,0,0,1,1,87.2977777777778,24.5389422344155,0,17,129,48,.,.,1,1,1,1,.
18,64.4,162,19.9892,1.25,25,28,50,4.7,0.4,0,0,0,1,1,87.2977777777778,24.5389422344155,0,17,.,71.97,.,.,0,2,1,0,0.155984846158004
18,64.4,162,19.9892,1.25,25,28,50,4.7,0.4,0,0,0,1,1,87.2977777777778,24.5389422344155,0,17,129,72,.,.,1,1,1,1,.
18,64.4,162,19.9892,1.25,25,28,50,4.7,0.4,0,0,0,1,1,87.2977777777778,24.5389422344155,0,17,129,96,.,.,1,1,1,1,.
18,64.4,162,19.9892,1.25,25,28,50,4.7,0.4,0,0,0,1,1,87.2977777777778,24.5389422344155,0,17,.,119.97,.,.,0,2,1,0,0.0987569354968892
18,64.4,162,19.9892,1.25,25,28,50,4.7,0.4,0,0,0,1,1,87.2977777777778,24.5389422344155,0,17,129,120,.,.,1,1,1,1,.
18,64.4,162,19.9892,1.25,25,28,50,4.7,0.4,0,0,0,1,1,87.2977777777778,24.5389422344155,0,17,129,144,.,.,1,1,1,1,.
18,64.4,162,19.9892,1.25,25,28,50,4.7,0.4,0,0,0,1,1,87.2977777777778,24.5389422344155,0,17,129,168,.,.,1,1,1,1,.
18,64.4,162,19.9892,1.25,25,28,50,4.7,0.4,0,0,0,1,1,87.2977777777778,24.5389422344155,0,17,.,191.97,.,.,0,2,1,0,0.175500080227818
18,64.4,162,19.9892,1.25,25,28,50,4.7,0.4,0,0,0,1,1,87.2977777777778,24.5389422344155,0,17,129,192,.,.,1,1,1,1,.
18,64.4,162,19.9892,1.25,25,28,50,4.7,0.4,0,0,0,1,1,87.2977777777778,24.5389422344155,0,17,129,216,.,.,1,1,1,1,.
18,64.4,162,19.9892,1.25,25,28,50,4.7,0.4,0,0,0,1,1,87.2977777777778,24.5389422344155,0,17,129,240,.,.,1,1,1,1,.
18,64.4,162,19.9892,1.25,25,28,50,4.7,0.4,0,0,0,1,1,87.2977777777778,24.5389422344155,0,17,.,263.97,.,.,0,2,1,0,0.2337969565827
18,64.4,162,19.9892,1.25,25,28,50,4.7,0.4,0,0,0,1,1,87.2977777777778,24.5389422344155,0,17,129,264,.,.,1,1,1,1,.
18,64.4,162,19.9892,1.25,25,28,50,4.7,0.4,0,0,0,1,1,87.2977777777778,24.5389422344155,0,17,129,289,.,.,1,1,1,1,.
18,64.4,162,19.9892,1.25,25,28,50,4.7,0.4,0,0,0,1,1,87.2977777777778,24.5389422344155,0,17,129,313,.,.,1,1,1,1,.
18,64.4,162,19.9892,1.25,25,28,50,4.7,0.4,0,0,0,1,1,87.2977777777778,24.5389422344155,0,17,.,335.97,.,.,0,2,1,0,0.117543643877332
18,64.4,162,19.9892,1.25,25,28,50,4.7,0.4,0,0,0,1,1,87.2977777777778,24.5389422344155,0,17,129,337,.,.,1,1,1,1,.
18,64.4,162,19.9892,1.25,25,28,50,4.7,0.4,0,0,0,1,1,87.2977777777778,24.5389422344155,0,17,129,361,.,.,1,1,1,1,.
18,64.4,162,19.9892,1.25,25,28,50,4.7,0.4,0,0,0,1,1,87.2977777777778,24.5389422344155,0,17,129,385,.,.,1,1,1,1,.
18,64.4,162,19.9892,1.25,25,28,50,4.7,0.4,0,0,0,1,1,87.2977777777778,24.5389422344155,0,17,.,407.97,.,.,0,2,1,0,0.229056967479319
18,64.4,162,19.9892,1.25,25,28,50,4.7,0.4,0,0,0,1,1,87.2977777777778,24.5389422344155,0,17,129,409,.,.,1,1,1,1,.
18,64.4,162,19.9892,1.25,25,28,50,4.7,0.4,0,0,0,1,1,87.2977777777778,24.5389422344155,0,17,129,433,.,.,1,1,1,1,.
18,64.4,162,19.9892,1.25,25,28,50,4.7,0.4,0,0,0,1,1,87.2977777777778,24.5389422344155,0,17,129,457,.,.,1,1,1,1,.
18,64.4,162,19.9892,1.25,25,28,50,4.7,0.4,0,0,0,1,1,87.2977777777778,24.5389422344155,0,17,.,479.97,.,.,0,2,1,0,0.305355452662278
18,64.4,162,19.9892,1.25,25,28,50,4.7,0.4,0,0,0,1,1,87.2977777777778,24.5389422344155,0,17,.,481,.,.,0,2,1,0,0.0640673483004273
18,64.4,162,19.9892,1.25,25,28,50,4.7,0.4,0,0,0,1,1,87.2977777777778,24.5389422344155,0,17,129,481,.,.,1,1,1,1,.
18,64.4,162,19.9892,1.25,25,28,50,4.7,0.4,0,0,0,1,1,87.2977777777778,24.5389422344155,0,17,.,482,.,.,0,2,1,0,0.342839607154271
18,64.4,162,19.9892,1.25,25,28,50,4.7,0.4,0,0,0,1,1,87.2977777777778,24.5389422344155,0,17,.,483,.,.,0,2,1,0,0.441986903082956
18,64.4,162,19.9892,1.25,25,28,50,4.7,0.4,0,0,0,1,1,87.2977777777778,24.5389422344155,0,17,.,484,.,.,0,2,1,0,0.235791398625028
18,64.4,162,19.9892,1.25,25,28,50,4.7,0.4,0,0,0,1,1,87.2977777777778,24.5389422344155,0,17,.,485,.,.,0,2,1,0,0.355365892753244
18,64.4,162,19.9892,1.25,25,28,50,4.7,0.4,0,0,0,1,1,87.2977777777778,24.5389422344155,0,17,.,486,.,.,0,2,1,0,0.148198181033176
18,64.4,162,19.9892,1.25,25,28,50,4.7,0.4,0,0,0,1,1,87.2977777777778,24.5389422344155,0,17,.,487,.,.,0,2,1,0,0.516691030877558
18,64.4,162,19.9892,1.25,25,28,50,4.7,0.4,0,0,0,1,1,87.2977777777778,24.5389422344155,0,17,.,488,.,.,0,2,1,0,0.270441552269929
18,64.4,162,19.9892,1.25,25,28,50,4.7,0.4,0,0,0,1,1,87.2977777777778,24.5389422344155,0,17,.,492,.,.,0,2,1,0,0.251086669630522
18,64.4,162,19.9892,1.25,25,28,50,4.7,0.4,0,0,0,1,1,87.2977777777778,24.5389422344155,0,17,.,504,.,.,0,2,1,0,0.16371649532829
32,56.3,159.5,18.545,0.5,29,21,58,4.5,0.4,1,0,0,0,2,143.565,22.1302856693625,0,18,129,0,.,.,1,1,1,1,.
32,56.3,159.5,18.545,0.5,29,21,58,4.5,0.4,1,0,0,0,2,143.565,22.1302856693625,0,18,129,24,.,.,1,1,1,1,.
32,56.3,159.5,18.545,0.5,29,21,58,4.5,0.4,1,0,0,0,2,143.565,22.1302856693625,0,18,.,47.97,.,.,0,2,1,0,0.0405573035445163
32,56.3,159.5,18.545,0.5,29,21,58,4.5,0.4,1,0,0,0,2,143.565,22.1302856693625,0,18,129,48,.,.,1,1,1,1,.
32,56.3,159.5,18.545,0.5,29,21,58,4.5,0.4,1,0,0,0,2,143.565,22.1302856693625,0,18,.,71.97,.,.,0,2,1,0,0.0472497040882473
32,56.3,159.5,18.545,0.5,29,21,58,4.5,0.4,1,0,0,0,2,143.565,22.1302856693625,0,18,129,72,.,.,1,1,1,1,.
32,56.3,159.5,18.545,0.5,29,21,58,4.5,0.4,1,0,0,0,2,143.565,22.1302856693625,0,18,129,96,.,.,1,1,1,1,.
32,56.3,159.5,18.545,0.5,29,21,58,4.5,0.4,1,0,0,0,2,143.565,22.1302856693625,0,18,.,119.97,.,.,0,2,1,0,0.10546675361285
32,56.3,159.5,18.545,0.5,29,21,58,4.5,0.4,1,0,0,0,2,143.565,22.1302856693625,0,18,129,120,.,.,1,1,1,1,.
32,56.3,159.5,18.545,0.5,29,21,58,4.5,0.4,1,0,0,0,2,143.565,22.1302856693625,0,18,129,144,.,.,1,1,1,1,.
32,56.3,159.5,18.545,0.5,29,21,58,4.5,0.4,1,0,0,0,2,143.565,22.1302856693625,0,18,129,168,.,.,1,1,1,1,.
32,56.3,159.5,18.545,0.5,29,21,58,4.5,0.4,1,0,0,0,2,143.565,22.1302856693625,0,18,.,191.97,.,.,0,2,1,0,0.122909497544156
32,56.3,159.5,18.545,0.5,29,21,58,4.5,0.4,1,0,0,0,2,143.565,22.1302856693625,0,18,129,192,.,.,1,1,1,1,.
32,56.3,159.5,18.545,0.5,29,21,58,4.5,0.4,1,0,0,0,2,143.565,22.1302856693625,0,18,129,216,.,.,1,1,1,1,.
32,56.3,159.5,18.545,0.5,29,21,58,4.5,0.4,1,0,0,0,2,143.565,22.1302856693625,0,18,129,240,.,.,1,1,1,1,.
32,56.3,159.5,18.545,0.5,29,21,58,4.5,0.4,1,0,0,0,2,143.565,22.1302856693625,0,18,.,263.97,.,.,0,2,1,0,0.138583934396572
32,56.3,159.5,18.545,0.5,29,21,58,4.5,0.4,1,0,0,0,2,143.565,22.1302856693625,0,18,129,264,.,.,1,1,1,1,.
32,56.3,159.5,18.545,0.5,29,21,58,4.5,0.4,1,0,0,0,2,143.565,22.1302856693625,0,18,129,289,.,.,1,1,1,1,.
32,56.3,159.5,18.545,0.5,29,21,58,4.5,0.4,1,0,0,0,2,143.565,22.1302856693625,0,18,129,313,.,.,1,1,1,1,.
32,56.3,159.5,18.545,0.5,29,21,58,4.5,0.4,1,0,0,0,2,143.565,22.1302856693625,0,18,.,335.97,.,.,0,2,1,0,0.186659760697364
32,56.3,159.5,18.545,0.5,29,21,58,4.5,0.4,1,0,0,0,2,143.565,22.1302856693625,0,18,129,337,.,.,1,1,1,1,.
32,56.3,159.5,18.545,0.5,29,21,58,4.5,0.4,1,0,0,0,2,143.565,22.1302856693625,0,18,129,361,.,.,1,1,1,1,.
32,56.3,159.5,18.545,0.5,29,21,58,4.5,0.4,1,0,0,0,2,143.565,22.1302856693625,0,18,129,385,.,.,1,1,1,1,.
32,56.3,159.5,18.545,0.5,29,21,58,4.5,0.4,1,0,0,0,2,143.565,22.1302856693625,0,18,.,407.97,.,.,0,2,1,0,0.103573643953375
32,56.3,159.5,18.545,0.5,29,21,58,4.5,0.4,1,0,0,0,2,143.565,22.1302856693625,0,18,129,409,.,.,1,1,1,1,.
32,56.3,159.5,18.545,0.5,29,21,58,4.5,0.4,1,0,0,0,2,143.565,22.1302856693625,0,18,129,433,.,.,1,1,1,1,.
32,56.3,159.5,18.545,0.5,29,21,58,4.5,0.4,1,0,0,0,2,143.565,22.1302856693625,0,18,129,457,.,.,1,1,1,1,.
32,56.3,159.5,18.545,0.5,29,21,58,4.5,0.4,1,0,0,0,2,143.565,22.1302856693625,0,18,.,479.97,.,.,0,2,1,0,0.172743587668437
32,56.3,159.5,18.545,0.5,29,21,58,4.5,0.4,1,0,0,0,2,143.565,22.1302856693625,0,18,.,481,.,.,0,2,1,0,0.114982677047748
32,56.3,159.5,18.545,0.5,29,21,58,4.5,0.4,1,0,0,0,2,143.565,22.1302856693625,0,18,129,481,.,.,1,1,1,1,.
32,56.3,159.5,18.545,0.5,29,21,58,4.5,0.4,1,0,0,0,2,143.565,22.1302856693625,0,18,.,482,.,.,0,2,1,0,0.199680597170387
32,56.3,159.5,18.545,0.5,29,21,58,4.5,0.4,1,0,0,0,2,143.565,22.1302856693625,0,18,.,483,.,.,0,2,1,0,0.174197052220138
32,56.3,159.5,18.545,0.5,29,21,58,4.5,0.4,1,0,0,0,2,143.565,22.1302856693625,0,18,.,484,.,.,0,2,1,0,0.333319799384078
32,56.3,159.5,18.545,0.5,29,21,58,4.5,0.4,1,0,0,0,2,143.565,22.1302856693625,0,18,.,485,.,.,0,2,1,0,0.457830523050015
32,56.3,159.5,18.545,0.5,29,21,58,4.5,0.4,1,0,0,0,2,143.565,22.1302856693625,0,18,.,486,.,.,0,2,1,0,0.388939386071576
32,56.3,159.5,18.545,0.5,29,21,58,4.5,0.4,1,0,0,0,2,143.565,22.1302856693625,0,18,.,487,.,.,0,2,1,0,0.300538919786259
32,56.3,159.5,18.545,0.5,29,21,58,4.5,0.4,1,0,0,0,2,143.565,22.1302856693625,0,18,.,488,.,.,0,2,1,0,0.0949855935861568
32,56.3,159.5,18.545,0.5,29,21,58,4.5,0.4,1,0,0,0,2,143.565,22.1302856693625,0,18,.,492,.,.,0,2,1,0,0.125767350835955
32,56.3,159.5,18.545,0.5,29,21,58,4.5,0.4,1,0,0,0,2,143.565,22.1302856693625,0,18,.,504,.,.,0,2,1,0,0.185251742192623
38,66.9,163.6,25.8215,0.58,19,24,47,4.4,0.4,1,0,0,0,2,138.894396551724,24.9953670769544,0,19,258,0,.,.,1,1,1,1,.
38,66.9,163.6,25.8215,0.58,19,24,47,4.4,0.4,1,0,0,0,2,138.894396551724,24.9953670769544,0,19,258,24,.,.,1,1,1,1,.
38,66.9,163.6,25.8215,0.58,19,24,47,4.4,0.4,1,0,0,0,2,138.894396551724,24.9953670769544,0,19,.,47.97,.,.,0,2,1,0,0.121068470543066
38,66.9,163.6,25.8215,0.58,19,24,47,4.4,0.4,1,0,0,0,2,138.894396551724,24.9953670769544,0,19,258,48,.,.,1,1,1,1,.
38,66.9,163.6,25.8215,0.58,19,24,47,4.4,0.4,1,0,0,0,2,138.894396551724,24.9953670769544,0,19,.,71.97,.,.,0,2,1,0,0.201300975235693
38,66.9,163.6,25.8215,0.58,19,24,47,4.4,0.4,1,0,0,0,2,138.894396551724,24.9953670769544,0,19,258,72,.,.,1,1,1,1,.
38,66.9,163.6,25.8215,0.58,19,24,47,4.4,0.4,1,0,0,0,2,138.894396551724,24.9953670769544,0,19,258,96,.,.,1,1,1,1,.
38,66.9,163.6,25.8215,0.58,19,24,47,4.4,0.4,1,0,0,0,2,138.894396551724,24.9953670769544,0,19,.,119.98,.,.,0,2,1,0,0.157362785334534
38,66.9,163.6,25.8215,0.58,19,24,47,4.4,0.4,1,0,0,0,2,138.894396551724,24.9953670769544,0,19,258,120,.,.,1,1,1,1,.
38,66.9,163.6,25.8215,0.58,19,24,47,4.4,0.4,1,0,0,0,2,138.894396551724,24.9953670769544,0,19,258,144,.,.,1,1,1,1,.
38,66.9,163.6,25.8215,0.58,19,24,47,4.4,0.4,1,0,0,0,2,138.894396551724,24.9953670769544,0,19,258,168,.,.,1,1,1,1,.
38,66.9,163.6,25.8215,0.58,19,24,47,4.4,0.4,1,0,0,0,2,138.894396551724,24.9953670769544,0,19,.,191.97,.,.,0,2,1,0,0.268056400860548
38,66.9,163.6,25.8215,0.58,19,24,47,4.4,0.4,1,0,0,0,2,138.894396551724,24.9953670769544,0,19,258,192,.,.,1,1,1,1,.
38,66.9,163.6,25.8215,0.58,19,24,47,4.4,0.4,1,0,0,0,2,138.894396551724,24.9953670769544,0,19,258,216,.,.,1,1,1,1,.
38,66.9,163.6,25.8215,0.58,19,24,47,4.4,0.4,1,0,0,0,2,138.894396551724,24.9953670769544,0,19,258,240,.,.,1,1,1,1,.
38,66.9,163.6,25.8215,0.58,19,24,47,4.4,0.4,1,0,0,0,2,138.894396551724,24.9953670769544,0,19,.,263.97,.,.,0,2,1,0,0.191114870164588
38,66.9,163.6,25.8215,0.58,19,24,47,4.4,0.4,1,0,0,0,2,138.894396551724,24.9953670769544,0,19,258,264,.,.,1,1,1,1,.
38,66.9,163.6,25.8215,0.58,19,24,47,4.4,0.4,1,0,0,0,2,138.894396551724,24.9953670769544,0,19,258,289,.,.,1,1,1,1,.
38,66.9,163.6,25.8215,0.58,19,24,47,4.4,0.4,1,0,0,0,2,138.894396551724,24.9953670769544,0,19,258,313,.,.,1,1,1,1,.
38,66.9,163.6,25.8215,0.58,19,24,47,4.4,0.4,1,0,0,0,2,138.894396551724,24.9953670769544,0,19,.,335.97,.,.,0,2,1,0,0.32905694030894
38,66.9,163.6,25.8215,0.58,19,24,47,4.4,0.4,1,0,0,0,2,138.894396551724,24.9953670769544,0,19,258,337,.,.,1,1,1,1,.
38,66.9,163.6,25.8215,0.58,19,24,47,4.4,0.4,1,0,0,0,2,138.894396551724,24.9953670769544,0,19,258,361,.,.,1,1,1,1,.
38,66.9,163.6,25.8215,0.58,19,24,47,4.4,0.4,1,0,0,0,2,138.894396551724,24.9953670769544,0,19,258,385,.,.,1,1,1,1,.
38,66.9,163.6,25.8215,0.58,19,24,47,4.4,0.4,1,0,0,0,2,138.894396551724,24.9953670769544,0,19,.,407.98,.,.,0,2,1,0,0.266020686394605
38,66.9,163.6,25.8215,0.58,19,24,47,4.4,0.4,1,0,0,0,2,138.894396551724,24.9953670769544,0,19,258,409,.,.,1,1,1,1,.
38,66.9,163.6,25.8215,0.58,19,24,47,4.4,0.4,1,0,0,0,2,138.894396551724,24.9953670769544,0,19,258,433,.,.,1,1,1,1,.
38,66.9,163.6,25.8215,0.58,19,24,47,4.4,0.4,1,0,0,0,2,138.894396551724,24.9953670769544,0,19,258,457,.,.,1,1,1,1,.
38,66.9,163.6,25.8215,0.58,19,24,47,4.4,0.4,1,0,0,0,2,138.894396551724,24.9953670769544,0,19,.,479.97,.,.,0,2,1,0,0.337772507434014
38,66.9,163.6,25.8215,0.58,19,24,47,4.4,0.4,1,0,0,0,2,138.894396551724,24.9953670769544,0,19,.,481,.,.,0,2,1,0,0.180027351798424
38,66.9,163.6,25.8215,0.58,19,24,47,4.4,0.4,1,0,0,0,2,138.894396551724,24.9953670769544,0,19,258,481,.,.,1,1,1,1,.
38,66.9,163.6,25.8215,0.58,19,24,47,4.4,0.4,1,0,0,0,2,138.894396551724,24.9953670769544,0,19,.,482,.,.,0,2,1,0,0.571106958857396
38,66.9,163.6,25.8215,0.58,19,24,47,4.4,0.4,1,0,0,0,2,138.894396551724,24.9953670769544,0,19,.,483,.,.,0,2,1,0,0.624862681567399
38,66.9,163.6,25.8215,0.58,19,24,47,4.4,0.4,1,0,0,0,2,138.894396551724,24.9953670769544,0,19,.,484,.,.,0,2,1,0,0.477263235434627
38,66.9,163.6,25.8215,0.58,19,24,47,4.4,0.4,1,0,0,0,2,138.894396551724,24.9953670769544,0,19,.,485,.,.,0,2,1,0,0.412357609320753
38,66.9,163.6,25.8215,0.58,19,24,47,4.4,0.4,1,0,0,0,2,138.894396551724,24.9953670769544,0,19,.,486,.,.,0,2,1,0,0.52543682516365
38,66.9,163.6,25.8215,0.58,19,24,47,4.4,0.4,1,0,0,0,2,138.894396551724,24.9953670769544,0,19,.,487,.,.,0,2,1,0,0.772670488351731
38,66.9,163.6,25.8215,0.58,19,24,47,4.4,0.4,1,0,0,0,2,138.894396551724,24.9953670769544,0,19,.,488,.,.,0,2,1,0,0.547075774495381
38,66.9,163.6,25.8215,0.58,19,24,47,4.4,0.4,1,0,0,0,2,138.894396551724,24.9953670769544,0,19,.,492,.,.,0,2,1,0,0.544058690605278
38,66.9,163.6,25.8215,0.58,19,24,47,4.4,0.4,1,0,0,0,2,138.894396551724,24.9953670769544,0,19,.,504,.,.,0,2,1,0,0.205430557080306
36,72.6,169.9,27.9143,0.68,11,15,42,4.4,0.6,0,1,0,0,2,131.083333333333,25.1506876080206,0,20,258,0,.,.,1,1,1,1,.
36,72.6,169.9,27.9143,0.68,11,15,42,4.4,0.6,0,1,0,0,2,131.083333333333,25.1506876080206,0,20,258,24,.,.,1,1,1,1,.
36,72.6,169.9,27.9143,0.68,11,15,42,4.4,0.6,0,1,0,0,2,131.083333333333,25.1506876080206,0,20,.,47.97,.,.,0,2,1,0,0.118098239686023
36,72.6,169.9,27.9143,0.68,11,15,42,4.4,0.6,0,1,0,0,2,131.083333333333,25.1506876080206,0,20,258,48,.,.,1,1,1,1,.
36,72.6,169.9,27.9143,0.68,11,15,42,4.4,0.6,0,1,0,0,2,131.083333333333,25.1506876080206,0,20,.,71.97,.,.,0,2,1,0,0.20035925470686
36,72.6,169.9,27.9143,0.68,11,15,42,4.4,0.6,0,1,0,0,2,131.083333333333,25.1506876080206,0,20,258,72,.,.,1,1,1,1,.
36,72.6,169.9,27.9143,0.68,11,15,42,4.4,0.6,0,1,0,0,2,131.083333333333,25.1506876080206,0,20,258,96,.,.,1,1,1,1,.
36,72.6,169.9,27.9143,0.68,11,15,42,4.4,0.6,0,1,0,0,2,131.083333333333,25.1506876080206,0,20,.,119.97,.,.,0,2,1,0,0.185128667768818
36,72.6,169.9,27.9143,0.68,11,15,42,4.4,0.6,0,1,0,0,2,131.083333333333,25.1506876080206,0,20,258,120,.,.,1,1,1,1,.
36,72.6,169.9,27.9143,0.68,11,15,42,4.4,0.6,0,1,0,0,2,131.083333333333,25.1506876080206,0,20,258,144,.,.,1,1,1,1,.
36,72.6,169.9,27.9143,0.68,11,15,42,4.4,0.6,0,1,0,0,2,131.083333333333,25.1506876080206,0,20,258,168,.,.,1,1,1,1,.
36,72.6,169.9,27.9143,0.68,11,15,42,4.4,0.6,0,1,0,0,2,131.083333333333,25.1506876080206,0,20,.,191.97,.,.,0,2,1,0,0.247863814060134
36,72.6,169.9,27.9143,0.68,11,15,42,4.4,0.6,0,1,0,0,2,131.083333333333,25.1506876080206,0,20,258,192,.,.,1,1,1,1,.
36,72.6,169.9,27.9143,0.68,11,15,42,4.4,0.6,0,1,0,0,2,131.083333333333,25.1506876080206,0,20,258,216,.,.,1,1,1,1,.
36,72.6,169.9,27.9143,0.68,11,15,42,4.4,0.6,0,1,0,0,2,131.083333333333,25.1506876080206,0,20,258,240,.,.,1,1,1,1,.
36,72.6,169.9,27.9143,0.68,11,15,42,4.4,0.6,0,1,0,0,2,131.083333333333,25.1506876080206,0,20,.,263.97,.,.,0,2,1,0,0.218815528036419
36,72.6,169.9,27.9143,0.68,11,15,42,4.4,0.6,0,1,0,0,2,131.083333333333,25.1506876080206,0,20,258,264,.,.,1,1,1,1,.
36,72.6,169.9,27.9143,0.68,11,15,42,4.4,0.6,0,1,0,0,2,131.083333333333,25.1506876080206,0,20,258,289,.,.,1,1,1,1,.
36,72.6,169.9,27.9143,0.68,11,15,42,4.4,0.6,0,1,0,0,2,131.083333333333,25.1506876080206,0,20,258,313,.,.,1,1,1,1,.
36,72.6,169.9,27.9143,0.68,11,15,42,4.4,0.6,0,1,0,0,2,131.083333333333,25.1506876080206,0,20,.,336,.,.,0,2,1,0,0.26155142867474
36,72.6,169.9,27.9143,0.68,11,15,42,4.4,0.6,0,1,0,0,2,131.083333333333,25.1506876080206,0,20,258,337,.,.,1,1,1,1,.
36,72.6,169.9,27.9143,0.68,11,15,42,4.4,0.6,0,1,0,0,2,131.083333333333,25.1506876080206,0,20,258,361,.,.,1,1,1,1,.
36,72.6,169.9,27.9143,0.68,11,15,42,4.4,0.6,0,1,0,0,2,131.083333333333,25.1506876080206,0,20,258,385,.,.,1,1,1,1,.
36,72.6,169.9,27.9143,0.68,11,15,42,4.4,0.6,0,1,0,0,2,131.083333333333,25.1506876080206,0,20,.,407.97,.,.,0,2,1,0,0.284033430965042
36,72.6,169.9,27.9143,0.68,11,15,42,4.4,0.6,0,1,0,0,2,131.083333333333,25.1506876080206,0,20,258,409,.,.,1,1,1,1,.
36,72.6,169.9,27.9143,0.68,11,15,42,4.4,0.6,0,1,0,0,2,131.083333333333,25.1506876080206,0,20,258,433,.,.,1,1,1,1,.
36,72.6,169.9,27.9143,0.68,11,15,42,4.4,0.6,0,1,0,0,2,131.083333333333,25.1506876080206,0,20,258,457,.,.,1,1,1,1,.
36,72.6,169.9,27.9143,0.68,11,15,42,4.4,0.6,0,1,0,0,2,131.083333333333,25.1506876080206,0,20,.,479.97,.,.,0,2,1,0,0.422481489930815
36,72.6,169.9,27.9143,0.68,11,15,42,4.4,0.6,0,1,0,0,2,131.083333333333,25.1506876080206,0,20,.,481,.,.,0,2,1,0,0.197023105139262
36,72.6,169.9,27.9143,0.68,11,15,42,4.4,0.6,0,1,0,0,2,131.083333333333,25.1506876080206,0,20,258,481,.,.,1,1,1,1,.
36,72.6,169.9,27.9143,0.68,11,15,42,4.4,0.6,0,1,0,0,2,131.083333333333,25.1506876080206,0,20,.,482,.,.,0,2,1,0,0.632360421371253
36,72.6,169.9,27.9143,0.68,11,15,42,4.4,0.6,0,1,0,0,2,131.083333333333,25.1506876080206,0,20,.,483,.,.,0,2,1,0,-0.0113793155738986
36,72.6,169.9,27.9143,0.68,11,15,42,4.4,0.6,0,1,0,0,2,131.083333333333,25.1506876080206,0,20,.,484,.,.,0,2,1,0,0.397672419600614
36,72.6,169.9,27.9143,0.68,11,15,42,4.4,0.6,0,1,0,0,2,131.083333333333,25.1506876080206,0,20,.,485,.,.,0,2,1,0,0.668909211277462
36,72.6,169.9,27.9143,0.68,11,15,42,4.4,0.6,0,1,0,0,2,131.083333333333,25.1506876080206,0,20,.,486,.,.,0,2,1,0,0.391595891155793
36,72.6,169.9,27.9143,0.68,11,15,42,4.4,0.6,0,1,0,0,2,131.083333333333,25.1506876080206,0,20,.,487,.,.,0,2,1,0,0.781509894775959
36,72.6,169.9,27.9143,0.68,11,15,42,4.4,0.6,0,1,0,0,2,131.083333333333,25.1506876080206,0,20,.,488,.,.,0,2,1,0,0.786042855370565
36,72.6,169.9,27.9143,0.68,11,15,42,4.4,0.6,0,1,0,0,2,131.083333333333,25.1506876080206,0,20,.,492,.,.,0,2,1,0,0.447755459797849
36,72.6,169.9,27.9143,0.68,11,15,42,4.4,0.6,0,1,0,0,2,131.083333333333,25.1506876080206,0,20,.,504,.,.,0,2,1,0,0.15532593493338
40,91.1,172.9,25.622,1.1,21,31,59,4.1,0.6,0,1,0,0,1,115.025252525253,30.4739247237192,1,21,258,0,.,.,1,1,1,1,.
40,91.1,172.9,25.622,1.1,21,31,59,4.1,0.6,0,1,0,0,1,115.025252525253,30.4739247237192,1,21,258,24,.,.,1,1,1,1,.
40,91.1,172.9,25.622,1.1,21,31,59,4.1,0.6,0,1,0,0,1,115.025252525253,30.4739247237192,1,21,.,47.97,.,.,0,2,1,0,0.142988814474717
40,91.1,172.9,25.622,1.1,21,31,59,4.1,0.6,0,1,0,0,1,115.025252525253,30.4739247237192,1,21,258,48,.,.,1,1,1,1,.
40,91.1,172.9,25.622,1.1,21,31,59,4.1,0.6,0,1,0,0,1,115.025252525253,30.4739247237192,1,21,.,71.97,.,.,0,2,1,0,0.0908108270076856
40,91.1,172.9,25.622,1.1,21,31,59,4.1,0.6,0,1,0,0,1,115.025252525253,30.4739247237192,1,21,258,72,.,.,1,1,1,1,.
40,91.1,172.9,25.622,1.1,21,31,59,4.1,0.6,0,1,0,0,1,115.025252525253,30.4739247237192,1,21,258,96,.,.,1,1,1,1,.
40,91.1,172.9,25.622,1.1,21,31,59,4.1,0.6,0,1,0,0,1,115.025252525253,30.4739247237192,1,21,.,119.97,.,.,0,2,1,0,0.245089976916756
40,91.1,172.9,25.622,1.1,21,31,59,4.1,0.6,0,1,0,0,1,115.025252525253,30.4739247237192,1,21,258,120,.,.,1,1,1,1,.
40,91.1,172.9,25.622,1.1,21,31,59,4.1,0.6,0,1,0,0,1,115.025252525253,30.4739247237192,1,21,258,144,.,.,1,1,1,1,.
40,91.1,172.9,25.622,1.1,21,31,59,4.1,0.6,0,1,0,0,1,115.025252525253,30.4739247237192,1,21,258,168,.,.,1,1,1,1,.
40,91.1,172.9,25.622,1.1,21,31,59,4.1,0.6,0,1,0,0,1,115.025252525253,30.4739247237192,1,21,.,191.97,.,.,0,2,1,0,0.368901650854678
40,91.1,172.9,25.622,1.1,21,31,59,4.1,0.6,0,1,0,0,1,115.025252525253,30.4739247237192,1,21,258,192,.,.,1,1,1,1,.
40,91.1,172.9,25.622,1.1,21,31,59,4.1,0.6,0,1,0,0,1,115.025252525253,30.4739247237192,1,21,258,216,.,.,1,1,1,1,.
40,91.1,172.9,25.622,1.1,21,31,59,4.1,0.6,0,1,0,0,1,115.025252525253,30.4739247237192,1,21,258,240,.,.,1,1,1,1,.
40,91.1,172.9,25.622,1.1,21,31,59,4.1,0.6,0,1,0,0,1,115.025252525253,30.4739247237192,1,21,.,263.95,.,.,0,2,1,0,0.399445484248212
40,91.1,172.9,25.622,1.1,21,31,59,4.1,0.6,0,1,0,0,1,115.025252525253,30.4739247237192,1,21,258,264,.,.,1,1,1,1,.
40,91.1,172.9,25.622,1.1,21,31,59,4.1,0.6,0,1,0,0,1,115.025252525253,30.4739247237192,1,21,258,288.13,.,.,1,1,1,1,.
40,91.1,172.9,25.622,1.1,21,31,59,4.1,0.6,0,1,0,0,1,115.025252525253,30.4739247237192,1,21,258,312,.,.,1,1,1,1,.
40,91.1,172.9,25.622,1.1,21,31,59,4.1,0.6,0,1,0,0,1,115.025252525253,30.4739247237192,1,21,.,335.97,.,.,0,2,1,0,0.0960825463935342
40,91.1,172.9,25.622,1.1,21,31,59,4.1,0.6,0,1,0,0,1,115.025252525253,30.4739247237192,1,21,258,336,.,.,1,1,1,1,.
40,91.1,172.9,25.622,1.1,21,31,59,4.1,0.6,0,1,0,0,1,115.025252525253,30.4739247237192,1,21,258,360,.,.,1,1,1,1,.
40,91.1,172.9,25.622,1.1,21,31,59,4.1,0.6,0,1,0,0,1,115.025252525253,30.4739247237192,1,21,258,384,.,.,1,1,1,1,.
40,91.1,172.9,25.622,1.1,21,31,59,4.1,0.6,0,1,0,0,1,115.025252525253,30.4739247237192,1,21,.,407.97,.,.,0,2,1,0,0.16454442914634
40,91.1,172.9,25.622,1.1,21,31,59,4.1,0.6,0,1,0,0,1,115.025252525253,30.4739247237192,1,21,258,408,.,.,1,1,1,1,.
40,91.1,172.9,25.622,1.1,21,31,59,4.1,0.6,0,1,0,0,1,115.025252525253,30.4739247237192,1,21,258,432,.,.,1,1,1,1,.
40,91.1,172.9,25.622,1.1,21,31,59,4.1,0.6,0,1,0,0,1,115.025252525253,30.4739247237192,1,21,258,456,.,.,1,1,1,1,.
40,91.1,172.9,25.622,1.1,21,31,59,4.1,0.6,0,1,0,0,1,115.025252525253,30.4739247237192,1,21,.,479.98,.,.,0,2,1,0,0.150506307646016
40,91.1,172.9,25.622,1.1,21,31,59,4.1,0.6,0,1,0,0,1,115.025252525253,30.4739247237192,1,21,258,480,.,.,1,1,1,1,.
40,91.1,172.9,25.622,1.1,21,31,59,4.1,0.6,0,1,0,0,1,115.025252525253,30.4739247237192,1,21,.,481,.,.,0,2,1,0,0.533535608005586
40,91.1,172.9,25.622,1.1,21,31,59,4.1,0.6,0,1,0,0,1,115.025252525253,30.4739247237192,1,21,.,482,.,.,0,2,1,0,0.562020666285484
40,91.1,172.9,25.622,1.1,21,31,59,4.1,0.6,0,1,0,0,1,115.025252525253,30.4739247237192,1,21,.,483,.,.,0,2,1,0,0.959230743620825
40,91.1,172.9,25.622,1.1,21,31,59,4.1,0.6,0,1,0,0,1,115.025252525253,30.4739247237192,1,21,.,484,.,.,0,2,1,0,0.411474843460562
40,91.1,172.9,25.622,1.1,21,31,59,4.1,0.6,0,1,0,0,1,115.025252525253,30.4739247237192,1,21,.,485,.,.,0,2,1,0,0.863555281955179
40,91.1,172.9,25.622,1.1,21,31,59,4.1,0.6,0,1,0,0,1,115.025252525253,30.4739247237192,1,21,.,486,.,.,0,2,1,0,0.357581035317741
40,91.1,172.9,25.622,1.1,21,31,59,4.1,0.6,0,1,0,0,1,115.025252525253,30.4739247237192,1,21,.,487,.,.,0,2,1,0,0.695980771268693
40,91.1,172.9,25.622,1.1,21,31,59,4.1,0.6,0,1,0,0,1,115.025252525253,30.4739247237192,1,21,.,488,.,.,0,2,1,0,0.712885224767983
40,91.1,172.9,25.622,1.1,21,31,59,4.1,0.6,0,1,0,0,1,115.025252525253,30.4739247237192,1,21,.,492,.,.,0,2,1,0,0.289400240293471
40,91.1,172.9,25.622,1.1,21,31,59,4.1,0.6,0,1,0,0,1,115.025252525253,30.4739247237192,1,21,.,504,.,.,0,2,1,0,0.139501660735539
22,60.6,175.1,12.9005,0.97,12,19,48,4.7,0.7,0,0,0,1,1,102.388316151203,19.7651598939465,0,22,129,0,.,.,1,1,1,1,.
22,60.6,175.1,12.9005,0.97,12,19,48,4.7,0.7,0,0,0,1,1,102.388316151203,19.7651598939465,0,22,129,24,.,.,1,1,1,1,.
22,60.6,175.1,12.9005,0.97,12,19,48,4.7,0.7,0,0,0,1,1,102.388316151203,19.7651598939465,0,22,.,47.98,.,.,0,2,1,0,0.104287595350262
22,60.6,175.1,12.9005,0.97,12,19,48,4.7,0.7,0,0,0,1,1,102.388316151203,19.7651598939465,0,22,129,48,.,.,1,1,1,1,.
22,60.6,175.1,12.9005,0.97,12,19,48,4.7,0.7,0,0,0,1,1,102.388316151203,19.7651598939465,0,22,.,71.97,.,.,0,2,1,0,0.0519827956271725
22,60.6,175.1,12.9005,0.97,12,19,48,4.7,0.7,0,0,0,1,1,102.388316151203,19.7651598939465,0,22,129,72,.,.,1,1,1,1,.
22,60.6,175.1,12.9005,0.97,12,19,48,4.7,0.7,0,0,0,1,1,102.388316151203,19.7651598939465,0,22,129,96,.,.,1,1,1,1,.
22,60.6,175.1,12.9005,0.97,12,19,48,4.7,0.7,0,0,0,1,1,102.388316151203,19.7651598939465,0,22,.,119.97,.,.,0,2,1,0,0.148715696977007
22,60.6,175.1,12.9005,0.97,12,19,48,4.7,0.7,0,0,0,1,1,102.388316151203,19.7651598939465,0,22,129,120,.,.,1,1,1,1,.
22,60.6,175.1,12.9005,0.97,12,19,48,4.7,0.7,0,0,0,1,1,102.388316151203,19.7651598939465,0,22,129,144,.,.,1,1,1,1,.
22,60.6,175.1,12.9005,0.97,12,19,48,4.7,0.7,0,0,0,1,1,102.388316151203,19.7651598939465,0,22,129,168,.,.,1,1,1,1,.
22,60.6,175.1,12.9005,0.97,12,19,48,4.7,0.7,0,0,0,1,1,102.388316151203,19.7651598939465,0,22,.,191.97,.,.,0,2,1,0,0.112155755210884
22,60.6,175.1,12.9005,0.97,12,19,48,4.7,0.7,0,0,0,1,1,102.388316151203,19.7651598939465,0,22,129,192,.,.,1,1,1,1,.
22,60.6,175.1,12.9005,0.97,12,19,48,4.7,0.7,0,0,0,1,1,102.388316151203,19.7651598939465,0,22,129,216,.,.,1,1,1,1,.
22,60.6,175.1,12.9005,0.97,12,19,48,4.7,0.7,0,0,0,1,1,102.388316151203,19.7651598939465,0,22,129,240,.,.,1,1,1,1,.
22,60.6,175.1,12.9005,0.97,12,19,48,4.7,0.7,0,0,0,1,1,102.388316151203,19.7651598939465,0,22,.,263.97,.,.,0,2,1,0,0.117574916445958
22,60.6,175.1,12.9005,0.97,12,19,48,4.7,0.7,0,0,0,1,1,102.388316151203,19.7651598939465,0,22,129,264,.,.,1,1,1,1,.
22,60.6,175.1,12.9005,0.97,12,19,48,4.7,0.7,0,0,0,1,1,102.388316151203,19.7651598939465,0,22,129,288,.,.,1,1,1,1,.
22,60.6,175.1,12.9005,0.97,12,19,48,4.7,0.7,0,0,0,1,1,102.388316151203,19.7651598939465,0,22,129,312,.,.,1,1,1,1,.
22,60.6,175.1,12.9005,0.97,12,19,48,4.7,0.7,0,0,0,1,1,102.388316151203,19.7651598939465,0,22,.,335.97,.,.,0,2,1,0,0.177812424128491
22,60.6,175.1,12.9005,0.97,12,19,48,4.7,0.7,0,0,0,1,1,102.388316151203,19.7651598939465,0,22,129,336,.,.,1,1,1,1,.
22,60.6,175.1,12.9005,0.97,12,19,48,4.7,0.7,0,0,0,1,1,102.388316151203,19.7651598939465,0,22,129,360,.,.,1,1,1,1,.
22,60.6,175.1,12.9005,0.97,12,19,48,4.7,0.7,0,0,0,1,1,102.388316151203,19.7651598939465,0,22,129,384,.,.,1,1,1,1,.
22,60.6,175.1,12.9005,0.97,12,19,48,4.7,0.7,0,0,0,1,1,102.388316151203,19.7651598939465,0,22,.,407.97,.,.,0,2,1,0,0.209713831545589
22,60.6,175.1,12.9005,0.97,12,19,48,4.7,0.7,0,0,0,1,1,102.388316151203,19.7651598939465,0,22,129,408,.,.,1,1,1,1,.
22,60.6,175.1,12.9005,0.97,12,19,48,4.7,0.7,0,0,0,1,1,102.388316151203,19.7651598939465,0,22,129,432,.,.,1,1,1,1,.
22,60.6,175.1,12.9005,0.97,12,19,48,4.7,0.7,0,0,0,1,1,102.388316151203,19.7651598939465,0,22,129,456,.,.,1,1,1,1,.
22,60.6,175.1,12.9005,0.97,12,19,48,4.7,0.7,0,0,0,1,1,102.388316151203,19.7651598939465,0,22,.,479.98,.,.,0,2,1,0,0.229850987282047
22,60.6,175.1,12.9005,0.97,12,19,48,4.7,0.7,0,0,0,1,1,102.388316151203,19.7651598939465,0,22,129,480,.,.,1,1,1,1,.
22,60.6,175.1,12.9005,0.97,12,19,48,4.7,0.7,0,0,0,1,1,102.388316151203,19.7651598939465,0,22,.,481,.,.,0,2,1,0,0.243659036514702
22,60.6,175.1,12.9005,0.97,12,19,48,4.7,0.7,0,0,0,1,1,102.388316151203,19.7651598939465,0,22,.,482.05,.,.,0,2,1,0,0.406097669607515
22,60.6,175.1,12.9005,0.97,12,19,48,4.7,0.7,0,0,0,1,1,102.388316151203,19.7651598939465,0,22,.,483,.,.,0,2,1,0,0.572075819443092
22,60.6,175.1,12.9005,0.97,12,19,48,4.7,0.7,0,0,0,1,1,102.388316151203,19.7651598939465,0,22,.,484,.,.,0,2,1,0,0.470104133754477
22,60.6,175.1,12.9005,0.97,12,19,48,4.7,0.7,0,0,0,1,1,102.388316151203,19.7651598939465,0,22,.,485,.,.,0,2,1,0,0.214474114945391
22,60.6,175.1,12.9005,0.97,12,19,48,4.7,0.7,0,0,0,1,1,102.388316151203,19.7651598939465,0,22,.,486.05,.,.,0,2,1,0,0.208944225239634
22,60.6,175.1,12.9005,0.97,12,19,48,4.7,0.7,0,0,0,1,1,102.388316151203,19.7651598939465,0,22,.,487,.,.,0,2,1,0,0.297419453169955
22,60.6,175.1,12.9005,0.97,12,19,48,4.7,0.7,0,0,0,1,1,102.388316151203,19.7651598939465,0,22,.,488,.,.,0,2,1,0,0.279378838143166
22,60.6,175.1,12.9005,0.97,12,19,48,4.7,0.7,0,0,0,1,1,102.388316151203,19.7651598939465,0,22,.,492,.,.,0,2,1,0,0.258636059748041
22,60.6,175.1,12.9005,0.97,12,19,48,4.7,0.7,0,0,0,1,1,102.388316151203,19.7651598939465,0,22,.,504,.,.,0,2,1,0,0.183306834420881
37,75,167.6,29.8132,0.78,24,25,61,4.5,0.7,0,0,1,0,2,116.920405982906,26.7001213253513,0,23,258,0,.,.,1,1,1,1,.
37,75,167.6,29.8132,0.78,24,25,61,4.5,0.7,0,0,1,0,2,116.920405982906,26.7001213253513,0,23,258,24,.,.,1,1,1,1,.
37,75,167.6,29.8132,0.78,24,25,61,4.5,0.7,0,0,1,0,2,116.920405982906,26.7001213253513,0,23,.,47.97,.,.,0,2,1,0,0.0737329984022432
37,75,167.6,29.8132,0.78,24,25,61,4.5,0.7,0,0,1,0,2,116.920405982906,26.7001213253513,0,23,258,48,.,.,1,1,1,1,.
37,75,167.6,29.8132,0.78,24,25,61,4.5,0.7,0,0,1,0,2,116.920405982906,26.7001213253513,0,23,.,71.97,.,.,0,2,1,0,0.183845190263718
37,75,167.6,29.8132,0.78,24,25,61,4.5,0.7,0,0,1,0,2,116.920405982906,26.7001213253513,0,23,258,72,.,.,1,1,1,1,.
37,75,167.6,29.8132,0.78,24,25,61,4.5,0.7,0,0,1,0,2,116.920405982906,26.7001213253513,0,23,258,96,.,.,1,1,1,1,.
37,75,167.6,29.8132,0.78,24,25,61,4.5,0.7,0,0,1,0,2,116.920405982906,26.7001213253513,0,23,.,119.97,.,.,0,2,1,0,0.330333488370557
37,75,167.6,29.8132,0.78,24,25,61,4.5,0.7,0,0,1,0,2,116.920405982906,26.7001213253513,0,23,258,120,.,.,1,1,1,1,.
37,75,167.6,29.8132,0.78,24,25,61,4.5,0.7,0,0,1,0,2,116.920405982906,26.7001213253513,0,23,258,144,.,.,1,1,1,1,.
37,75,167.6,29.8132,0.78,24,25,61,4.5,0.7,0,0,1,0,2,116.920405982906,26.7001213253513,0,23,258,168,.,.,1,1,1,1,.
37,75,167.6,29.8132,0.78,24,25,61,4.5,0.7,0,0,1,0,2,116.920405982906,26.7001213253513,0,23,.,191.97,.,.,0,2,1,0,0.347063756420281
37,75,167.6,29.8132,0.78,24,25,61,4.5,0.7,0,0,1,0,2,116.920405982906,26.7001213253513,0,23,258,192,.,.,1,1,1,1,.
37,75,167.6,29.8132,0.78,24,25,61,4.5,0.7,0,0,1,0,2,116.920405982906,26.7001213253513,0,23,258,216,.,.,1,1,1,1,.
37,75,167.6,29.8132,0.78,24,25,61,4.5,0.7,0,0,1,0,2,116.920405982906,26.7001213253513,0,23,258,240,.,.,1,1,1,1,.
37,75,167.6,29.8132,0.78,24,25,61,4.5,0.7,0,0,1,0,2,116.920405982906,26.7001213253513,0,23,.,263.97,.,.,0,2,1,0,0.0845474709530322
37,75,167.6,29.8132,0.78,24,25,61,4.5,0.7,0,0,1,0,2,116.920405982906,26.7001213253513,0,23,258,264,.,.,1,1,1,1,.
37,75,167.6,29.8132,0.78,24,25,61,4.5,0.7,0,0,1,0,2,116.920405982906,26.7001213253513,0,23,258,288,.,.,1,1,1,1,.
37,75,167.6,29.8132,0.78,24,25,61,4.5,0.7,0,0,1,0,2,116.920405982906,26.7001213253513,0,23,258,312,.,.,1,1,1,1,.
37,75,167.6,29.8132,0.78,24,25,61,4.5,0.7,0,0,1,0,2,116.920405982906,26.7001213253513,0,23,.,335.97,.,.,0,2,1,0,0.456439155657585
37,75,167.6,29.8132,0.78,24,25,61,4.5,0.7,0,0,1,0,2,116.920405982906,26.7001213253513,0,23,258,336,.,.,1,1,1,1,.
37,75,167.6,29.8132,0.78,24,25,61,4.5,0.7,0,0,1,0,2,116.920405982906,26.7001213253513,0,23,258,360,.,.,1,1,1,1,.
37,75,167.6,29.8132,0.78,24,25,61,4.5,0.7,0,0,1,0,2,116.920405982906,26.7001213253513,0,23,258,384,.,.,1,1,1,1,.
37,75,167.6,29.8132,0.78,24,25,61,4.5,0.7,0,0,1,0,2,116.920405982906,26.7001213253513,0,23,.,407.97,.,.,0,2,1,0,0.639735045061611
37,75,167.6,29.8132,0.78,24,25,61,4.5,0.7,0,0,1,0,2,116.920405982906,26.7001213253513,0,23,258,408,.,.,1,1,1,1,.
37,75,167.6,29.8132,0.78,24,25,61,4.5,0.7,0,0,1,0,2,116.920405982906,26.7001213253513,0,23,258,432,.,.,1,1,1,1,.
37,75,167.6,29.8132,0.78,24,25,61,4.5,0.7,0,0,1,0,2,116.920405982906,26.7001213253513,0,23,258,456,.,.,1,1,1,1,.
37,75,167.6,29.8132,0.78,24,25,61,4.5,0.7,0,0,1,0,2,116.920405982906,26.7001213253513,0,23,.,479.98,.,.,0,2,1,0,0.362265233493301
37,75,167.6,29.8132,0.78,24,25,61,4.5,0.7,0,0,1,0,2,116.920405982906,26.7001213253513,0,23,258,480,.,.,1,1,1,1,.
37,75,167.6,29.8132,0.78,24,25,61,4.5,0.7,0,0,1,0,2,116.920405982906,26.7001213253513,0,23,.,481,.,.,0,2,1,0,0.783901033672642
37,75,167.6,29.8132,0.78,24,25,61,4.5,0.7,0,0,1,0,2,116.920405982906,26.7001213253513,0,23,.,482,.,.,0,2,1,0,0.257855696010097
37,75,167.6,29.8132,0.78,24,25,61,4.5,0.7,0,0,1,0,2,116.920405982906,26.7001213253513,0,23,.,483,.,.,0,2,1,0,0.678687516529291
37,75,167.6,29.8132,0.78,24,25,61,4.5,0.7,0,0,1,0,2,116.920405982906,26.7001213253513,0,23,.,484,.,.,0,2,1,0,0.313067076299128
37,75,167.6,29.8132,0.78,24,25,61,4.5,0.7,0,0,1,0,2,116.920405982906,26.7001213253513,0,23,.,485,.,.,0,2,1,0,0.456413694496303
37,75,167.6,29.8132,0.78,24,25,61,4.5,0.7,0,0,1,0,2,116.920405982906,26.7001213253513,0,23,.,486,.,.,0,2,1,0,1.27059134159801
37,75,167.6,29.8132,0.78,24,25,61,4.5,0.7,0,0,1,0,2,116.920405982906,26.7001213253513,0,23,.,487,.,.,0,2,1,0,1.17146931890886
37,75,167.6,29.8132,0.78,24,25,61,4.5,0.7,0,0,1,0,2,116.920405982906,26.7001213253513,0,23,.,488,.,.,0,2,1,0,0.734851963511877
37,75,167.6,29.8132,0.78,24,25,61,4.5,0.7,0,0,1,0,2,116.920405982906,26.7001213253513,0,23,.,492.02,.,.,0,2,1,0,0.130995181046763
37,75,167.6,29.8132,0.78,24,25,61,4.5,0.7,0,0,1,0,2,116.920405982906,26.7001213253513,0,23,.,504,.,.,0,2,1,0,0.331037558043865
22,62.4,172.7,11.2721,0.94,19,20,47,4.6,0.6,1,0,0,0,1,108.794326241135,20.9218418328875,0,24,129,0,.,.,1,1,1,1,.
22,62.4,172.7,11.2721,0.94,19,20,47,4.6,0.6,1,0,0,0,1,108.794326241135,20.9218418328875,0,24,129,24,.,.,1,1,1,1,.
22,62.4,172.7,11.2721,0.94,19,20,47,4.6,0.6,1,0,0,0,1,108.794326241135,20.9218418328875,0,24,.,47.97,.,.,0,2,1,0,0.0613052634734114
22,62.4,172.7,11.2721,0.94,19,20,47,4.6,0.6,1,0,0,0,1,108.794326241135,20.9218418328875,0,24,129,48,.,.,1,1,1,1,.
22,62.4,172.7,11.2721,0.94,19,20,47,4.6,0.6,1,0,0,0,1,108.794326241135,20.9218418328875,0,24,.,71.97,.,.,0,2,1,0,0.0550814176944747
22,62.4,172.7,11.2721,0.94,19,20,47,4.6,0.6,1,0,0,0,1,108.794326241135,20.9218418328875,0,24,129,72,.,.,1,1,1,1,.
22,62.4,172.7,11.2721,0.94,19,20,47,4.6,0.6,1,0,0,0,1,108.794326241135,20.9218418328875,0,24,129,96,.,.,1,1,1,1,.
22,62.4,172.7,11.2721,0.94,19,20,47,4.6,0.6,1,0,0,0,1,108.794326241135,20.9218418328875,0,24,.,119.97,.,.,0,2,1,0,0.111808772489845
22,62.4,172.7,11.2721,0.94,19,20,47,4.6,0.6,1,0,0,0,1,108.794326241135,20.9218418328875,0,24,129,120,.,.,1,1,1,1,.
22,62.4,172.7,11.2721,0.94,19,20,47,4.6,0.6,1,0,0,0,1,108.794326241135,20.9218418328875,0,24,129,144,.,.,1,1,1,1,.
22,62.4,172.7,11.2721,0.94,19,20,47,4.6,0.6,1,0,0,0,1,108.794326241135,20.9218418328875,0,24,129,168,.,.,1,1,1,1,.
22,62.4,172.7,11.2721,0.94,19,20,47,4.6,0.6,1,0,0,0,1,108.794326241135,20.9218418328875,0,24,.,191.97,.,.,0,2,1,0,0.116989934151481
22,62.4,172.7,11.2721,0.94,19,20,47,4.6,0.6,1,0,0,0,1,108.794326241135,20.9218418328875,0,24,129,192,.,.,1,1,1,1,.
22,62.4,172.7,11.2721,0.94,19,20,47,4.6,0.6,1,0,0,0,1,108.794326241135,20.9218418328875,0,24,129,216,.,.,1,1,1,1,.
22,62.4,172.7,11.2721,0.94,19,20,47,4.6,0.6,1,0,0,0,1,108.794326241135,20.9218418328875,0,24,129,240,.,.,1,1,1,1,.
22,62.4,172.7,11.2721,0.94,19,20,47,4.6,0.6,1,0,0,0,1,108.794326241135,20.9218418328875,0,24,.,263.97,.,.,0,2,1,0,0.0845504304669147
22,62.4,172.7,11.2721,0.94,19,20,47,4.6,0.6,1,0,0,0,1,108.794326241135,20.9218418328875,0,24,129,264,.,.,1,1,1,1,.
22,62.4,172.7,11.2721,0.94,19,20,47,4.6,0.6,1,0,0,0,1,108.794326241135,20.9218418328875,0,24,129,288,.,.,1,1,1,1,.
22,62.4,172.7,11.2721,0.94,19,20,47,4.6,0.6,1,0,0,0,1,108.794326241135,20.9218418328875,0,24,129,312,.,.,1,1,1,1,.
22,62.4,172.7,11.2721,0.94,19,20,47,4.6,0.6,1,0,0,0,1,108.794326241135,20.9218418328875,0,24,.,335.97,.,.,0,2,1,0,0.168201902976606
22,62.4,172.7,11.2721,0.94,19,20,47,4.6,0.6,1,0,0,0,1,108.794326241135,20.9218418328875,0,24,129,336,.,.,1,1,1,1,.
22,62.4,172.7,11.2721,0.94,19,20,47,4.6,0.6,1,0,0,0,1,108.794326241135,20.9218418328875,0,24,129,360,.,.,1,1,1,1,.
22,62.4,172.7,11.2721,0.94,19,20,47,4.6,0.6,1,0,0,0,1,108.794326241135,20.9218418328875,0,24,129,384,.,.,1,1,1,1,.
22,62.4,172.7,11.2721,0.94,19,20,47,4.6,0.6,1,0,0,0,1,108.794326241135,20.9218418328875,0,24,.,407.97,.,.,0,2,1,0,0.107951053290801
22,62.4,172.7,11.2721,0.94,19,20,47,4.6,0.6,1,0,0,0,1,108.794326241135,20.9218418328875,0,24,129,408,.,.,1,1,1,1,.
22,62.4,172.7,11.2721,0.94,19,20,47,4.6,0.6,1,0,0,0,1,108.794326241135,20.9218418328875,0,24,129,432,.,.,1,1,1,1,.
22,62.4,172.7,11.2721,0.94,19,20,47,4.6,0.6,1,0,0,0,1,108.794326241135,20.9218418328875,0,24,129,456,.,.,1,1,1,1,.
22,62.4,172.7,11.2721,0.94,19,20,47,4.6,0.6,1,0,0,0,1,108.794326241135,20.9218418328875,0,24,.,479.97,.,.,0,2,1,0,0.186300889971627
22,62.4,172.7,11.2721,0.94,19,20,47,4.6,0.6,1,0,0,0,1,108.794326241135,20.9218418328875,0,24,129,480,.,.,1,1,1,1,.
22,62.4,172.7,11.2721,0.94,19,20,47,4.6,0.6,1,0,0,0,1,108.794326241135,20.9218418328875,0,24,.,481,.,.,0,2,1,0,0.457765677329863
22,62.4,172.7,11.2721,0.94,19,20,47,4.6,0.6,1,0,0,0,1,108.794326241135,20.9218418328875,0,24,.,482,.,.,0,2,1,0,0.614108283549512
22,62.4,172.7,11.2721,0.94,19,20,47,4.6,0.6,1,0,0,0,1,108.794326241135,20.9218418328875,0,24,.,483,.,.,0,2,1,0,0.369296079807783
22,62.4,172.7,11.2721,0.94,19,20,47,4.6,0.6,1,0,0,0,1,108.794326241135,20.9218418328875,0,24,.,484,.,.,0,2,1,0,0.432428392797577
22,62.4,172.7,11.2721,0.94,19,20,47,4.6,0.6,1,0,0,0,1,108.794326241135,20.9218418328875,0,24,.,485,.,.,0,2,1,0,0.356936744697815
22,62.4,172.7,11.2721,0.94,19,20,47,4.6,0.6,1,0,0,0,1,108.794326241135,20.9218418328875,0,24,.,486,.,.,0,2,1,0,0.127893629503295
22,62.4,172.7,11.2721,0.94,19,20,47,4.6,0.6,1,0,0,0,1,108.794326241135,20.9218418328875,0,24,.,487,.,.,0,2,1,0,0.30758769085899
22,62.4,172.7,11.2721,0.94,19,20,47,4.6,0.6,1,0,0,0,1,108.794326241135,20.9218418328875,0,24,.,488,.,.,0,2,1,0,0.253117920222445
22,62.4,172.7,11.2721,0.94,19,20,47,4.6,0.6,1,0,0,0,1,108.794326241135,20.9218418328875,0,24,.,492,.,.,0,2,1,0,0.144428033734184
22,62.4,172.7,11.2721,0.94,19,20,47,4.6,0.6,1,0,0,0,1,108.794326241135,20.9218418328875,0,24,.,504,.,.,0,2,1,0,0.149410480831337
22,76.1,154.9,24.6807,0.99,13,21,40,4.6,0.5,0,0,1,0,2,107.082351290685,31.7162491805246,1,25,258,0,.,.,1,1,1,1,.
22,76.1,154.9,24.6807,0.99,13,21,40,4.6,0.5,0,0,1,0,2,107.082351290685,31.7162491805246,1,25,258,24,.,.,1,1,1,1,.
22,76.1,154.9,24.6807,0.99,13,21,40,4.6,0.5,0,0,1,0,2,107.082351290685,31.7162491805246,1,25,.,47.97,.,.,0,2,1,0,0.134657982131229
22,76.1,154.9,24.6807,0.99,13,21,40,4.6,0.5,0,0,1,0,2,107.082351290685,31.7162491805246,1,25,258,48,.,.,1,1,1,1,.
22,76.1,154.9,24.6807,0.99,13,21,40,4.6,0.5,0,0,1,0,2,107.082351290685,31.7162491805246,1,25,.,71.97,.,.,0,2,1,0,0.140304445746049
22,76.1,154.9,24.6807,0.99,13,21,40,4.6,0.5,0,0,1,0,2,107.082351290685,31.7162491805246,1,25,258,72,.,.,1,1,1,1,.
22,76.1,154.9,24.6807,0.99,13,21,40,4.6,0.5,0,0,1,0,2,107.082351290685,31.7162491805246,1,25,258,96,.,.,1,1,1,1,.
22,76.1,154.9,24.6807,0.99,13,21,40,4.6,0.5,0,0,1,0,2,107.082351290685,31.7162491805246,1,25,.,119.97,.,.,0,2,1,0,0.354737818811572
22,76.1,154.9,24.6807,0.99,13,21,40,4.6,0.5,0,0,1,0,2,107.082351290685,31.7162491805246,1,25,258,120,.,.,1,1,1,1,.
22,76.1,154.9,24.6807,0.99,13,21,40,4.6,0.5,0,0,1,0,2,107.082351290685,31.7162491805246,1,25,258,144,.,.,1,1,1,1,.
22,76.1,154.9,24.6807,0.99,13,21,40,4.6,0.5,0,0,1,0,2,107.082351290685,31.7162491805246,1,25,258,168,.,.,1,1,1,1,.
22,76.1,154.9,24.6807,0.99,13,21,40,4.6,0.5,0,0,1,0,2,107.082351290685,31.7162491805246,1,25,.,191.97,.,.,0,2,1,0,0.347876178753558
22,76.1,154.9,24.6807,0.99,13,21,40,4.6,0.5,0,0,1,0,2,107.082351290685,31.7162491805246,1,25,258,192,.,.,1,1,1,1,.
22,76.1,154.9,24.6807,0.99,13,21,40,4.6,0.5,0,0,1,0,2,107.082351290685,31.7162491805246,1,25,258,216,.,.,1,1,1,1,.
22,76.1,154.9,24.6807,0.99,13,21,40,4.6,0.5,0,0,1,0,2,107.082351290685,31.7162491805246,1,25,258,240,.,.,1,1,1,1,.
22,76.1,154.9,24.6807,0.99,13,21,40,4.6,0.5,0,0,1,0,2,107.082351290685,31.7162491805246,1,25,.,263.98,.,.,0,2,1,0,0.477552338510972
22,76.1,154.9,24.6807,0.99,13,21,40,4.6,0.5,0,0,1,0,2,107.082351290685,31.7162491805246,1,25,258,264,.,.,1,1,1,1,.
22,76.1,154.9,24.6807,0.99,13,21,40,4.6,0.5,0,0,1,0,2,107.082351290685,31.7162491805246,1,25,258,288,.,.,1,1,1,1,.
22,76.1,154.9,24.6807,0.99,13,21,40,4.6,0.5,0,0,1,0,2,107.082351290685,31.7162491805246,1,25,258,312,.,.,1,1,1,1,.
22,76.1,154.9,24.6807,0.99,13,21,40,4.6,0.5,0,0,1,0,2,107.082351290685,31.7162491805246,1,25,.,335.97,.,.,0,2,1,0,0.398223475751066
22,76.1,154.9,24.6807,0.99,13,21,40,4.6,0.5,0,0,1,0,2,107.082351290685,31.7162491805246,1,25,258,336,.,.,1,1,1,1,.
22,76.1,154.9,24.6807,0.99,13,21,40,4.6,0.5,0,0,1,0,2,107.082351290685,31.7162491805246,1,25,258,360,.,.,1,1,1,1,.
22,76.1,154.9,24.6807,0.99,13,21,40,4.6,0.5,0,0,1,0,2,107.082351290685,31.7162491805246,1,25,258,384,.,.,1,1,1,1,.
22,76.1,154.9,24.6807,0.99,13,21,40,4.6,0.5,0,0,1,0,2,107.082351290685,31.7162491805246,1,25,.,407.97,.,.,0,2,1,0,0.599004501179072
22,76.1,154.9,24.6807,0.99,13,21,40,4.6,0.5,0,0,1,0,2,107.082351290685,31.7162491805246,1,25,258,408,.,.,1,1,1,1,.
22,76.1,154.9,24.6807,0.99,13,21,40,4.6,0.5,0,0,1,0,2,107.082351290685,31.7162491805246,1,25,258,432,.,.,1,1,1,1,.
22,76.1,154.9,24.6807,0.99,13,21,40,4.6,0.5,0,0,1,0,2,107.082351290685,31.7162491805246,1,25,258,456,.,.,1,1,1,1,.
22,76.1,154.9,24.6807,0.99,13,21,40,4.6,0.5,0,0,1,0,2,107.082351290685,31.7162491805246,1,25,.,479.97,.,.,0,2,1,0,0.473961814264829
22,76.1,154.9,24.6807,0.99,13,21,40,4.6,0.5,0,0,1,0,2,107.082351290685,31.7162491805246,1,25,258,480,.,.,1,1,1,1,.
22,76.1,154.9,24.6807,0.99,13,21,40,4.6,0.5,0,0,1,0,2,107.082351290685,31.7162491805246,1,25,.,481,.,.,0,2,1,0,1.22127648480268
22,76.1,154.9,24.6807,0.99,13,21,40,4.6,0.5,0,0,1,0,2,107.082351290685,31.7162491805246,1,25,.,482.03,.,.,0,2,1,0,0.674485099460397
22,76.1,154.9,24.6807,0.99,13,21,40,4.6,0.5,0,0,1,0,2,107.082351290685,31.7162491805246,1,25,.,483,.,.,0,2,1,0,1.4216086086696
22,76.1,154.9,24.6807,0.99,13,21,40,4.6,0.5,0,0,1,0,2,107.082351290685,31.7162491805246,1,25,.,484,.,.,0,2,1,0,1.22542252336216
22,76.1,154.9,24.6807,0.99,13,21,40,4.6,0.5,0,0,1,0,2,107.082351290685,31.7162491805246,1,25,.,485,.,.,0,2,1,0,1.23416552515973
22,76.1,154.9,24.6807,0.99,13,21,40,4.6,0.5,0,0,1,0,2,107.082351290685,31.7162491805246,1,25,.,486,.,.,0,2,1,0,1.28119560755786
22,76.1,154.9,24.6807,0.99,13,21,40,4.6,0.5,0,0,1,0,2,107.082351290685,31.7162491805246,1,25,.,487,.,.,0,2,1,0,0.968290865499137
22,76.1,154.9,24.6807,0.99,13,21,40,4.6,0.5,0,0,1,0,2,107.082351290685,31.7162491805246,1,25,.,488.05,.,.,0,2,1,0,0.488058815092072
22,76.1,154.9,24.6807,0.99,13,21,40,4.6,0.5,0,0,1,0,2,107.082351290685,31.7162491805246,1,25,.,492,.,.,0,2,1,0,0.56928372400359
22,76.1,154.9,24.6807,0.99,13,21,40,4.6,0.5,0,0,1,0,2,107.082351290685,31.7162491805246,1,25,.,504,.,.,0,2,1,0,0.528690676776861
20,58.1,155.4,21.7265,0.73,16,19,58,4.6,0.2,0,0,0,1,2,112.751141552511,24.0588078425916,0,26,129,0,.,.,1,1,1,1,.
20,58.1,155.4,21.7265,0.73,16,19,58,4.6,0.2,0,0,0,1,2,112.751141552511,24.0588078425916,0,26,129,24,.,.,1,1,1,1,.
20,58.1,155.4,21.7265,0.73,16,19,58,4.6,0.2,0,0,0,1,2,112.751141552511,24.0588078425916,0,26,.,47.97,.,.,0,2,1,0,0.122955851753863
20,58.1,155.4,21.7265,0.73,16,19,58,4.6,0.2,0,0,0,1,2,112.751141552511,24.0588078425916,0,26,129,48,.,.,1,1,1,1,.
20,58.1,155.4,21.7265,0.73,16,19,58,4.6,0.2,0,0,0,1,2,112.751141552511,24.0588078425916,0,26,.,71.97,.,.,0,2,1,0,0.0731172406027315
20,58.1,155.4,21.7265,0.73,16,19,58,4.6,0.2,0,0,0,1,2,112.751141552511,24.0588078425916,0,26,129,72,.,.,1,1,1,1,.
20,58.1,155.4,21.7265,0.73,16,19,58,4.6,0.2,0,0,0,1,2,112.751141552511,24.0588078425916,0,26,129,96,.,.,1,1,1,1,.
20,58.1,155.4,21.7265,0.73,16,19,58,4.6,0.2,0,0,0,1,2,112.751141552511,24.0588078425916,0,26,.,119.97,.,.,0,2,1,0,0.171575697022639
42,66.2,162.7,17.5394,0.78,30,27,60,4.7,0.7,0,0,0,1,1,115.519943019943,25.0082258930336,0,27,258,0,.,.,1,1,1,1,.
42,66.2,162.7,17.5394,0.78,30,27,60,4.7,0.7,0,0,0,1,1,115.519943019943,25.0082258930336,0,27,258,24,.,.,1,1,1,1,.
42,66.2,162.7,17.5394,0.78,30,27,60,4.7,0.7,0,0,0,1,1,115.519943019943,25.0082258930336,0,27,.,47.97,.,.,0,2,1,0,0.258373366080885
42,66.2,162.7,17.5394,0.78,30,27,60,4.7,0.7,0,0,0,1,1,115.519943019943,25.0082258930336,0,27,258,48,.,.,1,1,1,1,.
42,66.2,162.7,17.5394,0.78,30,27,60,4.7,0.7,0,0,0,1,1,115.519943019943,25.0082258930336,0,27,.,71.98,.,.,0,2,1,0,0.357127496719644
42,66.2,162.7,17.5394,0.78,30,27,60,4.7,0.7,0,0,0,1,1,115.519943019943,25.0082258930336,0,27,258,72,.,.,1,1,1,1,.
42,66.2,162.7,17.5394,0.78,30,27,60,4.7,0.7,0,0,0,1,1,115.519943019943,25.0082258930336,0,27,258,96,.,.,1,1,1,1,.
42,66.2,162.7,17.5394,0.78,30,27,60,4.7,0.7,0,0,0,1,1,115.519943019943,25.0082258930336,0,27,.,119.97,.,.,0,2,1,0,0.20680639592945
42,66.2,162.7,17.5394,0.78,30,27,60,4.7,0.7,0,0,0,1,1,115.519943019943,25.0082258930336,0,27,258,120,.,.,1,1,1,1,.
42,66.2,162.7,17.5394,0.78,30,27,60,4.7,0.7,0,0,0,1,1,115.519943019943,25.0082258930336,0,27,258,144,.,.,1,1,1,1,.
42,66.2,162.7,17.5394,0.78,30,27,60,4.7,0.7,0,0,0,1,1,115.519943019943,25.0082258930336,0,27,258,168,.,.,1,1,1,1,.
42,66.2,162.7,17.5394,0.78,30,27,60,4.7,0.7,0,0,0,1,1,115.519943019943,25.0082258930336,0,27,.,191.97,.,.,0,2,1,0,0.346169695163467
42,66.2,162.7,17.5394,0.78,30,27,60,4.7,0.7,0,0,0,1,1,115.519943019943,25.0082258930336,0,27,258,192,.,.,1,1,1,1,.
42,66.2,162.7,17.5394,0.78,30,27,60,4.7,0.7,0,0,0,1,1,115.519943019943,25.0082258930336,0,27,258,216,.,.,1,1,1,1,.
42,66.2,162.7,17.5394,0.78,30,27,60,4.7,0.7,0,0,0,1,1,115.519943019943,25.0082258930336,0,27,258,240,.,.,1,1,1,1,.
42,66.2,162.7,17.5394,0.78,30,27,60,4.7,0.7,0,0,0,1,1,115.519943019943,25.0082258930336,0,27,.,263.97,.,.,0,2,1,0,0.482340601597672
42,66.2,162.7,17.5394,0.78,30,27,60,4.7,0.7,0,0,0,1,1,115.519943019943,25.0082258930336,0,27,258,264,.,.,1,1,1,1,.
42,66.2,162.7,17.5394,0.78,30,27,60,4.7,0.7,0,0,0,1,1,115.519943019943,25.0082258930336,0,27,258,288,.,.,1,1,1,1,.
42,66.2,162.7,17.5394,0.78,30,27,60,4.7,0.7,0,0,0,1,1,115.519943019943,25.0082258930336,0,27,258,312,.,.,1,1,1,1,.
42,66.2,162.7,17.5394,0.78,30,27,60,4.7,0.7,0,0,0,1,1,115.519943019943,25.0082258930336,0,27,.,335.97,.,.,0,2,1,0,0.66599463973211
42,66.2,162.7,17.5394,0.78,30,27,60,4.7,0.7,0,0,0,1,1,115.519943019943,25.0082258930336,0,27,258,336,.,.,1,1,1,1,.
42,66.2,162.7,17.5394,0.78,30,27,60,4.7,0.7,0,0,0,1,1,115.519943019943,25.0082258930336,0,27,258,360,.,.,1,1,1,1,.
42,66.2,162.7,17.5394,0.78,30,27,60,4.7,0.7,0,0,0,1,1,115.519943019943,25.0082258930336,0,27,258,384,.,.,1,1,1,1,.
42,66.2,162.7,17.5394,0.78,30,27,60,4.7,0.7,0,0,0,1,1,115.519943019943,25.0082258930336,0,27,.,407.97,.,.,0,2,1,0,0.5911943389048
42,66.2,162.7,17.5394,0.78,30,27,60,4.7,0.7,0,0,0,1,1,115.519943019943,25.0082258930336,0,27,258,408,.,.,1,1,1,1,.
42,66.2,162.7,17.5394,0.78,30,27,60,4.7,0.7,0,0,0,1,1,115.519943019943,25.0082258930336,0,27,258,432,.,.,1,1,1,1,.
42,66.2,162.7,17.5394,0.78,30,27,60,4.7,0.7,0,0,0,1,1,115.519943019943,25.0082258930336,0,27,258,456,.,.,1,1,1,1,.
42,66.2,162.7,17.5394,0.78,30,27,60,4.7,0.7,0,0,0,1,1,115.519943019943,25.0082258930336,0,27,.,479.97,.,.,0,2,1,0,0.525437484847121
42,66.2,162.7,17.5394,0.78,30,27,60,4.7,0.7,0,0,0,1,1,115.519943019943,25.0082258930336,0,27,258,480,.,.,1,1,1,1,.
42,66.2,162.7,17.5394,0.78,30,27,60,4.7,0.7,0,0,0,1,1,115.519943019943,25.0082258930336,0,27,.,481,.,.,0,2,1,0,0.560611752026842
42,66.2,162.7,17.5394,0.78,30,27,60,4.7,0.7,0,0,0,1,1,115.519943019943,25.0082258930336,0,27,.,482,.,.,0,2,1,0,0.560958641576381
42,66.2,162.7,17.5394,0.78,30,27,60,4.7,0.7,0,0,0,1,1,115.519943019943,25.0082258930336,0,27,.,483,.,.,0,2,1,0,0.298922919675974
42,66.2,162.7,17.5394,0.78,30,27,60,4.7,0.7,0,0,0,1,1,115.519943019943,25.0082258930336,0,27,.,484,.,.,0,2,1,0,0.292709895196746
42,66.2,162.7,17.5394,0.78,30,27,60,4.7,0.7,0,0,0,1,1,115.519943019943,25.0082258930336,0,27,.,485,.,.,0,2,1,0,0.719471238141054
42,66.2,162.7,17.5394,0.78,30,27,60,4.7,0.7,0,0,0,1,1,115.519943019943,25.0082258930336,0,27,.,486,.,.,0,2,1,0,0.905777875993994
42,66.2,162.7,17.5394,0.78,30,27,60,4.7,0.7,0,0,0,1,1,115.519943019943,25.0082258930336,0,27,.,487,.,.,0,2,1,0,0.802479029824311
42,66.2,162.7,17.5394,0.78,30,27,60,4.7,0.7,0,0,0,1,1,115.519943019943,25.0082258930336,0,27,.,488,.,.,0,2,1,0,0.290938524100141
42,66.2,162.7,17.5394,0.78,30,27,60,4.7,0.7,0,0,0,1,1,115.519943019943,25.0082258930336,0,27,.,492,.,.,0,2,1,0,0.599442405840436
42,66.2,162.7,17.5394,0.78,30,27,60,4.7,0.7,0,0,0,1,1,115.519943019943,25.0082258930336,0,27,.,504,.,.,0,2,1,0,-0.0476460160057272
44,80.2,166.4,25.6392,0.74,44,20,84,4.4,0.2,0,0,0,1,1,144.504504504505,28.9646126109467,0,28,258,0,.,.,1,1,1,1,.
44,80.2,166.4,25.6392,0.74,44,20,84,4.4,0.2,0,0,0,1,1,144.504504504505,28.9646126109467,0,28,258,24.02,.,.,1,1,1,1,.
44,80.2,166.4,25.6392,0.74,44,20,84,4.4,0.2,0,0,0,1,1,144.504504504505,28.9646126109467,0,28,.,47.98,.,.,0,2,1,0,0.160646901305747
44,80.2,166.4,25.6392,0.74,44,20,84,4.4,0.2,0,0,0,1,1,144.504504504505,28.9646126109467,0,28,258,48,.,.,1,1,1,1,.
44,80.2,166.4,25.6392,0.74,44,20,84,4.4,0.2,0,0,0,1,1,144.504504504505,28.9646126109467,0,28,.,71.97,.,.,0,2,1,0,0.205250508077132
44,80.2,166.4,25.6392,0.74,44,20,84,4.4,0.2,0,0,0,1,1,144.504504504505,28.9646126109467,0,28,258,72.08,.,.,1,1,1,1,.
44,80.2,166.4,25.6392,0.74,44,20,84,4.4,0.2,0,0,0,1,1,144.504504504505,28.9646126109467,0,28,258,96,.,.,1,1,1,1,.
44,80.2,166.4,25.6392,0.74,44,20,84,4.4,0.2,0,0,0,1,1,144.504504504505,28.9646126109467,0,28,.,119.97,.,.,0,2,1,0,0.251545568607327
44,80.2,166.4,25.6392,0.74,44,20,84,4.4,0.2,0,0,0,1,1,144.504504504505,28.9646126109467,0,28,258,120,.,.,1,1,1,1,.
44,80.2,166.4,25.6392,0.74,44,20,84,4.4,0.2,0,0,0,1,1,144.504504504505,28.9646126109467,0,28,258,144,.,.,1,1,1,1,.
44,80.2,166.4,25.6392,0.74,44,20,84,4.4,0.2,0,0,0,1,1,144.504504504505,28.9646126109467,0,28,258,168,.,.,1,1,1,1,.
44,80.2,166.4,25.6392,0.74,44,20,84,4.4,0.2,0,0,0,1,1,144.504504504505,28.9646126109467,0,28,.,191.97,.,.,0,2,1,0,0.179643456213533
44,80.2,166.4,25.6392,0.74,44,20,84,4.4,0.2,0,0,0,1,1,144.504504504505,28.9646126109467,0,28,258,192,.,.,1,1,1,1,.
44,80.2,166.4,25.6392,0.74,44,20,84,4.4,0.2,0,0,0,1,1,144.504504504505,28.9646126109467,0,28,258,216,.,.,1,1,1,1,.
44,80.2,166.4,25.6392,0.74,44,20,84,4.4,0.2,0,0,0,1,1,144.504504504505,28.9646126109467,0,28,258,240,.,.,1,1,1,1,.
44,80.2,166.4,25.6392,0.74,44,20,84,4.4,0.2,0,0,0,1,1,144.504504504505,28.9646126109467,0,28,.,263.97,.,.,0,2,1,0,0.258149829829498
44,80.2,166.4,25.6392,0.74,44,20,84,4.4,0.2,0,0,0,1,1,144.504504504505,28.9646126109467,0,28,258,264,.,.,1,1,1,1,.
44,80.2,166.4,25.6392,0.74,44,20,84,4.4,0.2,0,0,0,1,1,144.504504504505,28.9646126109467,0,28,258,288,.,.,1,1,1,1,.
44,80.2,166.4,25.6392,0.74,44,20,84,4.4,0.2,0,0,0,1,1,144.504504504505,28.9646126109467,0,28,258,312,.,.,1,1,1,1,.
44,80.2,166.4,25.6392,0.74,44,20,84,4.4,0.2,0,0,0,1,1,144.504504504505,28.9646126109467,0,28,.,335.98,.,.,0,2,1,0,0.389116225748425
44,80.2,166.4,25.6392,0.74,44,20,84,4.4,0.2,0,0,0,1,1,144.504504504505,28.9646126109467,0,28,258,336,.,.,1,1,1,1,.
44,80.2,166.4,25.6392,0.74,44,20,84,4.4,0.2,0,0,0,1,1,144.504504504505,28.9646126109467,0,28,258,360,.,.,1,1,1,1,.
44,80.2,166.4,25.6392,0.74,44,20,84,4.4,0.2,0,0,0,1,1,144.504504504505,28.9646126109467,0,28,258,384,.,.,1,1,1,1,.
44,80.2,166.4,25.6392,0.74,44,20,84,4.4,0.2,0,0,0,1,1,144.504504504505,28.9646126109467,0,28,.,407.97,.,.,0,2,1,0,0.0940355262055397
44,80.2,166.4,25.6392,0.74,44,20,84,4.4,0.2,0,0,0,1,1,144.504504504505,28.9646126109467,0,28,258,408,.,.,1,1,1,1,.
44,80.2,166.4,25.6392,0.74,44,20,84,4.4,0.2,0,0,0,1,1,144.504504504505,28.9646126109467,0,28,258,432,.,.,1,1,1,1,.
44,80.2,166.4,25.6392,0.74,44,20,84,4.4,0.2,0,0,0,1,1,144.504504504505,28.9646126109467,0,28,258,456,.,.,1,1,1,1,.
44,80.2,166.4,25.6392,0.74,44,20,84,4.4,0.2,0,0,0,1,1,144.504504504505,28.9646126109467,0,28,.,479.97,.,.,0,2,1,0,0.374705244949129
44,80.2,166.4,25.6392,0.74,44,20,84,4.4,0.2,0,0,0,1,1,144.504504504505,28.9646126109467,0,28,258,480,.,.,1,1,1,1,.
44,80.2,166.4,25.6392,0.74,44,20,84,4.4,0.2,0,0,0,1,1,144.504504504505,28.9646126109467,0,28,.,481.05,.,.,0,2,1,0,0.331311614276298
44,80.2,166.4,25.6392,0.74,44,20,84,4.4,0.2,0,0,0,1,1,144.504504504505,28.9646126109467,0,28,.,482,.,.,0,2,1,0,0.592960533949392
44,80.2,166.4,25.6392,0.74,44,20,84,4.4,0.2,0,0,0,1,1,144.504504504505,28.9646126109467,0,28,.,483,.,.,0,2,1,0,0.735710452691614
44,80.2,166.4,25.6392,0.74,44,20,84,4.4,0.2,0,0,0,1,1,144.504504504505,28.9646126109467,0,28,.,484,.,.,0,2,1,0,0.708006619292057
44,80.2,166.4,25.6392,0.74,44,20,84,4.4,0.2,0,0,0,1,1,144.504504504505,28.9646126109467,0,28,.,485,.,.,0,2,1,0,1.17725561029438
44,80.2,166.4,25.6392,0.74,44,20,84,4.4,0.2,0,0,0,1,1,144.504504504505,28.9646126109467,0,28,.,486,.,.,0,2,1,0,0.694590526048813
44,80.2,166.4,25.6392,0.74,44,20,84,4.4,0.2,0,0,0,1,1,144.504504504505,28.9646126109467,0,28,.,487,.,.,0,2,1,0,0.0307073688643318
44,80.2,166.4,25.6392,0.74,44,20,84,4.4,0.2,0,0,0,1,1,144.504504504505,28.9646126109467,0,28,.,488,.,.,0,2,1,0,0.61182160301799
44,80.2,166.4,25.6392,0.74,44,20,84,4.4,0.2,0,0,0,1,1,144.504504504505,28.9646126109467,0,28,.,504,.,.,0,2,1,0,0.315184837557331
28,66.5,158.1,24.0137,0.83,15,23,47,4.1,1.4,0,0,0,1,2,105.937081659973,26.6046717803646,0,29,129,0,.,.,1,1,1,1,.
28,66.5,158.1,24.0137,0.83,15,23,47,4.1,1.4,0,0,0,1,2,105.937081659973,26.6046717803646,0,29,129,24,.,.,1,1,1,1,.
28,66.5,158.1,24.0137,0.83,15,23,47,4.1,1.4,0,0,0,1,2,105.937081659973,26.6046717803646,0,29,.,47.98,.,.,0,2,1,0,0.00833478611313198
28,66.5,158.1,24.0137,0.83,15,23,47,4.1,1.4,0,0,0,1,2,105.937081659973,26.6046717803646,0,29,129,48,.,.,1,1,1,1,.
28,66.5,158.1,24.0137,0.83,15,23,47,4.1,1.4,0,0,0,1,2,105.937081659973,26.6046717803646,0,29,.,71.97,.,.,0,2,1,0,0.0698469161687199
28,66.5,158.1,24.0137,0.83,15,23,47,4.1,1.4,0,0,0,1,2,105.937081659973,26.6046717803646,0,29,129,72,.,.,1,1,1,1,.
28,66.5,158.1,24.0137,0.83,15,23,47,4.1,1.4,0,0,0,1,2,105.937081659973,26.6046717803646,0,29,129,96,.,.,1,1,1,1,.
28,66.5,158.1,24.0137,0.83,15,23,47,4.1,1.4,0,0,0,1,2,105.937081659973,26.6046717803646,0,29,.,119.97,.,.,0,2,1,0,0.0618057748728812
28,66.5,158.1,24.0137,0.83,15,23,47,4.1,1.4,0,0,0,1,2,105.937081659973,26.6046717803646,0,29,129,120,.,.,1,1,1,1,.
28,66.5,158.1,24.0137,0.83,15,23,47,4.1,1.4,0,0,0,1,2,105.937081659973,26.6046717803646,0,29,129,144,.,.,1,1,1,1,.
28,66.5,158.1,24.0137,0.83,15,23,47,4.1,1.4,0,0,0,1,2,105.937081659973,26.6046717803646,0,29,129,168,.,.,1,1,1,1,.
28,66.5,158.1,24.0137,0.83,15,23,47,4.1,1.4,0,0,0,1,2,105.937081659973,26.6046717803646,0,29,.,191.97,.,.,0,2,1,0,0.0818381888858786
28,66.5,158.1,24.0137,0.83,15,23,47,4.1,1.4,0,0,0,1,2,105.937081659973,26.6046717803646,0,29,129,192,.,.,1,1,1,1,.
28,66.5,158.1,24.0137,0.83,15,23,47,4.1,1.4,0,0,0,1,2,105.937081659973,26.6046717803646,0,29,129,216,.,.,1,1,1,1,.
28,66.5,158.1,24.0137,0.83,15,23,47,4.1,1.4,0,0,0,1,2,105.937081659973,26.6046717803646,0,29,129,240,.,.,1,1,1,1,.
28,66.5,158.1,24.0137,0.83,15,23,47,4.1,1.4,0,0,0,1,2,105.937081659973,26.6046717803646,0,29,.,263.97,.,.,0,2,1,0,0.0420652092878627
28,66.5,158.1,24.0137,0.83,15,23,47,4.1,1.4,0,0,0,1,2,105.937081659973,26.6046717803646,0,29,129,264,.,.,1,1,1,1,.
28,66.5,158.1,24.0137,0.83,15,23,47,4.1,1.4,0,0,0,1,2,105.937081659973,26.6046717803646,0,29,129,288,.,.,1,1,1,1,.
28,66.5,158.1,24.0137,0.83,15,23,47,4.1,1.4,0,0,0,1,2,105.937081659973,26.6046717803646,0,29,129,312,.,.,1,1,1,1,.
28,66.5,158.1,24.0137,0.83,15,23,47,4.1,1.4,0,0,0,1,2,105.937081659973,26.6046717803646,0,29,.,335.97,.,.,0,2,1,0,0.0733254863477916
28,66.5,158.1,24.0137,0.83,15,23,47,4.1,1.4,0,0,0,1,2,105.937081659973,26.6046717803646,0,29,129,336,.,.,1,1,1,1,.
28,66.5,158.1,24.0137,0.83,15,23,47,4.1,1.4,0,0,0,1,2,105.937081659973,26.6046717803646,0,29,129,360,.,.,1,1,1,1,.
28,66.5,158.1,24.0137,0.83,15,23,47,4.1,1.4,0,0,0,1,2,105.937081659973,26.6046717803646,0,29,129,384,.,.,1,1,1,1,.
28,66.5,158.1,24.0137,0.83,15,23,47,4.1,1.4,0,0,0,1,2,105.937081659973,26.6046717803646,0,29,.,408,.,.,0,2,1,0,0.0907235222805745
28,66.5,158.1,24.0137,0.83,15,23,47,4.1,1.4,0,0,0,1,2,105.937081659973,26.6046717803646,0,29,129,408,.,.,1,1,1,1,.
28,66.5,158.1,24.0137,0.83,15,23,47,4.1,1.4,0,0,0,1,2,105.937081659973,26.6046717803646,0,29,129,432,.,.,1,1,1,1,.
28,66.5,158.1,24.0137,0.83,15,23,47,4.1,1.4,0,0,0,1,2,105.937081659973,26.6046717803646,0,29,129,456,.,.,1,1,1,1,.
28,66.5,158.1,24.0137,0.83,15,23,47,4.1,1.4,0,0,0,1,2,105.937081659973,26.6046717803646,0,29,.,479.97,.,.,0,2,1,0,0.0414622732223798
28,66.5,158.1,24.0137,0.83,15,23,47,4.1,1.4,0,0,0,1,2,105.937081659973,26.6046717803646,0,29,129,480,.,.,1,1,1,1,.
28,66.5,158.1,24.0137,0.83,15,23,47,4.1,1.4,0,0,0,1,2,105.937081659973,26.6046717803646,0,29,.,481.03,.,.,0,2,1,0,0.219610520516729
28,66.5,158.1,24.0137,0.83,15,23,47,4.1,1.4,0,0,0,1,2,105.937081659973,26.6046717803646,0,29,.,482,.,.,0,2,1,0,0.188285737530168
28,66.5,158.1,24.0137,0.83,15,23,47,4.1,1.4,0,0,0,1,2,105.937081659973,26.6046717803646,0,29,.,483,.,.,0,2,1,0,0.194054696727669
28,66.5,158.1,24.0137,0.83,15,23,47,4.1,1.4,0,0,0,1,2,105.937081659973,26.6046717803646,0,29,.,484,.,.,0,2,1,0,0.163416122968767
28,66.5,158.1,24.0137,0.83,15,23,47,4.1,1.4,0,0,0,1,2,105.937081659973,26.6046717803646,0,29,.,485,.,.,0,2,1,0,0.198731385244521
28,66.5,158.1,24.0137,0.83,15,23,47,4.1,1.4,0,0,0,1,2,105.937081659973,26.6046717803646,0,29,.,486,.,.,0,2,1,0,0.209866605146055
28,66.5,158.1,24.0137,0.83,15,23,47,4.1,1.4,0,0,0,1,2,105.937081659973,26.6046717803646,0,29,.,487,.,.,0,2,1,0,0.125857527400489
28,66.5,158.1,24.0137,0.83,15,23,47,4.1,1.4,0,0,0,1,2,105.937081659973,26.6046717803646,0,29,.,488,.,.,0,2,1,0,0.0440925781745311
28,66.5,158.1,24.0137,0.83,15,23,47,4.1,1.4,0,0,0,1,2,105.937081659973,26.6046717803646,0,29,.,492,.,.,0,2,1,0,0.0259377687346542
28,66.5,158.1,24.0137,0.83,15,23,47,4.1,1.4,0,0,0,1,2,105.937081659973,26.6046717803646,0,29,.,504,.,.,0,2,1,0,0.0950631035769836
43,86.6,165.4,37.2865,0.72,24,19,58,4,0.8,0,1,0,0,2,137.734760802469,31.655332644178,1,30,129,0,.,.,1,1,1,1,.
43,86.6,165.4,37.2865,0.72,24,19,58,4,0.8,0,1,0,0,2,137.734760802469,31.655332644178,1,30,129,24,.,.,1,1,1,1,.
43,86.6,165.4,37.2865,0.72,24,19,58,4,0.8,0,1,0,0,2,137.734760802469,31.655332644178,1,30,.,47.97,.,.,0,2,1,0,0.0748843550765182
43,86.6,165.4,37.2865,0.72,24,19,58,4,0.8,0,1,0,0,2,137.734760802469,31.655332644178,1,30,129,48,.,.,1,1,1,1,.
43,86.6,165.4,37.2865,0.72,24,19,58,4,0.8,0,1,0,0,2,137.734760802469,31.655332644178,1,30,.,71.97,.,.,0,2,1,0,0.0927307991917755
43,86.6,165.4,37.2865,0.72,24,19,58,4,0.8,0,1,0,0,2,137.734760802469,31.655332644178,1,30,129,72,.,.,1,1,1,1,.
43,86.6,165.4,37.2865,0.72,24,19,58,4,0.8,0,1,0,0,2,137.734760802469,31.655332644178,1,30,129,96,.,.,1,1,1,1,.
43,86.6,165.4,37.2865,0.72,24,19,58,4,0.8,0,1,0,0,2,137.734760802469,31.655332644178,1,30,.,119.97,.,.,0,2,1,0,0.174652594790385
43,86.6,165.4,37.2865,0.72,24,19,58,4,0.8,0,1,0,0,2,137.734760802469,31.655332644178,1,30,129,120,.,.,1,1,1,1,.
43,86.6,165.4,37.2865,0.72,24,19,58,4,0.8,0,1,0,0,2,137.734760802469,31.655332644178,1,30,129,144,.,.,1,1,1,1,.
43,86.6,165.4,37.2865,0.72,24,19,58,4,0.8,0,1,0,0,2,137.734760802469,31.655332644178,1,30,129,168,.,.,1,1,1,1,.
43,86.6,165.4,37.2865,0.72,24,19,58,4,0.8,0,1,0,0,2,137.734760802469,31.655332644178,1,30,.,191.97,.,.,0,2,1,0,0.120440848468015
43,86.6,165.4,37.2865,0.72,24,19,58,4,0.8,0,1,0,0,2,137.734760802469,31.655332644178,1,30,129,192,.,.,1,1,1,1,.
43,86.6,165.4,37.2865,0.72,24,19,58,4,0.8,0,1,0,0,2,137.734760802469,31.655332644178,1,30,129,216,.,.,1,1,1,1,.
43,86.6,165.4,37.2865,0.72,24,19,58,4,0.8,0,1,0,0,2,137.734760802469,31.655332644178,1,30,129,240,.,.,1,1,1,1,.
43,86.6,165.4,37.2865,0.72,24,19,58,4,0.8,0,1,0,0,2,137.734760802469,31.655332644178,1,30,.,263.97,.,.,0,2,1,0,0.252929226530242
43,86.6,165.4,37.2865,0.72,24,19,58,4,0.8,0,1,0,0,2,137.734760802469,31.655332644178,1,30,129,264,.,.,1,1,1,1,.
43,86.6,165.4,37.2865,0.72,24,19,58,4,0.8,0,1,0,0,2,137.734760802469,31.655332644178,1,30,129,288,.,.,1,1,1,1,.
43,86.6,165.4,37.2865,0.72,24,19,58,4,0.8,0,1,0,0,2,137.734760802469,31.655332644178,1,30,129,312,.,.,1,1,1,1,.
43,86.6,165.4,37.2865,0.72,24,19,58,4,0.8,0,1,0,0,2,137.734760802469,31.655332644178,1,30,.,335.97,.,.,0,2,1,0,0.186002719392136
43,86.6,165.4,37.2865,0.72,24,19,58,4,0.8,0,1,0,0,2,137.734760802469,31.655332644178,1,30,129,336,.,.,1,1,1,1,.
43,86.6,165.4,37.2865,0.72,24,19,58,4,0.8,0,1,0,0,2,137.734760802469,31.655332644178,1,30,129,360,.,.,1,1,1,1,.
43,86.6,165.4,37.2865,0.72,24,19,58,4,0.8,0,1,0,0,2,137.734760802469,31.655332644178,1,30,129,384,.,.,1,1,1,1,.
43,86.6,165.4,37.2865,0.72,24,19,58,4,0.8,0,1,0,0,2,137.734760802469,31.655332644178,1,30,.,407.97,.,.,0,2,1,0,0.150619648493559
43,86.6,165.4,37.2865,0.72,24,19,58,4,0.8,0,1,0,0,2,137.734760802469,31.655332644178,1,30,129,408,.,.,1,1,1,1,.
43,86.6,165.4,37.2865,0.72,24,19,58,4,0.8,0,1,0,0,2,137.734760802469,31.655332644178,1,30,129,432,.,.,1,1,1,1,.
43,86.6,165.4,37.2865,0.72,24,19,58,4,0.8,0,1,0,0,2,137.734760802469,31.655332644178,1,30,129,455,.,.,1,1,1,1,.
43,86.6,165.4,37.2865,0.72,24,19,58,4,0.8,0,1,0,0,2,137.734760802469,31.655332644178,1,30,129,479,.,.,1,1,1,1,.
43,86.6,165.4,37.2865,0.72,24,19,58,4,0.8,0,1,0,0,2,137.734760802469,31.655332644178,1,30,.,479.97,.,.,0,2,1,0,0.290744590225747
43,86.6,165.4,37.2865,0.72,24,19,58,4,0.8,0,1,0,0,2,137.734760802469,31.655332644178,1,30,.,481,.,.,0,2,1,0,0.19788017151006
43,86.6,165.4,37.2865,0.72,24,19,58,4,0.8,0,1,0,0,2,137.734760802469,31.655332644178,1,30,.,482,.,.,0,2,1,0,0.267058241961151
43,86.6,165.4,37.2865,0.72,24,19,58,4,0.8,0,1,0,0,2,137.734760802469,31.655332644178,1,30,.,483,.,.,0,2,1,0,0.411110546389298
43,86.6,165.4,37.2865,0.72,24,19,58,4,0.8,0,1,0,0,2,137.734760802469,31.655332644178,1,30,.,484,.,.,0,2,1,0,0.222821810119716
43,86.6,165.4,37.2865,0.72,24,19,58,4,0.8,0,1,0,0,2,137.734760802469,31.655332644178,1,30,.,485,.,.,0,2,1,0,0.204123760359199
43,86.6,165.4,37.2865,0.72,24,19,58,4,0.8,0,1,0,0,2,137.734760802469,31.655332644178,1,30,.,486.08,.,.,0,2,1,0,0.246258012196169
43,86.6,165.4,37.2865,0.72,24,19,58,4,0.8,0,1,0,0,2,137.734760802469,31.655332644178,1,30,.,487,.,.,0,2,1,0,0.219460761020077
43,86.6,165.4,37.2865,0.72,24,19,58,4,0.8,0,1,0,0,2,137.734760802469,31.655332644178,1,30,.,488,.,.,0,2,1,0,0.420640776636065
43,86.6,165.4,37.2865,0.72,24,19,58,4,0.8,0,1,0,0,2,137.734760802469,31.655332644178,1,30,.,492,.,.,0,2,1,0,0.184293659953264
43,86.6,165.4,37.2865,0.72,24,19,58,4,0.8,0,1,0,0,2,137.734760802469,31.655332644178,1,30,.,504,.,.,0,2,1,0,0.250141759756578
38,66,179,13.2579,0.89,25,26,37,4.3,0.6,0,0,1,0,1,105.056179775281,20.5986080334571,0,31,129,0,.,.,1,1,1,1,.
38,66,179,13.2579,0.89,25,26,37,4.3,0.6,0,0,1,0,1,105.056179775281,20.5986080334571,0,31,129,24,.,.,1,1,1,1,.
38,66,179,13.2579,0.89,25,26,37,4.3,0.6,0,0,1,0,1,105.056179775281,20.5986080334571,0,31,.,47.97,.,.,0,2,1,0,0.0471089798451665
38,66,179,13.2579,0.89,25,26,37,4.3,0.6,0,0,1,0,1,105.056179775281,20.5986080334571,0,31,129,48,.,.,1,1,1,1,.
38,66,179,13.2579,0.89,25,26,37,4.3,0.6,0,0,1,0,1,105.056179775281,20.5986080334571,0,31,.,71.97,.,.,0,2,1,0,0.0658817637602978
38,66,179,13.2579,0.89,25,26,37,4.3,0.6,0,0,1,0,1,105.056179775281,20.5986080334571,0,31,129,72,.,.,1,1,1,1,.
38,66,179,13.2579,0.89,25,26,37,4.3,0.6,0,0,1,0,1,105.056179775281,20.5986080334571,0,31,129,96,.,.,1,1,1,1,.
38,66,179,13.2579,0.89,25,26,37,4.3,0.6,0,0,1,0,1,105.056179775281,20.5986080334571,0,31,.,119.97,.,.,0,2,1,0,0.0879130100045948
38,66,179,13.2579,0.89,25,26,37,4.3,0.6,0,0,1,0,1,105.056179775281,20.5986080334571,0,31,129,120,.,.,1,1,1,1,.
38,66,179,13.2579,0.89,25,26,37,4.3,0.6,0,0,1,0,1,105.056179775281,20.5986080334571,0,31,129,144,.,.,1,1,1,1,.
38,66,179,13.2579,0.89,25,26,37,4.3,0.6,0,0,1,0,1,105.056179775281,20.5986080334571,0,31,129,168,.,.,1,1,1,1,.
38,66,179,13.2579,0.89,25,26,37,4.3,0.6,0,0,1,0,1,105.056179775281,20.5986080334571,0,31,.,191.97,.,.,0,2,1,0,0.110522559731746
38,66,179,13.2579,0.89,25,26,37,4.3,0.6,0,0,1,0,1,105.056179775281,20.5986080334571,0,31,129,192,.,.,1,1,1,1,.
38,66,179,13.2579,0.89,25,26,37,4.3,0.6,0,0,1,0,1,105.056179775281,20.5986080334571,0,31,129,216,.,.,1,1,1,1,.
38,66,179,13.2579,0.89,25,26,37,4.3,0.6,0,0,1,0,1,105.056179775281,20.5986080334571,0,31,129,240,.,.,1,1,1,1,.
38,66,179,13.2579,0.89,25,26,37,4.3,0.6,0,0,1,0,1,105.056179775281,20.5986080334571,0,31,.,263.97,.,.,0,2,1,0,0.091363055286153
38,66,179,13.2579,0.89,25,26,37,4.3,0.6,0,0,1,0,1,105.056179775281,20.5986080334571,0,31,129,264,.,.,1,1,1,1,.
38,66,179,13.2579,0.89,25,26,37,4.3,0.6,0,0,1,0,1,105.056179775281,20.5986080334571,0,31,129,288,.,.,1,1,1,1,.
38,66,179,13.2579,0.89,25,26,37,4.3,0.6,0,0,1,0,1,105.056179775281,20.5986080334571,0,31,129,312,.,.,1,1,1,1,.
38,66,179,13.2579,0.89,25,26,37,4.3,0.6,0,0,1,0,1,105.056179775281,20.5986080334571,0,31,.,335.97,.,.,0,2,1,0,0.142215701204079
38,66,179,13.2579,0.89,25,26,37,4.3,0.6,0,0,1,0,1,105.056179775281,20.5986080334571,0,31,129,336,.,.,1,1,1,1,.
38,66,179,13.2579,0.89,25,26,37,4.3,0.6,0,0,1,0,1,105.056179775281,20.5986080334571,0,31,129,360,.,.,1,1,1,1,.
38,66,179,13.2579,0.89,25,26,37,4.3,0.6,0,0,1,0,1,105.056179775281,20.5986080334571,0,31,129,384,.,.,1,1,1,1,.
38,66,179,13.2579,0.89,25,26,37,4.3,0.6,0,0,1,0,1,105.056179775281,20.5986080334571,0,31,.,407.97,.,.,0,2,1,0,0.0426872542444092
38,66,179,13.2579,0.89,25,26,37,4.3,0.6,0,0,1,0,1,105.056179775281,20.5986080334571,0,31,129,408,.,.,1,1,1,1,.
38,66,179,13.2579,0.89,25,26,37,4.3,0.6,0,0,1,0,1,105.056179775281,20.5986080334571,0,31,129,432,.,.,1,1,1,1,.
38,66,179,13.2579,0.89,25,26,37,4.3,0.6,0,0,1,0,1,105.056179775281,20.5986080334571,0,31,129,456,.,.,1,1,1,1,.
38,66,179,13.2579,0.89,25,26,37,4.3,0.6,0,0,1,0,1,105.056179775281,20.5986080334571,0,31,.,479.97,.,.,0,2,1,0,0.137027285047544
38,66,179,13.2579,0.89,25,26,37,4.3,0.6,0,0,1,0,1,105.056179775281,20.5986080334571,0,31,129,480,.,.,1,1,1,1,.
38,66,179,13.2579,0.89,25,26,37,4.3,0.6,0,0,1,0,1,105.056179775281,20.5986080334571,0,31,.,481,.,.,0,2,1,0,0.195348040047829
38,66,179,13.2579,0.89,25,26,37,4.3,0.6,0,0,1,0,1,105.056179775281,20.5986080334571,0,31,.,482,.,.,0,2,1,0,0.341279357324042
38,66,179,13.2579,0.89,25,26,37,4.3,0.6,0,0,1,0,1,105.056179775281,20.5986080334571,0,31,.,483,.,.,0,2,1,0,0.259689196827583
38,66,179,13.2579,0.89,25,26,37,4.3,0.6,0,0,1,0,1,105.056179775281,20.5986080334571,0,31,.,484.02,.,.,0,2,1,0,0.31924919077843
38,66,179,13.2579,0.89,25,26,37,4.3,0.6,0,0,1,0,1,105.056179775281,20.5986080334571,0,31,.,485,.,.,0,2,1,0,0.327760085984086
38,66,179,13.2579,0.89,25,26,37,4.3,0.6,0,0,1,0,1,105.056179775281,20.5986080334571,0,31,.,486.02,.,.,0,2,1,0,0.220555329196286
38,66,179,13.2579,0.89,25,26,37,4.3,0.6,0,0,1,0,1,105.056179775281,20.5986080334571,0,31,.,487,.,.,0,2,1,0,0.241190217234088
38,66,179,13.2579,0.89,25,26,37,4.3,0.6,0,0,1,0,1,105.056179775281,20.5986080334571,0,31,.,488,.,.,0,2,1,0,0.317870167923986
38,66,179,13.2579,0.89,25,26,37,4.3,0.6,0,0,1,0,1,105.056179775281,20.5986080334571,0,31,.,492,.,.,0,2,1,0,0.237787767659586
38,66,179,13.2579,0.89,25,26,37,4.3,0.6,0,0,1,0,1,105.056179775281,20.5986080334571,0,31,.,504,.,.,0,2,1,0,0.141945642279823
29,86.8,163.1,31.2703,0.8,13,17,54,3.8,0.7,0,0,1,0,2,142.180208333333,32.6296039976528,1,32,258,0,.,.,1,1,1,1,.
29,86.8,163.1,31.2703,0.8,13,17,54,3.8,0.7,0,0,1,0,2,142.180208333333,32.6296039976528,1,32,258,24,.,.,1,1,1,1,.
29,86.8,163.1,31.2703,0.8,13,17,54,3.8,0.7,0,0,1,0,2,142.180208333333,32.6296039976528,1,32,.,47.97,.,.,0,2,1,0,0.130274189448097
29,86.8,163.1,31.2703,0.8,13,17,54,3.8,0.7,0,0,1,0,2,142.180208333333,32.6296039976528,1,32,258,48,.,.,1,1,1,1,.
29,86.8,163.1,31.2703,0.8,13,17,54,3.8,0.7,0,0,1,0,2,142.180208333333,32.6296039976528,1,32,.,71.97,.,.,0,2,1,0,0.117187662570315
29,86.8,163.1,31.2703,0.8,13,17,54,3.8,0.7,0,0,1,0,2,142.180208333333,32.6296039976528,1,32,258,72,.,.,1,1,1,1,.
29,86.8,163.1,31.2703,0.8,13,17,54,3.8,0.7,0,0,1,0,2,142.180208333333,32.6296039976528,1,32,258,96,.,.,1,1,1,1,.
29,86.8,163.1,31.2703,0.8,13,17,54,3.8,0.7,0,0,1,0,2,142.180208333333,32.6296039976528,1,32,.,119.97,.,.,0,2,1,0,0.158609254139608
29,86.8,163.1,31.2703,0.8,13,17,54,3.8,0.7,0,0,1,0,2,142.180208333333,32.6296039976528,1,32,258,120,.,.,1,1,1,1,.
29,86.8,163.1,31.2703,0.8,13,17,54,3.8,0.7,0,0,1,0,2,142.180208333333,32.6296039976528,1,32,258,144,.,.,1,1,1,1,.
29,86.8,163.1,31.2703,0.8,13,17,54,3.8,0.7,0,0,1,0,2,142.180208333333,32.6296039976528,1,32,258,168,.,.,1,1,1,1,.
29,86.8,163.1,31.2703,0.8,13,17,54,3.8,0.7,0,0,1,0,2,142.180208333333,32.6296039976528,1,32,.,191.97,.,.,0,2,1,0,0.214224765570891
29,86.8,163.1,31.2703,0.8,13,17,54,3.8,0.7,0,0,1,0,2,142.180208333333,32.6296039976528,1,32,258,192,.,.,1,1,1,1,.
29,86.8,163.1,31.2703,0.8,13,17,54,3.8,0.7,0,0,1,0,2,142.180208333333,32.6296039976528,1,32,258,216,.,.,1,1,1,1,.
29,86.8,163.1,31.2703,0.8,13,17,54,3.8,0.7,0,0,1,0,2,142.180208333333,32.6296039976528,1,32,258,240,.,.,1,1,1,1,.
29,86.8,163.1,31.2703,0.8,13,17,54,3.8,0.7,0,0,1,0,2,142.180208333333,32.6296039976528,1,32,.,263.97,.,.,0,2,1,0,0.290811048589615
29,86.8,163.1,31.2703,0.8,13,17,54,3.8,0.7,0,0,1,0,2,142.180208333333,32.6296039976528,1,32,258,264,.,.,1,1,1,1,.
29,86.8,163.1,31.2703,0.8,13,17,54,3.8,0.7,0,0,1,0,2,142.180208333333,32.6296039976528,1,32,258,288,.,.,1,1,1,1,.
29,86.8,163.1,31.2703,0.8,13,17,54,3.8,0.7,0,0,1,0,2,142.180208333333,32.6296039976528,1,32,258,312,.,.,1,1,1,1,.
29,86.8,163.1,31.2703,0.8,13,17,54,3.8,0.7,0,0,1,0,2,142.180208333333,32.6296039976528,1,32,.,335.97,.,.,0,2,1,0,0.311230976091954
29,86.8,163.1,31.2703,0.8,13,17,54,3.8,0.7,0,0,1,0,2,142.180208333333,32.6296039976528,1,32,258,336,.,.,1,1,1,1,.
29,86.8,163.1,31.2703,0.8,13,17,54,3.8,0.7,0,0,1,0,2,142.180208333333,32.6296039976528,1,32,258,360,.,.,1,1,1,1,.
29,86.8,163.1,31.2703,0.8,13,17,54,3.8,0.7,0,0,1,0,2,142.180208333333,32.6296039976528,1,32,258,384,.,.,1,1,1,1,.
29,86.8,163.1,31.2703,0.8,13,17,54,3.8,0.7,0,0,1,0,2,142.180208333333,32.6296039976528,1,32,.,407.97,.,.,0,2,1,0,0.281798486434291
29,86.8,163.1,31.2703,0.8,13,17,54,3.8,0.7,0,0,1,0,2,142.180208333333,32.6296039976528,1,32,258,408,.,.,1,1,1,1,.
29,86.8,163.1,31.2703,0.8,13,17,54,3.8,0.7,0,0,1,0,2,142.180208333333,32.6296039976528,1,32,258,432,.,.,1,1,1,1,.
29,86.8,163.1,31.2703,0.8,13,17,54,3.8,0.7,0,0,1,0,2,142.180208333333,32.6296039976528,1,32,258,456,.,.,1,1,1,1,.
29,86.8,163.1,31.2703,0.8,13,17,54,3.8,0.7,0,0,1,0,2,142.180208333333,32.6296039976528,1,32,.,479.97,.,.,0,2,1,0,0.221471683207857
29,86.8,163.1,31.2703,0.8,13,17,54,3.8,0.7,0,0,1,0,2,142.180208333333,32.6296039976528,1,32,258,480,.,.,1,1,1,1,.
29,86.8,163.1,31.2703,0.8,13,17,54,3.8,0.7,0,0,1,0,2,142.180208333333,32.6296039976528,1,32,.,481,.,.,0,2,1,0,0.260742771555909
29,86.8,163.1,31.2703,0.8,13,17,54,3.8,0.7,0,0,1,0,2,142.180208333333,32.6296039976528,1,32,.,482,.,.,0,2,1,0,0.405624327701885
29,86.8,163.1,31.2703,0.8,13,17,54,3.8,0.7,0,0,1,0,2,142.180208333333,32.6296039976528,1,32,.,483.05,.,.,0,2,1,0,0.755403493230032
29,86.8,163.1,31.2703,0.8,13,17,54,3.8,0.7,0,0,1,0,2,142.180208333333,32.6296039976528,1,32,.,484,.,.,0,2,1,0,0.679807494936792
29,86.8,163.1,31.2703,0.8,13,17,54,3.8,0.7,0,0,1,0,2,142.180208333333,32.6296039976528,1,32,.,485,.,.,0,2,1,0,0.627616055336681
29,86.8,163.1,31.2703,0.8,13,17,54,3.8,0.7,0,0,1,0,2,142.180208333333,32.6296039976528,1,32,.,486.03,.,.,0,2,1,0,0.570573456999605
29,86.8,163.1,31.2703,0.8,13,17,54,3.8,0.7,0,0,1,0,2,142.180208333333,32.6296039976528,1,32,.,487,.,.,0,2,1,0,0.265635873295189
29,86.8,163.1,31.2703,0.8,13,17,54,3.8,0.7,0,0,1,0,2,142.180208333333,32.6296039976528,1,32,.,488,.,.,0,2,1,0,0.467923236166032
29,86.8,163.1,31.2703,0.8,13,17,54,3.8,0.7,0,0,1,0,2,142.180208333333,32.6296039976528,1,32,.,492,.,.,0,2,1,0,0.651224222564441
29,86.8,163.1,31.2703,0.8,13,17,54,3.8,0.7,0,0,1,0,2,142.180208333333,32.6296039976528,1,32,.,504,.,.,0,2,1,0,0.13757699279143
21,75.9,183.4,14.7795,1.18,18,27,46,4.8,1.1,0,1,0,0,1,106.310028248588,22.5654039950576,0,33,129,0,.,.,1,1,2,1,.
21,75.9,183.4,14.7795,1.18,18,27,46,4.8,1.1,0,1,0,0,1,106.310028248588,22.5654039950576,0,33,.,1,.,.,0,2,2,0,0.069914764722852
21,75.9,183.4,14.7795,1.18,18,27,46,4.8,1.1,0,1,0,0,1,106.310028248588,22.5654039950576,0,33,.,2,.,.,0,2,2,0,0.0453900592005304
21,75.9,183.4,14.7795,1.18,18,27,46,4.8,1.1,0,1,0,0,1,106.310028248588,22.5654039950576,0,33,.,3,.,.,0,2,2,0,0.0912731491246296
21,75.9,183.4,14.7795,1.18,18,27,46,4.8,1.1,0,1,0,0,1,106.310028248588,22.5654039950576,0,33,.,5,.,.,0,2,2,0,0.0994396009025682
21,75.9,183.4,14.7795,1.18,18,27,46,4.8,1.1,0,1,0,0,1,106.310028248588,22.5654039950576,0,33,.,6,.,.,0,2,2,0,0.224786767817295
21,75.9,183.4,14.7795,1.18,18,27,46,4.8,1.1,0,1,0,0,1,106.310028248588,22.5654039950576,0,33,.,8,.,.,0,2,2,0,0.136401453534562
21,75.9,183.4,14.7795,1.18,18,27,46,4.8,1.1,0,1,0,0,1,106.310028248588,22.5654039950576,0,33,.,12,.,.,0,2,2,0,0.155249554264557
21,75.9,183.4,14.7795,1.18,18,27,46,4.8,1.1,0,1,0,0,1,106.310028248588,22.5654039950576,0,33,.,23.92,.,.,0,2,2,0,0.0448810603496353
21,75.9,183.4,14.7795,1.18,18,27,46,4.8,1.1,0,1,0,0,1,106.310028248588,22.5654039950576,0,33,129,24,.,.,1,1,2,1,.
21,75.9,183.4,14.7795,1.18,18,27,46,4.8,1.1,0,1,0,0,1,106.310028248588,22.5654039950576,0,33,.,47.92,.,.,0,2,2,0,0.0362467449556925
21,75.9,183.4,14.7795,1.18,18,27,46,4.8,1.1,0,1,0,0,1,106.310028248588,22.5654039950576,0,33,129,48,.,.,1,1,2,1,.
21,75.9,183.4,14.7795,1.18,18,27,46,4.8,1.1,0,1,0,0,1,106.310028248588,22.5654039950576,0,33,.,71.92,.,.,0,2,2,0,0.0678522477935539
21,75.9,183.4,14.7795,1.18,18,27,46,4.8,1.1,0,1,0,0,1,106.310028248588,22.5654039950576,0,33,129,72,.,.,1,1,2,1,.
21,75.9,183.4,14.7795,1.18,18,27,46,4.8,1.1,0,1,0,0,1,106.310028248588,22.5654039950576,0,33,129,96.08,.,.,1,1,2,1,.
21,75.9,183.4,14.7795,1.18,18,27,46,4.8,1.1,0,1,0,0,1,106.310028248588,22.5654039950576,0,33,.,119.92,.,.,0,2,2,0,0.0994253035234102
21,75.9,183.4,14.7795,1.18,18,27,46,4.8,1.1,0,1,0,0,1,106.310028248588,22.5654039950576,0,33,129,120,.,.,1,1,2,1,.
21,75.9,183.4,14.7795,1.18,18,27,46,4.8,1.1,0,1,0,0,1,106.310028248588,22.5654039950576,0,33,129,144,.,.,1,1,2,1,.
21,75.9,183.4,14.7795,1.18,18,27,46,4.8,1.1,0,1,0,0,1,106.310028248588,22.5654039950576,0,33,129,168,.,.,1,1,2,1,.
21,75.9,183.4,14.7795,1.18,18,27,46,4.8,1.1,0,1,0,0,1,106.310028248588,22.5654039950576,0,33,.,191.92,.,.,0,2,2,0,0.160243183530725
21,75.9,183.4,14.7795,1.18,18,27,46,4.8,1.1,0,1,0,0,1,106.310028248588,22.5654039950576,0,33,129,192,.,.,1,1,2,1,.
21,75.9,183.4,14.7795,1.18,18,27,46,4.8,1.1,0,1,0,0,1,106.310028248588,22.5654039950576,0,33,129,216,.,.,1,1,2,1,.
21,75.9,183.4,14.7795,1.18,18,27,46,4.8,1.1,0,1,0,0,1,106.310028248588,22.5654039950576,0,33,129,240,.,.,1,1,2,1,.
21,75.9,183.4,14.7795,1.18,18,27,46,4.8,1.1,0,1,0,0,1,106.310028248588,22.5654039950576,0,33,.,263.92,.,.,0,2,2,0,0.129550065310662
21,75.9,183.4,14.7795,1.18,18,27,46,4.8,1.1,0,1,0,0,1,106.310028248588,22.5654039950576,0,33,129,264,.,.,1,1,2,1,.
21,75.9,183.4,14.7795,1.18,18,27,46,4.8,1.1,0,1,0,0,1,106.310028248588,22.5654039950576,0,33,129,288,.,.,1,1,2,1,.
21,75.9,183.4,14.7795,1.18,18,27,46,4.8,1.1,0,1,0,0,1,106.310028248588,22.5654039950576,0,33,129,312,.,.,1,1,2,1,.
21,75.9,183.4,14.7795,1.18,18,27,46,4.8,1.1,0,1,0,0,1,106.310028248588,22.5654039950576,0,33,.,335.92,.,.,0,2,2,0,0.108641068139516
21,75.9,183.4,14.7795,1.18,18,27,46,4.8,1.1,0,1,0,0,1,106.310028248588,22.5654039950576,0,33,129,336,.,.,1,1,2,1,.
21,75.9,183.4,14.7795,1.18,18,27,46,4.8,1.1,0,1,0,0,1,106.310028248588,22.5654039950576,0,33,129,360,.,.,1,1,2,1,.
21,75.9,183.4,14.7795,1.18,18,27,46,4.8,1.1,0,1,0,0,1,106.310028248588,22.5654039950576,0,33,129,384,.,.,1,1,2,1,.
21,75.9,183.4,14.7795,1.18,18,27,46,4.8,1.1,0,1,0,0,1,106.310028248588,22.5654039950576,0,33,.,407.92,.,.,0,2,2,0,0.123223219859882
21,75.9,183.4,14.7795,1.18,18,27,46,4.8,1.1,0,1,0,0,1,106.310028248588,22.5654039950576,0,33,129,408,.,.,1,1,2,1,.
21,75.9,183.4,14.7795,1.18,18,27,46,4.8,1.1,0,1,0,0,1,106.310028248588,22.5654039950576,0,33,129,432,.,.,1,1,2,1,.
21,75.9,183.4,14.7795,1.18,18,27,46,4.8,1.1,0,1,0,0,1,106.310028248588,22.5654039950576,0,33,129,456,.,.,1,1,2,1,.
21,75.9,183.4,14.7795,1.18,18,27,46,4.8,1.1,0,1,0,0,1,106.310028248588,22.5654039950576,0,33,.,479.92,.,.,0,2,2,0,0.212134240059765
21,75.9,183.4,14.7795,1.18,18,27,46,4.8,1.1,0,1,0,0,1,106.310028248588,22.5654039950576,0,33,129,480,.,.,1,1,2,1,.
21,75.9,183.4,14.7795,1.18,18,27,46,4.8,1.1,0,1,0,0,1,106.310028248588,22.5654039950576,0,33,.,481,.,.,0,2,2,0,0.210770161994366
21,75.9,183.4,14.7795,1.18,18,27,46,4.8,1.1,0,1,0,0,1,106.310028248588,22.5654039950576,0,33,.,482,.,.,0,2,2,0,0.151611871095576
21,75.9,183.4,14.7795,1.18,18,27,46,4.8,1.1,0,1,0,0,1,106.310028248588,22.5654039950576,0,33,.,483,.,.,0,2,2,0,0.150347133164706
21,75.9,183.4,14.7795,1.18,18,27,46,4.8,1.1,0,1,0,0,1,106.310028248588,22.5654039950576,0,33,.,485,.,.,0,2,2,0,0.2686933568703
21,75.9,183.4,14.7795,1.18,18,27,46,4.8,1.1,0,1,0,0,1,106.310028248588,22.5654039950576,0,33,.,486,.,.,0,2,2,0,0.298881461374112
21,75.9,183.4,14.7795,1.18,18,27,46,4.8,1.1,0,1,0,0,1,106.310028248588,22.5654039950576,0,33,.,488,.,.,0,2,2,0,0.306283418307645
21,75.9,183.4,14.7795,1.18,18,27,46,4.8,1.1,0,1,0,0,1,106.310028248588,22.5654039950576,0,33,.,492,.,.,0,2,2,0,0.318032842525601
21,75.9,183.4,14.7795,1.18,18,27,46,4.8,1.1,0,1,0,0,1,106.310028248588,22.5654039950576,0,33,.,504,.,.,0,2,2,0,0.252374529035348
21,75.9,183.4,14.7795,1.18,18,27,46,4.8,1.1,0,1,0,0,1,106.310028248588,22.5654039950576,0,33,.,528,.,.,0,2,2,0,0.129145053665097
21,75.9,183.4,14.7795,1.18,18,27,46,4.8,1.1,0,1,0,0,1,106.310028248588,22.5654039950576,0,33,.,552,.,.,0,2,2,0,0.0315216213361124
21,75.9,183.4,14.7795,1.18,18,27,46,4.8,1.1,0,1,0,0,1,106.310028248588,22.5654039950576,0,33,.,576,.,.,0,2,2,0,0.0901121798379255
21,75.9,183.4,14.7795,1.18,18,27,46,4.8,1.1,0,1,0,0,1,106.310028248588,22.5654039950576,0,33,.,600,.,.,0,2,2,0,0.116987548250081
21,75.9,183.4,14.7795,1.18,18,27,46,4.8,1.1,0,1,0,0,1,106.310028248588,22.5654039950576,0,33,.,672.45,.,.,0,2,2,0,0.0452805372810509
21,75.9,183.4,14.7795,1.18,18,27,46,4.8,1.1,0,1,0,0,1,106.310028248588,22.5654039950576,0,33,.,724,.,.,0,2,2,0,0.0375590159888497
33,84.7,172,24.981,0.72,31,29,56,4.7,0.6,1,0,0,0,1,174.824459876543,28.6303407247161,0,34,129,0,.,.,1,1,2,1,.
33,84.7,172,24.981,0.72,31,29,56,4.7,0.6,1,0,0,0,1,174.824459876543,28.6303407247161,0,34,.,1,.,.,0,2,2,0,0.0621883713255097
33,84.7,172,24.981,0.72,31,29,56,4.7,0.6,1,0,0,0,1,174.824459876543,28.6303407247161,0,34,.,2,.,.,0,2,2,0,0.0721241900438924
33,84.7,172,24.981,0.72,31,29,56,4.7,0.6,1,0,0,0,1,174.824459876543,28.6303407247161,0,34,.,3,.,.,0,2,2,0,0.127307293265742
33,84.7,172,24.981,0.72,31,29,56,4.7,0.6,1,0,0,0,1,174.824459876543,28.6303407247161,0,34,.,5,.,.,0,2,2,0,0.199290829185336
33,84.7,172,24.981,0.72,31,29,56,4.7,0.6,1,0,0,0,1,174.824459876543,28.6303407247161,0,34,.,6,.,.,0,2,2,0,0.0741687554395628
33,84.7,172,24.981,0.72,31,29,56,4.7,0.6,1,0,0,0,1,174.824459876543,28.6303407247161,0,34,.,8,.,.,0,2,2,0,0.105779760138061
33,84.7,172,24.981,0.72,31,29,56,4.7,0.6,1,0,0,0,1,174.824459876543,28.6303407247161,0,34,.,12,.,.,0,2,2,0,0.14334583458859
33,84.7,172,24.981,0.72,31,29,56,4.7,0.6,1,0,0,0,1,174.824459876543,28.6303407247161,0,34,.,23.92,.,.,0,2,2,0,0.0627452285089501
33,84.7,172,24.981,0.72,31,29,56,4.7,0.6,1,0,0,0,1,174.824459876543,28.6303407247161,0,34,129,24,.,.,1,1,2,1,.
33,84.7,172,24.981,0.72,31,29,56,4.7,0.6,1,0,0,0,1,174.824459876543,28.6303407247161,0,34,.,47.92,.,.,0,2,2,0,0.078479896787015
33,84.7,172,24.981,0.72,31,29,56,4.7,0.6,1,0,0,0,1,174.824459876543,28.6303407247161,0,34,129,48,.,.,1,1,2,1,.
33,84.7,172,24.981,0.72,31,29,56,4.7,0.6,1,0,0,0,1,174.824459876543,28.6303407247161,0,34,.,71.92,.,.,0,2,2,0,0.0170206982119682
33,84.7,172,24.981,0.72,31,29,56,4.7,0.6,1,0,0,0,1,174.824459876543,28.6303407247161,0,34,129,72,.,.,1,1,2,1,.
33,84.7,172,24.981,0.72,31,29,56,4.7,0.6,1,0,0,0,1,174.824459876543,28.6303407247161,0,34,129,96.08,.,.,1,1,2,1,.
33,84.7,172,24.981,0.72,31,29,56,4.7,0.6,1,0,0,0,1,174.824459876543,28.6303407247161,0,34,.,119.92,.,.,0,2,2,0,0.0724302300990763
33,84.7,172,24.981,0.72,31,29,56,4.7,0.6,1,0,0,0,1,174.824459876543,28.6303407247161,0,34,129,120,.,.,1,1,2,1,.
33,84.7,172,24.981,0.72,31,29,56,4.7,0.6,1,0,0,0,1,174.824459876543,28.6303407247161,0,34,129,144,.,.,1,1,2,1,.
33,84.7,172,24.981,0.72,31,29,56,4.7,0.6,1,0,0,0,1,174.824459876543,28.6303407247161,0,34,129,168,.,.,1,1,2,1,.
33,84.7,172,24.981,0.72,31,29,56,4.7,0.6,1,0,0,0,1,174.824459876543,28.6303407247161,0,34,.,191.92,.,.,0,2,2,0,0.0285157712464284
33,84.7,172,24.981,0.72,31,29,56,4.7,0.6,1,0,0,0,1,174.824459876543,28.6303407247161,0,34,129,192,.,.,1,1,2,1,.
33,84.7,172,24.981,0.72,31,29,56,4.7,0.6,1,0,0,0,1,174.824459876543,28.6303407247161,0,34,129,216,.,.,1,1,2,1,.
33,84.7,172,24.981,0.72,31,29,56,4.7,0.6,1,0,0,0,1,174.824459876543,28.6303407247161,0,34,129,240,.,.,1,1,2,1,.
33,84.7,172,24.981,0.72,31,29,56,4.7,0.6,1,0,0,0,1,174.824459876543,28.6303407247161,0,34,.,263.92,.,.,0,2,2,0,0.201577055039588
33,84.7,172,24.981,0.72,31,29,56,4.7,0.6,1,0,0,0,1,174.824459876543,28.6303407247161,0,34,129,264,.,.,1,1,2,1,.
33,84.7,172,24.981,0.72,31,29,56,4.7,0.6,1,0,0,0,1,174.824459876543,28.6303407247161,0,34,129,288,.,.,1,1,2,1,.
33,84.7,172,24.981,0.72,31,29,56,4.7,0.6,1,0,0,0,1,174.824459876543,28.6303407247161,0,34,129,312,.,.,1,1,2,1,.
33,84.7,172,24.981,0.72,31,29,56,4.7,0.6,1,0,0,0,1,174.824459876543,28.6303407247161,0,34,.,335.92,.,.,0,2,2,0,0.143902774340424
33,84.7,172,24.981,0.72,31,29,56,4.7,0.6,1,0,0,0,1,174.824459876543,28.6303407247161,0,34,129,336,.,.,1,1,2,1,.
33,84.7,172,24.981,0.72,31,29,56,4.7,0.6,1,0,0,0,1,174.824459876543,28.6303407247161,0,34,129,360,.,.,1,1,2,1,.
33,84.7,172,24.981,0.72,31,29,56,4.7,0.6,1,0,0,0,1,174.824459876543,28.6303407247161,0,34,129,384,.,.,1,1,2,1,.
33,84.7,172,24.981,0.72,31,29,56,4.7,0.6,1,0,0,0,1,174.824459876543,28.6303407247161,0,34,.,407.92,.,.,0,2,2,0,0.11840773974297
33,84.7,172,24.981,0.72,31,29,56,4.7,0.6,1,0,0,0,1,174.824459876543,28.6303407247161,0,34,129,408,.,.,1,1,2,1,.
33,84.7,172,24.981,0.72,31,29,56,4.7,0.6,1,0,0,0,1,174.824459876543,28.6303407247161,0,34,129,432,.,.,1,1,2,1,.
33,84.7,172,24.981,0.72,31,29,56,4.7,0.6,1,0,0,0,1,174.824459876543,28.6303407247161,0,34,129,456,.,.,1,1,2,1,.
33,84.7,172,24.981,0.72,31,29,56,4.7,0.6,1,0,0,0,1,174.824459876543,28.6303407247161,0,34,.,479.92,.,.,0,2,2,0,0.0986820147725337
33,84.7,172,24.981,0.72,31,29,56,4.7,0.6,1,0,0,0,1,174.824459876543,28.6303407247161,0,34,129,480,.,.,1,1,2,1,.
33,84.7,172,24.981,0.72,31,29,56,4.7,0.6,1,0,0,0,1,174.824459876543,28.6303407247161,0,34,.,481,.,.,0,2,2,0,0.300643764366126
33,84.7,172,24.981,0.72,31,29,56,4.7,0.6,1,0,0,0,1,174.824459876543,28.6303407247161,0,34,.,482,.,.,0,2,2,0,0.25705297081763
33,84.7,172,24.981,0.72,31,29,56,4.7,0.6,1,0,0,0,1,174.824459876543,28.6303407247161,0,34,.,483,.,.,0,2,2,0,0.143624872959476
33,84.7,172,24.981,0.72,31,29,56,4.7,0.6,1,0,0,0,1,174.824459876543,28.6303407247161,0,34,.,485,.,.,0,2,2,0,0.258615802773589
33,84.7,172,24.981,0.72,31,29,56,4.7,0.6,1,0,0,0,1,174.824459876543,28.6303407247161,0,34,.,486,.,.,0,2,2,0,0.246036113216961
33,84.7,172,24.981,0.72,31,29,56,4.7,0.6,1,0,0,0,1,174.824459876543,28.6303407247161,0,34,.,488,.,.,0,2,2,0,0.124990741704223
33,84.7,172,24.981,0.72,31,29,56,4.7,0.6,1,0,0,0,1,174.824459876543,28.6303407247161,0,34,.,492,.,.,0,2,2,0,0.229160089903183
33,84.7,172,24.981,0.72,31,29,56,4.7,0.6,1,0,0,0,1,174.824459876543,28.6303407247161,0,34,.,504.05,.,.,0,2,2,0,0.12661430061356
33,84.7,172,24.981,0.72,31,29,56,4.7,0.6,1,0,0,0,1,174.824459876543,28.6303407247161,0,34,.,528,.,.,0,2,2,0,0.102965925061714
33,84.7,172,24.981,0.72,31,29,56,4.7,0.6,1,0,0,0,1,174.824459876543,28.6303407247161,0,34,.,552.25,.,.,0,2,2,0,0.0448948488537223
33,84.7,172,24.981,0.72,31,29,56,4.7,0.6,1,0,0,0,1,174.824459876543,28.6303407247161,0,34,.,576,.,.,0,2,2,0,0.0752264516740708
33,84.7,172,24.981,0.72,31,29,56,4.7,0.6,1,0,0,0,1,174.824459876543,28.6303407247161,0,34,.,600,.,.,0,2,2,0,0.0543846869074397
33,84.7,172,24.981,0.72,31,29,56,4.7,0.6,1,0,0,0,1,174.824459876543,28.6303407247161,0,34,.,672.5,.,.,0,2,2,0,0.0447774511035816
33,84.7,172,24.981,0.72,31,29,56,4.7,0.6,1,0,0,0,1,174.824459876543,28.6303407247161,0,34,.,720.25,.,.,0,2,2,0,0.0193457967461363
35,95.8,175.6,27.8775,0.64,40,29,98,4.7,0.5,1,0,0,0,1,218.294270833333,31.0682281640299,1,35,129,0,.,.,1,1,2,1,.
35,95.8,175.6,27.8775,0.64,40,29,98,4.7,0.5,1,0,0,0,1,218.294270833333,31.0682281640299,1,35,.,1,.,.,0,2,2,0,0.0490932710667197
35,95.8,175.6,27.8775,0.64,40,29,98,4.7,0.5,1,0,0,0,1,218.294270833333,31.0682281640299,1,35,.,2,.,.,0,2,2,0,0.171486732732879
35,95.8,175.6,27.8775,0.64,40,29,98,4.7,0.5,1,0,0,0,1,218.294270833333,31.0682281640299,1,35,.,3,.,.,0,2,2,0,0.0548787611043942
35,95.8,175.6,27.8775,0.64,40,29,98,4.7,0.5,1,0,0,0,1,218.294270833333,31.0682281640299,1,35,.,5,.,.,0,2,2,0,0.249897618488201
35,95.8,175.6,27.8775,0.64,40,29,98,4.7,0.5,1,0,0,0,1,218.294270833333,31.0682281640299,1,35,.,6,.,.,0,2,2,0,0.0596632486858292
35,95.8,175.6,27.8775,0.64,40,29,98,4.7,0.5,1,0,0,0,1,218.294270833333,31.0682281640299,1,35,.,8,.,.,0,2,2,0,0.199272345177179
35,95.8,175.6,27.8775,0.64,40,29,98,4.7,0.5,1,0,0,0,1,218.294270833333,31.0682281640299,1,35,.,12,.,.,0,2,2,0,0.0883640138720361
35,95.8,175.6,27.8775,0.64,40,29,98,4.7,0.5,1,0,0,0,1,218.294270833333,31.0682281640299,1,35,.,23.92,.,.,0,2,2,0,0.0587928283829523
35,95.8,175.6,27.8775,0.64,40,29,98,4.7,0.5,1,0,0,0,1,218.294270833333,31.0682281640299,1,35,129,24,.,.,1,1,2,1,.
35,95.8,175.6,27.8775,0.64,40,29,98,4.7,0.5,1,0,0,0,1,218.294270833333,31.0682281640299,1,35,.,47.92,.,.,0,2,2,0,0.0422239938495001
35,95.8,175.6,27.8775,0.64,40,29,98,4.7,0.5,1,0,0,0,1,218.294270833333,31.0682281640299,1,35,129,48,.,.,1,1,2,1,.
35,95.8,175.6,27.8775,0.64,40,29,98,4.7,0.5,1,0,0,0,1,218.294270833333,31.0682281640299,1,35,.,71.92,.,.,0,2,2,0,0.048306625664534
35,95.8,175.6,27.8775,0.64,40,29,98,4.7,0.5,1,0,0,0,1,218.294270833333,31.0682281640299,1,35,129,72,.,.,1,1,2,1,.
35,95.8,175.6,27.8775,0.64,40,29,98,4.7,0.5,1,0,0,0,1,218.294270833333,31.0682281640299,1,35,129,96,.,.,1,1,2,1,.
35,95.8,175.6,27.8775,0.64,40,29,98,4.7,0.5,1,0,0,0,1,218.294270833333,31.0682281640299,1,35,.,119.92,.,.,0,2,2,0,0.102487642810914
35,95.8,175.6,27.8775,0.64,40,29,98,4.7,0.5,1,0,0,0,1,218.294270833333,31.0682281640299,1,35,129,120,.,.,1,1,2,1,.
35,95.8,175.6,27.8775,0.64,40,29,98,4.7,0.5,1,0,0,0,1,218.294270833333,31.0682281640299,1,35,129,144,.,.,1,1,2,1,.
35,95.8,175.6,27.8775,0.64,40,29,98,4.7,0.5,1,0,0,0,1,218.294270833333,31.0682281640299,1,35,129,168,.,.,1,1,2,1,.
35,95.8,175.6,27.8775,0.64,40,29,98,4.7,0.5,1,0,0,0,1,218.294270833333,31.0682281640299,1,35,.,191.92,.,.,0,2,2,0,0.143445131608862
35,95.8,175.6,27.8775,0.64,40,29,98,4.7,0.5,1,0,0,0,1,218.294270833333,31.0682281640299,1,35,129,192,.,.,1,1,2,1,.
35,95.8,175.6,27.8775,0.64,40,29,98,4.7,0.5,1,0,0,0,1,218.294270833333,31.0682281640299,1,35,129,216,.,.,1,1,2,1,.
35,95.8,175.6,27.8775,0.64,40,29,98,4.7,0.5,1,0,0,0,1,218.294270833333,31.0682281640299,1,35,129,240,.,.,1,1,2,1,.
35,95.8,175.6,27.8775,0.64,40,29,98,4.7,0.5,1,0,0,0,1,218.294270833333,31.0682281640299,1,35,.,263.92,.,.,0,2,2,0,0.116855590604034
35,95.8,175.6,27.8775,0.64,40,29,98,4.7,0.5,1,0,0,0,1,218.294270833333,31.0682281640299,1,35,129,264,.,.,1,1,2,1,.
35,95.8,175.6,27.8775,0.64,40,29,98,4.7,0.5,1,0,0,0,1,218.294270833333,31.0682281640299,1,35,129,288,.,.,1,1,2,1,.
35,95.8,175.6,27.8775,0.64,40,29,98,4.7,0.5,1,0,0,0,1,218.294270833333,31.0682281640299,1,35,129,312,.,.,1,1,2,1,.
35,95.8,175.6,27.8775,0.64,40,29,98,4.7,0.5,1,0,0,0,1,218.294270833333,31.0682281640299,1,35,.,335.92,.,.,0,2,2,0,0.115583441534735
35,95.8,175.6,27.8775,0.64,40,29,98,4.7,0.5,1,0,0,0,1,218.294270833333,31.0682281640299,1,35,129,336,.,.,1,1,2,1,.
35,95.8,175.6,27.8775,0.64,40,29,98,4.7,0.5,1,0,0,0,1,218.294270833333,31.0682281640299,1,35,129,360,.,.,1,1,2,1,.
35,95.8,175.6,27.8775,0.64,40,29,98,4.7,0.5,1,0,0,0,1,218.294270833333,31.0682281640299,1,35,129,384,.,.,1,1,2,1,.
35,95.8,175.6,27.8775,0.64,40,29,98,4.7,0.5,1,0,0,0,1,218.294270833333,31.0682281640299,1,35,.,407.92,.,.,0,2,2,0,0.155302380950906
35,95.8,175.6,27.8775,0.64,40,29,98,4.7,0.5,1,0,0,0,1,218.294270833333,31.0682281640299,1,35,129,408,.,.,1,1,2,1,.
35,95.8,175.6,27.8775,0.64,40,29,98,4.7,0.5,1,0,0,0,1,218.294270833333,31.0682281640299,1,35,129,432,.,.,1,1,2,1,.
35,95.8,175.6,27.8775,0.64,40,29,98,4.7,0.5,1,0,0,0,1,218.294270833333,31.0682281640299,1,35,129,456,.,.,1,1,2,1,.
35,95.8,175.6,27.8775,0.64,40,29,98,4.7,0.5,1,0,0,0,1,218.294270833333,31.0682281640299,1,35,.,479.92,.,.,0,2,2,0,0.136737153246817
35,95.8,175.6,27.8775,0.64,40,29,98,4.7,0.5,1,0,0,0,1,218.294270833333,31.0682281640299,1,35,129,480,.,.,1,1,2,1,.
35,95.8,175.6,27.8775,0.64,40,29,98,4.7,0.5,1,0,0,0,1,218.294270833333,31.0682281640299,1,35,.,481,.,.,0,2,2,0,0.311389065108874
35,95.8,175.6,27.8775,0.64,40,29,98,4.7,0.5,1,0,0,0,1,218.294270833333,31.0682281640299,1,35,.,482,.,.,0,2,2,0,0.0664981334740886
35,95.8,175.6,27.8775,0.64,40,29,98,4.7,0.5,1,0,0,0,1,218.294270833333,31.0682281640299,1,35,.,483,.,.,0,2,2,0,0.411897546387502
35,95.8,175.6,27.8775,0.64,40,29,98,4.7,0.5,1,0,0,0,1,218.294270833333,31.0682281640299,1,35,.,485,.,.,0,2,2,0,0.365449161254661
35,95.8,175.6,27.8775,0.64,40,29,98,4.7,0.5,1,0,0,0,1,218.294270833333,31.0682281640299,1,35,.,486,.,.,0,2,2,0,0.5079247433344
35,95.8,175.6,27.8775,0.64,40,29,98,4.7,0.5,1,0,0,0,1,218.294270833333,31.0682281640299,1,35,.,488,.,.,0,2,2,0,0.13439425806782
35,95.8,175.6,27.8775,0.64,40,29,98,4.7,0.5,1,0,0,0,1,218.294270833333,31.0682281640299,1,35,.,492,.,.,0,2,2,0,0.184515078026738
35,95.8,175.6,27.8775,0.64,40,29,98,4.7,0.5,1,0,0,0,1,218.294270833333,31.0682281640299,1,35,.,504,.,.,0,2,2,0,0.0213435351466153
35,95.8,175.6,27.8775,0.64,40,29,98,4.7,0.5,1,0,0,0,1,218.294270833333,31.0682281640299,1,35,.,528,.,.,0,2,2,0,0.122779111708128
35,95.8,175.6,27.8775,0.64,40,29,98,4.7,0.5,1,0,0,0,1,218.294270833333,31.0682281640299,1,35,.,552.25,.,.,0,2,2,0,0.0219095546185189
35,95.8,175.6,27.8775,0.64,40,29,98,4.7,0.5,1,0,0,0,1,218.294270833333,31.0682281640299,1,35,.,576,.,.,0,2,2,0,0.079259318181041
35,95.8,175.6,27.8775,0.64,40,29,98,4.7,0.5,1,0,0,0,1,218.294270833333,31.0682281640299,1,35,.,600,.,.,0,2,2,0,0.0726292491916542
35,95.8,175.6,27.8775,0.64,40,29,98,4.7,0.5,1,0,0,0,1,218.294270833333,31.0682281640299,1,35,.,671.9,.,.,0,2,2,0,0.0534686439484297
35,95.8,175.6,27.8775,0.64,40,29,98,4.7,0.5,1,0,0,0,1,218.294270833333,31.0682281640299,1,35,.,723.83,.,.,0,2,2,0,0.0662330252986858
44,86.9,163.2,38.9522,0.6,22,25,124,4.1,0.7,0,0,1,0,2,164.144444444445,32.6271746443676,1,36,129,0,.,.,1,1,2,1,.
44,86.9,163.2,38.9522,0.6,22,25,124,4.1,0.7,0,0,1,0,2,164.144444444445,32.6271746443676,1,36,.,1,.,.,0,2,2,0,0.0895184915734139
44,86.9,163.2,38.9522,0.6,22,25,124,4.1,0.7,0,0,1,0,2,164.144444444445,32.6271746443676,1,36,.,2,.,.,0,2,2,0,0.290185624524893
44,86.9,163.2,38.9522,0.6,22,25,124,4.1,0.7,0,0,1,0,2,164.144444444445,32.6271746443676,1,36,.,3,.,.,0,2,2,0,0.139363079089598
44,86.9,163.2,38.9522,0.6,22,25,124,4.1,0.7,0,0,1,0,2,164.144444444445,32.6271746443676,1,36,.,5,.,.,0,2,2,0,0.280130103777307
44,86.9,163.2,38.9522,0.6,22,25,124,4.1,0.7,0,0,1,0,2,164.144444444445,32.6271746443676,1,36,.,6,.,.,0,2,2,0,0.191457228338593
44,86.9,163.2,38.9522,0.6,22,25,124,4.1,0.7,0,0,1,0,2,164.144444444445,32.6271746443676,1,36,.,8,.,.,0,2,2,0,0.189672737658104
44,86.9,163.2,38.9522,0.6,22,25,124,4.1,0.7,0,0,1,0,2,164.144444444445,32.6271746443676,1,36,.,12,.,.,0,2,2,0,0.0557920027221582
44,86.9,163.2,38.9522,0.6,22,25,124,4.1,0.7,0,0,1,0,2,164.144444444445,32.6271746443676,1,36,.,23.92,.,.,0,2,2,0,0.0181901237099636
44,86.9,163.2,38.9522,0.6,22,25,124,4.1,0.7,0,0,1,0,2,164.144444444445,32.6271746443676,1,36,129,24,.,.,1,1,2,1,.
44,86.9,163.2,38.9522,0.6,22,25,124,4.1,0.7,0,0,1,0,2,164.144444444445,32.6271746443676,1,36,.,47.92,.,.,0,2,2,0,0.0919637646151616
44,86.9,163.2,38.9522,0.6,22,25,124,4.1,0.7,0,0,1,0,2,164.144444444445,32.6271746443676,1,36,129,48,.,.,1,1,2,1,.
44,86.9,163.2,38.9522,0.6,22,25,124,4.1,0.7,0,0,1,0,2,164.144444444445,32.6271746443676,1,36,.,71.92,.,.,0,2,2,0,0.102174080288016
44,86.9,163.2,38.9522,0.6,22,25,124,4.1,0.7,0,0,1,0,2,164.144444444445,32.6271746443676,1,36,129,72,.,.,1,1,2,1,.
44,86.9,163.2,38.9522,0.6,22,25,124,4.1,0.7,0,0,1,0,2,164.144444444445,32.6271746443676,1,36,129,96,.,.,1,1,2,1,.
44,86.9,163.2,38.9522,0.6,22,25,124,4.1,0.7,0,0,1,0,2,164.144444444445,32.6271746443676,1,36,.,119.92,.,.,0,2,2,0,0.169361882751782
44,86.9,163.2,38.9522,0.6,22,25,124,4.1,0.7,0,0,1,0,2,164.144444444445,32.6271746443676,1,36,129,120,.,.,1,1,2,1,.
44,86.9,163.2,38.9522,0.6,22,25,124,4.1,0.7,0,0,1,0,2,164.144444444445,32.6271746443676,1,36,129,144,.,.,1,1,2,1,.
44,86.9,163.2,38.9522,0.6,22,25,124,4.1,0.7,0,0,1,0,2,164.144444444445,32.6271746443676,1,36,129,168,.,.,1,1,2,1,.
44,86.9,163.2,38.9522,0.6,22,25,124,4.1,0.7,0,0,1,0,2,164.144444444445,32.6271746443676,1,36,.,191.92,.,.,0,2,2,0,0.201764770028864
44,86.9,163.2,38.9522,0.6,22,25,124,4.1,0.7,0,0,1,0,2,164.144444444445,32.6271746443676,1,36,129,192,.,.,1,1,2,1,.
44,86.9,163.2,38.9522,0.6,22,25,124,4.1,0.7,0,0,1,0,2,164.144444444445,32.6271746443676,1,36,129,216,.,.,1,1,2,1,.
44,86.9,163.2,38.9522,0.6,22,25,124,4.1,0.7,0,0,1,0,2,164.144444444445,32.6271746443676,1,36,129,240,.,.,1,1,2,1,.
44,86.9,163.2,38.9522,0.6,22,25,124,4.1,0.7,0,0,1,0,2,164.144444444445,32.6271746443676,1,36,.,263.88,.,.,0,2,2,0,0.164742249550216
44,86.9,163.2,38.9522,0.6,22,25,124,4.1,0.7,0,0,1,0,2,164.144444444445,32.6271746443676,1,36,129,264.03,.,.,1,1,2,1,.
44,86.9,163.2,38.9522,0.6,22,25,124,4.1,0.7,0,0,1,0,2,164.144444444445,32.6271746443676,1,36,129,288,.,.,1,1,2,1,.
44,86.9,163.2,38.9522,0.6,22,25,124,4.1,0.7,0,0,1,0,2,164.144444444445,32.6271746443676,1,36,129,312,.,.,1,1,2,1,.
44,86.9,163.2,38.9522,0.6,22,25,124,4.1,0.7,0,0,1,0,2,164.144444444445,32.6271746443676,1,36,.,335.92,.,.,0,2,2,0,0.189886869278825
44,86.9,163.2,38.9522,0.6,22,25,124,4.1,0.7,0,0,1,0,2,164.144444444445,32.6271746443676,1,36,129,336,.,.,1,1,2,1,.
44,86.9,163.2,38.9522,0.6,22,25,124,4.1,0.7,0,0,1,0,2,164.144444444445,32.6271746443676,1,36,129,360,.,.,1,1,2,1,.
44,86.9,163.2,38.9522,0.6,22,25,124,4.1,0.7,0,0,1,0,2,164.144444444445,32.6271746443676,1,36,129,384,.,.,1,1,2,1,.
44,86.9,163.2,38.9522,0.6,22,25,124,4.1,0.7,0,0,1,0,2,164.144444444445,32.6271746443676,1,36,.,407.92,.,.,0,2,2,0,0.170666893881846
44,86.9,163.2,38.9522,0.6,22,25,124,4.1,0.7,0,0,1,0,2,164.144444444445,32.6271746443676,1,36,129,408,.,.,1,1,2,1,.
44,86.9,163.2,38.9522,0.6,22,25,124,4.1,0.7,0,0,1,0,2,164.144444444445,32.6271746443676,1,36,129,432,.,.,1,1,2,1,.
44,86.9,163.2,38.9522,0.6,22,25,124,4.1,0.7,0,0,1,0,2,164.144444444445,32.6271746443676,1,36,129,456,.,.,1,1,2,1,.
44,86.9,163.2,38.9522,0.6,22,25,124,4.1,0.7,0,0,1,0,2,164.144444444445,32.6271746443676,1,36,.,479.92,.,.,0,2,2,0,0.205453256934157
44,86.9,163.2,38.9522,0.6,22,25,124,4.1,0.7,0,0,1,0,2,164.144444444445,32.6271746443676,1,36,129,480,.,.,1,1,2,1,.
44,86.9,163.2,38.9522,0.6,22,25,124,4.1,0.7,0,0,1,0,2,164.144444444445,32.6271746443676,1,36,.,481,.,.,0,2,2,0,0.297808214990108
44,86.9,163.2,38.9522,0.6,22,25,124,4.1,0.7,0,0,1,0,2,164.144444444445,32.6271746443676,1,36,.,482,.,.,0,2,2,0,0.390353097309483
44,86.9,163.2,38.9522,0.6,22,25,124,4.1,0.7,0,0,1,0,2,164.144444444445,32.6271746443676,1,36,.,483,.,.,0,2,2,0,0.308555827743345
44,86.9,163.2,38.9522,0.6,22,25,124,4.1,0.7,0,0,1,0,2,164.144444444445,32.6271746443676,1,36,.,485,.,.,0,2,2,0,0.375629148950065
44,86.9,163.2,38.9522,0.6,22,25,124,4.1,0.7,0,0,1,0,2,164.144444444445,32.6271746443676,1,36,.,486,.,.,0,2,2,0,0.342729993944633
44,86.9,163.2,38.9522,0.6,22,25,124,4.1,0.7,0,0,1,0,2,164.144444444445,32.6271746443676,1,36,.,488,.,.,0,2,2,0,0.236009953778642
44,86.9,163.2,38.9522,0.6,22,25,124,4.1,0.7,0,0,1,0,2,164.144444444445,32.6271746443676,1,36,.,492,.,.,0,2,2,0,0.224189679508263
44,86.9,163.2,38.9522,0.6,22,25,124,4.1,0.7,0,0,1,0,2,164.144444444445,32.6271746443676,1,36,.,504,.,.,0,2,2,0,0.159825650104375
44,86.9,163.2,38.9522,0.6,22,25,124,4.1,0.7,0,0,1,0,2,164.144444444445,32.6271746443676,1,36,.,528,.,.,0,2,2,0,0.0680731720793177
44,86.9,163.2,38.9522,0.6,22,25,124,4.1,0.7,0,0,1,0,2,164.144444444445,32.6271746443676,1,36,.,552.17,.,.,0,2,2,0,0.177420054575472
44,86.9,163.2,38.9522,0.6,22,25,124,4.1,0.7,0,0,1,0,2,164.144444444445,32.6271746443676,1,36,.,576,.,.,0,2,2,0,0.116954501603103
44,86.9,163.2,38.9522,0.6,22,25,124,4.1,0.7,0,0,1,0,2,164.144444444445,32.6271746443676,1,36,.,600,.,.,0,2,2,0,0.0472399409900578
44,86.9,163.2,38.9522,0.6,22,25,124,4.1,0.7,0,0,1,0,2,164.144444444445,32.6271746443676,1,36,.,671.85,.,.,0,2,2,0,0.0663987228850033
44,86.9,163.2,38.9522,0.6,22,25,124,4.1,0.7,0,0,1,0,2,164.144444444445,32.6271746443676,1,36,.,723.88,.,.,0,2,2,0,0.0285650564575993
43,73.7,169.6,28.3328,0.67,24,25,45,4.4,0.5,0,1,0,0,2,125.965277777778,25.6221631363475,0,37,129,0,.,.,1,1,2,1,.
43,73.7,169.6,28.3328,0.67,24,25,45,4.4,0.5,0,1,0,0,2,125.965277777778,25.6221631363475,0,37,.,1,.,.,0,2,2,0,0.0362998465973898
43,73.7,169.6,28.3328,0.67,24,25,45,4.4,0.5,0,1,0,0,2,125.965277777778,25.6221631363475,0,37,.,2,.,.,0,2,2,0,0.158412290425139
43,73.7,169.6,28.3328,0.67,24,25,45,4.4,0.5,0,1,0,0,2,125.965277777778,25.6221631363475,0,37,.,3,.,.,0,2,2,0,0.0467276963215682
43,73.7,169.6,28.3328,0.67,24,25,45,4.4,0.5,0,1,0,0,2,125.965277777778,25.6221631363475,0,37,.,5,.,.,0,2,2,0,0.0904704236740489
43,73.7,169.6,28.3328,0.67,24,25,45,4.4,0.5,0,1,0,0,2,125.965277777778,25.6221631363475,0,37,.,6,.,.,0,2,2,0,0.143147271979481
43,73.7,169.6,28.3328,0.67,24,25,45,4.4,0.5,0,1,0,0,2,125.965277777778,25.6221631363475,0,37,.,8,.,.,0,2,2,0,0.110080081636568
43,73.7,169.6,28.3328,0.67,24,25,45,4.4,0.5,0,1,0,0,2,125.965277777778,25.6221631363475,0,37,.,12,.,.,0,2,2,0,0.115493674386777
43,73.7,169.6,28.3328,0.67,24,25,45,4.4,0.5,0,1,0,0,2,125.965277777778,25.6221631363475,0,37,.,23.92,.,.,0,2,2,0,0.0425853653422363
18,60.4,166.9,10.1083,0.79,12,25,98,4.7,0.8,1,0,0,0,1,129.549929676512,21.6832444164748,0,38,129,0,.,.,1,1,2,1,.
18,60.4,166.9,10.1083,0.79,12,25,98,4.7,0.8,1,0,0,0,1,129.549929676512,21.6832444164748,0,38,.,1,.,.,0,2,2,0,0.110418739179383
18,60.4,166.9,10.1083,0.79,12,25,98,4.7,0.8,1,0,0,0,1,129.549929676512,21.6832444164748,0,38,.,2,.,.,0,2,2,0,0.357791647497233
18,60.4,166.9,10.1083,0.79,12,25,98,4.7,0.8,1,0,0,0,1,129.549929676512,21.6832444164748,0,38,.,3,.,.,0,2,2,0,0.176440254766221
18,60.4,166.9,10.1083,0.79,12,25,98,4.7,0.8,1,0,0,0,1,129.549929676512,21.6832444164748,0,38,.,5,.,.,0,2,2,0,0.0976446381543111
18,60.4,166.9,10.1083,0.79,12,25,98,4.7,0.8,1,0,0,0,1,129.549929676512,21.6832444164748,0,38,.,6,.,.,0,2,2,0,0.129588256081967
18,60.4,166.9,10.1083,0.79,12,25,98,4.7,0.8,1,0,0,0,1,129.549929676512,21.6832444164748,0,38,.,8,.,.,0,2,2,0,0.118771977918098
18,60.4,166.9,10.1083,0.79,12,25,98,4.7,0.8,1,0,0,0,1,129.549929676512,21.6832444164748,0,38,.,12,.,.,0,2,2,0,0.14478943424388
18,60.4,166.9,10.1083,0.79,12,25,98,4.7,0.8,1,0,0,0,1,129.549929676512,21.6832444164748,0,38,.,23.92,.,.,0,2,2,0,0.0910474235611096
34,79.1,177.6,20.0222,0.89,33,28,64,4.9,0.4,1,0,0,0,1,130.84581772784,25.0778650271894,0,39,129,0,.,.,1,1,2,1,.
34,79.1,177.6,20.0222,0.89,33,28,64,4.9,0.4,1,0,0,0,1,130.84581772784,25.0778650271894,0,39,.,1,.,.,0,2,2,0,0.0387791854100493
34,79.1,177.6,20.0222,0.89,33,28,64,4.9,0.4,1,0,0,0,1,130.84581772784,25.0778650271894,0,39,.,2,.,.,0,2,2,0,0.0892168044238238
34,79.1,177.6,20.0222,0.89,33,28,64,4.9,0.4,1,0,0,0,1,130.84581772784,25.0778650271894,0,39,.,3,.,.,0,2,2,0,0.253431354883863
34,79.1,177.6,20.0222,0.89,33,28,64,4.9,0.4,1,0,0,0,1,130.84581772784,25.0778650271894,0,39,.,5,.,.,0,2,2,0,0.141918438248908
34,79.1,177.6,20.0222,0.89,33,28,64,4.9,0.4,1,0,0,0,1,130.84581772784,25.0778650271894,0,39,.,6,.,.,0,2,2,0,0.195140067422341
34,79.1,177.6,20.0222,0.89,33,28,64,4.9,0.4,1,0,0,0,1,130.84581772784,25.0778650271894,0,39,.,8,.,.,0,2,2,0,0.145108752328983
34,79.1,177.6,20.0222,0.89,33,28,64,4.9,0.4,1,0,0,0,1,130.84581772784,25.0778650271894,0,39,.,12,.,.,0,2,2,0,0.152061535480181
34,79.1,177.6,20.0222,0.89,33,28,64,4.9,0.4,1,0,0,0,1,130.84581772784,25.0778650271894,0,39,.,23.92,.,.,0,2,2,0,0.0792663840801915
34,79.1,177.6,20.0222,0.89,33,28,64,4.9,0.4,1,0,0,0,1,130.84581772784,25.0778650271894,0,39,129,24,.,.,1,1,2,1,.
34,79.1,177.6,20.0222,0.89,33,28,64,4.9,0.4,1,0,0,0,1,130.84581772784,25.0778650271894,0,39,.,47.92,.,.,0,2,2,0,0.0104174643064404
34,79.1,177.6,20.0222,0.89,33,28,64,4.9,0.4,1,0,0,0,1,130.84581772784,25.0778650271894,0,39,129,48,.,.,1,1,2,1,.
34,79.1,177.6,20.0222,0.89,33,28,64,4.9,0.4,1,0,0,0,1,130.84581772784,25.0778650271894,0,39,.,72,.,.,0,2,2,0,0.123659838695083
34,79.1,177.6,20.0222,0.89,33,28,64,4.9,0.4,1,0,0,0,1,130.84581772784,25.0778650271894,0,39,129,72,.,.,1,1,2,1,.
34,79.1,177.6,20.0222,0.89,33,28,64,4.9,0.4,1,0,0,0,1,130.84581772784,25.0778650271894,0,39,129,96,.,.,1,1,2,1,.
34,79.1,177.6,20.0222,0.89,33,28,64,4.9,0.4,1,0,0,0,1,130.84581772784,25.0778650271894,0,39,.,119.92,.,.,0,2,2,0,0.159339057830409
34,79.1,177.6,20.0222,0.89,33,28,64,4.9,0.4,1,0,0,0,1,130.84581772784,25.0778650271894,0,39,129,120,.,.,1,1,2,1,.
34,79.1,177.6,20.0222,0.89,33,28,64,4.9,0.4,1,0,0,0,1,130.84581772784,25.0778650271894,0,39,129,144,.,.,1,1,2,1,.
34,79.1,177.6,20.0222,0.89,33,28,64,4.9,0.4,1,0,0,0,1,130.84581772784,25.0778650271894,0,39,129,168,.,.,1,1,2,1,.
34,79.1,177.6,20.0222,0.89,33,28,64,4.9,0.4,1,0,0,0,1,130.84581772784,25.0778650271894,0,39,.,191.92,.,.,0,2,2,0,0.392572620864515
34,79.1,177.6,20.0222,0.89,33,28,64,4.9,0.4,1,0,0,0,1,130.84581772784,25.0778650271894,0,39,129,192,.,.,1,1,2,1,.
34,79.1,177.6,20.0222,0.89,33,28,64,4.9,0.4,1,0,0,0,1,130.84581772784,25.0778650271894,0,39,129,216,.,.,1,1,2,1,.
34,79.1,177.6,20.0222,0.89,33,28,64,4.9,0.4,1,0,0,0,1,130.84581772784,25.0778650271894,0,39,129,240,.,.,1,1,2,1,.
34,79.1,177.6,20.0222,0.89,33,28,64,4.9,0.4,1,0,0,0,1,130.84581772784,25.0778650271894,0,39,.,263.92,.,.,0,2,2,0,0.695327494624948
34,79.1,177.6,20.0222,0.89,33,28,64,4.9,0.4,1,0,0,0,1,130.84581772784,25.0778650271894,0,39,129,264,.,.,1,1,2,1,.
34,79.1,177.6,20.0222,0.89,33,28,64,4.9,0.4,1,0,0,0,1,130.84581772784,25.0778650271894,0,39,129,288,.,.,1,1,2,1,.
34,79.1,177.6,20.0222,0.89,33,28,64,4.9,0.4,1,0,0,0,1,130.84581772784,25.0778650271894,0,39,129,312,.,.,1,1,2,1,.
34,79.1,177.6,20.0222,0.89,33,28,64,4.9,0.4,1,0,0,0,1,130.84581772784,25.0778650271894,0,39,.,335.92,.,.,0,2,2,0,0.497339230395175
34,79.1,177.6,20.0222,0.89,33,28,64,4.9,0.4,1,0,0,0,1,130.84581772784,25.0778650271894,0,39,129,336,.,.,1,1,2,1,.
34,79.1,177.6,20.0222,0.89,33,28,64,4.9,0.4,1,0,0,0,1,130.84581772784,25.0778650271894,0,39,129,360,.,.,1,1,2,1,.
34,79.1,177.6,20.0222,0.89,33,28,64,4.9,0.4,1,0,0,0,1,130.84581772784,25.0778650271894,0,39,129,384,.,.,1,1,2,1,.
34,79.1,177.6,20.0222,0.89,33,28,64,4.9,0.4,1,0,0,0,1,130.84581772784,25.0778650271894,0,39,.,407.92,.,.,0,2,2,0,0.542255270775871
34,79.1,177.6,20.0222,0.89,33,28,64,4.9,0.4,1,0,0,0,1,130.84581772784,25.0778650271894,0,39,129,408,.,.,1,1,2,1,.
34,79.1,177.6,20.0222,0.89,33,28,64,4.9,0.4,1,0,0,0,1,130.84581772784,25.0778650271894,0,39,129,432,.,.,1,1,2,1,.
34,79.1,177.6,20.0222,0.89,33,28,64,4.9,0.4,1,0,0,0,1,130.84581772784,25.0778650271894,0,39,129,456,.,.,1,1,2,1,.
34,79.1,177.6,20.0222,0.89,33,28,64,4.9,0.4,1,0,0,0,1,130.84581772784,25.0778650271894,0,39,.,479.92,.,.,0,2,2,0,0.325728903280138
34,79.1,177.6,20.0222,0.89,33,28,64,4.9,0.4,1,0,0,0,1,130.84581772784,25.0778650271894,0,39,129,480,.,.,1,1,2,1,.
34,79.1,177.6,20.0222,0.89,33,28,64,4.9,0.4,1,0,0,0,1,130.84581772784,25.0778650271894,0,39,.,481,.,.,0,2,2,0,0.924460377391677
34,79.1,177.6,20.0222,0.89,33,28,64,4.9,0.4,1,0,0,0,1,130.84581772784,25.0778650271894,0,39,.,482,.,.,0,2,2,0,0.101111815670368
34,79.1,177.6,20.0222,0.89,33,28,64,4.9,0.4,1,0,0,0,1,130.84581772784,25.0778650271894,0,39,.,483,.,.,0,2,2,0,0.540524373007537
34,79.1,177.6,20.0222,0.89,33,28,64,4.9,0.4,1,0,0,0,1,130.84581772784,25.0778650271894,0,39,.,485,.,.,0,2,2,0,0.204731952567986
34,79.1,177.6,20.0222,0.89,33,28,64,4.9,0.4,1,0,0,0,1,130.84581772784,25.0778650271894,0,39,.,486,.,.,0,2,2,0,0.476187716963807
34,79.1,177.6,20.0222,0.89,33,28,64,4.9,0.4,1,0,0,0,1,130.84581772784,25.0778650271894,0,39,.,488,.,.,0,2,2,0,0.449554703133657
34,79.1,177.6,20.0222,0.89,33,28,64,4.9,0.4,1,0,0,0,1,130.84581772784,25.0778650271894,0,39,.,492,.,.,0,2,2,0,0.392326763945856
34,79.1,177.6,20.0222,0.89,33,28,64,4.9,0.4,1,0,0,0,1,130.84581772784,25.0778650271894,0,39,.,504,.,.,0,2,2,0,0.456186857018224
34,79.1,177.6,20.0222,0.89,33,28,64,4.9,0.4,1,0,0,0,1,130.84581772784,25.0778650271894,0,39,.,528.07,.,.,0,2,2,0,0.51678907071952
34,79.1,177.6,20.0222,0.89,33,28,64,4.9,0.4,1,0,0,0,1,130.84581772784,25.0778650271894,0,39,.,552,.,.,0,2,2,0,0.507910437392484
34,79.1,177.6,20.0222,0.89,33,28,64,4.9,0.4,1,0,0,0,1,130.84581772784,25.0778650271894,0,39,.,576.05,.,.,0,2,2,0,0.291952643105952
34,79.1,177.6,20.0222,0.89,33,28,64,4.9,0.4,1,0,0,0,1,130.84581772784,25.0778650271894,0,39,.,600.28,.,.,0,2,2,0,0.251783054202872
34,79.1,177.6,20.0222,0.89,33,28,64,4.9,0.4,1,0,0,0,1,130.84581772784,25.0778650271894,0,39,.,672,.,.,0,2,2,0,0.0502306629440334
34,79.1,177.6,20.0222,0.89,33,28,64,4.9,0.4,1,0,0,0,1,130.84581772784,25.0778650271894,0,39,.,720.07,.,.,0,2,2,0,0.173564985052285
19,97.7,160.6,46.3227,0.89,16,23,84,3.9,0.6,0,0,1,0,2,156.810939450687,37.8794340649712,1,40,129,0,.,.,1,1,2,1,.
19,97.7,160.6,46.3227,0.89,16,23,84,3.9,0.6,0,0,1,0,2,156.810939450687,37.8794340649712,1,40,.,1,.,.,0,2,2,0,0.0566429963294449
19,97.7,160.6,46.3227,0.89,16,23,84,3.9,0.6,0,0,1,0,2,156.810939450687,37.8794340649712,1,40,.,2,.,.,0,2,2,0,0.130869774558525
19,97.7,160.6,46.3227,0.89,16,23,84,3.9,0.6,0,0,1,0,2,156.810939450687,37.8794340649712,1,40,.,3,.,.,0,2,2,0,0.137237456311476
19,97.7,160.6,46.3227,0.89,16,23,84,3.9,0.6,0,0,1,0,2,156.810939450687,37.8794340649712,1,40,.,5,.,.,0,2,2,0,0.171459211331918
19,97.7,160.6,46.3227,0.89,16,23,84,3.9,0.6,0,0,1,0,2,156.810939450687,37.8794340649712,1,40,.,6,.,.,0,2,2,0,0.0189805455893105
19,97.7,160.6,46.3227,0.89,16,23,84,3.9,0.6,0,0,1,0,2,156.810939450687,37.8794340649712,1,40,.,8,.,.,0,2,2,0,0.0716381147455235
19,97.7,160.6,46.3227,0.89,16,23,84,3.9,0.6,0,0,1,0,2,156.810939450687,37.8794340649712,1,40,.,12,.,.,0,2,2,0,0.125427744455158
19,97.7,160.6,46.3227,0.89,16,23,84,3.9,0.6,0,0,1,0,2,156.810939450687,37.8794340649712,1,40,.,23.93,.,.,0,2,2,0,0.0250681311095125
19,97.7,160.6,46.3227,0.89,16,23,84,3.9,0.6,0,0,1,0,2,156.810939450687,37.8794340649712,1,40,129,24,.,.,1,1,2,1,.
19,97.7,160.6,46.3227,0.89,16,23,84,3.9,0.6,0,0,1,0,2,156.810939450687,37.8794340649712,1,40,.,47.92,.,.,0,2,2,0,0.0967228962064285
19,97.7,160.6,46.3227,0.89,16,23,84,3.9,0.6,0,0,1,0,2,156.810939450687,37.8794340649712,1,40,129,48,.,.,1,1,2,1,.
19,97.7,160.6,46.3227,0.89,16,23,84,3.9,0.6,0,0,1,0,2,156.810939450687,37.8794340649712,1,40,.,71.92,.,.,0,2,2,0,0.0820341393028056
19,97.7,160.6,46.3227,0.89,16,23,84,3.9,0.6,0,0,1,0,2,156.810939450687,37.8794340649712,1,40,129,72,.,.,1,1,2,1,.
19,97.7,160.6,46.3227,0.89,16,23,84,3.9,0.6,0,0,1,0,2,156.810939450687,37.8794340649712,1,40,129,96,.,.,1,1,2,1,.
19,97.7,160.6,46.3227,0.89,16,23,84,3.9,0.6,0,0,1,0,2,156.810939450687,37.8794340649712,1,40,.,119.92,.,.,0,2,2,0,0.226162408043064
19,97.7,160.6,46.3227,0.89,16,23,84,3.9,0.6,0,0,1,0,2,156.810939450687,37.8794340649712,1,40,129,120,.,.,1,1,2,1,.
19,97.7,160.6,46.3227,0.89,16,23,84,3.9,0.6,0,0,1,0,2,156.810939450687,37.8794340649712,1,40,129,144,.,.,1,1,2,1,.
19,97.7,160.6,46.3227,0.89,16,23,84,3.9,0.6,0,0,1,0,2,156.810939450687,37.8794340649712,1,40,129,168,.,.,1,1,2,1,.
19,97.7,160.6,46.3227,0.89,16,23,84,3.9,0.6,0,0,1,0,2,156.810939450687,37.8794340649712,1,40,.,191.92,.,.,0,2,2,0,0.0616245416384563
19,97.7,160.6,46.3227,0.89,16,23,84,3.9,0.6,0,0,1,0,2,156.810939450687,37.8794340649712,1,40,129,192,.,.,1,1,2,1,.
19,97.7,160.6,46.3227,0.89,16,23,84,3.9,0.6,0,0,1,0,2,156.810939450687,37.8794340649712,1,40,129,216,.,.,1,1,2,1,.
19,97.7,160.6,46.3227,0.89,16,23,84,3.9,0.6,0,0,1,0,2,156.810939450687,37.8794340649712,1,40,129,240,.,.,1,1,2,1,.
19,97.7,160.6,46.3227,0.89,16,23,84,3.9,0.6,0,0,1,0,2,156.810939450687,37.8794340649712,1,40,.,263.92,.,.,0,2,2,0,0.148543220391841
19,97.7,160.6,46.3227,0.89,16,23,84,3.9,0.6,0,0,1,0,2,156.810939450687,37.8794340649712,1,40,129,264,.,.,1,1,2,1,.
19,97.7,160.6,46.3227,0.89,16,23,84,3.9,0.6,0,0,1,0,2,156.810939450687,37.8794340649712,1,40,129,288,.,.,1,1,2,1,.
19,97.7,160.6,46.3227,0.89,16,23,84,3.9,0.6,0,0,1,0,2,156.810939450687,37.8794340649712,1,40,129,312,.,.,1,1,2,1,.
19,97.7,160.6,46.3227,0.89,16,23,84,3.9,0.6,0,0,1,0,2,156.810939450687,37.8794340649712,1,40,.,335.92,.,.,0,2,2,0,0.163211291085338
19,97.7,160.6,46.3227,0.89,16,23,84,3.9,0.6,0,0,1,0,2,156.810939450687,37.8794340649712,1,40,129,336,.,.,1,1,2,1,.
19,97.7,160.6,46.3227,0.89,16,23,84,3.9,0.6,0,0,1,0,2,156.810939450687,37.8794340649712,1,40,129,360,.,.,1,1,2,1,.
19,97.7,160.6,46.3227,0.89,16,23,84,3.9,0.6,0,0,1,0,2,156.810939450687,37.8794340649712,1,40,129,384,.,.,1,1,2,1,.
19,97.7,160.6,46.3227,0.89,16,23,84,3.9,0.6,0,0,1,0,2,156.810939450687,37.8794340649712,1,40,.,407.92,.,.,0,2,2,0,0.390397675242688
19,97.7,160.6,46.3227,0.89,16,23,84,3.9,0.6,0,0,1,0,2,156.810939450687,37.8794340649712,1,40,129,408,.,.,1,1,2,1,.
19,97.7,160.6,46.3227,0.89,16,23,84,3.9,0.6,0,0,1,0,2,156.810939450687,37.8794340649712,1,40,129,432,.,.,1,1,2,1,.
19,97.7,160.6,46.3227,0.89,16,23,84,3.9,0.6,0,0,1,0,2,156.810939450687,37.8794340649712,1,40,129,456,.,.,1,1,2,1,.
19,97.7,160.6,46.3227,0.89,16,23,84,3.9,0.6,0,0,1,0,2,156.810939450687,37.8794340649712,1,40,.,479.92,.,.,0,2,2,0,0.20053815635746
19,97.7,160.6,46.3227,0.89,16,23,84,3.9,0.6,0,0,1,0,2,156.810939450687,37.8794340649712,1,40,129,480,.,.,1,1,2,1,.
19,97.7,160.6,46.3227,0.89,16,23,84,3.9,0.6,0,0,1,0,2,156.810939450687,37.8794340649712,1,40,.,481,.,.,0,2,2,0,0.2888524281493
19,97.7,160.6,46.3227,0.89,16,23,84,3.9,0.6,0,0,1,0,2,156.810939450687,37.8794340649712,1,40,.,482,.,.,0,2,2,0,0.241054115855374
19,97.7,160.6,46.3227,0.89,16,23,84,3.9,0.6,0,0,1,0,2,156.810939450687,37.8794340649712,1,40,.,483,.,.,0,2,2,0,0.133491237533493
19,97.7,160.6,46.3227,0.89,16,23,84,3.9,0.6,0,0,1,0,2,156.810939450687,37.8794340649712,1,40,.,485,.,.,0,2,2,0,0.464795616394222
19,97.7,160.6,46.3227,0.89,16,23,84,3.9,0.6,0,0,1,0,2,156.810939450687,37.8794340649712,1,40,.,486,.,.,0,2,2,0,0.451839708149772
19,97.7,160.6,46.3227,0.89,16,23,84,3.9,0.6,0,0,1,0,2,156.810939450687,37.8794340649712,1,40,.,488,.,.,0,2,2,0,0.147126991404928
19,97.7,160.6,46.3227,0.89,16,23,84,3.9,0.6,0,0,1,0,2,156.810939450687,37.8794340649712,1,40,.,492,.,.,0,2,2,0,0.239737903339224
19,97.7,160.6,46.3227,0.89,16,23,84,3.9,0.6,0,0,1,0,2,156.810939450687,37.8794340649712,1,40,.,504,.,.,0,2,2,0,0.227222429747122
19,97.7,160.6,46.3227,0.89,16,23,84,3.9,0.6,0,0,1,0,2,156.810939450687,37.8794340649712,1,40,.,528,.,.,0,2,2,0,0.111709811976672
19,97.7,160.6,46.3227,0.89,16,23,84,3.9,0.6,0,0,1,0,2,156.810939450687,37.8794340649712,1,40,.,552.03,.,.,0,2,2,0,0.0521745192406732
19,97.7,160.6,46.3227,0.89,16,23,84,3.9,0.6,0,0,1,0,2,156.810939450687,37.8794340649712,1,40,.,576,.,.,0,2,2,0,0.130896361294774
19,97.7,160.6,46.3227,0.89,16,23,84,3.9,0.6,0,0,1,0,2,156.810939450687,37.8794340649712,1,40,.,600,.,.,0,2,2,0,0.154653099764512
19,97.7,160.6,46.3227,0.89,16,23,84,3.9,0.6,0,0,1,0,2,156.810939450687,37.8794340649712,1,40,.,673.88,.,.,0,2,2,0,0.125175437344939
19,97.7,160.6,46.3227,0.89,16,23,84,3.9,0.6,0,0,1,0,2,156.810939450687,37.8794340649712,1,40,.,720,.,.,0,2,2,0,0.080364464108305
35,102.3,164.5,42.1116,0.78,18,17,95,4,0.5,1,0,0,0,2,162.576121794872,37.8045287829935,1,41,129,0,.,.,1,1,2,1,.
35,102.3,164.5,42.1116,0.78,18,17,95,4,0.5,1,0,0,0,2,162.576121794872,37.8045287829935,1,41,.,1,.,.,0,2,2,0,0.136203678825822
35,102.3,164.5,42.1116,0.78,18,17,95,4,0.5,1,0,0,0,2,162.576121794872,37.8045287829935,1,41,.,2,.,.,0,2,2,0,0.141721488744973
35,102.3,164.5,42.1116,0.78,18,17,95,4,0.5,1,0,0,0,2,162.576121794872,37.8045287829935,1,41,.,3,.,.,0,2,2,0,0.176742661575562
35,102.3,164.5,42.1116,0.78,18,17,95,4,0.5,1,0,0,0,2,162.576121794872,37.8045287829935,1,41,.,5,.,.,0,2,2,0,0.154530140825726
35,102.3,164.5,42.1116,0.78,18,17,95,4,0.5,1,0,0,0,2,162.576121794872,37.8045287829935,1,41,.,6,.,.,0,2,2,0,0.0756136411024466
35,102.3,164.5,42.1116,0.78,18,17,95,4,0.5,1,0,0,0,2,162.576121794872,37.8045287829935,1,41,.,8,.,.,0,2,2,0,0.141267033294162
35,102.3,164.5,42.1116,0.78,18,17,95,4,0.5,1,0,0,0,2,162.576121794872,37.8045287829935,1,41,.,12,.,.,0,2,2,0,-0.0078816449332602
35,102.3,164.5,42.1116,0.78,18,17,95,4,0.5,1,0,0,0,2,162.576121794872,37.8045287829935,1,41,.,23.92,.,.,0,2,2,0,0.0855957527113062
35,102.3,164.5,42.1116,0.78,18,17,95,4,0.5,1,0,0,0,2,162.576121794872,37.8045287829935,1,41,129,24,.,.,1,1,2,1,.
35,102.3,164.5,42.1116,0.78,18,17,95,4,0.5,1,0,0,0,2,162.576121794872,37.8045287829935,1,41,.,47.92,.,.,0,2,2,0,0.0911753438975346
35,102.3,164.5,42.1116,0.78,18,17,95,4,0.5,1,0,0,0,2,162.576121794872,37.8045287829935,1,41,129,48,.,.,1,1,2,1,.
35,102.3,164.5,42.1116,0.78,18,17,95,4,0.5,1,0,0,0,2,162.576121794872,37.8045287829935,1,41,.,71.92,.,.,0,2,2,0,0.112822078173111
35,102.3,164.5,42.1116,0.78,18,17,95,4,0.5,1,0,0,0,2,162.576121794872,37.8045287829935,1,41,129,72,.,.,1,1,2,1,.
35,102.3,164.5,42.1116,0.78,18,17,95,4,0.5,1,0,0,0,2,162.576121794872,37.8045287829935,1,41,129,96,.,.,1,1,2,1,.
35,102.3,164.5,42.1116,0.78,18,17,95,4,0.5,1,0,0,0,2,162.576121794872,37.8045287829935,1,41,.,119.92,.,.,0,2,2,0,0.0332666642116855
35,102.3,164.5,42.1116,0.78,18,17,95,4,0.5,1,0,0,0,2,162.576121794872,37.8045287829935,1,41,129,120,.,.,1,1,2,1,.
35,102.3,164.5,42.1116,0.78,18,17,95,4,0.5,1,0,0,0,2,162.576121794872,37.8045287829935,1,41,129,144,.,.,1,1,2,1,.
35,102.3,164.5,42.1116,0.78,18,17,95,4,0.5,1,0,0,0,2,162.576121794872,37.8045287829935,1,41,129,168,.,.,1,1,2,1,.
35,102.3,164.5,42.1116,0.78,18,17,95,4,0.5,1,0,0,0,2,162.576121794872,37.8045287829935,1,41,.,190.92,.,.,0,2,2,0,0.0728766821600342
35,102.3,164.5,42.1116,0.78,18,17,95,4,0.5,1,0,0,0,2,162.576121794872,37.8045287829935,1,41,129,192,.,.,1,1,2,1,.
35,102.3,164.5,42.1116,0.78,18,17,95,4,0.5,1,0,0,0,2,162.576121794872,37.8045287829935,1,41,129,216,.,.,1,1,2,1,.
35,102.3,164.5,42.1116,0.78,18,17,95,4,0.5,1,0,0,0,2,162.576121794872,37.8045287829935,1,41,129,240,.,.,1,1,2,1,.
35,102.3,164.5,42.1116,0.78,18,17,95,4,0.5,1,0,0,0,2,162.576121794872,37.8045287829935,1,41,.,263.92,.,.,0,2,2,0,-0.0308927616731794
35,102.3,164.5,42.1116,0.78,18,17,95,4,0.5,1,0,0,0,2,162.576121794872,37.8045287829935,1,41,129,264,.,.,1,1,2,1,.
35,102.3,164.5,42.1116,0.78,18,17,95,4,0.5,1,0,0,0,2,162.576121794872,37.8045287829935,1,41,129,288,.,.,1,1,2,1,.
35,102.3,164.5,42.1116,0.78,18,17,95,4,0.5,1,0,0,0,2,162.576121794872,37.8045287829935,1,41,129,312,.,.,1,1,2,1,.
35,102.3,164.5,42.1116,0.78,18,17,95,4,0.5,1,0,0,0,2,162.576121794872,37.8045287829935,1,41,.,335.92,.,.,0,2,2,0,0.182765087381919
35,102.3,164.5,42.1116,0.78,18,17,95,4,0.5,1,0,0,0,2,162.576121794872,37.8045287829935,1,41,129,336,.,.,1,1,2,1,.
35,102.3,164.5,42.1116,0.78,18,17,95,4,0.5,1,0,0,0,2,162.576121794872,37.8045287829935,1,41,129,360,.,.,1,1,2,1,.
35,102.3,164.5,42.1116,0.78,18,17,95,4,0.5,1,0,0,0,2,162.576121794872,37.8045287829935,1,41,129,384,.,.,1,1,2,1,.
35,102.3,164.5,42.1116,0.78,18,17,95,4,0.5,1,0,0,0,2,162.576121794872,37.8045287829935,1,41,.,407.92,.,.,0,2,2,0,0.163336852501354
35,102.3,164.5,42.1116,0.78,18,17,95,4,0.5,1,0,0,0,2,162.576121794872,37.8045287829935,1,41,129,408,.,.,1,1,2,1,.
35,102.3,164.5,42.1116,0.78,18,17,95,4,0.5,1,0,0,0,2,162.576121794872,37.8045287829935,1,41,129,432,.,.,1,1,2,1,.
35,102.3,164.5,42.1116,0.78,18,17,95,4,0.5,1,0,0,0,2,162.576121794872,37.8045287829935,1,41,129,456,.,.,1,1,2,1,.
35,102.3,164.5,42.1116,0.78,18,17,95,4,0.5,1,0,0,0,2,162.576121794872,37.8045287829935,1,41,.,479.92,.,.,0,2,2,0,0.104709626207452
35,102.3,164.5,42.1116,0.78,18,17,95,4,0.5,1,0,0,0,2,162.576121794872,37.8045287829935,1,41,129,480,.,.,1,1,2,1,.
35,102.3,164.5,42.1116,0.78,18,17,95,4,0.5,1,0,0,0,2,162.576121794872,37.8045287829935,1,41,.,481,.,.,0,2,2,0,0.276098986817588
35,102.3,164.5,42.1116,0.78,18,17,95,4,0.5,1,0,0,0,2,162.576121794872,37.8045287829935,1,41,.,482,.,.,0,2,2,0,0.367150143624943
35,102.3,164.5,42.1116,0.78,18,17,95,4,0.5,1,0,0,0,2,162.576121794872,37.8045287829935,1,41,.,483,.,.,0,2,2,0,0.244661114812675
35,102.3,164.5,42.1116,0.78,18,17,95,4,0.5,1,0,0,0,2,162.576121794872,37.8045287829935,1,41,.,485,.,.,0,2,2,0,0.0407677842379247
35,102.3,164.5,42.1116,0.78,18,17,95,4,0.5,1,0,0,0,2,162.576121794872,37.8045287829935,1,41,.,486,.,.,0,2,2,0,0.202533509034705
35,102.3,164.5,42.1116,0.78,18,17,95,4,0.5,1,0,0,0,2,162.576121794872,37.8045287829935,1,41,.,488,.,.,0,2,2,0,0.222982227514794
35,102.3,164.5,42.1116,0.78,18,17,95,4,0.5,1,0,0,0,2,162.576121794872,37.8045287829935,1,41,.,492,.,.,0,2,2,0,0.0140406280487873
35,102.3,164.5,42.1116,0.78,18,17,95,4,0.5,1,0,0,0,2,162.576121794872,37.8045287829935,1,41,.,504,.,.,0,2,2,0,0.125171918287578
35,102.3,164.5,42.1116,0.78,18,17,95,4,0.5,1,0,0,0,2,162.576121794872,37.8045287829935,1,41,.,528,.,.,0,2,2,0,0.172384943724234
35,102.3,164.5,42.1116,0.78,18,17,95,4,0.5,1,0,0,0,2,162.576121794872,37.8045287829935,1,41,.,552.05,.,.,0,2,2,0,0.136413402145159
35,102.3,164.5,42.1116,0.78,18,17,95,4,0.5,1,0,0,0,2,162.576121794872,37.8045287829935,1,41,.,576,.,.,0,2,2,0,0.0664272217047926
35,102.3,164.5,42.1116,0.78,18,17,95,4,0.5,1,0,0,0,2,162.576121794872,37.8045287829935,1,41,.,600,.,.,0,2,2,0,0.0815523399473585
35,102.3,164.5,42.1116,0.78,18,17,95,4,0.5,1,0,0,0,2,162.576121794872,37.8045287829935,1,41,.,672,.,.,0,2,2,0,0.0503575762169691
35,102.3,164.5,42.1116,0.78,18,17,95,4,0.5,1,0,0,0,2,162.576121794872,37.8045287829935,1,41,.,720,.,.,0,2,2,0,0.0307752632925183
26,62.8,167.1,10.9633,1.18,14,27,63,4.8,0.9,0,1,0,0,1,84.2655367231638,22.4908953059568,0,42,129,0,.,.,1,1,2,1,.
26,62.8,167.1,10.9633,1.18,14,27,63,4.8,0.9,0,1,0,0,1,84.2655367231638,22.4908953059568,0,42,.,1,.,.,0,2,2,0,0.17167608220246
26,62.8,167.1,10.9633,1.18,14,27,63,4.8,0.9,0,1,0,0,1,84.2655367231638,22.4908953059568,0,42,.,2,.,.,0,2,2,0,0.185456453321408
26,62.8,167.1,10.9633,1.18,14,27,63,4.8,0.9,0,1,0,0,1,84.2655367231638,22.4908953059568,0,42,.,3,.,.,0,2,2,0,0.226252289423782
26,62.8,167.1,10.9633,1.18,14,27,63,4.8,0.9,0,1,0,0,1,84.2655367231638,22.4908953059568,0,42,.,5,.,.,0,2,2,0,0.197634572294362
26,62.8,167.1,10.9633,1.18,14,27,63,4.8,0.9,0,1,0,0,1,84.2655367231638,22.4908953059568,0,42,.,6,.,.,0,2,2,0,0.0100716272961011
26,62.8,167.1,10.9633,1.18,14,27,63,4.8,0.9,0,1,0,0,1,84.2655367231638,22.4908953059568,0,42,.,8,.,.,0,2,2,0,0.17154317826205
26,62.8,167.1,10.9633,1.18,14,27,63,4.8,0.9,0,1,0,0,1,84.2655367231638,22.4908953059568,0,42,.,23.92,.,.,0,2,2,0,0.0812279506968361
26,62.8,167.1,10.9633,1.18,14,27,63,4.8,0.9,0,1,0,0,1,84.2655367231638,22.4908953059568,0,42,129,24,.,.,1,1,2,1,.
26,62.8,167.1,10.9633,1.18,14,27,63,4.8,0.9,0,1,0,0,1,84.2655367231638,22.4908953059568,0,42,.,47.92,.,.,0,2,2,0,0.0892274051784855
26,62.8,167.1,10.9633,1.18,14,27,63,4.8,0.9,0,1,0,0,1,84.2655367231638,22.4908953059568,0,42,129,48,.,.,1,1,2,1,.
26,62.8,167.1,10.9633,1.18,14,27,63,4.8,0.9,0,1,0,0,1,84.2655367231638,22.4908953059568,0,42,.,71.92,.,.,0,2,2,0,0.199440040539634
26,62.8,167.1,10.9633,1.18,14,27,63,4.8,0.9,0,1,0,0,1,84.2655367231638,22.4908953059568,0,42,129,72,.,.,1,1,2,1,.
26,62.8,167.1,10.9633,1.18,14,27,63,4.8,0.9,0,1,0,0,1,84.2655367231638,22.4908953059568,0,42,129,96,.,.,1,1,2,1,.
26,62.8,167.1,10.9633,1.18,14,27,63,4.8,0.9,0,1,0,0,1,84.2655367231638,22.4908953059568,0,42,.,119.92,.,.,0,2,2,0,0.111383628874606
26,62.8,167.1,10.9633,1.18,14,27,63,4.8,0.9,0,1,0,0,1,84.2655367231638,22.4908953059568,0,42,129,120,.,.,1,1,2,1,.
26,62.8,167.1,10.9633,1.18,14,27,63,4.8,0.9,0,1,0,0,1,84.2655367231638,22.4908953059568,0,42,129,144,.,.,1,1,2,1,.
26,62.8,167.1,10.9633,1.18,14,27,63,4.8,0.9,0,1,0,0,1,84.2655367231638,22.4908953059568,0,42,129,168,.,.,1,1,2,1,.
26,62.8,167.1,10.9633,1.18,14,27,63,4.8,0.9,0,1,0,0,1,84.2655367231638,22.4908953059568,0,42,.,190.92,.,.,0,2,2,0,0.113013708259974
26,62.8,167.1,10.9633,1.18,14,27,63,4.8,0.9,0,1,0,0,1,84.2655367231638,22.4908953059568,0,42,129,192,.,.,1,1,2,1,.
26,62.8,167.1,10.9633,1.18,14,27,63,4.8,0.9,0,1,0,0,1,84.2655367231638,22.4908953059568,0,42,129,216,.,.,1,1,2,1,.
26,62.8,167.1,10.9633,1.18,14,27,63,4.8,0.9,0,1,0,0,1,84.2655367231638,22.4908953059568,0,42,129,240,.,.,1,1,2,1,.
26,62.8,167.1,10.9633,1.18,14,27,63,4.8,0.9,0,1,0,0,1,84.2655367231638,22.4908953059568,0,42,.,263.92,.,.,0,2,2,0,0.16693278693319
26,62.8,167.1,10.9633,1.18,14,27,63,4.8,0.9,0,1,0,0,1,84.2655367231638,22.4908953059568,0,42,129,264,.,.,1,1,2,1,.
26,62.8,167.1,10.9633,1.18,14,27,63,4.8,0.9,0,1,0,0,1,84.2655367231638,22.4908953059568,0,42,129,288,.,.,1,1,2,1,.
26,62.8,167.1,10.9633,1.18,14,27,63,4.8,0.9,0,1,0,0,1,84.2655367231638,22.4908953059568,0,42,129,312,.,.,1,1,2,1,.
26,62.8,167.1,10.9633,1.18,14,27,63,4.8,0.9,0,1,0,0,1,84.2655367231638,22.4908953059568,0,42,.,335.92,.,.,0,2,2,0,0.159431897097376
26,62.8,167.1,10.9633,1.18,14,27,63,4.8,0.9,0,1,0,0,1,84.2655367231638,22.4908953059568,0,42,129,336,.,.,1,1,2,1,.
26,62.8,167.1,10.9633,1.18,14,27,63,4.8,0.9,0,1,0,0,1,84.2655367231638,22.4908953059568,0,42,129,360,.,.,1,1,2,1,.
26,62.8,167.1,10.9633,1.18,14,27,63,4.8,0.9,0,1,0,0,1,84.2655367231638,22.4908953059568,0,42,129,384,.,.,1,1,2,1,.
26,62.8,167.1,10.9633,1.18,14,27,63,4.8,0.9,0,1,0,0,1,84.2655367231638,22.4908953059568,0,42,.,407.92,.,.,0,2,2,0,0.24311280987019
26,62.8,167.1,10.9633,1.18,14,27,63,4.8,0.9,0,1,0,0,1,84.2655367231638,22.4908953059568,0,42,129,408,.,.,1,1,2,1,.
26,62.8,167.1,10.9633,1.18,14,27,63,4.8,0.9,0,1,0,0,1,84.2655367231638,22.4908953059568,0,42,129,432,.,.,1,1,2,1,.
26,62.8,167.1,10.9633,1.18,14,27,63,4.8,0.9,0,1,0,0,1,84.2655367231638,22.4908953059568,0,42,129,456,.,.,1,1,2,1,.
26,62.8,167.1,10.9633,1.18,14,27,63,4.8,0.9,0,1,0,0,1,84.2655367231638,22.4908953059568,0,42,.,479.92,.,.,0,2,2,0,0.167199257025335
26,62.8,167.1,10.9633,1.18,14,27,63,4.8,0.9,0,1,0,0,1,84.2655367231638,22.4908953059568,0,42,129,480,.,.,1,1,2,1,.
26,62.8,167.1,10.9633,1.18,14,27,63,4.8,0.9,0,1,0,0,1,84.2655367231638,22.4908953059568,0,42,.,481,.,.,0,2,2,0,0.39235448615735
26,62.8,167.1,10.9633,1.18,14,27,63,4.8,0.9,0,1,0,0,1,84.2655367231638,22.4908953059568,0,42,.,482,.,.,0,2,2,0,0.849313700359743
26,62.8,167.1,10.9633,1.18,14,27,63,4.8,0.9,0,1,0,0,1,84.2655367231638,22.4908953059568,0,42,.,483,.,.,0,2,2,0,0.571428935702909
26,62.8,167.1,10.9633,1.18,14,27,63,4.8,0.9,0,1,0,0,1,84.2655367231638,22.4908953059568,0,42,.,485,.,.,0,2,2,0,0.683121861635203
26,62.8,167.1,10.9633,1.18,14,27,63,4.8,0.9,0,1,0,0,1,84.2655367231638,22.4908953059568,0,42,.,486,.,.,0,2,2,0,0.335313845366385
26,62.8,167.1,10.9633,1.18,14,27,63,4.8,0.9,0,1,0,0,1,84.2655367231638,22.4908953059568,0,42,.,488,.,.,0,2,2,0,0.550977012508363
26,62.8,167.1,10.9633,1.18,14,27,63,4.8,0.9,0,1,0,0,1,84.2655367231638,22.4908953059568,0,42,.,492,.,.,0,2,2,0,0.458173241264836
26,62.8,167.1,10.9633,1.18,14,27,63,4.8,0.9,0,1,0,0,1,84.2655367231638,22.4908953059568,0,42,.,504,.,.,0,2,2,0,0.286260321549032
26,62.8,167.1,10.9633,1.18,14,27,63,4.8,0.9,0,1,0,0,1,84.2655367231638,22.4908953059568,0,42,.,528,.,.,0,2,2,0,0.167334491109135
26,62.8,167.1,10.9633,1.18,14,27,63,4.8,0.9,0,1,0,0,1,84.2655367231638,22.4908953059568,0,42,.,552,.,.,0,2,2,0,0.11550030145645
26,62.8,167.1,10.9633,1.18,14,27,63,4.8,0.9,0,1,0,0,1,84.2655367231638,22.4908953059568,0,42,.,576,.,.,0,2,2,0,0.107302268133426
26,62.8,167.1,10.9633,1.18,14,27,63,4.8,0.9,0,1,0,0,1,84.2655367231638,22.4908953059568,0,42,.,600,.,.,0,2,2,0,0.147458688561937
26,62.8,167.1,10.9633,1.18,14,27,63,4.8,0.9,0,1,0,0,1,84.2655367231638,22.4908953059568,0,42,.,672,.,.,0,2,2,0,0.146171886371417
26,62.8,167.1,10.9633,1.18,14,27,63,4.8,0.9,0,1,0,0,1,84.2655367231638,22.4908953059568,0,42,.,720,.,.,0,2,2,0,0.0168097834292304
23,80.7,169.9,17.635,0.89,20,26,53,4.4,0.7,1,0,0,0,1,147.345505617978,27.9567560601552,0,43,129,0,.,.,1,1,2,1,.
23,80.7,169.9,17.635,0.89,20,26,53,4.4,0.7,1,0,0,0,1,147.345505617978,27.9567560601552,0,43,.,1,.,.,0,2,2,0,0.142306397378028
23,80.7,169.9,17.635,0.89,20,26,53,4.4,0.7,1,0,0,0,1,147.345505617978,27.9567560601552,0,43,.,2,.,.,0,2,2,0,0.427701250848912
23,80.7,169.9,17.635,0.89,20,26,53,4.4,0.7,1,0,0,0,1,147.345505617978,27.9567560601552,0,43,.,3,.,.,0,2,2,0,0.242728180525724
23,80.7,169.9,17.635,0.89,20,26,53,4.4,0.7,1,0,0,0,1,147.345505617978,27.9567560601552,0,43,.,5,.,.,0,2,2,0,0.264667504788722
23,80.7,169.9,17.635,0.89,20,26,53,4.4,0.7,1,0,0,0,1,147.345505617978,27.9567560601552,0,43,.,6,.,.,0,2,2,0,0.344188962434622
23,80.7,169.9,17.635,0.89,20,26,53,4.4,0.7,1,0,0,0,1,147.345505617978,27.9567560601552,0,43,.,8,.,.,0,2,2,0,0.133111022436805
23,80.7,169.9,17.635,0.89,20,26,53,4.4,0.7,1,0,0,0,1,147.345505617978,27.9567560601552,0,43,.,12,.,.,0,2,2,0,0.106446693124226
23,80.7,169.9,17.635,0.89,20,26,53,4.4,0.7,1,0,0,0,1,147.345505617978,27.9567560601552,0,43,.,23.92,.,.,0,2,2,0,0.031710839379082
23,80.7,169.9,17.635,0.89,20,26,53,4.4,0.7,1,0,0,0,1,147.345505617978,27.9567560601552,0,43,129,24,.,.,1,1,2,1,.
23,80.7,169.9,17.635,0.89,20,26,53,4.4,0.7,1,0,0,0,1,147.345505617978,27.9567560601552,0,43,.,47.92,.,.,0,2,2,0,0.031987172817577
23,80.7,169.9,17.635,0.89,20,26,53,4.4,0.7,1,0,0,0,1,147.345505617978,27.9567560601552,0,43,129,48,.,.,1,1,2,1,.
23,80.7,169.9,17.635,0.89,20,26,53,4.4,0.7,1,0,0,0,1,147.345505617978,27.9567560601552,0,43,.,71.92,.,.,0,2,2,0,0.0450814644925867
23,80.7,169.9,17.635,0.89,20,26,53,4.4,0.7,1,0,0,0,1,147.345505617978,27.9567560601552,0,43,129,72,.,.,1,1,2,1,.
23,80.7,169.9,17.635,0.89,20,26,53,4.4,0.7,1,0,0,0,1,147.345505617978,27.9567560601552,0,43,129,96,.,.,1,1,2,1,.
23,80.7,169.9,17.635,0.89,20,26,53,4.4,0.7,1,0,0,0,1,147.345505617978,27.9567560601552,0,43,.,119.92,.,.,0,2,2,0,0.0812402915455457
23,80.7,169.9,17.635,0.89,20,26,53,4.4,0.7,1,0,0,0,1,147.345505617978,27.9567560601552,0,43,129,120,.,.,1,1,2,1,.
23,80.7,169.9,17.635,0.89,20,26,53,4.4,0.7,1,0,0,0,1,147.345505617978,27.9567560601552,0,43,129,144,.,.,1,1,2,1,.
23,80.7,169.9,17.635,0.89,20,26,53,4.4,0.7,1,0,0,0,1,147.345505617978,27.9567560601552,0,43,129,168,.,.,1,1,2,1,.
23,80.7,169.9,17.635,0.89,20,26,53,4.4,0.7,1,0,0,0,1,147.345505617978,27.9567560601552,0,43,.,191.92,.,.,0,2,2,0,0.0855658884458525
23,80.7,169.9,17.635,0.89,20,26,53,4.4,0.7,1,0,0,0,1,147.345505617978,27.9567560601552,0,43,129,192,.,.,1,1,2,1,.
23,80.7,169.9,17.635,0.89,20,26,53,4.4,0.7,1,0,0,0,1,147.345505617978,27.9567560601552,0,43,129,216,.,.,1,1,2,1,.
23,80.7,169.9,17.635,0.89,20,26,53,4.4,0.7,1,0,0,0,1,147.345505617978,27.9567560601552,0,43,129,240,.,.,1,1,2,1,.
23,80.7,169.9,17.635,0.89,20,26,53,4.4,0.7,1,0,0,0,1,147.345505617978,27.9567560601552,0,43,.,263.92,.,.,0,2,2,0,0.0675522082688397
23,80.7,169.9,17.635,0.89,20,26,53,4.4,0.7,1,0,0,0,1,147.345505617978,27.9567560601552,0,43,129,264,.,.,1,1,2,1,.
23,80.7,169.9,17.635,0.89,20,26,53,4.4,0.7,1,0,0,0,1,147.345505617978,27.9567560601552,0,43,129,288,.,.,1,1,2,1,.
23,80.7,169.9,17.635,0.89,20,26,53,4.4,0.7,1,0,0,0,1,147.345505617978,27.9567560601552,0,43,129,312,.,.,1,1,2,1,.
23,80.7,169.9,17.635,0.89,20,26,53,4.4,0.7,1,0,0,0,1,147.345505617978,27.9567560601552,0,43,.,335.92,.,.,0,2,2,0,0.0641067674924501
23,80.7,169.9,17.635,0.89,20,26,53,4.4,0.7,1,0,0,0,1,147.345505617978,27.9567560601552,0,43,129,336,.,.,1,1,2,1,.
23,80.7,169.9,17.635,0.89,20,26,53,4.4,0.7,1,0,0,0,1,147.345505617978,27.9567560601552,0,43,129,360,.,.,1,1,2,1,.
23,80.7,169.9,17.635,0.89,20,26,53,4.4,0.7,1,0,0,0,1,147.345505617978,27.9567560601552,0,43,129,384,.,.,1,1,2,1,.
23,80.7,169.9,17.635,0.89,20,26,53,4.4,0.7,1,0,0,0,1,147.345505617978,27.9567560601552,0,43,.,407.92,.,.,0,2,2,0,0.0986491892912477
23,80.7,169.9,17.635,0.89,20,26,53,4.4,0.7,1,0,0,0,1,147.345505617978,27.9567560601552,0,43,129,408,.,.,1,1,2,1,.
23,80.7,169.9,17.635,0.89,20,26,53,4.4,0.7,1,0,0,0,1,147.345505617978,27.9567560601552,0,43,129,432,.,.,1,1,2,1,.
23,80.7,169.9,17.635,0.89,20,26,53,4.4,0.7,1,0,0,0,1,147.345505617978,27.9567560601552,0,43,129,456,.,.,1,1,2,1,.
23,80.7,169.9,17.635,0.89,20,26,53,4.4,0.7,1,0,0,0,1,147.345505617978,27.9567560601552,0,43,.,479.92,.,.,0,2,2,0,0.0814399581862091
23,80.7,169.9,17.635,0.89,20,26,53,4.4,0.7,1,0,0,0,1,147.345505617978,27.9567560601552,0,43,129,480,.,.,1,1,2,1,.
23,80.7,169.9,17.635,0.89,20,26,53,4.4,0.7,1,0,0,0,1,147.345505617978,27.9567560601552,0,43,.,481,.,.,0,2,2,0,0.411496015593522
23,80.7,169.9,17.635,0.89,20,26,53,4.4,0.7,1,0,0,0,1,147.345505617978,27.9567560601552,0,43,.,482,.,.,0,2,2,0,0.479971364000368
23,80.7,169.9,17.635,0.89,20,26,53,4.4,0.7,1,0,0,0,1,147.345505617978,27.9567560601552,0,43,.,483,.,.,0,2,2,0,0.284303749031259
23,80.7,169.9,17.635,0.89,20,26,53,4.4,0.7,1,0,0,0,1,147.345505617978,27.9567560601552,0,43,.,485,.,.,0,2,2,0,0.475816383538377
23,80.7,169.9,17.635,0.89,20,26,53,4.4,0.7,1,0,0,0,1,147.345505617978,27.9567560601552,0,43,.,486,.,.,0,2,2,0,0.321250400450025
23,80.7,169.9,17.635,0.89,20,26,53,4.4,0.7,1,0,0,0,1,147.345505617978,27.9567560601552,0,43,.,488,.,.,0,2,2,0,0.079011777909515
23,80.7,169.9,17.635,0.89,20,26,53,4.4,0.7,1,0,0,0,1,147.345505617978,27.9567560601552,0,43,.,492,.,.,0,2,2,0,0.0387979681648037
23,80.7,169.9,17.635,0.89,20,26,53,4.4,0.7,1,0,0,0,1,147.345505617978,27.9567560601552,0,43,.,504,.,.,0,2,2,0,0.0737267722995439
23,80.7,169.9,17.635,0.89,20,26,53,4.4,0.7,1,0,0,0,1,147.345505617978,27.9567560601552,0,43,.,528,.,.,0,2,2,0,0.0941169316129821
23,80.7,169.9,17.635,0.89,20,26,53,4.4,0.7,1,0,0,0,1,147.345505617978,27.9567560601552,0,43,.,552.03,.,.,0,2,2,0,0.0539940655551497
23,80.7,169.9,17.635,0.89,20,26,53,4.4,0.7,1,0,0,0,1,147.345505617978,27.9567560601552,0,43,.,576,.,.,0,2,2,0,0.0297319411337794
23,80.7,169.9,17.635,0.89,20,26,53,4.4,0.7,1,0,0,0,1,147.345505617978,27.9567560601552,0,43,.,600,.,.,0,2,2,0,0.015561223461446
23,80.7,169.9,17.635,0.89,20,26,53,4.4,0.7,1,0,0,0,1,147.345505617978,27.9567560601552,0,43,.,672,.,.,0,2,2,0,0.0312034516453776
23,80.7,169.9,17.635,0.89,20,26,53,4.4,0.7,1,0,0,0,1,147.345505617978,27.9567560601552,0,43,.,720,.,.,0,2,2,0,0.0252962822553677
41,60.7,149.7,27.0893,0.55,18,21,55,4,0.5,1,0,0,0,2,128.9875,27.0860134876745,0,44,129,0,.,.,1,1,2,1,.
41,60.7,149.7,27.0893,0.55,18,21,55,4,0.5,1,0,0,0,2,128.9875,27.0860134876745,0,44,.,1,.,.,0,2,2,0,0.148415035842313
41,60.7,149.7,27.0893,0.55,18,21,55,4,0.5,1,0,0,0,2,128.9875,27.0860134876745,0,44,.,2,.,.,0,2,2,0,0.185034594895574
41,60.7,149.7,27.0893,0.55,18,21,55,4,0.5,1,0,0,0,2,128.9875,27.0860134876745,0,44,.,3,.,.,0,2,2,0,0.151754042935839
41,60.7,149.7,27.0893,0.55,18,21,55,4,0.5,1,0,0,0,2,128.9875,27.0860134876745,0,44,.,5.02,.,.,0,2,2,0,0.156679856459648
41,60.7,149.7,27.0893,0.55,18,21,55,4,0.5,1,0,0,0,2,128.9875,27.0860134876745,0,44,.,6,.,.,0,2,2,0,0.061854768196441
41,60.7,149.7,27.0893,0.55,18,21,55,4,0.5,1,0,0,0,2,128.9875,27.0860134876745,0,44,.,8.05,.,.,0,2,2,0,0.184690831518636
41,60.7,149.7,27.0893,0.55,18,21,55,4,0.5,1,0,0,0,2,128.9875,27.0860134876745,0,44,.,12,.,.,0,2,2,0,0.189191952441903
41,60.7,149.7,27.0893,0.55,18,21,55,4,0.5,1,0,0,0,2,128.9875,27.0860134876745,0,44,.,23.92,.,.,0,2,2,0,0.0691199308707535
41,60.7,149.7,27.0893,0.55,18,21,55,4,0.5,1,0,0,0,2,128.9875,27.0860134876745,0,44,129,24,.,.,1,1,2,1,.
41,60.7,149.7,27.0893,0.55,18,21,55,4,0.5,1,0,0,0,2,128.9875,27.0860134876745,0,44,.,47.92,.,.,0,2,2,0,0.121388254674376
41,60.7,149.7,27.0893,0.55,18,21,55,4,0.5,1,0,0,0,2,128.9875,27.0860134876745,0,44,129,48,.,.,1,1,2,1,.
41,60.7,149.7,27.0893,0.55,18,21,55,4,0.5,1,0,0,0,2,128.9875,27.0860134876745,0,44,.,71.92,.,.,0,2,2,0,0.100363757001501
41,60.7,149.7,27.0893,0.55,18,21,55,4,0.5,1,0,0,0,2,128.9875,27.0860134876745,0,44,129,72,.,.,1,1,2,1,.
41,60.7,149.7,27.0893,0.55,18,21,55,4,0.5,1,0,0,0,2,128.9875,27.0860134876745,0,44,129,96,.,.,1,1,2,1,.
41,60.7,149.7,27.0893,0.55,18,21,55,4,0.5,1,0,0,0,2,128.9875,27.0860134876745,0,44,.,119.92,.,.,0,2,2,0,0.147676684601295
41,60.7,149.7,27.0893,0.55,18,21,55,4,0.5,1,0,0,0,2,128.9875,27.0860134876745,0,44,129,120,.,.,1,1,2,1,.
41,60.7,149.7,27.0893,0.55,18,21,55,4,0.5,1,0,0,0,2,128.9875,27.0860134876745,0,44,129,144,.,.,1,1,2,1,.
41,60.7,149.7,27.0893,0.55,18,21,55,4,0.5,1,0,0,0,2,128.9875,27.0860134876745,0,44,129,168,.,.,1,1,2,1,.
41,60.7,149.7,27.0893,0.55,18,21,55,4,0.5,1,0,0,0,2,128.9875,27.0860134876745,0,44,.,191.92,.,.,0,2,2,0,0.186725163854195
41,60.7,149.7,27.0893,0.55,18,21,55,4,0.5,1,0,0,0,2,128.9875,27.0860134876745,0,44,129,192,.,.,1,1,2,1,.
41,60.7,149.7,27.0893,0.55,18,21,55,4,0.5,1,0,0,0,2,128.9875,27.0860134876745,0,44,129,216,.,.,1,1,2,1,.
41,60.7,149.7,27.0893,0.55,18,21,55,4,0.5,1,0,0,0,2,128.9875,27.0860134876745,0,44,129,240,.,.,1,1,2,1,.
41,60.7,149.7,27.0893,0.55,18,21,55,4,0.5,1,0,0,0,2,128.9875,27.0860134876745,0,44,.,263.92,.,.,0,2,2,0,0.103766355617719
41,60.7,149.7,27.0893,0.55,18,21,55,4,0.5,1,0,0,0,2,128.9875,27.0860134876745,0,44,129,264,.,.,1,1,2,1,.
41,60.7,149.7,27.0893,0.55,18,21,55,4,0.5,1,0,0,0,2,128.9875,27.0860134876745,0,44,129,288,.,.,1,1,2,1,.
41,60.7,149.7,27.0893,0.55,18,21,55,4,0.5,1,0,0,0,2,128.9875,27.0860134876745,0,44,129,312,.,.,1,1,2,1,.
41,60.7,149.7,27.0893,0.55,18,21,55,4,0.5,1,0,0,0,2,128.9875,27.0860134876745,0,44,.,335.92,.,.,0,2,2,0,0.0930637146760483
41,60.7,149.7,27.0893,0.55,18,21,55,4,0.5,1,0,0,0,2,128.9875,27.0860134876745,0,44,129,336,.,.,1,1,2,1,.
41,60.7,149.7,27.0893,0.55,18,21,55,4,0.5,1,0,0,0,2,128.9875,27.0860134876745,0,44,129,360,.,.,1,1,2,1,.
41,60.7,149.7,27.0893,0.55,18,21,55,4,0.5,1,0,0,0,2,128.9875,27.0860134876745,0,44,129,384,.,.,1,1,2,1,.
41,60.7,149.7,27.0893,0.55,18,21,55,4,0.5,1,0,0,0,2,128.9875,27.0860134876745,0,44,.,407.92,.,.,0,2,2,0,0.218464745357927
41,60.7,149.7,27.0893,0.55,18,21,55,4,0.5,1,0,0,0,2,128.9875,27.0860134876745,0,44,129,408,.,.,1,1,2,1,.
41,60.7,149.7,27.0893,0.55,18,21,55,4,0.5,1,0,0,0,2,128.9875,27.0860134876745,0,44,129,432,.,.,1,1,2,1,.
41,60.7,149.7,27.0893,0.55,18,21,55,4,0.5,1,0,0,0,2,128.9875,27.0860134876745,0,44,129,456,.,.,1,1,2,1,.
41,60.7,149.7,27.0893,0.55,18,21,55,4,0.5,1,0,0,0,2,128.9875,27.0860134876745,0,44,.,479.92,.,.,0,2,2,0,0.235967917619085
41,60.7,149.7,27.0893,0.55,18,21,55,4,0.5,1,0,0,0,2,128.9875,27.0860134876745,0,44,129,480,.,.,1,1,2,1,.
41,60.7,149.7,27.0893,0.55,18,21,55,4,0.5,1,0,0,0,2,128.9875,27.0860134876745,0,44,.,481,.,.,0,2,2,0,0.0998029021019684
41,60.7,149.7,27.0893,0.55,18,21,55,4,0.5,1,0,0,0,2,128.9875,27.0860134876745,0,44,.,482,.,.,0,2,2,0,0.320031612434392
41,60.7,149.7,27.0893,0.55,18,21,55,4,0.5,1,0,0,0,2,128.9875,27.0860134876745,0,44,.,483,.,.,0,2,2,0,0.325625093099483
41,60.7,149.7,27.0893,0.55,18,21,55,4,0.5,1,0,0,0,2,128.9875,27.0860134876745,0,44,.,485,.,.,0,2,2,0,0.306005870352808
41,60.7,149.7,27.0893,0.55,18,21,55,4,0.5,1,0,0,0,2,128.9875,27.0860134876745,0,44,.,486,.,.,0,2,2,0,0.265475920528757
41,60.7,149.7,27.0893,0.55,18,21,55,4,0.5,1,0,0,0,2,128.9875,27.0860134876745,0,44,.,488,.,.,0,2,2,0,0.106986295939884
41,60.7,149.7,27.0893,0.55,18,21,55,4,0.5,1,0,0,0,2,128.9875,27.0860134876745,0,44,.,492,.,.,0,2,2,0,0.251893228974849
41,60.7,149.7,27.0893,0.55,18,21,55,4,0.5,1,0,0,0,2,128.9875,27.0860134876745,0,44,.,504,.,.,0,2,2,0,0.378293678784444
41,60.7,149.7,27.0893,0.55,18,21,55,4,0.5,1,0,0,0,2,128.9875,27.0860134876745,0,44,.,528,.,.,0,2,2,0,0.168536764232485
41,60.7,149.7,27.0893,0.55,18,21,55,4,0.5,1,0,0,0,2,128.9875,27.0860134876745,0,44,.,552.03,.,.,0,2,2,0,0.226816355538227
41,60.7,149.7,27.0893,0.55,18,21,55,4,0.5,1,0,0,0,2,128.9875,27.0860134876745,0,44,.,576.07,.,.,0,2,2,0,0.151418569396374
41,60.7,149.7,27.0893,0.55,18,21,55,4,0.5,1,0,0,0,2,128.9875,27.0860134876745,0,44,.,600,.,.,0,2,2,0,0.204330291714434
41,60.7,149.7,27.0893,0.55,18,21,55,4,0.5,1,0,0,0,2,128.9875,27.0860134876745,0,44,.,673.43,.,.,0,2,2,0,0.0773469756673147
41,60.7,149.7,27.0893,0.55,18,21,55,4,0.5,1,0,0,0,2,128.9875,27.0860134876745,0,44,.,720,.,.,0,2,2,0,0.0901540526550681
30,70.4,152,33.1112,0.66,16,14,71,4.2,0.4,0,1,0,0,2,138.518518518519,30.4709141274238,1,45,129,0,.,.,1,1,2,1,.
30,70.4,152,33.1112,0.66,16,14,71,4.2,0.4,0,1,0,0,2,138.518518518519,30.4709141274238,1,45,.,1,.,.,0,2,2,0,0.0209499527099149
30,70.4,152,33.1112,0.66,16,14,71,4.2,0.4,0,1,0,0,2,138.518518518519,30.4709141274238,1,45,.,2,.,.,0,2,2,0,0.0508748780931343
30,70.4,152,33.1112,0.66,16,14,71,4.2,0.4,0,1,0,0,2,138.518518518519,30.4709141274238,1,45,.,3,.,.,0,2,2,0,0.119214654079458
30,70.4,152,33.1112,0.66,16,14,71,4.2,0.4,0,1,0,0,2,138.518518518519,30.4709141274238,1,45,.,5,.,.,0,2,2,0,0.110809758607531
30,70.4,152,33.1112,0.66,16,14,71,4.2,0.4,0,1,0,0,2,138.518518518519,30.4709141274238,1,45,.,6,.,.,0,2,2,0,0.0951539141714995
30,70.4,152,33.1112,0.66,16,14,71,4.2,0.4,0,1,0,0,2,138.518518518519,30.4709141274238,1,45,.,8,.,.,0,2,2,0,0.176074578255387
30,70.4,152,33.1112,0.66,16,14,71,4.2,0.4,0,1,0,0,2,138.518518518519,30.4709141274238,1,45,.,12,.,.,0,2,2,0,0.0912414800031234
30,70.4,152,33.1112,0.66,16,14,71,4.2,0.4,0,1,0,0,2,138.518518518519,30.4709141274238,1,45,.,23.92,.,.,0,2,2,0,0.0878653739418144
30,70.4,152,33.1112,0.66,16,14,71,4.2,0.4,0,1,0,0,2,138.518518518519,30.4709141274238,1,45,129,24,.,.,1,1,2,1,.
30,70.4,152,33.1112,0.66,16,14,71,4.2,0.4,0,1,0,0,2,138.518518518519,30.4709141274238,1,45,.,47.92,.,.,0,2,2,0,0.0432197306359634
30,70.4,152,33.1112,0.66,16,14,71,4.2,0.4,0,1,0,0,2,138.518518518519,30.4709141274238,1,45,129,48,.,.,1,1,2,1,.
30,70.4,152,33.1112,0.66,16,14,71,4.2,0.4,0,1,0,0,2,138.518518518519,30.4709141274238,1,45,.,71.92,.,.,0,2,2,0,0.0557465380488098
30,70.4,152,33.1112,0.66,16,14,71,4.2,0.4,0,1,0,0,2,138.518518518519,30.4709141274238,1,45,129,72,.,.,1,1,2,1,.
30,70.4,152,33.1112,0.66,16,14,71,4.2,0.4,0,1,0,0,2,138.518518518519,30.4709141274238,1,45,129,96,.,.,1,1,2,1,.
30,70.4,152,33.1112,0.66,16,14,71,4.2,0.4,0,1,0,0,2,138.518518518519,30.4709141274238,1,45,.,119.92,.,.,0,2,2,0,0.0793656433842937
30,70.4,152,33.1112,0.66,16,14,71,4.2,0.4,0,1,0,0,2,138.518518518519,30.4709141274238,1,45,129,120,.,.,1,1,2,1,.
30,70.4,152,33.1112,0.66,16,14,71,4.2,0.4,0,1,0,0,2,138.518518518519,30.4709141274238,1,45,129,144,.,.,1,1,2,1,.
30,70.4,152,33.1112,0.66,16,14,71,4.2,0.4,0,1,0,0,2,138.518518518519,30.4709141274238,1,45,129,168,.,.,1,1,2,1,.
30,70.4,152,33.1112,0.66,16,14,71,4.2,0.4,0,1,0,0,2,138.518518518519,30.4709141274238,1,45,.,191.92,.,.,0,2,2,0,0.106287213919717
30,70.4,152,33.1112,0.66,16,14,71,4.2,0.4,0,1,0,0,2,138.518518518519,30.4709141274238,1,45,129,192,.,.,1,1,2,1,.
30,70.4,152,33.1112,0.66,16,14,71,4.2,0.4,0,1,0,0,2,138.518518518519,30.4709141274238,1,45,129,216,.,.,1,1,2,1,.
30,70.4,152,33.1112,0.66,16,14,71,4.2,0.4,0,1,0,0,2,138.518518518519,30.4709141274238,1,45,129,240,.,.,1,1,2,1,.
30,70.4,152,33.1112,0.66,16,14,71,4.2,0.4,0,1,0,0,2,138.518518518519,30.4709141274238,1,45,.,263.92,.,.,0,2,2,0,0.0728444224095133
30,70.4,152,33.1112,0.66,16,14,71,4.2,0.4,0,1,0,0,2,138.518518518519,30.4709141274238,1,45,129,264,.,.,1,1,2,1,.
30,70.4,152,33.1112,0.66,16,14,71,4.2,0.4,0,1,0,0,2,138.518518518519,30.4709141274238,1,45,129,288,.,.,1,1,2,1,.
30,70.4,152,33.1112,0.66,16,14,71,4.2,0.4,0,1,0,0,2,138.518518518519,30.4709141274238,1,45,129,312,.,.,1,1,2,1,.
30,70.4,152,33.1112,0.66,16,14,71,4.2,0.4,0,1,0,0,2,138.518518518519,30.4709141274238,1,45,.,335.92,.,.,0,2,2,0,0.157008900439265
30,70.4,152,33.1112,0.66,16,14,71,4.2,0.4,0,1,0,0,2,138.518518518519,30.4709141274238,1,45,129,336,.,.,1,1,2,1,.
30,70.4,152,33.1112,0.66,16,14,71,4.2,0.4,0,1,0,0,2,138.518518518519,30.4709141274238,1,45,129,360,.,.,1,1,2,1,.
30,70.4,152,33.1112,0.66,16,14,71,4.2,0.4,0,1,0,0,2,138.518518518519,30.4709141274238,1,45,129,384,.,.,1,1,2,1,.
30,70.4,152,33.1112,0.66,16,14,71,4.2,0.4,0,1,0,0,2,138.518518518519,30.4709141274238,1,45,.,407.92,.,.,0,2,2,0,0.172911388841602
30,70.4,152,33.1112,0.66,16,14,71,4.2,0.4,0,1,0,0,2,138.518518518519,30.4709141274238,1,45,129,408,.,.,1,1,2,1,.
30,70.4,152,33.1112,0.66,16,14,71,4.2,0.4,0,1,0,0,2,138.518518518519,30.4709141274238,1,45,129,432,.,.,1,1,2,1,.
30,70.4,152,33.1112,0.66,16,14,71,4.2,0.4,0,1,0,0,2,138.518518518519,30.4709141274238,1,45,129,456,.,.,1,1,2,1,.
30,70.4,152,33.1112,0.66,16,14,71,4.2,0.4,0,1,0,0,2,138.518518518519,30.4709141274238,1,45,.,479.92,.,.,0,2,2,0,0.0686247608126526
30,70.4,152,33.1112,0.66,16,14,71,4.2,0.4,0,1,0,0,2,138.518518518519,30.4709141274238,1,45,129,480,.,.,1,1,2,1,.
30,70.4,152,33.1112,0.66,16,14,71,4.2,0.4,0,1,0,0,2,138.518518518519,30.4709141274238,1,45,.,481,.,.,0,2,2,0,0.183469507194042
30,70.4,152,33.1112,0.66,16,14,71,4.2,0.4,0,1,0,0,2,138.518518518519,30.4709141274238,1,45,.,482,.,.,0,2,2,0,0.226091289850837
30,70.4,152,33.1112,0.66,16,14,71,4.2,0.4,0,1,0,0,2,138.518518518519,30.4709141274238,1,45,.,483,.,.,0,2,2,0,0.0714245461988053
30,70.4,152,33.1112,0.66,16,14,71,4.2,0.4,0,1,0,0,2,138.518518518519,30.4709141274238,1,45,.,485,.,.,0,2,2,0,0.207554905811999
30,70.4,152,33.1112,0.66,16,14,71,4.2,0.4,0,1,0,0,2,138.518518518519,30.4709141274238,1,45,.,486,.,.,0,2,2,0,0.292938167000751
30,70.4,152,33.1112,0.66,16,14,71,4.2,0.4,0,1,0,0,2,138.518518518519,30.4709141274238,1,45,.,488,.,.,0,2,2,0,0.286959624573495
30,70.4,152,33.1112,0.66,16,14,71,4.2,0.4,0,1,0,0,2,138.518518518519,30.4709141274238,1,45,.,492,.,.,0,2,2,0,0.198317956278537
30,70.4,152,33.1112,0.66,16,14,71,4.2,0.4,0,1,0,0,2,138.518518518519,30.4709141274238,1,45,.,504,.,.,0,2,2,0,0.116289558279741
30,70.4,152,33.1112,0.66,16,14,71,4.2,0.4,0,1,0,0,2,138.518518518519,30.4709141274238,1,45,.,528,.,.,0,2,2,0,0.0156836843544219
30,70.4,152,33.1112,0.66,16,14,71,4.2,0.4,0,1,0,0,2,138.518518518519,30.4709141274238,1,45,.,552,.,.,0,2,2,0,0.0487807363900654
30,70.4,152,33.1112,0.66,16,14,71,4.2,0.4,0,1,0,0,2,138.518518518519,30.4709141274238,1,45,.,576,.,.,0,2,2,0,0.0398460495977736
30,70.4,152,33.1112,0.66,16,14,71,4.2,0.4,0,1,0,0,2,138.518518518519,30.4709141274238,1,45,.,600,.,.,0,2,2,0,0.0380889542101701
30,70.4,152,33.1112,0.66,16,14,71,4.2,0.4,0,1,0,0,2,138.518518518519,30.4709141274238,1,45,.,672.03,.,.,0,2,2,0,0.0362277608842069
30,70.4,152,33.1112,0.66,16,14,71,4.2,0.4,0,1,0,0,2,138.518518518519,30.4709141274238,1,45,.,720,.,.,0,2,2,0,0.019091861777378
31,68.9,162.8,30.8736,0.67,18,22,51,4.1,0.5,0,0,0,1,2,132.329705638474,25.99623299869,0,46,129,0,.,.,1,1,2,1,.
31,68.9,162.8,30.8736,0.67,18,22,51,4.1,0.5,0,0,0,1,2,132.329705638474,25.99623299869,0,46,.,1,.,.,0,2,2,0,0.10534552325723
31,68.9,162.8,30.8736,0.67,18,22,51,4.1,0.5,0,0,0,1,2,132.329705638474,25.99623299869,0,46,.,2,.,.,0,2,2,0,0.197125023130985
31,68.9,162.8,30.8736,0.67,18,22,51,4.1,0.5,0,0,0,1,2,132.329705638474,25.99623299869,0,46,.,3,.,.,0,2,2,0,0.218102363564557
31,68.9,162.8,30.8736,0.67,18,22,51,4.1,0.5,0,0,0,1,2,132.329705638474,25.99623299869,0,46,.,5,.,.,0,2,2,0,0.311477937296499
31,68.9,162.8,30.8736,0.67,18,22,51,4.1,0.5,0,0,0,1,2,132.329705638474,25.99623299869,0,46,.,6,.,.,0,2,2,0,0.176472129198049
31,68.9,162.8,30.8736,0.67,18,22,51,4.1,0.5,0,0,0,1,2,132.329705638474,25.99623299869,0,46,.,8,.,.,0,2,2,0,0.181496015778576
31,68.9,162.8,30.8736,0.67,18,22,51,4.1,0.5,0,0,0,1,2,132.329705638474,25.99623299869,0,46,.,12,.,.,0,2,2,0,0.0648579988387238
31,68.9,162.8,30.8736,0.67,18,22,51,4.1,0.5,0,0,0,1,2,132.329705638474,25.99623299869,0,46,.,23.92,.,.,0,2,2,0,0.0436462938418677
31,68.9,162.8,30.8736,0.67,18,22,51,4.1,0.5,0,0,0,1,2,132.329705638474,25.99623299869,0,46,129,24,.,.,1,1,2,1,.
31,68.9,162.8,30.8736,0.67,18,22,51,4.1,0.5,0,0,0,1,2,132.329705638474,25.99623299869,0,46,.,47.92,.,.,0,2,2,0,0.0489255118688798
31,68.9,162.8,30.8736,0.67,18,22,51,4.1,0.5,0,0,0,1,2,132.329705638474,25.99623299869,0,46,129,48,.,.,1,1,2,1,.
31,68.9,162.8,30.8736,0.67,18,22,51,4.1,0.5,0,0,0,1,2,132.329705638474,25.99623299869,0,46,.,71.92,.,.,0,2,2,0,0.0805575493507301
31,68.9,162.8,30.8736,0.67,18,22,51,4.1,0.5,0,0,0,1,2,132.329705638474,25.99623299869,0,46,129,72,.,.,1,1,2,1,.
31,68.9,162.8,30.8736,0.67,18,22,51,4.1,0.5,0,0,0,1,2,132.329705638474,25.99623299869,0,46,129,96,.,.,1,1,2,1,.
31,68.9,162.8,30.8736,0.67,18,22,51,4.1,0.5,0,0,0,1,2,132.329705638474,25.99623299869,0,46,.,119.92,.,.,0,2,2,0,0.0488277108194859
31,68.9,162.8,30.8736,0.67,18,22,51,4.1,0.5,0,0,0,1,2,132.329705638474,25.99623299869,0,46,129,120,.,.,1,1,2,1,.
31,68.9,162.8,30.8736,0.67,18,22,51,4.1,0.5,0,0,0,1,2,132.329705638474,25.99623299869,0,46,129,144,.,.,1,1,2,1,.
31,68.9,162.8,30.8736,0.67,18,22,51,4.1,0.5,0,0,0,1,2,132.329705638474,25.99623299869,0,46,129,168,.,.,1,1,2,1,.
31,68.9,162.8,30.8736,0.67,18,22,51,4.1,0.5,0,0,0,1,2,132.329705638474,25.99623299869,0,46,.,191.92,.,.,0,2,2,0,0.0966404616364106
31,68.9,162.8,30.8736,0.67,18,22,51,4.1,0.5,0,0,0,1,2,132.329705638474,25.99623299869,0,46,129,192,.,.,1,1,2,1,.
31,68.9,162.8,30.8736,0.67,18,22,51,4.1,0.5,0,0,0,1,2,132.329705638474,25.99623299869,0,46,129,216,.,.,1,1,2,1,.
31,68.9,162.8,30.8736,0.67,18,22,51,4.1,0.5,0,0,0,1,2,132.329705638474,25.99623299869,0,46,129,240,.,.,1,1,2,1,.
31,68.9,162.8,30.8736,0.67,18,22,51,4.1,0.5,0,0,0,1,2,132.329705638474,25.99623299869,0,46,.,263.92,.,.,0,2,2,0,0.0745768698551456
31,68.9,162.8,30.8736,0.67,18,22,51,4.1,0.5,0,0,0,1,2,132.329705638474,25.99623299869,0,46,129,264,.,.,1,1,2,1,.
31,68.9,162.8,30.8736,0.67,18,22,51,4.1,0.5,0,0,0,1,2,132.329705638474,25.99623299869,0,46,129,288,.,.,1,1,2,1,.
31,68.9,162.8,30.8736,0.67,18,22,51,4.1,0.5,0,0,0,1,2,132.329705638474,25.99623299869,0,46,129,312,.,.,1,1,2,1,.
31,68.9,162.8,30.8736,0.67,18,22,51,4.1,0.5,0,0,0,1,2,132.329705638474,25.99623299869,0,46,.,335.92,.,.,0,2,2,0,0.0533876739978624
31,68.9,162.8,30.8736,0.67,18,22,51,4.1,0.5,0,0,0,1,2,132.329705638474,25.99623299869,0,46,129,336,.,.,1,1,2,1,.
31,68.9,162.8,30.8736,0.67,18,22,51,4.1,0.5,0,0,0,1,2,132.329705638474,25.99623299869,0,46,129,360,.,.,1,1,2,1,.
31,68.9,162.8,30.8736,0.67,18,22,51,4.1,0.5,0,0,0,1,2,132.329705638474,25.99623299869,0,46,129,384,.,.,1,1,2,1,.
31,68.9,162.8,30.8736,0.67,18,22,51,4.1,0.5,0,0,0,1,2,132.329705638474,25.99623299869,0,46,.,407.95,.,.,0,2,2,0,0.194393189000328
31,68.9,162.8,30.8736,0.67,18,22,51,4.1,0.5,0,0,0,1,2,132.329705638474,25.99623299869,0,46,129,408,.,.,1,1,2,1,.
31,68.9,162.8,30.8736,0.67,18,22,51,4.1,0.5,0,0,0,1,2,132.329705638474,25.99623299869,0,46,129,432,.,.,1,1,2,1,.
31,68.9,162.8,30.8736,0.67,18,22,51,4.1,0.5,0,0,0,1,2,132.329705638474,25.99623299869,0,46,129,456,.,.,1,1,2,1,.
31,68.9,162.8,30.8736,0.67,18,22,51,4.1,0.5,0,0,0,1,2,132.329705638474,25.99623299869,0,46,.,479.92,.,.,0,2,2,0,0.0776659737298741
31,68.9,162.8,30.8736,0.67,18,22,51,4.1,0.5,0,0,0,1,2,132.329705638474,25.99623299869,0,46,129,480,.,.,1,1,2,1,.
31,68.9,162.8,30.8736,0.67,18,22,51,4.1,0.5,0,0,0,1,2,132.329705638474,25.99623299869,0,46,.,481,.,.,0,2,2,0,0.253913920098974
31,68.9,162.8,30.8736,0.67,18,22,51,4.1,0.5,0,0,0,1,2,132.329705638474,25.99623299869,0,46,.,482,.,.,0,2,2,0,0.331317851410776
31,68.9,162.8,30.8736,0.67,18,22,51,4.1,0.5,0,0,0,1,2,132.329705638474,25.99623299869,0,46,.,483,.,.,0,2,2,0,0.175408286145842
31,68.9,162.8,30.8736,0.67,18,22,51,4.1,0.5,0,0,0,1,2,132.329705638474,25.99623299869,0,46,.,485,.,.,0,2,2,0,0.320785321406166
31,68.9,162.8,30.8736,0.67,18,22,51,4.1,0.5,0,0,0,1,2,132.329705638474,25.99623299869,0,46,.,486,.,.,0,2,2,0,0.156553726734294
31,68.9,162.8,30.8736,0.67,18,22,51,4.1,0.5,0,0,0,1,2,132.329705638474,25.99623299869,0,46,.,488,.,.,0,2,2,0,0.152706654057227
31,68.9,162.8,30.8736,0.67,18,22,51,4.1,0.5,0,0,0,1,2,132.329705638474,25.99623299869,0,46,.,492,.,.,0,2,2,0,0.277276419843511
31,68.9,162.8,30.8736,0.67,18,22,51,4.1,0.5,0,0,0,1,2,132.329705638474,25.99623299869,0,46,.,504,.,.,0,2,2,0,0.0789184139515608
31,68.9,162.8,30.8736,0.67,18,22,51,4.1,0.5,0,0,0,1,2,132.329705638474,25.99623299869,0,46,.,528,.,.,0,2,2,0,0.0341723841288357
31,68.9,162.8,30.8736,0.67,18,22,51,4.1,0.5,0,0,0,1,2,132.329705638474,25.99623299869,0,46,.,552.25,.,.,0,2,2,0,0.108663988218865
31,68.9,162.8,30.8736,0.67,18,22,51,4.1,0.5,0,0,0,1,2,132.329705638474,25.99623299869,0,46,.,576.92,.,.,0,2,2,0,0.0608403344522677
31,68.9,162.8,30.8736,0.67,18,22,51,4.1,0.5,0,0,0,1,2,132.329705638474,25.99623299869,0,46,.,600,.,.,0,2,2,0,0.0536614271982354
31,68.9,162.8,30.8736,0.67,18,22,51,4.1,0.5,0,0,0,1,2,132.329705638474,25.99623299869,0,46,.,672,.,.,0,2,2,0,0.0405118273229304
31,68.9,162.8,30.8736,0.67,18,22,51,4.1,0.5,0,0,0,1,2,132.329705638474,25.99623299869,0,46,.,720,.,.,0,2,2,0,0.00387128471954228
39,102.6,185.7,32.0375,0.82,22,23,33,4.3,0.6,0,1,0,0,1,175.518292682927,29.7525061266674,0,47,129,0,.,.,1,1,2,1,.
39,102.6,185.7,32.0375,0.82,22,23,33,4.3,0.6,0,1,0,0,1,175.518292682927,29.7525061266674,0,47,.,1,.,.,0,2,2,0,0.0853998959256034
39,102.6,185.7,32.0375,0.82,22,23,33,4.3,0.6,0,1,0,0,1,175.518292682927,29.7525061266674,0,47,.,2,.,.,0,2,2,0,0.0993557644992414
39,102.6,185.7,32.0375,0.82,22,23,33,4.3,0.6,0,1,0,0,1,175.518292682927,29.7525061266674,0,47,.,3,.,.,0,2,2,0,0.0553741779157057
39,102.6,185.7,32.0375,0.82,22,23,33,4.3,0.6,0,1,0,0,1,175.518292682927,29.7525061266674,0,47,.,5,.,.,0,2,2,0,0.124152847540428
39,102.6,185.7,32.0375,0.82,22,23,33,4.3,0.6,0,1,0,0,1,175.518292682927,29.7525061266674,0,47,.,6,.,.,0,2,2,0,0.103377351007503
39,102.6,185.7,32.0375,0.82,22,23,33,4.3,0.6,0,1,0,0,1,175.518292682927,29.7525061266674,0,47,.,8,.,.,0,2,2,0,0.106030511916477
39,102.6,185.7,32.0375,0.82,22,23,33,4.3,0.6,0,1,0,0,1,175.518292682927,29.7525061266674,0,47,.,12,.,.,0,2,2,0,0.102759030890888
39,102.6,185.7,32.0375,0.82,22,23,33,4.3,0.6,0,1,0,0,1,175.518292682927,29.7525061266674,0,47,.,23.92,.,.,0,2,2,0,0.082124868353417
39,102.6,185.7,32.0375,0.82,22,23,33,4.3,0.6,0,1,0,0,1,175.518292682927,29.7525061266674,0,47,129,24,.,.,1,1,2,1,.
39,102.6,185.7,32.0375,0.82,22,23,33,4.3,0.6,0,1,0,0,1,175.518292682927,29.7525061266674,0,47,.,47.83,.,.,0,2,2,0,0.095645438776162
39,102.6,185.7,32.0375,0.82,22,23,33,4.3,0.6,0,1,0,0,1,175.518292682927,29.7525061266674,0,47,129,48.08,.,.,1,1,2,1,.
39,102.6,185.7,32.0375,0.82,22,23,33,4.3,0.6,0,1,0,0,1,175.518292682927,29.7525061266674,0,47,.,71.92,.,.,0,2,2,0,0.0566387635063857
39,102.6,185.7,32.0375,0.82,22,23,33,4.3,0.6,0,1,0,0,1,175.518292682927,29.7525061266674,0,47,129,72,.,.,1,1,2,1,.
39,102.6,185.7,32.0375,0.82,22,23,33,4.3,0.6,0,1,0,0,1,175.518292682927,29.7525061266674,0,47,129,96,.,.,1,1,2,1,.
39,102.6,185.7,32.0375,0.82,22,23,33,4.3,0.6,0,1,0,0,1,175.518292682927,29.7525061266674,0,47,.,119.92,.,.,0,2,2,0,0.085159045209763
39,102.6,185.7,32.0375,0.82,22,23,33,4.3,0.6,0,1,0,0,1,175.518292682927,29.7525061266674,0,47,129,120,.,.,1,1,2,1,.
39,102.6,185.7,32.0375,0.82,22,23,33,4.3,0.6,0,1,0,0,1,175.518292682927,29.7525061266674,0,47,129,144,.,.,1,1,2,1,.
39,102.6,185.7,32.0375,0.82,22,23,33,4.3,0.6,0,1,0,0,1,175.518292682927,29.7525061266674,0,47,129,168,.,.,1,1,2,1,.
39,102.6,185.7,32.0375,0.82,22,23,33,4.3,0.6,0,1,0,0,1,175.518292682927,29.7525061266674,0,47,.,191.92,.,.,0,2,2,0,0.0789003793964408
39,102.6,185.7,32.0375,0.82,22,23,33,4.3,0.6,0,1,0,0,1,175.518292682927,29.7525061266674,0,47,129,192,.,.,1,1,2,1,.
39,102.6,185.7,32.0375,0.82,22,23,33,4.3,0.6,0,1,0,0,1,175.518292682927,29.7525061266674,0,47,129,216,.,.,1,1,2,1,.
39,102.6,185.7,32.0375,0.82,22,23,33,4.3,0.6,0,1,0,0,1,175.518292682927,29.7525061266674,0,47,129,240,.,.,1,1,2,1,.
39,102.6,185.7,32.0375,0.82,22,23,33,4.3,0.6,0,1,0,0,1,175.518292682927,29.7525061266674,0,47,.,263.92,.,.,0,2,2,0,0.169245912619669
39,102.6,185.7,32.0375,0.82,22,23,33,4.3,0.6,0,1,0,0,1,175.518292682927,29.7525061266674,0,47,129,264,.,.,1,1,2,1,.
39,102.6,185.7,32.0375,0.82,22,23,33,4.3,0.6,0,1,0,0,1,175.518292682927,29.7525061266674,0,47,129,288,.,.,1,1,2,1,.
39,102.6,185.7,32.0375,0.82,22,23,33,4.3,0.6,0,1,0,0,1,175.518292682927,29.7525061266674,0,47,129,312,.,.,1,1,2,1,.
39,102.6,185.7,32.0375,0.82,22,23,33,4.3,0.6,0,1,0,0,1,175.518292682927,29.7525061266674,0,47,.,335.92,.,.,0,2,2,0,0.0897720351279428
39,102.6,185.7,32.0375,0.82,22,23,33,4.3,0.6,0,1,0,0,1,175.518292682927,29.7525061266674,0,47,129,336,.,.,1,1,2,1,.
39,102.6,185.7,32.0375,0.82,22,23,33,4.3,0.6,0,1,0,0,1,175.518292682927,29.7525061266674,0,47,129,360,.,.,1,1,2,1,.
39,102.6,185.7,32.0375,0.82,22,23,33,4.3,0.6,0,1,0,0,1,175.518292682927,29.7525061266674,0,47,129,384,.,.,1,1,2,1,.
39,102.6,185.7,32.0375,0.82,22,23,33,4.3,0.6,0,1,0,0,1,175.518292682927,29.7525061266674,0,47,.,407.92,.,.,0,2,2,0,0.0632517516655513
39,102.6,185.7,32.0375,0.82,22,23,33,4.3,0.6,0,1,0,0,1,175.518292682927,29.7525061266674,0,47,129,408,.,.,1,1,2,1,.
39,102.6,185.7,32.0375,0.82,22,23,33,4.3,0.6,0,1,0,0,1,175.518292682927,29.7525061266674,0,47,129,432,.,.,1,1,2,1,.
39,102.6,185.7,32.0375,0.82,22,23,33,4.3,0.6,0,1,0,0,1,175.518292682927,29.7525061266674,0,47,129,456,.,.,1,1,2,1,.
39,102.6,185.7,32.0375,0.82,22,23,33,4.3,0.6,0,1,0,0,1,175.518292682927,29.7525061266674,0,47,.,479.92,.,.,0,2,2,0,0.179772531101351
39,102.6,185.7,32.0375,0.82,22,23,33,4.3,0.6,0,1,0,0,1,175.518292682927,29.7525061266674,0,47,129,480,.,.,1,1,2,1,.
39,102.6,185.7,32.0375,0.82,22,23,33,4.3,0.6,0,1,0,0,1,175.518292682927,29.7525061266674,0,47,.,481,.,.,0,2,2,0,0.289860628014946
39,102.6,185.7,32.0375,0.82,22,23,33,4.3,0.6,0,1,0,0,1,175.518292682927,29.7525061266674,0,47,.,482,.,.,0,2,2,0,0.362147675906894
39,102.6,185.7,32.0375,0.82,22,23,33,4.3,0.6,0,1,0,0,1,175.518292682927,29.7525061266674,0,47,.,483,.,.,0,2,2,0,0.21289816833414
39,102.6,185.7,32.0375,0.82,22,23,33,4.3,0.6,0,1,0,0,1,175.518292682927,29.7525061266674,0,47,.,485,.,.,0,2,2,0,0.288158951779667
39,102.6,185.7,32.0375,0.82,22,23,33,4.3,0.6,0,1,0,0,1,175.518292682927,29.7525061266674,0,47,.,486.12,.,.,0,2,2,0,0.2120835031796
39,102.6,185.7,32.0375,0.82,22,23,33,4.3,0.6,0,1,0,0,1,175.518292682927,29.7525061266674,0,47,.,488,.,.,0,2,2,0,0.0853171571524183
39,102.6,185.7,32.0375,0.82,22,23,33,4.3,0.6,0,1,0,0,1,175.518292682927,29.7525061266674,0,47,.,492,.,.,0,2,2,0,0.244370895982669
39,102.6,185.7,32.0375,0.82,22,23,33,4.3,0.6,0,1,0,0,1,175.518292682927,29.7525061266674,0,47,.,504,.,.,0,2,2,0,0.136633742189033
39,102.6,185.7,32.0375,0.82,22,23,33,4.3,0.6,0,1,0,0,1,175.518292682927,29.7525061266674,0,47,.,528,.,.,0,2,2,0,0.0870448813436354
39,102.6,185.7,32.0375,0.82,22,23,33,4.3,0.6,0,1,0,0,1,175.518292682927,29.7525061266674,0,47,.,552,.,.,0,2,2,0,0.0940150542956649
39,102.6,185.7,32.0375,0.82,22,23,33,4.3,0.6,0,1,0,0,1,175.518292682927,29.7525061266674,0,47,.,576.03,.,.,0,2,2,0,0.0524736429202659
39,102.6,185.7,32.0375,0.82,22,23,33,4.3,0.6,0,1,0,0,1,175.518292682927,29.7525061266674,0,47,.,600,.,.,0,2,2,0,0.0562524453389208
39,102.6,185.7,32.0375,0.82,22,23,33,4.3,0.6,0,1,0,0,1,175.518292682927,29.7525061266674,0,47,.,672.02,.,.,0,2,2,0,0.022509917467093
24,85,168.2,25.4704,0.54,32,23,70,4.6,0.8,1,0,0,0,1,253.600823045267,30.0446357246978,1,48,129,0,.,.,1,1,2,1,.
24,85,168.2,25.4704,0.54,32,23,70,4.6,0.8,1,0,0,0,1,253.600823045267,30.0446357246978,1,48,.,1,.,.,0,2,2,0,0.136143275728874
24,85,168.2,25.4704,0.54,32,23,70,4.6,0.8,1,0,0,0,1,253.600823045267,30.0446357246978,1,48,.,2,.,.,0,2,2,0,0.183708201699552
24,85,168.2,25.4704,0.54,32,23,70,4.6,0.8,1,0,0,0,1,253.600823045267,30.0446357246978,1,48,.,3,.,.,0,2,2,0,0.144388147481314
24,85,168.2,25.4704,0.54,32,23,70,4.6,0.8,1,0,0,0,1,253.600823045267,30.0446357246978,1,48,.,5,.,.,0,2,2,0,0.116690565153018
24,85,168.2,25.4704,0.54,32,23,70,4.6,0.8,1,0,0,0,1,253.600823045267,30.0446357246978,1,48,.,6,.,.,0,2,2,0,0.0934362379068651
24,85,168.2,25.4704,0.54,32,23,70,4.6,0.8,1,0,0,0,1,253.600823045267,30.0446357246978,1,48,.,8.15,.,.,0,2,2,0,0.120968183367622
24,85,168.2,25.4704,0.54,32,23,70,4.6,0.8,1,0,0,0,1,253.600823045267,30.0446357246978,1,48,.,12,.,.,0,2,2,0,0.0138095226212627
24,85,168.2,25.4704,0.54,32,23,70,4.6,0.8,1,0,0,0,1,253.600823045267,30.0446357246978,1,48,.,23.92,.,.,0,2,2,0,0.0145984292923822
19,137.3,174.1,55.3112,0.66,31,22,84,4.3,0.3,1,0,0,0,1,349.606481481482,45.297370805993,1,49,129,0,.,.,1,1,2,1,.
19,137.3,174.1,55.3112,0.66,31,22,84,4.3,0.3,1,0,0,0,1,349.606481481482,45.297370805993,1,49,.,1,.,.,0,2,2,0,0.0790367850065952
19,137.3,174.1,55.3112,0.66,31,22,84,4.3,0.3,1,0,0,0,1,349.606481481482,45.297370805993,1,49,.,2,.,.,0,2,2,0,0.110961705309536
19,137.3,174.1,55.3112,0.66,31,22,84,4.3,0.3,1,0,0,0,1,349.606481481482,45.297370805993,1,49,.,3,.,.,0,2,2,0,0.0916111198453205
19,137.3,174.1,55.3112,0.66,31,22,84,4.3,0.3,1,0,0,0,1,349.606481481482,45.297370805993,1,49,.,5,.,.,0,2,2,0,0.0576207563418289
19,137.3,174.1,55.3112,0.66,31,22,84,4.3,0.3,1,0,0,0,1,349.606481481482,45.297370805993,1,49,.,6,.,.,0,2,2,0,0.152357737650416
19,137.3,174.1,55.3112,0.66,31,22,84,4.3,0.3,1,0,0,0,1,349.606481481482,45.297370805993,1,49,.,8,.,.,0,2,2,0,0.0825222249271618
19,137.3,174.1,55.3112,0.66,31,22,84,4.3,0.3,1,0,0,0,1,349.606481481482,45.297370805993,1,49,.,12,.,.,0,2,2,0,0.0377717108033591
19,137.3,174.1,55.3112,0.66,31,22,84,4.3,0.3,1,0,0,0,1,349.606481481482,45.297370805993,1,49,129,24,.,.,1,1,2,1,.
19,137.3,174.1,55.3112,0.66,31,22,84,4.3,0.3,1,0,0,0,1,349.606481481482,45.297370805993,1,49,.,47.92,.,.,0,2,2,0,0.0212985099450572
19,137.3,174.1,55.3112,0.66,31,22,84,4.3,0.3,1,0,0,0,1,349.606481481482,45.297370805993,1,49,129,48,.,.,1,1,2,1,.
19,137.3,174.1,55.3112,0.66,31,22,84,4.3,0.3,1,0,0,0,1,349.606481481482,45.297370805993,1,49,.,71.92,.,.,0,2,2,0,0.0663060392426529
19,137.3,174.1,55.3112,0.66,31,22,84,4.3,0.3,1,0,0,0,1,349.606481481482,45.297370805993,1,49,129,72,.,.,1,1,2,1,.
19,137.3,174.1,55.3112,0.66,31,22,84,4.3,0.3,1,0,0,0,1,349.606481481482,45.297370805993,1,49,129,96,.,.,1,1,2,1,.
19,137.3,174.1,55.3112,0.66,31,22,84,4.3,0.3,1,0,0,0,1,349.606481481482,45.297370805993,1,49,.,119.92,.,.,0,2,2,0,0.0539081713111032
19,137.3,174.1,55.3112,0.66,31,22,84,4.3,0.3,1,0,0,0,1,349.606481481482,45.297370805993,1,49,129,120,.,.,1,1,2,1,.
19,137.3,174.1,55.3112,0.66,31,22,84,4.3,0.3,1,0,0,0,1,349.606481481482,45.297370805993,1,49,129,144,.,.,1,1,2,1,.
19,137.3,174.1,55.3112,0.66,31,22,84,4.3,0.3,1,0,0,0,1,349.606481481482,45.297370805993,1,49,129,168,.,.,1,1,2,1,.
19,137.3,174.1,55.3112,0.66,31,22,84,4.3,0.3,1,0,0,0,1,349.606481481482,45.297370805993,1,49,.,191.92,.,.,0,2,2,0,0.0253881478979315
19,137.3,174.1,55.3112,0.66,31,22,84,4.3,0.3,1,0,0,0,1,349.606481481482,45.297370805993,1,49,129,192,.,.,1,1,2,1,.
19,137.3,174.1,55.3112,0.66,31,22,84,4.3,0.3,1,0,0,0,1,349.606481481482,45.297370805993,1,49,129,216,.,.,1,1,2,1,.
19,137.3,174.1,55.3112,0.66,31,22,84,4.3,0.3,1,0,0,0,1,349.606481481482,45.297370805993,1,49,129,240,.,.,1,1,2,1,.
19,137.3,174.1,55.3112,0.66,31,22,84,4.3,0.3,1,0,0,0,1,349.606481481482,45.297370805993,1,49,.,263.92,.,.,0,2,2,0,0.0989691859094042
19,137.3,174.1,55.3112,0.66,31,22,84,4.3,0.3,1,0,0,0,1,349.606481481482,45.297370805993,1,49,129,264,.,.,1,1,2,1,.
19,137.3,174.1,55.3112,0.66,31,22,84,4.3,0.3,1,0,0,0,1,349.606481481482,45.297370805993,1,49,129,288,.,.,1,1,2,1,.
19,137.3,174.1,55.3112,0.66,31,22,84,4.3,0.3,1,0,0,0,1,349.606481481482,45.297370805993,1,49,129,312,.,.,1,1,2,1,.
19,137.3,174.1,55.3112,0.66,31,22,84,4.3,0.3,1,0,0,0,1,349.606481481482,45.297370805993,1,49,.,335.92,.,.,0,2,2,0,0.0558745648274257
19,137.3,174.1,55.3112,0.66,31,22,84,4.3,0.3,1,0,0,0,1,349.606481481482,45.297370805993,1,49,129,336,.,.,1,1,2,1,.
19,137.3,174.1,55.3112,0.66,31,22,84,4.3,0.3,1,0,0,0,1,349.606481481482,45.297370805993,1,49,129,360,.,.,1,1,2,1,.
19,137.3,174.1,55.3112,0.66,31,22,84,4.3,0.3,1,0,0,0,1,349.606481481482,45.297370805993,1,49,129,384,.,.,1,1,2,1,.
19,137.3,174.1,55.3112,0.66,31,22,84,4.3,0.3,1,0,0,0,1,349.606481481482,45.297370805993,1,49,.,407.92,.,.,0,2,2,0,0.0697928826083835
19,137.3,174.1,55.3112,0.66,31,22,84,4.3,0.3,1,0,0,0,1,349.606481481482,45.297370805993,1,49,129,408,.,.,1,1,2,1,.
19,137.3,174.1,55.3112,0.66,31,22,84,4.3,0.3,1,0,0,0,1,349.606481481482,45.297370805993,1,49,129,432,.,.,1,1,2,1,.
19,137.3,174.1,55.3112,0.66,31,22,84,4.3,0.3,1,0,0,0,1,349.606481481482,45.297370805993,1,49,129,456,.,.,1,1,2,1,.
19,137.3,174.1,55.3112,0.66,31,22,84,4.3,0.3,1,0,0,0,1,349.606481481482,45.297370805993,1,49,.,479.92,.,.,0,2,2,0,0.0936160045286237
19,137.3,174.1,55.3112,0.66,31,22,84,4.3,0.3,1,0,0,0,1,349.606481481482,45.297370805993,1,49,129,480,.,.,1,1,2,1,.
19,137.3,174.1,55.3112,0.66,31,22,84,4.3,0.3,1,0,0,0,1,349.606481481482,45.297370805993,1,49,.,481.03,.,.,0,2,2,0,0.0874907192718833
19,137.3,174.1,55.3112,0.66,31,22,84,4.3,0.3,1,0,0,0,1,349.606481481482,45.297370805993,1,49,.,482,.,.,0,2,2,0,0.136469116485612
19,137.3,174.1,55.3112,0.66,31,22,84,4.3,0.3,1,0,0,0,1,349.606481481482,45.297370805993,1,49,.,483,.,.,0,2,2,0,0.173802193592145
19,137.3,174.1,55.3112,0.66,31,22,84,4.3,0.3,1,0,0,0,1,349.606481481482,45.297370805993,1,49,.,485,.,.,0,2,2,0,0.0610123254098428
19,137.3,174.1,55.3112,0.66,31,22,84,4.3,0.3,1,0,0,0,1,349.606481481482,45.297370805993,1,49,.,486,.,.,0,2,2,0,0.174405783718144
19,137.3,174.1,55.3112,0.66,31,22,84,4.3,0.3,1,0,0,0,1,349.606481481482,45.297370805993,1,49,.,488,.,.,0,2,2,0,0.21859273896286
19,137.3,174.1,55.3112,0.66,31,22,84,4.3,0.3,1,0,0,0,1,349.606481481482,45.297370805993,1,49,.,492,.,.,0,2,2,0,0.128310124734734
19,137.3,174.1,55.3112,0.66,31,22,84,4.3,0.3,1,0,0,0,1,349.606481481482,45.297370805993,1,49,.,504,.,.,0,2,2,0,0.0606067035212466
19,137.3,174.1,55.3112,0.66,31,22,84,4.3,0.3,1,0,0,0,1,349.606481481482,45.297370805993,1,49,.,528,.,.,0,2,2,0,0.0703697137779732
19,137.3,174.1,55.3112,0.66,31,22,84,4.3,0.3,1,0,0,0,1,349.606481481482,45.297370805993,1,49,.,553.37,.,.,0,2,2,0,0.0230877100159724
19,137.3,174.1,55.3112,0.66,31,22,84,4.3,0.3,1,0,0,0,1,349.606481481482,45.297370805993,1,49,.,576,.,.,0,2,2,0,0.0177214874723621
19,137.3,174.1,55.3112,0.66,31,22,84,4.3,0.3,1,0,0,0,1,349.606481481482,45.297370805993,1,49,.,600,.,.,0,2,2,0,0.0113477045230351
19,137.3,174.1,55.3112,0.66,31,22,84,4.3,0.3,1,0,0,0,1,349.606481481482,45.297370805993,1,49,.,672,.,.,0,2,2,0,0.0234347933180684
19,137.3,174.1,55.3112,0.66,31,22,84,4.3,0.3,1,0,0,0,1,349.606481481482,45.297370805993,1,49,.,720,.,.,0,2,2,0,0.00866667766230691
22,103.6,170.7,30.7803,0.91,10,15,49,4.8,0.6,0,0,1,0,1,186.581196581197,35.5543475313923,1,50,129,0,.,.,1,1,2,1,.
22,103.6,170.7,30.7803,0.91,10,15,49,4.8,0.6,0,0,1,0,1,186.581196581197,35.5543475313923,1,50,.,1,.,.,0,2,2,0,0.0530940418559723
22,103.6,170.7,30.7803,0.91,10,15,49,4.8,0.6,0,0,1,0,1,186.581196581197,35.5543475313923,1,50,.,2,.,.,0,2,2,0,0.0620689195117669
22,103.6,170.7,30.7803,0.91,10,15,49,4.8,0.6,0,0,1,0,1,186.581196581197,35.5543475313923,1,50,.,3,.,.,0,2,2,0,0.155338652816026
22,103.6,170.7,30.7803,0.91,10,15,49,4.8,0.6,0,0,1,0,1,186.581196581197,35.5543475313923,1,50,.,5,.,.,0,2,2,0,0.116329938787873
22,103.6,170.7,30.7803,0.91,10,15,49,4.8,0.6,0,0,1,0,1,186.581196581197,35.5543475313923,1,50,.,6,.,.,0,2,2,0,0.0740205743529388
22,103.6,170.7,30.7803,0.91,10,15,49,4.8,0.6,0,0,1,0,1,186.581196581197,35.5543475313923,1,50,.,8,.,.,0,2,2,0,0.0903328807706788
22,103.6,170.7,30.7803,0.91,10,15,49,4.8,0.6,0,0,1,0,1,186.581196581197,35.5543475313923,1,50,.,12,.,.,0,2,2,0,0.0889129611809886
22,103.6,170.7,30.7803,0.91,10,15,49,4.8,0.6,0,0,1,0,1,186.581196581197,35.5543475313923,1,50,.,24,.,.,0,2,2,0,0.0562998019318195
22,103.6,170.7,30.7803,0.91,10,15,49,4.8,0.6,0,0,1,0,1,186.581196581197,35.5543475313923,1,50,129,24,.,.,1,1,2,1,.
22,103.6,170.7,30.7803,0.91,10,15,49,4.8,0.6,0,0,1,0,1,186.581196581197,35.5543475313923,1,50,.,47.92,.,.,0,2,2,0,0.0837920078909362
22,103.6,170.7,30.7803,0.91,10,15,49,4.8,0.6,0,0,1,0,1,186.581196581197,35.5543475313923,1,50,129,48,.,.,1,1,2,1,.
22,103.6,170.7,30.7803,0.91,10,15,49,4.8,0.6,0,0,1,0,1,186.581196581197,35.5543475313923,1,50,.,71.92,.,.,0,2,2,0,0.0951167804101807
22,103.6,170.7,30.7803,0.91,10,15,49,4.8,0.6,0,0,1,0,1,186.581196581197,35.5543475313923,1,50,129,72,.,.,1,1,2,1,.
22,103.6,170.7,30.7803,0.91,10,15,49,4.8,0.6,0,0,1,0,1,186.581196581197,35.5543475313923,1,50,129,96,.,.,1,1,2,1,.
22,103.6,170.7,30.7803,0.91,10,15,49,4.8,0.6,0,0,1,0,1,186.581196581197,35.5543475313923,1,50,.,119.92,.,.,0,2,2,0,0.073891636050429
22,103.6,170.7,30.7803,0.91,10,15,49,4.8,0.6,0,0,1,0,1,186.581196581197,35.5543475313923,1,50,129,120,.,.,1,1,2,1,.
22,103.6,170.7,30.7803,0.91,10,15,49,4.8,0.6,0,0,1,0,1,186.581196581197,35.5543475313923,1,50,129,144,.,.,1,1,2,1,.
22,103.6,170.7,30.7803,0.91,10,15,49,4.8,0.6,0,0,1,0,1,186.581196581197,35.5543475313923,1,50,129,168,.,.,1,1,2,1,.
22,103.6,170.7,30.7803,0.91,10,15,49,4.8,0.6,0,0,1,0,1,186.581196581197,35.5543475313923,1,50,.,191.92,.,.,0,2,2,0,0.0749683729032259
22,103.6,170.7,30.7803,0.91,10,15,49,4.8,0.6,0,0,1,0,1,186.581196581197,35.5543475313923,1,50,129,192,.,.,1,1,2,1,.
22,103.6,170.7,30.7803,0.91,10,15,49,4.8,0.6,0,0,1,0,1,186.581196581197,35.5543475313923,1,50,129,216,.,.,1,1,2,1,.
22,103.6,170.7,30.7803,0.91,10,15,49,4.8,0.6,0,0,1,0,1,186.581196581197,35.5543475313923,1,50,129,240,.,.,1,1,2,1,.
22,103.6,170.7,30.7803,0.91,10,15,49,4.8,0.6,0,0,1,0,1,186.581196581197,35.5543475313923,1,50,.,263.92,.,.,0,2,2,0,0.149500557140992
22,103.6,170.7,30.7803,0.91,10,15,49,4.8,0.6,0,0,1,0,1,186.581196581197,35.5543475313923,1,50,129,264,.,.,1,1,2,1,.
22,103.6,170.7,30.7803,0.91,10,15,49,4.8,0.6,0,0,1,0,1,186.581196581197,35.5543475313923,1,50,129,288,.,.,1,1,2,1,.
22,103.6,170.7,30.7803,0.91,10,15,49,4.8,0.6,0,0,1,0,1,186.581196581197,35.5543475313923,1,50,129,312,.,.,1,1,2,1,.
22,103.6,170.7,30.7803,0.91,10,15,49,4.8,0.6,0,0,1,0,1,186.581196581197,35.5543475313923,1,50,.,335.92,.,.,0,2,2,0,0.301470834408262
22,103.6,170.7,30.7803,0.91,10,15,49,4.8,0.6,0,0,1,0,1,186.581196581197,35.5543475313923,1,50,129,336,.,.,1,1,2,1,.
22,103.6,170.7,30.7803,0.91,10,15,49,4.8,0.6,0,0,1,0,1,186.581196581197,35.5543475313923,1,50,129,360,.,.,1,1,2,1,.
22,103.6,170.7,30.7803,0.91,10,15,49,4.8,0.6,0,0,1,0,1,186.581196581197,35.5543475313923,1,50,129,384,.,.,1,1,2,1,.
22,103.6,170.7,30.7803,0.91,10,15,49,4.8,0.6,0,0,1,0,1,186.581196581197,35.5543475313923,1,50,.,407.92,.,.,0,2,2,0,0.085111860127436
22,103.6,170.7,30.7803,0.91,10,15,49,4.8,0.6,0,0,1,0,1,186.581196581197,35.5543475313923,1,50,129,408,.,.,1,1,2,1,.
22,103.6,170.7,30.7803,0.91,10,15,49,4.8,0.6,0,0,1,0,1,186.581196581197,35.5543475313923,1,50,129,432,.,.,1,1,2,1,.
22,103.6,170.7,30.7803,0.91,10,15,49,4.8,0.6,0,0,1,0,1,186.581196581197,35.5543475313923,1,50,129,456,.,.,1,1,2,1,.
22,103.6,170.7,30.7803,0.91,10,15,49,4.8,0.6,0,0,1,0,1,186.581196581197,35.5543475313923,1,50,.,479.92,.,.,0,2,2,0,0.169174121610119
22,103.6,170.7,30.7803,0.91,10,15,49,4.8,0.6,0,0,1,0,1,186.581196581197,35.5543475313923,1,50,129,480,.,.,1,1,2,1,.
22,103.6,170.7,30.7803,0.91,10,15,49,4.8,0.6,0,0,1,0,1,186.581196581197,35.5543475313923,1,50,.,481,.,.,0,2,2,0,0.307423251241656
22,103.6,170.7,30.7803,0.91,10,15,49,4.8,0.6,0,0,1,0,1,186.581196581197,35.5543475313923,1,50,.,482,.,.,0,2,2,0,0.366888194949679
22,103.6,170.7,30.7803,0.91,10,15,49,4.8,0.6,0,0,1,0,1,186.581196581197,35.5543475313923,1,50,.,483,.,.,0,2,2,0,0.24124715211734
22,103.6,170.7,30.7803,0.91,10,15,49,4.8,0.6,0,0,1,0,1,186.581196581197,35.5543475313923,1,50,.,485,.,.,0,2,2,0,0.0420633364890113
22,103.6,170.7,30.7803,0.91,10,15,49,4.8,0.6,0,0,1,0,1,186.581196581197,35.5543475313923,1,50,.,486,.,.,0,2,2,0,0.543675914082873
22,103.6,170.7,30.7803,0.91,10,15,49,4.8,0.6,0,0,1,0,1,186.581196581197,35.5543475313923,1,50,.,488,.,.,0,2,2,0,0.40712950336976
22,103.6,170.7,30.7803,0.91,10,15,49,4.8,0.6,0,0,1,0,1,186.581196581197,35.5543475313923,1,50,.,492.08,.,.,0,2,2,0,0.304129133771295
22,103.6,170.7,30.7803,0.91,10,15,49,4.8,0.6,0,0,1,0,1,186.581196581197,35.5543475313923,1,50,.,504,.,.,0,2,2,0,0.0889893212919944
22,103.6,170.7,30.7803,0.91,10,15,49,4.8,0.6,0,0,1,0,1,186.581196581197,35.5543475313923,1,50,.,528,.,.,0,2,2,0,0.120837576151496
22,103.6,170.7,30.7803,0.91,10,15,49,4.8,0.6,0,0,1,0,1,186.581196581197,35.5543475313923,1,50,.,552,.,.,0,2,2,0,0.0800944012272042
22,103.6,170.7,30.7803,0.91,10,15,49,4.8,0.6,0,0,1,0,1,186.581196581197,35.5543475313923,1,50,.,576,.,.,0,2,2,0,0.0897425650381967
22,103.6,170.7,30.7803,0.91,10,15,49,4.8,0.6,0,0,1,0,1,186.581196581197,35.5543475313923,1,50,.,600.02,.,.,0,2,2,0,0.0991203595458384
22,103.6,170.7,30.7803,0.91,10,15,49,4.8,0.6,0,0,1,0,1,186.581196581197,35.5543475313923,1,50,.,672,.,.,0,2,2,0,0.000380938486392456
22,103.6,170.7,30.7803,0.91,10,15,49,4.8,0.6,0,0,1,0,1,186.581196581197,35.5543475313923,1,50,.,720,.,.,0,2,2,0,0.014879139966736
41,66.8,164.9,21.9058,0.78,18,22,50,4.5,0.5,1,0,0,0,2,100.092948717949,24.5660398036041,0,51,129,0,.,.,1,1,2,1,.
41,66.8,164.9,21.9058,0.78,18,22,50,4.5,0.5,1,0,0,0,2,100.092948717949,24.5660398036041,0,51,.,1,.,.,0,2,2,0,0.0670009361946085
41,66.8,164.9,21.9058,0.78,18,22,50,4.5,0.5,1,0,0,0,2,100.092948717949,24.5660398036041,0,51,.,2.02,.,.,0,2,2,0,0.151319377260857
41,66.8,164.9,21.9058,0.78,18,22,50,4.5,0.5,1,0,0,0,2,100.092948717949,24.5660398036041,0,51,.,3,.,.,0,2,2,0,0.14451309275104
41,66.8,164.9,21.9058,0.78,18,22,50,4.5,0.5,1,0,0,0,2,100.092948717949,24.5660398036041,0,51,.,5,.,.,0,2,2,0,0.167904256215888
41,66.8,164.9,21.9058,0.78,18,22,50,4.5,0.5,1,0,0,0,2,100.092948717949,24.5660398036041,0,51,.,6,.,.,0,2,2,0,0.124562769971406
41,66.8,164.9,21.9058,0.78,18,22,50,4.5,0.5,1,0,0,0,2,100.092948717949,24.5660398036041,0,51,.,8,.,.,0,2,2,0,0.138869795234864
41,66.8,164.9,21.9058,0.78,18,22,50,4.5,0.5,1,0,0,0,2,100.092948717949,24.5660398036041,0,51,.,12,.,.,0,2,2,0,0.120663145664557
41,66.8,164.9,21.9058,0.78,18,22,50,4.5,0.5,1,0,0,0,2,100.092948717949,24.5660398036041,0,51,.,23.92,.,.,0,2,2,0,0.121859986928243
27,78.4,164.9,31.7372,0.64,14,16,55,4.2,0.7,1,0,0,0,2,163.418402777778,28.8319988114156,0,52,80,0,.,.,1,1,5,1,.
27,78.4,164.9,31.7372,0.64,14,16,55,4.2,0.7,1,0,0,0,2,163.418402777778,28.8319988114156,0,52,80,24,.,.,1,1,5,1,.
27,78.4,164.9,31.7372,0.64,14,16,55,4.2,0.7,1,0,0,0,2,163.418402777778,28.8319988114156,0,52,.,47.98,.,.,0,2,5,0,0.0552187330421324
27,78.4,164.9,31.7372,0.64,14,16,55,4.2,0.7,1,0,0,0,2,163.418402777778,28.8319988114156,0,52,80,48,.,.,1,1,5,1,.
27,78.4,164.9,31.7372,0.64,14,16,55,4.2,0.7,1,0,0,0,2,163.418402777778,28.8319988114156,0,52,.,71.97,.,.,0,2,5,0,0.049139707178906
27,78.4,164.9,31.7372,0.64,14,16,55,4.2,0.7,1,0,0,0,2,163.418402777778,28.8319988114156,0,52,80,72,.,.,1,1,5,1,.
27,78.4,164.9,31.7372,0.64,14,16,55,4.2,0.7,1,0,0,0,2,163.418402777778,28.8319988114156,0,52,80,96,.,.,1,1,5,1,.
27,78.4,164.9,31.7372,0.64,14,16,55,4.2,0.7,1,0,0,0,2,163.418402777778,28.8319988114156,0,52,.,119.97,.,.,0,2,5,0,0.0670906813419363
27,78.4,164.9,31.7372,0.64,14,16,55,4.2,0.7,1,0,0,0,2,163.418402777778,28.8319988114156,0,52,80,120,.,.,1,1,5,1,.
27,78.4,164.9,31.7372,0.64,14,16,55,4.2,0.7,1,0,0,0,2,163.418402777778,28.8319988114156,0,52,80,144,.,.,1,1,5,1,.
27,78.4,164.9,31.7372,0.64,14,16,55,4.2,0.7,1,0,0,0,2,163.418402777778,28.8319988114156,0,52,80,168,.,.,1,1,5,1,.
27,78.4,164.9,31.7372,0.64,14,16,55,4.2,0.7,1,0,0,0,2,163.418402777778,28.8319988114156,0,52,.,191.97,.,.,0,2,5,0,0.0789915839422131
27,78.4,164.9,31.7372,0.64,14,16,55,4.2,0.7,1,0,0,0,2,163.418402777778,28.8319988114156,0,52,80,192,.,.,1,1,5,1,.
27,78.4,164.9,31.7372,0.64,14,16,55,4.2,0.7,1,0,0,0,2,163.418402777778,28.8319988114156,0,52,80,216,.,.,1,1,5,1,.
27,78.4,164.9,31.7372,0.64,14,16,55,4.2,0.7,1,0,0,0,2,163.418402777778,28.8319988114156,0,52,80,240,.,.,1,1,5,1,.
27,78.4,164.9,31.7372,0.64,14,16,55,4.2,0.7,1,0,0,0,2,163.418402777778,28.8319988114156,0,52,.,263.97,.,.,0,2,5,0,0.107136448502691
27,78.4,164.9,31.7372,0.64,14,16,55,4.2,0.7,1,0,0,0,2,163.418402777778,28.8319988114156,0,52,80,264,.,.,1,1,5,1,.
27,78.4,164.9,31.7372,0.64,14,16,55,4.2,0.7,1,0,0,0,2,163.418402777778,28.8319988114156,0,52,80,289,.,.,1,1,5,1,.
27,78.4,164.9,31.7372,0.64,14,16,55,4.2,0.7,1,0,0,0,2,163.418402777778,28.8319988114156,0,52,80,313,.,.,1,1,5,1,.
27,78.4,164.9,31.7372,0.64,14,16,55,4.2,0.7,1,0,0,0,2,163.418402777778,28.8319988114156,0,52,.,335.97,.,.,0,2,5,0,0.136534790738387
27,78.4,164.9,31.7372,0.64,14,16,55,4.2,0.7,1,0,0,0,2,163.418402777778,28.8319988114156,0,52,80,337,.,.,1,1,5,1,.
27,78.4,164.9,31.7372,0.64,14,16,55,4.2,0.7,1,0,0,0,2,163.418402777778,28.8319988114156,0,52,80,361,.,.,1,1,5,1,.
27,78.4,164.9,31.7372,0.64,14,16,55,4.2,0.7,1,0,0,0,2,163.418402777778,28.8319988114156,0,52,80,385,.,.,1,1,5,1,.
27,78.4,164.9,31.7372,0.64,14,16,55,4.2,0.7,1,0,0,0,2,163.418402777778,28.8319988114156,0,52,.,407.97,.,.,0,2,5,0,0.0847470241401524
27,78.4,164.9,31.7372,0.64,14,16,55,4.2,0.7,1,0,0,0,2,163.418402777778,28.8319988114156,0,52,80,409,.,.,1,1,5,1,.
27,78.4,164.9,31.7372,0.64,14,16,55,4.2,0.7,1,0,0,0,2,163.418402777778,28.8319988114156,0,52,80,433,.,.,1,1,5,1,.
27,78.4,164.9,31.7372,0.64,14,16,55,4.2,0.7,1,0,0,0,2,163.418402777778,28.8319988114156,0,52,80,457,.,.,1,1,5,1,.
27,78.4,164.9,31.7372,0.64,14,16,55,4.2,0.7,1,0,0,0,2,163.418402777778,28.8319988114156,0,52,.,479.97,.,.,0,2,5,0,0.102966449688443
27,78.4,164.9,31.7372,0.64,14,16,55,4.2,0.7,1,0,0,0,2,163.418402777778,28.8319988114156,0,52,.,481,.,.,0,2,5,0,0.103384405761567
27,78.4,164.9,31.7372,0.64,14,16,55,4.2,0.7,1,0,0,0,2,163.418402777778,28.8319988114156,0,52,80,481,.,.,1,1,5,1,.
27,78.4,164.9,31.7372,0.64,14,16,55,4.2,0.7,1,0,0,0,2,163.418402777778,28.8319988114156,0,52,.,482,.,.,0,2,5,0,0.118825304706914
27,78.4,164.9,31.7372,0.64,14,16,55,4.2,0.7,1,0,0,0,2,163.418402777778,28.8319988114156,0,52,.,483,.,.,0,2,5,0,0.165113824258072
27,78.4,164.9,31.7372,0.64,14,16,55,4.2,0.7,1,0,0,0,2,163.418402777778,28.8319988114156,0,52,.,484,.,.,0,2,5,0,0.153950503570357
27,78.4,164.9,31.7372,0.64,14,16,55,4.2,0.7,1,0,0,0,2,163.418402777778,28.8319988114156,0,52,.,485,.,.,0,2,5,0,0.147604640354638
27,78.4,164.9,31.7372,0.64,14,16,55,4.2,0.7,1,0,0,0,2,163.418402777778,28.8319988114156,0,52,.,486,.,.,0,2,5,0,0.0776925026514619
27,78.4,164.9,31.7372,0.64,14,16,55,4.2,0.7,1,0,0,0,2,163.418402777778,28.8319988114156,0,52,.,487,.,.,0,2,5,0,0.136095201271981
27,78.4,164.9,31.7372,0.64,14,16,55,4.2,0.7,1,0,0,0,2,163.418402777778,28.8319988114156,0,52,.,488,.,.,0,2,5,0,0.0870751217301854
27,78.4,164.9,31.7372,0.64,14,16,55,4.2,0.7,1,0,0,0,2,163.418402777778,28.8319988114156,0,52,.,492,.,.,0,2,5,0,0.16744336586995
27,78.4,164.9,31.7372,0.64,14,16,55,4.2,0.7,1,0,0,0,2,163.418402777778,28.8319988114156,0,52,.,504,.,.,0,2,5,0,0.0800585851129636
22,64.6,171.3,11.1586,0.89,17,21,67,4.1,0.4,0,0,1,0,1,118.957553058677,22.0149544927717,0,53,190,0,.,.,1,1,5,1,.
22,64.6,171.3,11.1586,0.89,17,21,67,4.1,0.4,0,0,1,0,1,118.957553058677,22.0149544927717,0,53,190,24,.,.,1,1,5,1,.
22,64.6,171.3,11.1586,0.89,17,21,67,4.1,0.4,0,0,1,0,1,118.957553058677,22.0149544927717,0,53,.,47.97,.,.,0,2,5,0,0.112141190602557
22,64.6,171.3,11.1586,0.89,17,21,67,4.1,0.4,0,0,1,0,1,118.957553058677,22.0149544927717,0,53,190,48,.,.,1,1,5,1,.
22,64.6,171.3,11.1586,0.89,17,21,67,4.1,0.4,0,0,1,0,1,118.957553058677,22.0149544927717,0,53,.,71.97,.,.,0,2,5,0,0.212978902438596
22,64.6,171.3,11.1586,0.89,17,21,67,4.1,0.4,0,0,1,0,1,118.957553058677,22.0149544927717,0,53,190,72,.,.,1,1,5,1,.
22,64.6,171.3,11.1586,0.89,17,21,67,4.1,0.4,0,0,1,0,1,118.957553058677,22.0149544927717,0,53,190,96,.,.,1,1,5,1,.
22,64.6,171.3,11.1586,0.89,17,21,67,4.1,0.4,0,0,1,0,1,118.957553058677,22.0149544927717,0,53,190,120,.,.,1,1,5,1,.
22,64.6,171.3,11.1586,0.89,17,21,67,4.1,0.4,0,0,1,0,1,118.957553058677,22.0149544927717,0,53,.,120.05,.,.,0,2,5,0,0.190528101296353
22,64.6,171.3,11.1586,0.89,17,21,67,4.1,0.4,0,0,1,0,1,118.957553058677,22.0149544927717,0,53,190,144,.,.,1,1,5,1,.
22,64.6,171.3,11.1586,0.89,17,21,67,4.1,0.4,0,0,1,0,1,118.957553058677,22.0149544927717,0,53,190,168,.,.,1,1,5,1,.
22,64.6,171.3,11.1586,0.89,17,21,67,4.1,0.4,0,0,1,0,1,118.957553058677,22.0149544927717,0,53,.,191.97,.,.,0,2,5,0,0.164823168886081
22,64.6,171.3,11.1586,0.89,17,21,67,4.1,0.4,0,0,1,0,1,118.957553058677,22.0149544927717,0,53,190,192,.,.,1,1,5,1,.
22,64.6,171.3,11.1586,0.89,17,21,67,4.1,0.4,0,0,1,0,1,118.957553058677,22.0149544927717,0,53,190,216,.,.,1,1,5,1,.
22,64.6,171.3,11.1586,0.89,17,21,67,4.1,0.4,0,0,1,0,1,118.957553058677,22.0149544927717,0,53,190,240,.,.,1,1,5,1,.
22,64.6,171.3,11.1586,0.89,17,21,67,4.1,0.4,0,0,1,0,1,118.957553058677,22.0149544927717,0,53,190,264,.,.,1,1,5,1,.
22,64.6,171.3,11.1586,0.89,17,21,67,4.1,0.4,0,0,1,0,1,118.957553058677,22.0149544927717,0,53,190,289,.,.,1,1,5,1,.
22,64.6,171.3,11.1586,0.89,17,21,67,4.1,0.4,0,0,1,0,1,118.957553058677,22.0149544927717,0,53,190,313,.,.,1,1,5,1,.
22,64.6,171.3,11.1586,0.89,17,21,67,4.1,0.4,0,0,1,0,1,118.957553058677,22.0149544927717,0,53,.,335.97,.,.,0,2,5,0,0.174036776933273
22,64.6,171.3,11.1586,0.89,17,21,67,4.1,0.4,0,0,1,0,1,118.957553058677,22.0149544927717,0,53,190,337,.,.,1,1,5,1,.
22,64.6,171.3,11.1586,0.89,17,21,67,4.1,0.4,0,0,1,0,1,118.957553058677,22.0149544927717,0,53,190,361,.,.,1,1,5,1,.
22,64.6,171.3,11.1586,0.89,17,21,67,4.1,0.4,0,0,1,0,1,118.957553058677,22.0149544927717,0,53,190,385,.,.,1,1,5,1,.
22,64.6,171.3,11.1586,0.89,17,21,67,4.1,0.4,0,0,1,0,1,118.957553058677,22.0149544927717,0,53,.,407.97,.,.,0,2,5,0,0.548104409396218
22,64.6,171.3,11.1586,0.89,17,21,67,4.1,0.4,0,0,1,0,1,118.957553058677,22.0149544927717,0,53,190,409,.,.,1,1,5,1,.
22,64.6,171.3,11.1586,0.89,17,21,67,4.1,0.4,0,0,1,0,1,118.957553058677,22.0149544927717,0,53,190,433,.,.,1,1,5,1,.
22,64.6,171.3,11.1586,0.89,17,21,67,4.1,0.4,0,0,1,0,1,118.957553058677,22.0149544927717,0,53,190,457,.,.,1,1,5,1,.
22,64.6,171.3,11.1586,0.89,17,21,67,4.1,0.4,0,0,1,0,1,118.957553058677,22.0149544927717,0,53,.,479.97,.,.,0,2,5,0,0.371872495170649
22,64.6,171.3,11.1586,0.89,17,21,67,4.1,0.4,0,0,1,0,1,118.957553058677,22.0149544927717,0,53,.,481,.,.,0,2,5,0,0.272956750505035
22,64.6,171.3,11.1586,0.89,17,21,67,4.1,0.4,0,0,1,0,1,118.957553058677,22.0149544927717,0,53,190,481,.,.,1,1,5,1,.
22,64.6,171.3,11.1586,0.89,17,21,67,4.1,0.4,0,0,1,0,1,118.957553058677,22.0149544927717,0,53,.,482,.,.,0,2,5,0,0.104438389112904
22,64.6,171.3,11.1586,0.89,17,21,67,4.1,0.4,0,0,1,0,1,118.957553058677,22.0149544927717,0,53,.,483,.,.,0,2,5,0,0.254011678370927
22,64.6,171.3,11.1586,0.89,17,21,67,4.1,0.4,0,0,1,0,1,118.957553058677,22.0149544927717,0,53,.,484.15,.,.,0,2,5,0,0.393080270121313
22,64.6,171.3,11.1586,0.89,17,21,67,4.1,0.4,0,0,1,0,1,118.957553058677,22.0149544927717,0,53,.,485,.,.,0,2,5,0,0.687209220591467
22,64.6,171.3,11.1586,0.89,17,21,67,4.1,0.4,0,0,1,0,1,118.957553058677,22.0149544927717,0,53,.,486,.,.,0,2,5,0,0.75348965556327
22,64.6,171.3,11.1586,0.89,17,21,67,4.1,0.4,0,0,1,0,1,118.957553058677,22.0149544927717,0,53,.,487,.,.,0,2,5,0,0.493541482321762
22,64.6,171.3,11.1586,0.89,17,21,67,4.1,0.4,0,0,1,0,1,118.957553058677,22.0149544927717,0,53,.,488,.,.,0,2,5,0,0.586694541908529
22,64.6,171.3,11.1586,0.89,17,21,67,4.1,0.4,0,0,1,0,1,118.957553058677,22.0149544927717,0,53,.,492,.,.,0,2,5,0,0.476018702390493
22,64.6,171.3,11.1586,0.89,17,21,67,4.1,0.4,0,0,1,0,1,118.957553058677,22.0149544927717,0,53,.,504,.,.,0,2,5,0,0.419334644990154
41,99,164.1,30.4145,0.9,26,25,70,4.5,0.3,1,0,0,0,1,151.25,36.7636000254003,1,54,80,0,.,.,1,1,5,1,.
41,99,164.1,30.4145,0.9,26,25,70,4.5,0.3,1,0,0,0,1,151.25,36.7636000254003,1,54,80,24,.,.,1,1,5,1,.
41,99,164.1,30.4145,0.9,26,25,70,4.5,0.3,1,0,0,0,1,151.25,36.7636000254003,1,54,.,47.97,.,.,0,2,5,0,0.0857611773018857
41,99,164.1,30.4145,0.9,26,25,70,4.5,0.3,1,0,0,0,1,151.25,36.7636000254003,1,54,80,48,.,.,1,1,5,1,.
41,99,164.1,30.4145,0.9,26,25,70,4.5,0.3,1,0,0,0,1,151.25,36.7636000254003,1,54,.,71.97,.,.,0,2,5,0,0.0730685739352756
41,99,164.1,30.4145,0.9,26,25,70,4.5,0.3,1,0,0,0,1,151.25,36.7636000254003,1,54,80,72,.,.,1,1,5,1,.
41,99,164.1,30.4145,0.9,26,25,70,4.5,0.3,1,0,0,0,1,151.25,36.7636000254003,1,54,80,96,.,.,1,1,5,1,.
41,99,164.1,30.4145,0.9,26,25,70,4.5,0.3,1,0,0,0,1,151.25,36.7636000254003,1,54,.,119.97,.,.,0,2,5,0,0.144394018868384
41,99,164.1,30.4145,0.9,26,25,70,4.5,0.3,1,0,0,0,1,151.25,36.7636000254003,1,54,80,120,.,.,1,1,5,1,.
41,99,164.1,30.4145,0.9,26,25,70,4.5,0.3,1,0,0,0,1,151.25,36.7636000254003,1,54,80,144,.,.,1,1,5,1,.
41,99,164.1,30.4145,0.9,26,25,70,4.5,0.3,1,0,0,0,1,151.25,36.7636000254003,1,54,80,168,.,.,1,1,5,1,.
41,99,164.1,30.4145,0.9,26,25,70,4.5,0.3,1,0,0,0,1,151.25,36.7636000254003,1,54,.,191.97,.,.,0,2,5,0,0.245409012279864
41,99,164.1,30.4145,0.9,26,25,70,4.5,0.3,1,0,0,0,1,151.25,36.7636000254003,1,54,80,192,.,.,1,1,5,1,.
41,99,164.1,30.4145,0.9,26,25,70,4.5,0.3,1,0,0,0,1,151.25,36.7636000254003,1,54,80,216,.,.,1,1,5,1,.
41,99,164.1,30.4145,0.9,26,25,70,4.5,0.3,1,0,0,0,1,151.25,36.7636000254003,1,54,80,240,.,.,1,1,5,1,.
41,99,164.1,30.4145,0.9,26,25,70,4.5,0.3,1,0,0,0,1,151.25,36.7636000254003,1,54,.,263.97,.,.,0,2,5,0,0.351836547406152
41,99,164.1,30.4145,0.9,26,25,70,4.5,0.3,1,0,0,0,1,151.25,36.7636000254003,1,54,80,264,.,.,1,1,5,1,.
41,99,164.1,30.4145,0.9,26,25,70,4.5,0.3,1,0,0,0,1,151.25,36.7636000254003,1,54,80,289,.,.,1,1,5,1,.
41,99,164.1,30.4145,0.9,26,25,70,4.5,0.3,1,0,0,0,1,151.25,36.7636000254003,1,54,80,313,.,.,1,1,5,1,.
41,99,164.1,30.4145,0.9,26,25,70,4.5,0.3,1,0,0,0,1,151.25,36.7636000254003,1,54,.,335.97,.,.,0,2,5,0,0.291154001541433
41,99,164.1,30.4145,0.9,26,25,70,4.5,0.3,1,0,0,0,1,151.25,36.7636000254003,1,54,80,337,.,.,1,1,5,1,.
41,99,164.1,30.4145,0.9,26,25,70,4.5,0.3,1,0,0,0,1,151.25,36.7636000254003,1,54,80,361,.,.,1,1,5,1,.
41,99,164.1,30.4145,0.9,26,25,70,4.5,0.3,1,0,0,0,1,151.25,36.7636000254003,1,54,80,385,.,.,1,1,5,1,.
41,99,164.1,30.4145,0.9,26,25,70,4.5,0.3,1,0,0,0,1,151.25,36.7636000254003,1,54,.,407.97,.,.,0,2,5,0,0.25573549523109
41,99,164.1,30.4145,0.9,26,25,70,4.5,0.3,1,0,0,0,1,151.25,36.7636000254003,1,54,80,409,.,.,1,1,5,1,.
41,99,164.1,30.4145,0.9,26,25,70,4.5,0.3,1,0,0,0,1,151.25,36.7636000254003,1,54,80,433,.,.,1,1,5,1,.
41,99,164.1,30.4145,0.9,26,25,70,4.5,0.3,1,0,0,0,1,151.25,36.7636000254003,1,54,80,457,.,.,1,1,5,1,.
41,99,164.1,30.4145,0.9,26,25,70,4.5,0.3,1,0,0,0,1,151.25,36.7636000254003,1,54,.,479.97,.,.,0,2,5,0,0.335209642407034
41,99,164.1,30.4145,0.9,26,25,70,4.5,0.3,1,0,0,0,1,151.25,36.7636000254003,1,54,.,481,.,.,0,2,5,0,0.307150735231926
41,99,164.1,30.4145,0.9,26,25,70,4.5,0.3,1,0,0,0,1,151.25,36.7636000254003,1,54,80,481,.,.,1,1,5,1,.
41,99,164.1,30.4145,0.9,26,25,70,4.5,0.3,1,0,0,0,1,151.25,36.7636000254003,1,54,.,482,.,.,0,2,5,0,0.256483947036327
41,99,164.1,30.4145,0.9,26,25,70,4.5,0.3,1,0,0,0,1,151.25,36.7636000254003,1,54,.,483,.,.,0,2,5,0,0.127363762516225
41,99,164.1,30.4145,0.9,26,25,70,4.5,0.3,1,0,0,0,1,151.25,36.7636000254003,1,54,.,484,.,.,0,2,5,0,0.268650352245239
41,99,164.1,30.4145,0.9,26,25,70,4.5,0.3,1,0,0,0,1,151.25,36.7636000254003,1,54,.,485,.,.,0,2,5,0,0.382543924614096
41,99,164.1,30.4145,0.9,26,25,70,4.5,0.3,1,0,0,0,1,151.25,36.7636000254003,1,54,.,486,.,.,0,2,5,0,0.183303931032592
41,99,164.1,30.4145,0.9,26,25,70,4.5,0.3,1,0,0,0,1,151.25,36.7636000254003,1,54,.,487,.,.,0,2,5,0,0.369018290698256
41,99,164.1,30.4145,0.9,26,25,70,4.5,0.3,1,0,0,0,1,151.25,36.7636000254003,1,54,.,488,.,.,0,2,5,0,0.42624299611515
41,99,164.1,30.4145,0.9,26,25,70,4.5,0.3,1,0,0,0,1,151.25,36.7636000254003,1,54,.,492,.,.,0,2,5,0,0.296603444173288
41,99,164.1,30.4145,0.9,26,25,70,4.5,0.3,1,0,0,0,1,151.25,36.7636000254003,1,54,.,504,.,.,0,2,5,0,0.132964208424752
28,70.5,162.8,21.9399,0.66,21,22,54,4.6,0.3,1,0,0,0,1,166.161616161616,26.5999191060616,0,55,190,0,.,.,1,1,5,1,.
28,70.5,162.8,21.9399,0.66,21,22,54,4.6,0.3,1,0,0,0,1,166.161616161616,26.5999191060616,0,55,190,24,.,.,1,1,5,1,.
28,70.5,162.8,21.9399,0.66,21,22,54,4.6,0.3,1,0,0,0,1,166.161616161616,26.5999191060616,0,55,.,47.97,.,.,0,2,5,0,0.160372849529459
28,70.5,162.8,21.9399,0.66,21,22,54,4.6,0.3,1,0,0,0,1,166.161616161616,26.5999191060616,0,55,190,48,.,.,1,1,5,1,.
28,70.5,162.8,21.9399,0.66,21,22,54,4.6,0.3,1,0,0,0,1,166.161616161616,26.5999191060616,0,55,.,71.97,.,.,0,2,5,0,0.150241776829022
28,70.5,162.8,21.9399,0.66,21,22,54,4.6,0.3,1,0,0,0,1,166.161616161616,26.5999191060616,0,55,190,72,.,.,1,1,5,1,.
28,70.5,162.8,21.9399,0.66,21,22,54,4.6,0.3,1,0,0,0,1,166.161616161616,26.5999191060616,0,55,190,96,.,.,1,1,5,1,.
28,70.5,162.8,21.9399,0.66,21,22,54,4.6,0.3,1,0,0,0,1,166.161616161616,26.5999191060616,0,55,.,119.97,.,.,0,2,5,0,0.26641752760049
28,70.5,162.8,21.9399,0.66,21,22,54,4.6,0.3,1,0,0,0,1,166.161616161616,26.5999191060616,0,55,190,120,.,.,1,1,5,1,.
28,70.5,162.8,21.9399,0.66,21,22,54,4.6,0.3,1,0,0,0,1,166.161616161616,26.5999191060616,0,55,190,144,.,.,1,1,5,1,.
28,70.5,162.8,21.9399,0.66,21,22,54,4.6,0.3,1,0,0,0,1,166.161616161616,26.5999191060616,0,55,190,168,.,.,1,1,5,1,.
28,70.5,162.8,21.9399,0.66,21,22,54,4.6,0.3,1,0,0,0,1,166.161616161616,26.5999191060616,0,55,.,191.97,.,.,0,2,5,0,0.197843444861675
28,70.5,162.8,21.9399,0.66,21,22,54,4.6,0.3,1,0,0,0,1,166.161616161616,26.5999191060616,0,55,190,192,.,.,1,1,5,1,.
28,70.5,162.8,21.9399,0.66,21,22,54,4.6,0.3,1,0,0,0,1,166.161616161616,26.5999191060616,0,55,190,216,.,.,1,1,5,1,.
28,70.5,162.8,21.9399,0.66,21,22,54,4.6,0.3,1,0,0,0,1,166.161616161616,26.5999191060616,0,55,190,240,.,.,1,1,5,1,.
28,70.5,162.8,21.9399,0.66,21,22,54,4.6,0.3,1,0,0,0,1,166.161616161616,26.5999191060616,0,55,.,263.93,.,.,0,2,5,0,0.528604287310506
28,70.5,162.8,21.9399,0.66,21,22,54,4.6,0.3,1,0,0,0,1,166.161616161616,26.5999191060616,0,55,190,264,.,.,1,1,5,1,.
28,70.5,162.8,21.9399,0.66,21,22,54,4.6,0.3,1,0,0,0,1,166.161616161616,26.5999191060616,0,55,190,288.03,.,.,1,1,5,1,.
28,70.5,162.8,21.9399,0.66,21,22,54,4.6,0.3,1,0,0,0,1,166.161616161616,26.5999191060616,0,55,190,312,.,.,1,1,5,1,.
28,70.5,162.8,21.9399,0.66,21,22,54,4.6,0.3,1,0,0,0,1,166.161616161616,26.5999191060616,0,55,.,336,.,.,0,2,5,0,0.335752590077146
28,70.5,162.8,21.9399,0.66,21,22,54,4.6,0.3,1,0,0,0,1,166.161616161616,26.5999191060616,0,55,190,336,.,.,1,1,5,1,.
28,70.5,162.8,21.9399,0.66,21,22,54,4.6,0.3,1,0,0,0,1,166.161616161616,26.5999191060616,0,55,190,360,.,.,1,1,5,1,.
28,70.5,162.8,21.9399,0.66,21,22,54,4.6,0.3,1,0,0,0,1,166.161616161616,26.5999191060616,0,55,190,384,.,.,1,1,5,1,.
28,70.5,162.8,21.9399,0.66,21,22,54,4.6,0.3,1,0,0,0,1,166.161616161616,26.5999191060616,0,55,.,407.97,.,.,0,2,5,0,0.521067457839826
28,70.5,162.8,21.9399,0.66,21,22,54,4.6,0.3,1,0,0,0,1,166.161616161616,26.5999191060616,0,55,190,408,.,.,1,1,5,1,.
28,70.5,162.8,21.9399,0.66,21,22,54,4.6,0.3,1,0,0,0,1,166.161616161616,26.5999191060616,0,55,190,432,.,.,1,1,5,1,.
28,70.5,162.8,21.9399,0.66,21,22,54,4.6,0.3,1,0,0,0,1,166.161616161616,26.5999191060616,0,55,190,456,.,.,1,1,5,1,.
28,70.5,162.8,21.9399,0.66,21,22,54,4.6,0.3,1,0,0,0,1,166.161616161616,26.5999191060616,0,55,.,479.98,.,.,0,2,5,0,0.308903911347885
28,70.5,162.8,21.9399,0.66,21,22,54,4.6,0.3,1,0,0,0,1,166.161616161616,26.5999191060616,0,55,190,480,.,.,1,1,5,1,.
28,70.5,162.8,21.9399,0.66,21,22,54,4.6,0.3,1,0,0,0,1,166.161616161616,26.5999191060616,0,55,.,481,.,.,0,2,5,0,0.721346710125022
28,70.5,162.8,21.9399,0.66,21,22,54,4.6,0.3,1,0,0,0,1,166.161616161616,26.5999191060616,0,55,.,482,.,.,0,2,5,0,0.312104785685622
28,70.5,162.8,21.9399,0.66,21,22,54,4.6,0.3,1,0,0,0,1,166.161616161616,26.5999191060616,0,55,.,483,.,.,0,2,5,0,0.557566463380125
28,70.5,162.8,21.9399,0.66,21,22,54,4.6,0.3,1,0,0,0,1,166.161616161616,26.5999191060616,0,55,.,484,.,.,0,2,5,0,0.627388500508713
28,70.5,162.8,21.9399,0.66,21,22,54,4.6,0.3,1,0,0,0,1,166.161616161616,26.5999191060616,0,55,.,485,.,.,0,2,5,0,0.676475385937782
28,70.5,162.8,21.9399,0.66,21,22,54,4.6,0.3,1,0,0,0,1,166.161616161616,26.5999191060616,0,55,.,486,.,.,0,2,5,0,0.700964699374823
28,70.5,162.8,21.9399,0.66,21,22,54,4.6,0.3,1,0,0,0,1,166.161616161616,26.5999191060616,0,55,.,487,.,.,0,2,5,0,0.353514808547069
28,70.5,162.8,21.9399,0.66,21,22,54,4.6,0.3,1,0,0,0,1,166.161616161616,26.5999191060616,0,55,.,488,.,.,0,2,5,0,0.231164700962035
28,70.5,162.8,21.9399,0.66,21,22,54,4.6,0.3,1,0,0,0,1,166.161616161616,26.5999191060616,0,55,.,492,.,.,0,2,5,0,0.768914289733047
28,70.5,162.8,21.9399,0.66,21,22,54,4.6,0.3,1,0,0,0,1,166.161616161616,26.5999191060616,0,55,.,504,.,.,0,2,5,0,0.498024546683353
23,75.8,154,35.56,0.56,21,22,72,4.4,0.1,1,0,0,0,2,186.962053571429,31.9615449485579,1,56,80,0,.,.,1,1,5,1,.
23,75.8,154,35.56,0.56,21,22,72,4.4,0.1,1,0,0,0,2,186.962053571429,31.9615449485579,1,56,80,24,.,.,1,1,5,1,.
23,75.8,154,35.56,0.56,21,22,72,4.4,0.1,1,0,0,0,2,186.962053571429,31.9615449485579,1,56,.,47.97,.,.,0,2,5,0,0.043552216058932
23,75.8,154,35.56,0.56,21,22,72,4.4,0.1,1,0,0,0,2,186.962053571429,31.9615449485579,1,56,80,48,.,.,1,1,5,1,.
23,75.8,154,35.56,0.56,21,22,72,4.4,0.1,1,0,0,0,2,186.962053571429,31.9615449485579,1,56,.,71.97,.,.,0,2,5,0,0.0657635717041248
23,75.8,154,35.56,0.56,21,22,72,4.4,0.1,1,0,0,0,2,186.962053571429,31.9615449485579,1,56,80,72,.,.,1,1,5,1,.
23,75.8,154,35.56,0.56,21,22,72,4.4,0.1,1,0,0,0,2,186.962053571429,31.9615449485579,1,56,80,96,.,.,1,1,5,1,.
23,75.8,154,35.56,0.56,21,22,72,4.4,0.1,1,0,0,0,2,186.962053571429,31.9615449485579,1,56,.,119.97,.,.,0,2,5,0,0.0347057324639161
23,75.8,154,35.56,0.56,21,22,72,4.4,0.1,1,0,0,0,2,186.962053571429,31.9615449485579,1,56,80,120,.,.,1,1,5,1,.
23,75.8,154,35.56,0.56,21,22,72,4.4,0.1,1,0,0,0,2,186.962053571429,31.9615449485579,1,56,80,144,.,.,1,1,5,1,.
23,75.8,154,35.56,0.56,21,22,72,4.4,0.1,1,0,0,0,2,186.962053571429,31.9615449485579,1,56,80,168,.,.,1,1,5,1,.
23,75.8,154,35.56,0.56,21,22,72,4.4,0.1,1,0,0,0,2,186.962053571429,31.9615449485579,1,56,.,191.98,.,.,0,2,5,0,0.104929479653364
23,75.8,154,35.56,0.56,21,22,72,4.4,0.1,1,0,0,0,2,186.962053571429,31.9615449485579,1,56,80,192,.,.,1,1,5,1,.
23,75.8,154,35.56,0.56,21,22,72,4.4,0.1,1,0,0,0,2,186.962053571429,31.9615449485579,1,56,80,216.02,.,.,1,1,5,1,.
23,75.8,154,35.56,0.56,21,22,72,4.4,0.1,1,0,0,0,2,186.962053571429,31.9615449485579,1,56,80,240,.,.,1,1,5,1,.
23,75.8,154,35.56,0.56,21,22,72,4.4,0.1,1,0,0,0,2,186.962053571429,31.9615449485579,1,56,.,263.97,.,.,0,2,5,0,0.0827864141580628
23,75.8,154,35.56,0.56,21,22,72,4.4,0.1,1,0,0,0,2,186.962053571429,31.9615449485579,1,56,80,264,.,.,1,1,5,1,.
23,75.8,154,35.56,0.56,21,22,72,4.4,0.1,1,0,0,0,2,186.962053571429,31.9615449485579,1,56,80,288.03,.,.,1,1,5,1,.
23,75.8,154,35.56,0.56,21,22,72,4.4,0.1,1,0,0,0,2,186.962053571429,31.9615449485579,1,56,80,312,.,.,1,1,5,1,.
23,75.8,154,35.56,0.56,21,22,72,4.4,0.1,1,0,0,0,2,186.962053571429,31.9615449485579,1,56,.,335.97,.,.,0,2,5,0,0.0946054566917532
23,75.8,154,35.56,0.56,21,22,72,4.4,0.1,1,0,0,0,2,186.962053571429,31.9615449485579,1,56,80,336,.,.,1,1,5,1,.
23,75.8,154,35.56,0.56,21,22,72,4.4,0.1,1,0,0,0,2,186.962053571429,31.9615449485579,1,56,80,360,.,.,1,1,5,1,.
23,75.8,154,35.56,0.56,21,22,72,4.4,0.1,1,0,0,0,2,186.962053571429,31.9615449485579,1,56,80,384,.,.,1,1,5,1,.
23,75.8,154,35.56,0.56,21,22,72,4.4,0.1,1,0,0,0,2,186.962053571429,31.9615449485579,1,56,.,407.97,.,.,0,2,5,0,0.0958884396974623
23,75.8,154,35.56,0.56,21,22,72,4.4,0.1,1,0,0,0,2,186.962053571429,31.9615449485579,1,56,80,408,.,.,1,1,5,1,.
23,75.8,154,35.56,0.56,21,22,72,4.4,0.1,1,0,0,0,2,186.962053571429,31.9615449485579,1,56,80,432,.,.,1,1,5,1,.
23,75.8,154,35.56,0.56,21,22,72,4.4,0.1,1,0,0,0,2,186.962053571429,31.9615449485579,1,56,80,456,.,.,1,1,5,1,.
23,75.8,154,35.56,0.56,21,22,72,4.4,0.1,1,0,0,0,2,186.962053571429,31.9615449485579,1,56,.,479.97,.,.,0,2,5,0,0.0816853905496235
23,75.8,154,35.56,0.56,21,22,72,4.4,0.1,1,0,0,0,2,186.962053571429,31.9615449485579,1,56,80,480,.,.,1,1,5,1,.
23,75.8,154,35.56,0.56,21,22,72,4.4,0.1,1,0,0,0,2,186.962053571429,31.9615449485579,1,56,.,481,.,.,0,2,5,0,0.161857322886066
23,75.8,154,35.56,0.56,21,22,72,4.4,0.1,1,0,0,0,2,186.962053571429,31.9615449485579,1,56,.,482,.,.,0,2,5,0,0.21516511896207
23,75.8,154,35.56,0.56,21,22,72,4.4,0.1,1,0,0,0,2,186.962053571429,31.9615449485579,1,56,.,483,.,.,0,2,5,0,0.151316243284912
23,75.8,154,35.56,0.56,21,22,72,4.4,0.1,1,0,0,0,2,186.962053571429,31.9615449485579,1,56,.,484,.,.,0,2,5,0,0.191594771633867
23,75.8,154,35.56,0.56,21,22,72,4.4,0.1,1,0,0,0,2,186.962053571429,31.9615449485579,1,56,.,485,.,.,0,2,5,0,0.147303188905998
23,75.8,154,35.56,0.56,21,22,72,4.4,0.1,1,0,0,0,2,186.962053571429,31.9615449485579,1,56,.,486,.,.,0,2,5,0,0.245864565900426
23,75.8,154,35.56,0.56,21,22,72,4.4,0.1,1,0,0,0,2,186.962053571429,31.9615449485579,1,56,.,487,.,.,0,2,5,0,0.232872327229173
23,75.8,154,35.56,0.56,21,22,72,4.4,0.1,1,0,0,0,2,186.962053571429,31.9615449485579,1,56,.,488,.,.,0,2,5,0,0.192607038516538
23,75.8,154,35.56,0.56,21,22,72,4.4,0.1,1,0,0,0,2,186.962053571429,31.9615449485579,1,56,.,492,.,.,0,2,5,0,0.109928621150423
23,75.8,154,35.56,0.56,21,22,72,4.4,0.1,1,0,0,0,2,186.962053571429,31.9615449485579,1,56,.,504,.,.,0,2,5,0,0.148622592569626
21,117.8,173.8,41.1938,0.98,19,20,70,4,0.6,0,0,1,0,1,198.670634920635,38.9983063214334,1,57,190,0,.,.,1,1,5,1,.
21,117.8,173.8,41.1938,0.98,19,20,70,4,0.6,0,0,1,0,1,198.670634920635,38.9983063214334,1,57,190,24,.,.,1,1,5,1,.
21,117.8,173.8,41.1938,0.98,19,20,70,4,0.6,0,0,1,0,1,198.670634920635,38.9983063214334,1,57,.,47.97,.,.,0,2,5,0,0.1869887925387
21,117.8,173.8,41.1938,0.98,19,20,70,4,0.6,0,0,1,0,1,198.670634920635,38.9983063214334,1,57,190,48,.,.,1,1,5,1,.
21,117.8,173.8,41.1938,0.98,19,20,70,4,0.6,0,0,1,0,1,198.670634920635,38.9983063214334,1,57,.,71.97,.,.,0,2,5,0,0.199817811214311
21,117.8,173.8,41.1938,0.98,19,20,70,4,0.6,0,0,1,0,1,198.670634920635,38.9983063214334,1,57,190,72,.,.,1,1,5,1,.
21,117.8,173.8,41.1938,0.98,19,20,70,4,0.6,0,0,1,0,1,198.670634920635,38.9983063214334,1,57,190,96,.,.,1,1,5,1,.
21,117.8,173.8,41.1938,0.98,19,20,70,4,0.6,0,0,1,0,1,198.670634920635,38.9983063214334,1,57,.,119.97,.,.,0,2,5,0,0.0789376511269577
21,117.8,173.8,41.1938,0.98,19,20,70,4,0.6,0,0,1,0,1,198.670634920635,38.9983063214334,1,57,190,120,.,.,1,1,5,1,.
21,117.8,173.8,41.1938,0.98,19,20,70,4,0.6,0,0,1,0,1,198.670634920635,38.9983063214334,1,57,190,144,.,.,1,1,5,1,.
21,117.8,173.8,41.1938,0.98,19,20,70,4,0.6,0,0,1,0,1,198.670634920635,38.9983063214334,1,57,190,168,.,.,1,1,5,1,.
21,117.8,173.8,41.1938,0.98,19,20,70,4,0.6,0,0,1,0,1,198.670634920635,38.9983063214334,1,57,.,191.97,.,.,0,2,5,0,0.229346948524381
21,117.8,173.8,41.1938,0.98,19,20,70,4,0.6,0,0,1,0,1,198.670634920635,38.9983063214334,1,57,190,192,.,.,1,1,5,1,.
21,117.8,173.8,41.1938,0.98,19,20,70,4,0.6,0,0,1,0,1,198.670634920635,38.9983063214334,1,57,190,216.03,.,.,1,1,5,1,.
21,117.8,173.8,41.1938,0.98,19,20,70,4,0.6,0,0,1,0,1,198.670634920635,38.9983063214334,1,57,190,240,.,.,1,1,5,1,.
21,117.8,173.8,41.1938,0.98,19,20,70,4,0.6,0,0,1,0,1,198.670634920635,38.9983063214334,1,57,.,263.97,.,.,0,2,5,0,0.451154279155546
21,117.8,173.8,41.1938,0.98,19,20,70,4,0.6,0,0,1,0,1,198.670634920635,38.9983063214334,1,57,190,264,.,.,1,1,5,1,.
21,117.8,173.8,41.1938,0.98,19,20,70,4,0.6,0,0,1,0,1,198.670634920635,38.9983063214334,1,57,190,288,.,.,1,1,5,1,.
21,117.8,173.8,41.1938,0.98,19,20,70,4,0.6,0,0,1,0,1,198.670634920635,38.9983063214334,1,57,190,312,.,.,1,1,5,1,.
21,117.8,173.8,41.1938,0.98,19,20,70,4,0.6,0,0,1,0,1,198.670634920635,38.9983063214334,1,57,.,335.97,.,.,0,2,5,0,0.470035771435232
21,117.8,173.8,41.1938,0.98,19,20,70,4,0.6,0,0,1,0,1,198.670634920635,38.9983063214334,1,57,190,336,.,.,1,1,5,1,.
21,117.8,173.8,41.1938,0.98,19,20,70,4,0.6,0,0,1,0,1,198.670634920635,38.9983063214334,1,57,190,360,.,.,1,1,5,1,.
21,117.8,173.8,41.1938,0.98,19,20,70,4,0.6,0,0,1,0,1,198.670634920635,38.9983063214334,1,57,190,384,.,.,1,1,5,1,.
21,117.8,173.8,41.1938,0.98,19,20,70,4,0.6,0,0,1,0,1,198.670634920635,38.9983063214334,1,57,.,407.97,.,.,0,2,5,0,0.726169282022261
21,117.8,173.8,41.1938,0.98,19,20,70,4,0.6,0,0,1,0,1,198.670634920635,38.9983063214334,1,57,190,408,.,.,1,1,5,1,.
21,117.8,173.8,41.1938,0.98,19,20,70,4,0.6,0,0,1,0,1,198.670634920635,38.9983063214334,1,57,190,432,.,.,1,1,5,1,.
21,117.8,173.8,41.1938,0.98,19,20,70,4,0.6,0,0,1,0,1,198.670634920635,38.9983063214334,1,57,190,456,.,.,1,1,5,1,.
21,117.8,173.8,41.1938,0.98,19,20,70,4,0.6,0,0,1,0,1,198.670634920635,38.9983063214334,1,57,.,479.97,.,.,0,2,5,0,0.6258568822357
21,117.8,173.8,41.1938,0.98,19,20,70,4,0.6,0,0,1,0,1,198.670634920635,38.9983063214334,1,57,190,480,.,.,1,1,5,1,.
21,117.8,173.8,41.1938,0.98,19,20,70,4,0.6,0,0,1,0,1,198.670634920635,38.9983063214334,1,57,.,481,.,.,0,2,5,0,0.445261189303747
21,117.8,173.8,41.1938,0.98,19,20,70,4,0.6,0,0,1,0,1,198.670634920635,38.9983063214334,1,57,.,482,.,.,0,2,5,0,1.2217021962362
21,117.8,173.8,41.1938,0.98,19,20,70,4,0.6,0,0,1,0,1,198.670634920635,38.9983063214334,1,57,.,483,.,.,0,2,5,0,0.808702762870372
21,117.8,173.8,41.1938,0.98,19,20,70,4,0.6,0,0,1,0,1,198.670634920635,38.9983063214334,1,57,.,484,.,.,0,2,5,0,1.03101031462723
21,117.8,173.8,41.1938,0.98,19,20,70,4,0.6,0,0,1,0,1,198.670634920635,38.9983063214334,1,57,.,485,.,.,0,2,5,0,0.660824099416771
21,117.8,173.8,41.1938,0.98,19,20,70,4,0.6,0,0,1,0,1,198.670634920635,38.9983063214334,1,57,.,486,.,.,0,2,5,0,0.606463925415512
21,117.8,173.8,41.1938,0.98,19,20,70,4,0.6,0,0,1,0,1,198.670634920635,38.9983063214334,1,57,.,487,.,.,0,2,5,0,0.959664267916515
21,117.8,173.8,41.1938,0.98,19,20,70,4,0.6,0,0,1,0,1,198.670634920635,38.9983063214334,1,57,.,488,.,.,0,2,5,0,0.389197957568736
21,117.8,173.8,41.1938,0.98,19,20,70,4,0.6,0,0,1,0,1,198.670634920635,38.9983063214334,1,57,.,492,.,.,0,2,5,0,0.472894463402415
21,117.8,173.8,41.1938,0.98,19,20,70,4,0.6,0,0,1,0,1,198.670634920635,38.9983063214334,1,57,.,504,.,.,0,2,5,0,0.510284357362251
20,66.1,181.6,10.8891,0.9,15,22,56,5,0.5,0,1,0,0,1,122.407407407407,20.0433251178948,0,58,80,0,.,.,1,1,5,1,.
20,66.1,181.6,10.8891,0.9,15,22,56,5,0.5,0,1,0,0,1,122.407407407407,20.0433251178948,0,58,80,24,.,.,1,1,5,1,.
20,66.1,181.6,10.8891,0.9,15,22,56,5,0.5,0,1,0,0,1,122.407407407407,20.0433251178948,0,58,.,47.97,.,.,0,2,5,0,0.0557740565672016
20,66.1,181.6,10.8891,0.9,15,22,56,5,0.5,0,1,0,0,1,122.407407407407,20.0433251178948,0,58,80,48,.,.,1,1,5,1,.
20,66.1,181.6,10.8891,0.9,15,22,56,5,0.5,0,1,0,0,1,122.407407407407,20.0433251178948,0,58,.,71.97,.,.,0,2,5,0,0.092951758648875
20,66.1,181.6,10.8891,0.9,15,22,56,5,0.5,0,1,0,0,1,122.407407407407,20.0433251178948,0,58,80,72,.,.,1,1,5,1,.
20,66.1,181.6,10.8891,0.9,15,22,56,5,0.5,0,1,0,0,1,122.407407407407,20.0433251178948,0,58,80,96,.,.,1,1,5,1,.
20,66.1,181.6,10.8891,0.9,15,22,56,5,0.5,0,1,0,0,1,122.407407407407,20.0433251178948,0,58,.,119.97,.,.,0,2,5,0,0.135626961089592
20,66.1,181.6,10.8891,0.9,15,22,56,5,0.5,0,1,0,0,1,122.407407407407,20.0433251178948,0,58,80,120,.,.,1,1,5,1,.
20,66.1,181.6,10.8891,0.9,15,22,56,5,0.5,0,1,0,0,1,122.407407407407,20.0433251178948,0,58,80,144,.,.,1,1,5,1,.
20,66.1,181.6,10.8891,0.9,15,22,56,5,0.5,0,1,0,0,1,122.407407407407,20.0433251178948,0,58,80,168,.,.,1,1,5,1,.
20,66.1,181.6,10.8891,0.9,15,22,56,5,0.5,0,1,0,0,1,122.407407407407,20.0433251178948,0,58,.,191.97,.,.,0,2,5,0,0.0833801503328013
20,66.1,181.6,10.8891,0.9,15,22,56,5,0.5,0,1,0,0,1,122.407407407407,20.0433251178948,0,58,80,192,.,.,1,1,5,1,.
20,66.1,181.6,10.8891,0.9,15,22,56,5,0.5,0,1,0,0,1,122.407407407407,20.0433251178948,0,58,80,216,.,.,1,1,5,1,.
20,66.1,181.6,10.8891,0.9,15,22,56,5,0.5,0,1,0,0,1,122.407407407407,20.0433251178948,0,58,80,240,.,.,1,1,5,1,.
20,66.1,181.6,10.8891,0.9,15,22,56,5,0.5,0,1,0,0,1,122.407407407407,20.0433251178948,0,58,.,263.97,.,.,0,2,5,0,0.092623011639235
20,66.1,181.6,10.8891,0.9,15,22,56,5,0.5,0,1,0,0,1,122.407407407407,20.0433251178948,0,58,80,264,.,.,1,1,5,1,.
20,66.1,181.6,10.8891,0.9,15,22,56,5,0.5,0,1,0,0,1,122.407407407407,20.0433251178948,0,58,80,288,.,.,1,1,5,1,.
20,66.1,181.6,10.8891,0.9,15,22,56,5,0.5,0,1,0,0,1,122.407407407407,20.0433251178948,0,58,80,312,.,.,1,1,5,1,.
20,66.1,181.6,10.8891,0.9,15,22,56,5,0.5,0,1,0,0,1,122.407407407407,20.0433251178948,0,58,.,335.97,.,.,0,2,5,0,0.101392461808573
20,66.1,181.6,10.8891,0.9,15,22,56,5,0.5,0,1,0,0,1,122.407407407407,20.0433251178948,0,58,80,336,.,.,1,1,5,1,.
20,66.1,181.6,10.8891,0.9,15,22,56,5,0.5,0,1,0,0,1,122.407407407407,20.0433251178948,0,58,80,360,.,.,1,1,5,1,.
20,66.1,181.6,10.8891,0.9,15,22,56,5,0.5,0,1,0,0,1,122.407407407407,20.0433251178948,0,58,80,384,.,.,1,1,5,1,.
20,66.1,181.6,10.8891,0.9,15,22,56,5,0.5,0,1,0,0,1,122.407407407407,20.0433251178948,0,58,.,407.97,.,.,0,2,5,0,0.152447305201634
20,66.1,181.6,10.8891,0.9,15,22,56,5,0.5,0,1,0,0,1,122.407407407407,20.0433251178948,0,58,80,408,.,.,1,1,5,1,.
20,66.1,181.6,10.8891,0.9,15,22,56,5,0.5,0,1,0,0,1,122.407407407407,20.0433251178948,0,58,80,432,.,.,1,1,5,1,.
20,66.1,181.6,10.8891,0.9,15,22,56,5,0.5,0,1,0,0,1,122.407407407407,20.0433251178948,0,58,80,456,.,.,1,1,5,1,.
20,66.1,181.6,10.8891,0.9,15,22,56,5,0.5,0,1,0,0,1,122.407407407407,20.0433251178948,0,58,.,479.97,.,.,0,2,5,0,0.0917390983268335
20,66.1,181.6,10.8891,0.9,15,22,56,5,0.5,0,1,0,0,1,122.407407407407,20.0433251178948,0,58,80,480,.,.,1,1,5,1,.
20,66.1,181.6,10.8891,0.9,15,22,56,5,0.5,0,1,0,0,1,122.407407407407,20.0433251178948,0,58,.,481,.,.,0,2,5,0,0.10741715659225
20,66.1,181.6,10.8891,0.9,15,22,56,5,0.5,0,1,0,0,1,122.407407407407,20.0433251178948,0,58,.,482,.,.,0,2,5,0,0.118023095950998
20,66.1,181.6,10.8891,0.9,15,22,56,5,0.5,0,1,0,0,1,122.407407407407,20.0433251178948,0,58,.,483,.,.,0,2,5,0,0.300223523827553
20,66.1,181.6,10.8891,0.9,15,22,56,5,0.5,0,1,0,0,1,122.407407407407,20.0433251178948,0,58,.,484,.,.,0,2,5,0,0.160886527416431
20,66.1,181.6,10.8891,0.9,15,22,56,5,0.5,0,1,0,0,1,122.407407407407,20.0433251178948,0,58,.,485,.,.,0,2,5,0,0.265958863121472
20,66.1,181.6,10.8891,0.9,15,22,56,5,0.5,0,1,0,0,1,122.407407407407,20.0433251178948,0,58,.,486.02,.,.,0,2,5,0,0.284867313232916
20,66.1,181.6,10.8891,0.9,15,22,56,5,0.5,0,1,0,0,1,122.407407407407,20.0433251178948,0,58,.,487,.,.,0,2,5,0,0.25851254191933
20,66.1,181.6,10.8891,0.9,15,22,56,5,0.5,0,1,0,0,1,122.407407407407,20.0433251178948,0,58,.,488,.,.,0,2,5,0,0.182297162893759
20,66.1,181.6,10.8891,0.9,15,22,56,5,0.5,0,1,0,0,1,122.407407407407,20.0433251178948,0,58,.,492,.,.,0,2,5,0,0.215093987411648
20,66.1,181.6,10.8891,0.9,15,22,56,5,0.5,0,1,0,0,1,122.407407407407,20.0433251178948,0,58,.,504,.,.,0,2,5,0,0.162446367673128
39,49.7,154.3,14.2337,0.68,19,18,43,4.5,0.6,0,0,0,1,2,87.1475694444444,20.8749063884354,0,59,190,0,.,.,1,1,5,1,.
39,49.7,154.3,14.2337,0.68,19,18,43,4.5,0.6,0,0,0,1,2,87.1475694444444,20.8749063884354,0,59,190,23.92,.,.,1,1,5,1,.
39,49.7,154.3,14.2337,0.68,19,18,43,4.5,0.6,0,0,0,1,2,87.1475694444444,20.8749063884354,0,59,190,47.92,.,.,1,1,5,1,.
39,49.7,154.3,14.2337,0.68,19,18,43,4.5,0.6,0,0,0,1,2,87.1475694444444,20.8749063884354,0,59,.,47.97,.,.,0,2,5,0,0.0694204591025066
39,49.7,154.3,14.2337,0.68,19,18,43,4.5,0.6,0,0,0,1,2,87.1475694444444,20.8749063884354,0,59,190,71.92,.,.,1,1,5,1,.
39,49.7,154.3,14.2337,0.68,19,18,43,4.5,0.6,0,0,0,1,2,87.1475694444444,20.8749063884354,0,59,.,71.97,.,.,0,2,5,0,0.133206989198057
39,49.7,154.3,14.2337,0.68,19,18,43,4.5,0.6,0,0,0,1,2,87.1475694444444,20.8749063884354,0,59,190,95.92,.,.,1,1,5,1,.
39,49.7,154.3,14.2337,0.68,19,18,43,4.5,0.6,0,0,0,1,2,87.1475694444444,20.8749063884354,0,59,190,119.92,.,.,1,1,5,1,.
39,49.7,154.3,14.2337,0.68,19,18,43,4.5,0.6,0,0,0,1,2,87.1475694444444,20.8749063884354,0,59,.,119.97,.,.,0,2,5,0,0.188731816128296
39,49.7,154.3,14.2337,0.68,19,18,43,4.5,0.6,0,0,0,1,2,87.1475694444444,20.8749063884354,0,59,190,143.92,.,.,1,1,5,1,.
39,49.7,154.3,14.2337,0.68,19,18,43,4.5,0.6,0,0,0,1,2,87.1475694444444,20.8749063884354,0,59,190,167.92,.,.,1,1,5,1,.
39,49.7,154.3,14.2337,0.68,19,18,43,4.5,0.6,0,0,0,1,2,87.1475694444444,20.8749063884354,0,59,190,191.92,.,.,1,1,5,1,.
39,49.7,154.3,14.2337,0.68,19,18,43,4.5,0.6,0,0,0,1,2,87.1475694444444,20.8749063884354,0,59,.,191.97,.,.,0,2,5,0,0.170191232374015
39,49.7,154.3,14.2337,0.68,19,18,43,4.5,0.6,0,0,0,1,2,87.1475694444444,20.8749063884354,0,59,190,215.92,.,.,1,1,5,1,.
39,49.7,154.3,14.2337,0.68,19,18,43,4.5,0.6,0,0,0,1,2,87.1475694444444,20.8749063884354,0,59,190,239.92,.,.,1,1,5,1,.
39,49.7,154.3,14.2337,0.68,19,18,43,4.5,0.6,0,0,0,1,2,87.1475694444444,20.8749063884354,0,59,190,263.92,.,.,1,1,5,1,.
39,49.7,154.3,14.2337,0.68,19,18,43,4.5,0.6,0,0,0,1,2,87.1475694444444,20.8749063884354,0,59,.,263.97,.,.,0,2,5,0,0.169145560698556
39,49.7,154.3,14.2337,0.68,19,18,43,4.5,0.6,0,0,0,1,2,87.1475694444444,20.8749063884354,0,59,190,287.92,.,.,1,1,5,1,.
39,49.7,154.3,14.2337,0.68,19,18,43,4.5,0.6,0,0,0,1,2,87.1475694444444,20.8749063884354,0,59,190,311.92,.,.,1,1,5,1,.
39,49.7,154.3,14.2337,0.68,19,18,43,4.5,0.6,0,0,0,1,2,87.1475694444444,20.8749063884354,0,59,190,335.92,.,.,1,1,5,1,.
39,49.7,154.3,14.2337,0.68,19,18,43,4.5,0.6,0,0,0,1,2,87.1475694444444,20.8749063884354,0,59,.,335.97,.,.,0,2,5,0,0.284179229609357
39,49.7,154.3,14.2337,0.68,19,18,43,4.5,0.6,0,0,0,1,2,87.1475694444444,20.8749063884354,0,59,190,359.92,.,.,1,1,5,1,.
39,49.7,154.3,14.2337,0.68,19,18,43,4.5,0.6,0,0,0,1,2,87.1475694444444,20.8749063884354,0,59,190,383.92,.,.,1,1,5,1,.
39,49.7,154.3,14.2337,0.68,19,18,43,4.5,0.6,0,0,0,1,2,87.1475694444444,20.8749063884354,0,59,190,407.92,.,.,1,1,5,1,.
39,49.7,154.3,14.2337,0.68,19,18,43,4.5,0.6,0,0,0,1,2,87.1475694444444,20.8749063884354,0,59,.,407.97,.,.,0,2,5,0,0.326993647290319
39,49.7,154.3,14.2337,0.68,19,18,43,4.5,0.6,0,0,0,1,2,87.1475694444444,20.8749063884354,0,59,190,431.92,.,.,1,1,5,1,.
39,49.7,154.3,14.2337,0.68,19,18,43,4.5,0.6,0,0,0,1,2,87.1475694444444,20.8749063884354,0,59,190,455.92,.,.,1,1,5,1,.
39,49.7,154.3,14.2337,0.68,19,18,43,4.5,0.6,0,0,0,1,2,87.1475694444444,20.8749063884354,0,59,190,479.92,.,.,1,1,5,1,.
39,49.7,154.3,14.2337,0.68,19,18,43,4.5,0.6,0,0,0,1,2,87.1475694444444,20.8749063884354,0,59,.,479.97,.,.,0,2,5,0,0.102562117760269
39,49.7,154.3,14.2337,0.68,19,18,43,4.5,0.6,0,0,0,1,2,87.1475694444444,20.8749063884354,0,59,.,481,.,.,0,2,5,0,0.48874813775612
39,49.7,154.3,14.2337,0.68,19,18,43,4.5,0.6,0,0,0,1,2,87.1475694444444,20.8749063884354,0,59,.,482,.,.,0,2,5,0,0.412946035368192
39,49.7,154.3,14.2337,0.68,19,18,43,4.5,0.6,0,0,0,1,2,87.1475694444444,20.8749063884354,0,59,.,483,.,.,0,2,5,0,0.26233364945414
39,49.7,154.3,14.2337,0.68,19,18,43,4.5,0.6,0,0,0,1,2,87.1475694444444,20.8749063884354,0,59,.,484,.,.,0,2,5,0,0.495533663209349
39,49.7,154.3,14.2337,0.68,19,18,43,4.5,0.6,0,0,0,1,2,87.1475694444444,20.8749063884354,0,59,.,485,.,.,0,2,5,0,0.499787830599285
39,49.7,154.3,14.2337,0.68,19,18,43,4.5,0.6,0,0,0,1,2,87.1475694444444,20.8749063884354,0,59,.,486,.,.,0,2,5,0,0.278524621339593
39,49.7,154.3,14.2337,0.68,19,18,43,4.5,0.6,0,0,0,1,2,87.1475694444444,20.8749063884354,0,59,.,487,.,.,0,2,5,0,0.319492739349237
39,49.7,154.3,14.2337,0.68,19,18,43,4.5,0.6,0,0,0,1,2,87.1475694444444,20.8749063884354,0,59,.,488,.,.,0,2,5,0,0.232582045210312
39,49.7,154.3,14.2337,0.68,19,18,43,4.5,0.6,0,0,0,1,2,87.1475694444444,20.8749063884354,0,59,.,492,.,.,0,2,5,0,0.0343813552523243
39,49.7,154.3,14.2337,0.68,19,18,43,4.5,0.6,0,0,0,1,2,87.1475694444444,20.8749063884354,0,59,.,504,.,.,0,2,5,0,0.390610263817841
24,111.8,184.5,33.2022,1.1,36,26,61,4.4,0.2,0,0,1,0,1,163.747474747475,32.843472066157,1,60,190,0,.,.,1,1,5,1,.
24,111.8,184.5,33.2022,1.1,36,26,61,4.4,0.2,0,0,1,0,1,163.747474747475,32.843472066157,1,60,190,24,.,.,1,1,5,1,.
24,111.8,184.5,33.2022,1.1,36,26,61,4.4,0.2,0,0,1,0,1,163.747474747475,32.843472066157,1,60,.,47.97,.,.,0,2,5,0,0.0599354167256741
24,111.8,184.5,33.2022,1.1,36,26,61,4.4,0.2,0,0,1,0,1,163.747474747475,32.843472066157,1,60,190,48,.,.,1,1,5,1,.
24,111.8,184.5,33.2022,1.1,36,26,61,4.4,0.2,0,0,1,0,1,163.747474747475,32.843472066157,1,60,.,71.97,.,.,0,2,5,0,0.0326841673473454
24,111.8,184.5,33.2022,1.1,36,26,61,4.4,0.2,0,0,1,0,1,163.747474747475,32.843472066157,1,60,190,72,.,.,1,1,5,1,.
24,111.8,184.5,33.2022,1.1,36,26,61,4.4,0.2,0,0,1,0,1,163.747474747475,32.843472066157,1,60,190,96,.,.,1,1,5,1,.
24,111.8,184.5,33.2022,1.1,36,26,61,4.4,0.2,0,0,1,0,1,163.747474747475,32.843472066157,1,60,.,119.97,.,.,0,2,5,0,0.0639723483852676
24,111.8,184.5,33.2022,1.1,36,26,61,4.4,0.2,0,0,1,0,1,163.747474747475,32.843472066157,1,60,190,120,.,.,1,1,5,1,.
24,111.8,184.5,33.2022,1.1,36,26,61,4.4,0.2,0,0,1,0,1,163.747474747475,32.843472066157,1,60,190,144,.,.,1,1,5,1,.
24,111.8,184.5,33.2022,1.1,36,26,61,4.4,0.2,0,0,1,0,1,163.747474747475,32.843472066157,1,60,190,168,.,.,1,1,5,1,.
24,111.8,184.5,33.2022,1.1,36,26,61,4.4,0.2,0,0,1,0,1,163.747474747475,32.843472066157,1,60,.,191.97,.,.,0,2,5,0,0.147086210040237
24,111.8,184.5,33.2022,1.1,36,26,61,4.4,0.2,0,0,1,0,1,163.747474747475,32.843472066157,1,60,190,192,.,.,1,1,5,1,.
24,111.8,184.5,33.2022,1.1,36,26,61,4.4,0.2,0,0,1,0,1,163.747474747475,32.843472066157,1,60,190,216,.,.,1,1,5,1,.
24,111.8,184.5,33.2022,1.1,36,26,61,4.4,0.2,0,0,1,0,1,163.747474747475,32.843472066157,1,60,190,240,.,.,1,1,5,1,.
24,111.8,184.5,33.2022,1.1,36,26,61,4.4,0.2,0,0,1,0,1,163.747474747475,32.843472066157,1,60,.,263.97,.,.,0,2,5,0,0.218299072572508
24,111.8,184.5,33.2022,1.1,36,26,61,4.4,0.2,0,0,1,0,1,163.747474747475,32.843472066157,1,60,190,264,.,.,1,1,5,1,.
24,111.8,184.5,33.2022,1.1,36,26,61,4.4,0.2,0,0,1,0,1,163.747474747475,32.843472066157,1,60,190,288,.,.,1,1,5,1,.
24,111.8,184.5,33.2022,1.1,36,26,61,4.4,0.2,0,0,1,0,1,163.747474747475,32.843472066157,1,60,190,312,.,.,1,1,5,1,.
24,111.8,184.5,33.2022,1.1,36,26,61,4.4,0.2,0,0,1,0,1,163.747474747475,32.843472066157,1,60,.,335.97,.,.,0,2,5,0,0.138618243046921
24,111.8,184.5,33.2022,1.1,36,26,61,4.4,0.2,0,0,1,0,1,163.747474747475,32.843472066157,1,60,190,336,.,.,1,1,5,1,.
24,111.8,184.5,33.2022,1.1,36,26,61,4.4,0.2,0,0,1,0,1,163.747474747475,32.843472066157,1,60,190,360,.,.,1,1,5,1,.
24,111.8,184.5,33.2022,1.1,36,26,61,4.4,0.2,0,0,1,0,1,163.747474747475,32.843472066157,1,60,190,384,.,.,1,1,5,1,.
24,111.8,184.5,33.2022,1.1,36,26,61,4.4,0.2,0,0,1,0,1,163.747474747475,32.843472066157,1,60,.,407.97,.,.,0,2,5,0,0.27883026526473
24,111.8,184.5,33.2022,1.1,36,26,61,4.4,0.2,0,0,1,0,1,163.747474747475,32.843472066157,1,60,190,408,.,.,1,1,5,1,.
24,111.8,184.5,33.2022,1.1,36,26,61,4.4,0.2,0,0,1,0,1,163.747474747475,32.843472066157,1,60,190,432,.,.,1,1,5,1,.
24,111.8,184.5,33.2022,1.1,36,26,61,4.4,0.2,0,0,1,0,1,163.747474747475,32.843472066157,1,60,190,456,.,.,1,1,5,1,.
24,111.8,184.5,33.2022,1.1,36,26,61,4.4,0.2,0,0,1,0,1,163.747474747475,32.843472066157,1,60,.,479.98,.,.,0,2,5,0,0.137507922165196
24,111.8,184.5,33.2022,1.1,36,26,61,4.4,0.2,0,0,1,0,1,163.747474747475,32.843472066157,1,60,190,480,.,.,1,1,5,1,.
24,111.8,184.5,33.2022,1.1,36,26,61,4.4,0.2,0,0,1,0,1,163.747474747475,32.843472066157,1,60,.,481,.,.,0,2,5,0,0.142142385416334
24,111.8,184.5,33.2022,1.1,36,26,61,4.4,0.2,0,0,1,0,1,163.747474747475,32.843472066157,1,60,.,482,.,.,0,2,5,0,0.352438127172991
24,111.8,184.5,33.2022,1.1,36,26,61,4.4,0.2,0,0,1,0,1,163.747474747475,32.843472066157,1,60,.,483,.,.,0,2,5,0,0.350478389901587
24,111.8,184.5,33.2022,1.1,36,26,61,4.4,0.2,0,0,1,0,1,163.747474747475,32.843472066157,1,60,.,484,.,.,0,2,5,0,0.452737222750822
24,111.8,184.5,33.2022,1.1,36,26,61,4.4,0.2,0,0,1,0,1,163.747474747475,32.843472066157,1,60,.,485,.,.,0,2,5,0,0.2895076166245
24,111.8,184.5,33.2022,1.1,36,26,61,4.4,0.2,0,0,1,0,1,163.747474747475,32.843472066157,1,60,.,486,.,.,0,2,5,0,0.300373006059822
24,111.8,184.5,33.2022,1.1,36,26,61,4.4,0.2,0,0,1,0,1,163.747474747475,32.843472066157,1,60,.,487,.,.,0,2,5,0,0.31972607195842
24,111.8,184.5,33.2022,1.1,36,26,61,4.4,0.2,0,0,1,0,1,163.747474747475,32.843472066157,1,60,.,488,.,.,0,2,5,0,0.17054747120216
24,111.8,184.5,33.2022,1.1,36,26,61,4.4,0.2,0,0,1,0,1,163.747474747475,32.843472066157,1,60,.,492,.,.,0,2,5,0,0.131674445874352
24,111.8,184.5,33.2022,1.1,36,26,61,4.4,0.2,0,0,1,0,1,163.747474747475,32.843472066157,1,60,.,504,.,.,0,2,5,0,0.156887825099382
33,65.4,162.1,17.2076,0.77,36,29,104,4.8,0.6,1,0,0,0,1,126.222943722944,24.8892447636492,0,61,190,0,.,.,1,1,5,1,.
33,65.4,162.1,17.2076,0.77,36,29,104,4.8,0.6,1,0,0,0,1,126.222943722944,24.8892447636492,0,61,190,24,.,.,1,1,5,1,.
33,65.4,162.1,17.2076,0.77,36,29,104,4.8,0.6,1,0,0,0,1,126.222943722944,24.8892447636492,0,61,190,48,.,.,1,1,5,1,.
33,65.4,162.1,17.2076,0.77,36,29,104,4.8,0.6,1,0,0,0,1,126.222943722944,24.8892447636492,0,61,.,71.97,.,.,0,2,5,0,0.189215011121712
33,65.4,162.1,17.2076,0.77,36,29,104,4.8,0.6,1,0,0,0,1,126.222943722944,24.8892447636492,0,61,190,72,.,.,1,1,5,1,.
33,65.4,162.1,17.2076,0.77,36,29,104,4.8,0.6,1,0,0,0,1,126.222943722944,24.8892447636492,0,61,190,96,.,.,1,1,5,1,.
33,65.4,162.1,17.2076,0.77,36,29,104,4.8,0.6,1,0,0,0,1,126.222943722944,24.8892447636492,0,61,.,119.97,.,.,0,2,5,0,0.020283893789031
33,65.4,162.1,17.2076,0.77,36,29,104,4.8,0.6,1,0,0,0,1,126.222943722944,24.8892447636492,0,61,190,120,.,.,1,1,5,1,.
33,65.4,162.1,17.2076,0.77,36,29,104,4.8,0.6,1,0,0,0,1,126.222943722944,24.8892447636492,0,61,190,144,.,.,1,1,5,1,.
33,65.4,162.1,17.2076,0.77,36,29,104,4.8,0.6,1,0,0,0,1,126.222943722944,24.8892447636492,0,61,190,168,.,.,1,1,5,1,.
33,65.4,162.1,17.2076,0.77,36,29,104,4.8,0.6,1,0,0,0,1,126.222943722944,24.8892447636492,0,61,.,191.97,.,.,0,2,5,0,0.205954777709283
33,65.4,162.1,17.2076,0.77,36,29,104,4.8,0.6,1,0,0,0,1,126.222943722944,24.8892447636492,0,61,190,192,.,.,1,1,5,1,.
33,65.4,162.1,17.2076,0.77,36,29,104,4.8,0.6,1,0,0,0,1,126.222943722944,24.8892447636492,0,61,190,216,.,.,1,1,5,1,.
33,65.4,162.1,17.2076,0.77,36,29,104,4.8,0.6,1,0,0,0,1,126.222943722944,24.8892447636492,0,61,190,240,.,.,1,1,5,1,.
33,65.4,162.1,17.2076,0.77,36,29,104,4.8,0.6,1,0,0,0,1,126.222943722944,24.8892447636492,0,61,.,263.97,.,.,0,2,5,0,0.215974586204296
33,65.4,162.1,17.2076,0.77,36,29,104,4.8,0.6,1,0,0,0,1,126.222943722944,24.8892447636492,0,61,190,264,.,.,1,1,5,1,.
33,65.4,162.1,17.2076,0.77,36,29,104,4.8,0.6,1,0,0,0,1,126.222943722944,24.8892447636492,0,61,190,288,.,.,1,1,5,1,.
33,65.4,162.1,17.2076,0.77,36,29,104,4.8,0.6,1,0,0,0,1,126.222943722944,24.8892447636492,0,61,190,312,.,.,1,1,5,1,.
33,65.4,162.1,17.2076,0.77,36,29,104,4.8,0.6,1,0,0,0,1,126.222943722944,24.8892447636492,0,61,.,335.97,.,.,0,2,5,0,0.171149504803332
33,65.4,162.1,17.2076,0.77,36,29,104,4.8,0.6,1,0,0,0,1,126.222943722944,24.8892447636492,0,61,190,336,.,.,1,1,5,1,.
33,65.4,162.1,17.2076,0.77,36,29,104,4.8,0.6,1,0,0,0,1,126.222943722944,24.8892447636492,0,61,190,360,.,.,1,1,5,1,.
33,65.4,162.1,17.2076,0.77,36,29,104,4.8,0.6,1,0,0,0,1,126.222943722944,24.8892447636492,0,61,190,384,.,.,1,1,5,1,.
33,65.4,162.1,17.2076,0.77,36,29,104,4.8,0.6,1,0,0,0,1,126.222943722944,24.8892447636492,0,61,.,407.97,.,.,0,2,5,0,0.336469061240165
33,65.4,162.1,17.2076,0.77,36,29,104,4.8,0.6,1,0,0,0,1,126.222943722944,24.8892447636492,0,61,190,408,.,.,1,1,5,1,.
33,65.4,162.1,17.2076,0.77,36,29,104,4.8,0.6,1,0,0,0,1,126.222943722944,24.8892447636492,0,61,190,432,.,.,1,1,5,1,.
33,65.4,162.1,17.2076,0.77,36,29,104,4.8,0.6,1,0,0,0,1,126.222943722944,24.8892447636492,0,61,190,456,.,.,1,1,5,1,.
33,65.4,162.1,17.2076,0.77,36,29,104,4.8,0.6,1,0,0,0,1,126.222943722944,24.8892447636492,0,61,.,479.97,.,.,0,2,5,0,0.315101604281937
33,65.4,162.1,17.2076,0.77,36,29,104,4.8,0.6,1,0,0,0,1,126.222943722944,24.8892447636492,0,61,190,480,.,.,1,1,5,1,.
33,65.4,162.1,17.2076,0.77,36,29,104,4.8,0.6,1,0,0,0,1,126.222943722944,24.8892447636492,0,61,.,481,.,.,0,2,5,0,0.494012422846327
33,65.4,162.1,17.2076,0.77,36,29,104,4.8,0.6,1,0,0,0,1,126.222943722944,24.8892447636492,0,61,.,482,.,.,0,2,5,0,0.637349555504581
33,65.4,162.1,17.2076,0.77,36,29,104,4.8,0.6,1,0,0,0,1,126.222943722944,24.8892447636492,0,61,.,483,.,.,0,2,5,0,0.397975501869059
33,65.4,162.1,17.2076,0.77,36,29,104,4.8,0.6,1,0,0,0,1,126.222943722944,24.8892447636492,0,61,.,484,.,.,0,2,5,0,0.167451250020731
33,65.4,162.1,17.2076,0.77,36,29,104,4.8,0.6,1,0,0,0,1,126.222943722944,24.8892447636492,0,61,.,485,.,.,0,2,5,0,0.357957936183293
33,65.4,162.1,17.2076,0.77,36,29,104,4.8,0.6,1,0,0,0,1,126.222943722944,24.8892447636492,0,61,.,486,.,.,0,2,5,0,0.370050370962468
33,65.4,162.1,17.2076,0.77,36,29,104,4.8,0.6,1,0,0,0,1,126.222943722944,24.8892447636492,0,61,.,487,.,.,0,2,5,0,0.437382571125006
33,65.4,162.1,17.2076,0.77,36,29,104,4.8,0.6,1,0,0,0,1,126.222943722944,24.8892447636492,0,61,.,488,.,.,0,2,5,0,0.324675033962076
33,65.4,162.1,17.2076,0.77,36,29,104,4.8,0.6,1,0,0,0,1,126.222943722944,24.8892447636492,0,61,.,492,.,.,0,2,5,0,0.564554849668476
33,65.4,162.1,17.2076,0.77,36,29,104,4.8,0.6,1,0,0,0,1,126.222943722944,24.8892447636492,0,61,.,504,.,.,0,2,5,0,0.392555142060948
32,67.2,166.8,24.7887,0.73,13,14,45,4.2,0.9,0,1,0,0,2,117.369863013699,24.1533391991443,0,62,80,0,.,.,1,1,5,1,.
32,67.2,166.8,24.7887,0.73,13,14,45,4.2,0.9,0,1,0,0,2,117.369863013699,24.1533391991443,0,62,80,24,.,.,1,1,5,1,.
32,67.2,166.8,24.7887,0.73,13,14,45,4.2,0.9,0,1,0,0,2,117.369863013699,24.1533391991443,0,62,.,47.98,.,.,0,2,5,0,0.0163055047399229
32,67.2,166.8,24.7887,0.73,13,14,45,4.2,0.9,0,1,0,0,2,117.369863013699,24.1533391991443,0,62,80,48,.,.,1,1,5,1,.
32,67.2,166.8,24.7887,0.73,13,14,45,4.2,0.9,0,1,0,0,2,117.369863013699,24.1533391991443,0,62,.,71.97,.,.,0,2,5,0,0.0612250005884353
32,67.2,166.8,24.7887,0.73,13,14,45,4.2,0.9,0,1,0,0,2,117.369863013699,24.1533391991443,0,62,80,72,.,.,1,1,5,1,.
32,67.2,166.8,24.7887,0.73,13,14,45,4.2,0.9,0,1,0,0,2,117.369863013699,24.1533391991443,0,62,80,96,.,.,1,1,5,1,.
32,67.2,166.8,24.7887,0.73,13,14,45,4.2,0.9,0,1,0,0,2,117.369863013699,24.1533391991443,0,62,.,119.97,.,.,0,2,5,0,0.0226495411720528
32,67.2,166.8,24.7887,0.73,13,14,45,4.2,0.9,0,1,0,0,2,117.369863013699,24.1533391991443,0,62,80,120,.,.,1,1,5,1,.
32,67.2,166.8,24.7887,0.73,13,14,45,4.2,0.9,0,1,0,0,2,117.369863013699,24.1533391991443,0,62,80,144,.,.,1,1,5,1,.
32,67.2,166.8,24.7887,0.73,13,14,45,4.2,0.9,0,1,0,0,2,117.369863013699,24.1533391991443,0,62,80,168,.,.,1,1,5,1,.
32,67.2,166.8,24.7887,0.73,13,14,45,4.2,0.9,0,1,0,0,2,117.369863013699,24.1533391991443,0,62,.,191.97,.,.,0,2,5,0,0.0464852446086182
32,67.2,166.8,24.7887,0.73,13,14,45,4.2,0.9,0,1,0,0,2,117.369863013699,24.1533391991443,0,62,80,192,.,.,1,1,5,1,.
32,67.2,166.8,24.7887,0.73,13,14,45,4.2,0.9,0,1,0,0,2,117.369863013699,24.1533391991443,0,62,80,216,.,.,1,1,5,1,.
32,67.2,166.8,24.7887,0.73,13,14,45,4.2,0.9,0,1,0,0,2,117.369863013699,24.1533391991443,0,62,80,240,.,.,1,1,5,1,.
32,67.2,166.8,24.7887,0.73,13,14,45,4.2,0.9,0,1,0,0,2,117.369863013699,24.1533391991443,0,62,.,263.97,.,.,0,2,5,0,0.0969763525469107
32,67.2,166.8,24.7887,0.73,13,14,45,4.2,0.9,0,1,0,0,2,117.369863013699,24.1533391991443,0,62,80,264,.,.,1,1,5,1,.
32,67.2,166.8,24.7887,0.73,13,14,45,4.2,0.9,0,1,0,0,2,117.369863013699,24.1533391991443,0,62,80,288,.,.,1,1,5,1,.
32,67.2,166.8,24.7887,0.73,13,14,45,4.2,0.9,0,1,0,0,2,117.369863013699,24.1533391991443,0,62,80,312,.,.,1,1,5,1,.
32,67.2,166.8,24.7887,0.73,13,14,45,4.2,0.9,0,1,0,0,2,117.369863013699,24.1533391991443,0,62,.,335.97,.,.,0,2,5,0,0.0493248163495815
32,67.2,166.8,24.7887,0.73,13,14,45,4.2,0.9,0,1,0,0,2,117.369863013699,24.1533391991443,0,62,80,336,.,.,1,1,5,1,.
32,67.2,166.8,24.7887,0.73,13,14,45,4.2,0.9,0,1,0,0,2,117.369863013699,24.1533391991443,0,62,80,360,.,.,1,1,5,1,.
32,67.2,166.8,24.7887,0.73,13,14,45,4.2,0.9,0,1,0,0,2,117.369863013699,24.1533391991443,0,62,80,384,.,.,1,1,5,1,.
32,67.2,166.8,24.7887,0.73,13,14,45,4.2,0.9,0,1,0,0,2,117.369863013699,24.1533391991443,0,62,.,407.97,.,.,0,2,5,0,0.0611703835363582
32,67.2,166.8,24.7887,0.73,13,14,45,4.2,0.9,0,1,0,0,2,117.369863013699,24.1533391991443,0,62,80,408,.,.,1,1,5,1,.
32,67.2,166.8,24.7887,0.73,13,14,45,4.2,0.9,0,1,0,0,2,117.369863013699,24.1533391991443,0,62,80,432,.,.,1,1,5,1,.
32,67.2,166.8,24.7887,0.73,13,14,45,4.2,0.9,0,1,0,0,2,117.369863013699,24.1533391991443,0,62,80,456,.,.,1,1,5,1,.
32,67.2,166.8,24.7887,0.73,13,14,45,4.2,0.9,0,1,0,0,2,117.369863013699,24.1533391991443,0,62,.,479.97,.,.,0,2,5,0,0.0360693774818501
32,67.2,166.8,24.7887,0.73,13,14,45,4.2,0.9,0,1,0,0,2,117.369863013699,24.1533391991443,0,62,80,480,.,.,1,1,5,1,.
32,67.2,166.8,24.7887,0.73,13,14,45,4.2,0.9,0,1,0,0,2,117.369863013699,24.1533391991443,0,62,.,481,.,.,0,2,5,0,0.16859598683807
32,67.2,166.8,24.7887,0.73,13,14,45,4.2,0.9,0,1,0,0,2,117.369863013699,24.1533391991443,0,62,.,482,.,.,0,2,5,0,0.220674983560613
32,67.2,166.8,24.7887,0.73,13,14,45,4.2,0.9,0,1,0,0,2,117.369863013699,24.1533391991443,0,62,.,483,.,.,0,2,5,0,0.393004295292076
32,67.2,166.8,24.7887,0.73,13,14,45,4.2,0.9,0,1,0,0,2,117.369863013699,24.1533391991443,0,62,.,484,.,.,0,2,5,0,0.226926891815487
32,67.2,166.8,24.7887,0.73,13,14,45,4.2,0.9,0,1,0,0,2,117.369863013699,24.1533391991443,0,62,.,485,.,.,0,2,5,0,0.256169239918935
32,67.2,166.8,24.7887,0.73,13,14,45,4.2,0.9,0,1,0,0,2,117.369863013699,24.1533391991443,0,62,.,486,.,.,0,2,5,0,0.108970244202642
32,67.2,166.8,24.7887,0.73,13,14,45,4.2,0.9,0,1,0,0,2,117.369863013699,24.1533391991443,0,62,.,487,.,.,0,2,5,0,0.0374810491422702
32,67.2,166.8,24.7887,0.73,13,14,45,4.2,0.9,0,1,0,0,2,117.369863013699,24.1533391991443,0,62,.,488,.,.,0,2,5,0,0.174754993636585
32,67.2,166.8,24.7887,0.73,13,14,45,4.2,0.9,0,1,0,0,2,117.369863013699,24.1533391991443,0,62,.,492,.,.,0,2,5,0,0.11981807670728
32,67.2,166.8,24.7887,0.73,13,14,45,4.2,0.9,0,1,0,0,2,117.369863013699,24.1533391991443,0,62,.,504,.,.,0,2,5,0,0.0762135071449537
24,84.3,186.3,17.0308,1.09,29,26,58,4.5,0.5,0,1,0,0,1,124.60244648318,24.2885654447184,0,63,190,0,.,.,1,1,5,1,.
24,84.3,186.3,17.0308,1.09,29,26,58,4.5,0.5,0,1,0,0,1,124.60244648318,24.2885654447184,0,63,190,24,.,.,1,1,5,1,.
24,84.3,186.3,17.0308,1.09,29,26,58,4.5,0.5,0,1,0,0,1,124.60244648318,24.2885654447184,0,63,.,47.97,.,.,0,2,5,0,0.104274154040991
24,84.3,186.3,17.0308,1.09,29,26,58,4.5,0.5,0,1,0,0,1,124.60244648318,24.2885654447184,0,63,190,48,.,.,1,1,5,1,.
24,84.3,186.3,17.0308,1.09,29,26,58,4.5,0.5,0,1,0,0,1,124.60244648318,24.2885654447184,0,63,.,71.97,.,.,0,2,5,0,0.0169116544370732
24,84.3,186.3,17.0308,1.09,29,26,58,4.5,0.5,0,1,0,0,1,124.60244648318,24.2885654447184,0,63,190,72,.,.,1,1,5,1,.
24,84.3,186.3,17.0308,1.09,29,26,58,4.5,0.5,0,1,0,0,1,124.60244648318,24.2885654447184,0,63,190,96,.,.,1,1,5,1,.
24,84.3,186.3,17.0308,1.09,29,26,58,4.5,0.5,0,1,0,0,1,124.60244648318,24.2885654447184,0,63,.,119.97,.,.,0,2,5,0,0.101393821790217
24,84.3,186.3,17.0308,1.09,29,26,58,4.5,0.5,0,1,0,0,1,124.60244648318,24.2885654447184,0,63,190,120,.,.,1,1,5,1,.
24,84.3,186.3,17.0308,1.09,29,26,58,4.5,0.5,0,1,0,0,1,124.60244648318,24.2885654447184,0,63,190,144,.,.,1,1,5,1,.
24,84.3,186.3,17.0308,1.09,29,26,58,4.5,0.5,0,1,0,0,1,124.60244648318,24.2885654447184,0,63,190,168,.,.,1,1,5,1,.
24,84.3,186.3,17.0308,1.09,29,26,58,4.5,0.5,0,1,0,0,1,124.60244648318,24.2885654447184,0,63,.,191.97,.,.,0,2,5,0,0.0864670817129659
24,84.3,186.3,17.0308,1.09,29,26,58,4.5,0.5,0,1,0,0,1,124.60244648318,24.2885654447184,0,63,190,192,.,.,1,1,5,1,.
24,84.3,186.3,17.0308,1.09,29,26,58,4.5,0.5,0,1,0,0,1,124.60244648318,24.2885654447184,0,63,190,216,.,.,1,1,5,1,.
24,84.3,186.3,17.0308,1.09,29,26,58,4.5,0.5,0,1,0,0,1,124.60244648318,24.2885654447184,0,63,190,240,.,.,1,1,5,1,.
24,84.3,186.3,17.0308,1.09,29,26,58,4.5,0.5,0,1,0,0,1,124.60244648318,24.2885654447184,0,63,.,263.97,.,.,0,2,5,0,0.112469387841496
24,84.3,186.3,17.0308,1.09,29,26,58,4.5,0.5,0,1,0,0,1,124.60244648318,24.2885654447184,0,63,190,264,.,.,1,1,5,1,.
24,84.3,186.3,17.0308,1.09,29,26,58,4.5,0.5,0,1,0,0,1,124.60244648318,24.2885654447184,0,63,190,288,.,.,1,1,5,1,.
24,84.3,186.3,17.0308,1.09,29,26,58,4.5,0.5,0,1,0,0,1,124.60244648318,24.2885654447184,0,63,190,312,.,.,1,1,5,1,.
24,84.3,186.3,17.0308,1.09,29,26,58,4.5,0.5,0,1,0,0,1,124.60244648318,24.2885654447184,0,63,.,335.97,.,.,0,2,5,0,0.274656591884673
24,84.3,186.3,17.0308,1.09,29,26,58,4.5,0.5,0,1,0,0,1,124.60244648318,24.2885654447184,0,63,190,336,.,.,1,1,5,1,.
24,84.3,186.3,17.0308,1.09,29,26,58,4.5,0.5,0,1,0,0,1,124.60244648318,24.2885654447184,0,63,190,360,.,.,1,1,5,1,.
24,84.3,186.3,17.0308,1.09,29,26,58,4.5,0.5,0,1,0,0,1,124.60244648318,24.2885654447184,0,63,190,384,.,.,1,1,5,1,.
24,84.3,186.3,17.0308,1.09,29,26,58,4.5,0.5,0,1,0,0,1,124.60244648318,24.2885654447184,0,63,.,407.97,.,.,0,2,5,0,0.0963274546099369
24,84.3,186.3,17.0308,1.09,29,26,58,4.5,0.5,0,1,0,0,1,124.60244648318,24.2885654447184,0,63,190,408,.,.,1,1,5,1,.
24,84.3,186.3,17.0308,1.09,29,26,58,4.5,0.5,0,1,0,0,1,124.60244648318,24.2885654447184,0,63,190,432,.,.,1,1,5,1,.
24,84.3,186.3,17.0308,1.09,29,26,58,4.5,0.5,0,1,0,0,1,124.60244648318,24.2885654447184,0,63,190,456,.,.,1,1,5,1,.
24,84.3,186.3,17.0308,1.09,29,26,58,4.5,0.5,0,1,0,0,1,124.60244648318,24.2885654447184,0,63,.,479.97,.,.,0,2,5,0,0.302436400737815
24,84.3,186.3,17.0308,1.09,29,26,58,4.5,0.5,0,1,0,0,1,124.60244648318,24.2885654447184,0,63,190,480,.,.,1,1,5,1,.
24,84.3,186.3,17.0308,1.09,29,26,58,4.5,0.5,0,1,0,0,1,124.60244648318,24.2885654447184,0,63,.,481,.,.,0,2,5,0,0.276860095955347
24,84.3,186.3,17.0308,1.09,29,26,58,4.5,0.5,0,1,0,0,1,124.60244648318,24.2885654447184,0,63,.,482,.,.,0,2,5,0,0.466020671268349
24,84.3,186.3,17.0308,1.09,29,26,58,4.5,0.5,0,1,0,0,1,124.60244648318,24.2885654447184,0,63,.,484,.,.,0,2,5,0,0.276050676667509
24,84.3,186.3,17.0308,1.09,29,26,58,4.5,0.5,0,1,0,0,1,124.60244648318,24.2885654447184,0,63,.,485,.,.,0,2,5,0,0.375000183913918
24,84.3,186.3,17.0308,1.09,29,26,58,4.5,0.5,0,1,0,0,1,124.60244648318,24.2885654447184,0,63,.,486,.,.,0,2,5,0,0.483033923389932
24,84.3,186.3,17.0308,1.09,29,26,58,4.5,0.5,0,1,0,0,1,124.60244648318,24.2885654447184,0,63,.,487,.,.,0,2,5,0,0.599889324803373
24,84.3,186.3,17.0308,1.09,29,26,58,4.5,0.5,0,1,0,0,1,124.60244648318,24.2885654447184,0,63,.,488,.,.,0,2,5,0,0.467903651875668
24,84.3,186.3,17.0308,1.09,29,26,58,4.5,0.5,0,1,0,0,1,124.60244648318,24.2885654447184,0,63,.,504,.,.,0,2,5,0,0.255095837095163
18,53.1,159.4,16.1874,0.66,12,18,64,4.8,0.4,0,0,0,1,2,115.876893939394,20.8986333631923,0,64,190,0,.,.,1,1,5,1,.
18,53.1,159.4,16.1874,0.66,12,18,64,4.8,0.4,0,0,0,1,2,115.876893939394,20.8986333631923,0,64,190,24,.,.,1,1,5,1,.
18,53.1,159.4,16.1874,0.66,12,18,64,4.8,0.4,0,0,0,1,2,115.876893939394,20.8986333631923,0,64,.,47.97,.,.,0,2,5,0,0.0995606010781959
18,53.1,159.4,16.1874,0.66,12,18,64,4.8,0.4,0,0,0,1,2,115.876893939394,20.8986333631923,0,64,190,48,.,.,1,1,5,1,.
18,53.1,159.4,16.1874,0.66,12,18,64,4.8,0.4,0,0,0,1,2,115.876893939394,20.8986333631923,0,64,.,71.97,.,.,0,2,5,0,0.134051114270588
18,53.1,159.4,16.1874,0.66,12,18,64,4.8,0.4,0,0,0,1,2,115.876893939394,20.8986333631923,0,64,190,72,.,.,1,1,5,1,.
18,53.1,159.4,16.1874,0.66,12,18,64,4.8,0.4,0,0,0,1,2,115.876893939394,20.8986333631923,0,64,190,96,.,.,1,1,5,1,.
18,53.1,159.4,16.1874,0.66,12,18,64,4.8,0.4,0,0,0,1,2,115.876893939394,20.8986333631923,0,64,.,119.97,.,.,0,2,5,0,0.227825770862924
18,53.1,159.4,16.1874,0.66,12,18,64,4.8,0.4,0,0,0,1,2,115.876893939394,20.8986333631923,0,64,190,120,.,.,1,1,5,1,.
18,53.1,159.4,16.1874,0.66,12,18,64,4.8,0.4,0,0,0,1,2,115.876893939394,20.8986333631923,0,64,190,144,.,.,1,1,5,1,.
18,53.1,159.4,16.1874,0.66,12,18,64,4.8,0.4,0,0,0,1,2,115.876893939394,20.8986333631923,0,64,190,168,.,.,1,1,5,1,.
18,53.1,159.4,16.1874,0.66,12,18,64,4.8,0.4,0,0,0,1,2,115.876893939394,20.8986333631923,0,64,.,191.97,.,.,0,2,5,0,0.11394196945837
18,53.1,159.4,16.1874,0.66,12,18,64,4.8,0.4,0,0,0,1,2,115.876893939394,20.8986333631923,0,64,190,192,.,.,1,1,5,1,.
18,53.1,159.4,16.1874,0.66,12,18,64,4.8,0.4,0,0,0,1,2,115.876893939394,20.8986333631923,0,64,190,216,.,.,1,1,5,1,.
18,53.1,159.4,16.1874,0.66,12,18,64,4.8,0.4,0,0,0,1,2,115.876893939394,20.8986333631923,0,64,190,240,.,.,1,1,5,1,.
18,53.1,159.4,16.1874,0.66,12,18,64,4.8,0.4,0,0,0,1,2,115.876893939394,20.8986333631923,0,64,.,263.97,.,.,0,2,5,0,0.40384301940891
18,53.1,159.4,16.1874,0.66,12,18,64,4.8,0.4,0,0,0,1,2,115.876893939394,20.8986333631923,0,64,190,264,.,.,1,1,5,1,.
18,53.1,159.4,16.1874,0.66,12,18,64,4.8,0.4,0,0,0,1,2,115.876893939394,20.8986333631923,0,64,190,288,.,.,1,1,5,1,.
18,53.1,159.4,16.1874,0.66,12,18,64,4.8,0.4,0,0,0,1,2,115.876893939394,20.8986333631923,0,64,190,312,.,.,1,1,5,1,.
18,53.1,159.4,16.1874,0.66,12,18,64,4.8,0.4,0,0,0,1,2,115.876893939394,20.8986333631923,0,64,.,335.97,.,.,0,2,5,0,0.509179059763652
18,53.1,159.4,16.1874,0.66,12,18,64,4.8,0.4,0,0,0,1,2,115.876893939394,20.8986333631923,0,64,190,336,.,.,1,1,5,1,.
18,53.1,159.4,16.1874,0.66,12,18,64,4.8,0.4,0,0,0,1,2,115.876893939394,20.8986333631923,0,64,190,360,.,.,1,1,5,1,.
18,53.1,159.4,16.1874,0.66,12,18,64,4.8,0.4,0,0,0,1,2,115.876893939394,20.8986333631923,0,64,190,384,.,.,1,1,5,1,.
18,53.1,159.4,16.1874,0.66,12,18,64,4.8,0.4,0,0,0,1,2,115.876893939394,20.8986333631923,0,64,.,407.97,.,.,0,2,5,0,0.400976817487378
18,53.1,159.4,16.1874,0.66,12,18,64,4.8,0.4,0,0,0,1,2,115.876893939394,20.8986333631923,0,64,190,408,.,.,1,1,5,1,.
18,53.1,159.4,16.1874,0.66,12,18,64,4.8,0.4,0,0,0,1,2,115.876893939394,20.8986333631923,0,64,190,432,.,.,1,1,5,1,.
18,53.1,159.4,16.1874,0.66,12,18,64,4.8,0.4,0,0,0,1,2,115.876893939394,20.8986333631923,0,64,190,455,.,.,1,1,5,1,.
18,53.1,159.4,16.1874,0.66,12,18,64,4.8,0.4,0,0,0,1,2,115.876893939394,20.8986333631923,0,64,190,479,.,.,1,1,5,1,.
18,53.1,159.4,16.1874,0.66,12,18,64,4.8,0.4,0,0,0,1,2,115.876893939394,20.8986333631923,0,64,.,479.97,.,.,0,2,5,0,0.184102185744749
18,53.1,159.4,16.1874,0.66,12,18,64,4.8,0.4,0,0,0,1,2,115.876893939394,20.8986333631923,0,64,.,481,.,.,0,2,5,0,0.175424266803585
18,53.1,159.4,16.1874,0.66,12,18,64,4.8,0.4,0,0,0,1,2,115.876893939394,20.8986333631923,0,64,.,482.13,.,.,0,2,5,0,0.253431951019652
18,53.1,159.4,16.1874,0.66,12,18,64,4.8,0.4,0,0,0,1,2,115.876893939394,20.8986333631923,0,64,.,483,.,.,0,2,5,0,0.244996145263707
18,53.1,159.4,16.1874,0.66,12,18,64,4.8,0.4,0,0,0,1,2,115.876893939394,20.8986333631923,0,64,.,484,.,.,0,2,5,0,0.386896015789449
18,53.1,159.4,16.1874,0.66,12,18,64,4.8,0.4,0,0,0,1,2,115.876893939394,20.8986333631923,0,64,.,485,.,.,0,2,5,0,0.175714933116035
18,53.1,159.4,16.1874,0.66,12,18,64,4.8,0.4,0,0,0,1,2,115.876893939394,20.8986333631923,0,64,.,486,.,.,0,2,5,0,0.419569327907481
18,53.1,159.4,16.1874,0.66,12,18,64,4.8,0.4,0,0,0,1,2,115.876893939394,20.8986333631923,0,64,.,487,.,.,0,2,5,0,0.29006812032661
18,53.1,159.4,16.1874,0.66,12,18,64,4.8,0.4,0,0,0,1,2,115.876893939394,20.8986333631923,0,64,.,488,.,.,0,2,5,0,0.340603008783388
18,53.1,159.4,16.1874,0.66,12,18,64,4.8,0.4,0,0,0,1,2,115.876893939394,20.8986333631923,0,64,.,492,.,.,0,2,5,0,0.382528142921415
18,53.1,159.4,16.1874,0.66,12,18,64,4.8,0.4,0,0,0,1,2,115.876893939394,20.8986333631923,0,64,.,504.07,.,.,0,2,5,0,0.251995188599996
38,77.7,162.3,29.6305,0.64,24,25,38,4.2,0.5,0,0,1,0,2,146.193359375,29.4974164135469,0,65,80,0,.,.,1,1,5,1,.
38,77.7,162.3,29.6305,0.64,24,25,38,4.2,0.5,0,0,1,0,2,146.193359375,29.4974164135469,0,65,80,24,.,.,1,1,5,1,.
38,77.7,162.3,29.6305,0.64,24,25,38,4.2,0.5,0,0,1,0,2,146.193359375,29.4974164135469,0,65,.,47.97,.,.,0,2,5,0,0.0274235150306514
38,77.7,162.3,29.6305,0.64,24,25,38,4.2,0.5,0,0,1,0,2,146.193359375,29.4974164135469,0,65,80,48,.,.,1,1,5,1,.
38,77.7,162.3,29.6305,0.64,24,25,38,4.2,0.5,0,0,1,0,2,146.193359375,29.4974164135469,0,65,.,71.97,.,.,0,2,5,0,0.0387745524173953
38,77.7,162.3,29.6305,0.64,24,25,38,4.2,0.5,0,0,1,0,2,146.193359375,29.4974164135469,0,65,80,72,.,.,1,1,5,1,.
38,77.7,162.3,29.6305,0.64,24,25,38,4.2,0.5,0,0,1,0,2,146.193359375,29.4974164135469,0,65,80,96,.,.,1,1,5,1,.
38,77.7,162.3,29.6305,0.64,24,25,38,4.2,0.5,0,0,1,0,2,146.193359375,29.4974164135469,0,65,.,119.97,.,.,0,2,5,0,0.0530107392896903
38,77.7,162.3,29.6305,0.64,24,25,38,4.2,0.5,0,0,1,0,2,146.193359375,29.4974164135469,0,65,80,120,.,.,1,1,5,1,.
38,77.7,162.3,29.6305,0.64,24,25,38,4.2,0.5,0,0,1,0,2,146.193359375,29.4974164135469,0,65,80,144,.,.,1,1,5,1,.
38,77.7,162.3,29.6305,0.64,24,25,38,4.2,0.5,0,0,1,0,2,146.193359375,29.4974164135469,0,65,80,168,.,.,1,1,5,1,.
38,77.7,162.3,29.6305,0.64,24,25,38,4.2,0.5,0,0,1,0,2,146.193359375,29.4974164135469,0,65,.,191.97,.,.,0,2,5,0,0.0923588007737224
38,77.7,162.3,29.6305,0.64,24,25,38,4.2,0.5,0,0,1,0,2,146.193359375,29.4974164135469,0,65,80,192,.,.,1,1,5,1,.
38,77.7,162.3,29.6305,0.64,24,25,38,4.2,0.5,0,0,1,0,2,146.193359375,29.4974164135469,0,65,80,216,.,.,1,1,5,1,.
38,77.7,162.3,29.6305,0.64,24,25,38,4.2,0.5,0,0,1,0,2,146.193359375,29.4974164135469,0,65,80,240,.,.,1,1,5,1,.
38,77.7,162.3,29.6305,0.64,24,25,38,4.2,0.5,0,0,1,0,2,146.193359375,29.4974164135469,0,65,.,263.97,.,.,0,2,5,0,0.0765189057861324
38,77.7,162.3,29.6305,0.64,24,25,38,4.2,0.5,0,0,1,0,2,146.193359375,29.4974164135469,0,65,80,264,.,.,1,1,5,1,.
38,77.7,162.3,29.6305,0.64,24,25,38,4.2,0.5,0,0,1,0,2,146.193359375,29.4974164135469,0,65,80,288,.,.,1,1,5,1,.
38,77.7,162.3,29.6305,0.64,24,25,38,4.2,0.5,0,0,1,0,2,146.193359375,29.4974164135469,0,65,80,312,.,.,1,1,5,1,.
38,77.7,162.3,29.6305,0.64,24,25,38,4.2,0.5,0,0,1,0,2,146.193359375,29.4974164135469,0,65,.,335.97,.,.,0,2,5,0,0.161394762786876
38,77.7,162.3,29.6305,0.64,24,25,38,4.2,0.5,0,0,1,0,2,146.193359375,29.4974164135469,0,65,80,336,.,.,1,1,5,1,.
38,77.7,162.3,29.6305,0.64,24,25,38,4.2,0.5,0,0,1,0,2,146.193359375,29.4974164135469,0,65,80,360,.,.,1,1,5,1,.
38,77.7,162.3,29.6305,0.64,24,25,38,4.2,0.5,0,0,1,0,2,146.193359375,29.4974164135469,0,65,80,384,.,.,1,1,5,1,.
38,77.7,162.3,29.6305,0.64,24,25,38,4.2,0.5,0,0,1,0,2,146.193359375,29.4974164135469,0,65,.,407.97,.,.,0,2,5,0,0.121662420377967
38,77.7,162.3,29.6305,0.64,24,25,38,4.2,0.5,0,0,1,0,2,146.193359375,29.4974164135469,0,65,80,408,.,.,1,1,5,1,.
38,77.7,162.3,29.6305,0.64,24,25,38,4.2,0.5,0,0,1,0,2,146.193359375,29.4974164135469,0,65,80,432,.,.,1,1,5,1,.
38,77.7,162.3,29.6305,0.64,24,25,38,4.2,0.5,0,0,1,0,2,146.193359375,29.4974164135469,0,65,80,456,.,.,1,1,5,1,.
38,77.7,162.3,29.6305,0.64,24,25,38,4.2,0.5,0,0,1,0,2,146.193359375,29.4974164135469,0,65,.,479.97,.,.,0,2,5,0,0.200711052570911
38,77.7,162.3,29.6305,0.64,24,25,38,4.2,0.5,0,0,1,0,2,146.193359375,29.4974164135469,0,65,80,480,.,.,1,1,5,1,.
38,77.7,162.3,29.6305,0.64,24,25,38,4.2,0.5,0,0,1,0,2,146.193359375,29.4974164135469,0,65,.,481.03,.,.,0,2,5,0,0.18546812710668
38,77.7,162.3,29.6305,0.64,24,25,38,4.2,0.5,0,0,1,0,2,146.193359375,29.4974164135469,0,65,.,482,.,.,0,2,5,0,0.341356509081299
38,77.7,162.3,29.6305,0.64,24,25,38,4.2,0.5,0,0,1,0,2,146.193359375,29.4974164135469,0,65,.,483,.,.,0,2,5,0,0.0678870672851484
38,77.7,162.3,29.6305,0.64,24,25,38,4.2,0.5,0,0,1,0,2,146.193359375,29.4974164135469,0,65,.,484,.,.,0,2,5,0,0.322748599272183
38,77.7,162.3,29.6305,0.64,24,25,38,4.2,0.5,0,0,1,0,2,146.193359375,29.4974164135469,0,65,.,485,.,.,0,2,5,0,0.298102481736636
38,77.7,162.3,29.6305,0.64,24,25,38,4.2,0.5,0,0,1,0,2,146.193359375,29.4974164135469,0,65,.,486,.,.,0,2,5,0,0.0410823303812515
38,77.7,162.3,29.6305,0.64,24,25,38,4.2,0.5,0,0,1,0,2,146.193359375,29.4974164135469,0,65,.,487,.,.,0,2,5,0,0.257034303627235
38,77.7,162.3,29.6305,0.64,24,25,38,4.2,0.5,0,0,1,0,2,146.193359375,29.4974164135469,0,65,.,488,.,.,0,2,5,0,0.31607252511516
38,77.7,162.3,29.6305,0.64,24,25,38,4.2,0.5,0,0,1,0,2,146.193359375,29.4974164135469,0,65,.,492,.,.,0,2,5,0,0.15531045071721
38,77.7,162.3,29.6305,0.64,24,25,38,4.2,0.5,0,0,1,0,2,146.193359375,29.4974164135469,0,65,.,504,.,.,0,2,5,0,0.112936585306055
18,115.9,163.8,52.9363,0.57,20,19,73,3.9,0.3,1,0,0,0,2,292.856481481482,43.1972043693655,1,66,80,0,.,.,1,1,5,1,.
18,115.9,163.8,52.9363,0.57,20,19,73,3.9,0.3,1,0,0,0,2,292.856481481482,43.1972043693655,1,66,80,24,.,.,1,1,5,1,.
18,115.9,163.8,52.9363,0.57,20,19,73,3.9,0.3,1,0,0,0,2,292.856481481482,43.1972043693655,1,66,.,47.97,.,.,0,2,5,0,0.0406584626228076
18,115.9,163.8,52.9363,0.57,20,19,73,3.9,0.3,1,0,0,0,2,292.856481481482,43.1972043693655,1,66,80,48,.,.,1,1,5,1,.
18,115.9,163.8,52.9363,0.57,20,19,73,3.9,0.3,1,0,0,0,2,292.856481481482,43.1972043693655,1,66,.,71.97,.,.,0,2,5,0,0.0477301452755658
18,115.9,163.8,52.9363,0.57,20,19,73,3.9,0.3,1,0,0,0,2,292.856481481482,43.1972043693655,1,66,80,72,.,.,1,1,5,1,.
18,115.9,163.8,52.9363,0.57,20,19,73,3.9,0.3,1,0,0,0,2,292.856481481482,43.1972043693655,1,66,80,96,.,.,1,1,5,1,.
18,115.9,163.8,52.9363,0.57,20,19,73,3.9,0.3,1,0,0,0,2,292.856481481482,43.1972043693655,1,66,.,119.97,.,.,0,2,5,0,0.0120043240088636
18,115.9,163.8,52.9363,0.57,20,19,73,3.9,0.3,1,0,0,0,2,292.856481481482,43.1972043693655,1,66,80,120,.,.,1,1,5,1,.
18,115.9,163.8,52.9363,0.57,20,19,73,3.9,0.3,1,0,0,0,2,292.856481481482,43.1972043693655,1,66,80,144,.,.,1,1,5,1,.
18,115.9,163.8,52.9363,0.57,20,19,73,3.9,0.3,1,0,0,0,2,292.856481481482,43.1972043693655,1,66,80,168,.,.,1,1,5,1,.
18,115.9,163.8,52.9363,0.57,20,19,73,3.9,0.3,1,0,0,0,2,292.856481481482,43.1972043693655,1,66,.,191.97,.,.,0,2,5,0,0.0952749254057808
18,115.9,163.8,52.9363,0.57,20,19,73,3.9,0.3,1,0,0,0,2,292.856481481482,43.1972043693655,1,66,80,192,.,.,1,1,5,1,.
18,115.9,163.8,52.9363,0.57,20,19,73,3.9,0.3,1,0,0,0,2,292.856481481482,43.1972043693655,1,66,80,216,.,.,1,1,5,1,.
18,115.9,163.8,52.9363,0.57,20,19,73,3.9,0.3,1,0,0,0,2,292.856481481482,43.1972043693655,1,66,80,240,.,.,1,1,5,1,.
18,115.9,163.8,52.9363,0.57,20,19,73,3.9,0.3,1,0,0,0,2,292.856481481482,43.1972043693655,1,66,.,263.97,.,.,0,2,5,0,0.0084628430125784
18,115.9,163.8,52.9363,0.57,20,19,73,3.9,0.3,1,0,0,0,2,292.856481481482,43.1972043693655,1,66,80,264,.,.,1,1,5,1,.
18,115.9,163.8,52.9363,0.57,20,19,73,3.9,0.3,1,0,0,0,2,292.856481481482,43.1972043693655,1,66,80,288,.,.,1,1,5,1,.
18,115.9,163.8,52.9363,0.57,20,19,73,3.9,0.3,1,0,0,0,2,292.856481481482,43.1972043693655,1,66,80,312,.,.,1,1,5,1,.
18,115.9,163.8,52.9363,0.57,20,19,73,3.9,0.3,1,0,0,0,2,292.856481481482,43.1972043693655,1,66,.,335.97,.,.,0,2,5,0,0.0746172465297351
18,115.9,163.8,52.9363,0.57,20,19,73,3.9,0.3,1,0,0,0,2,292.856481481482,43.1972043693655,1,66,80,336,.,.,1,1,5,1,.
18,115.9,163.8,52.9363,0.57,20,19,73,3.9,0.3,1,0,0,0,2,292.856481481482,43.1972043693655,1,66,80,360,.,.,1,1,5,1,.
18,115.9,163.8,52.9363,0.57,20,19,73,3.9,0.3,1,0,0,0,2,292.856481481482,43.1972043693655,1,66,80,384,.,.,1,1,5,1,.
18,115.9,163.8,52.9363,0.57,20,19,73,3.9,0.3,1,0,0,0,2,292.856481481482,43.1972043693655,1,66,.,408,.,.,0,2,5,0,0.047636171987171
18,115.9,163.8,52.9363,0.57,20,19,73,3.9,0.3,1,0,0,0,2,292.856481481482,43.1972043693655,1,66,80,408,.,.,1,1,5,1,.
18,115.9,163.8,52.9363,0.57,20,19,73,3.9,0.3,1,0,0,0,2,292.856481481482,43.1972043693655,1,66,80,432.03,.,.,1,1,5,1,.
18,115.9,163.8,52.9363,0.57,20,19,73,3.9,0.3,1,0,0,0,2,292.856481481482,43.1972043693655,1,66,80,456,.,.,1,1,5,1,.
18,115.9,163.8,52.9363,0.57,20,19,73,3.9,0.3,1,0,0,0,2,292.856481481482,43.1972043693655,1,66,.,479.97,.,.,0,2,5,0,0.0593787631810861
18,115.9,163.8,52.9363,0.57,20,19,73,3.9,0.3,1,0,0,0,2,292.856481481482,43.1972043693655,1,66,80,480,.,.,1,1,5,1,.
18,115.9,163.8,52.9363,0.57,20,19,73,3.9,0.3,1,0,0,0,2,292.856481481482,43.1972043693655,1,66,.,481,.,.,0,2,5,0,0.261663480532883
18,115.9,163.8,52.9363,0.57,20,19,73,3.9,0.3,1,0,0,0,2,292.856481481482,43.1972043693655,1,66,.,482,.,.,0,2,5,0,0.164772168966476
18,115.9,163.8,52.9363,0.57,20,19,73,3.9,0.3,1,0,0,0,2,292.856481481482,43.1972043693655,1,66,.,483,.,.,0,2,5,0,0.0698411137290724
18,115.9,163.8,52.9363,0.57,20,19,73,3.9,0.3,1,0,0,0,2,292.856481481482,43.1972043693655,1,66,.,484,.,.,0,2,5,0,0.1152648281011
18,115.9,163.8,52.9363,0.57,20,19,73,3.9,0.3,1,0,0,0,2,292.856481481482,43.1972043693655,1,66,.,485,.,.,0,2,5,0,0.162169501534854
18,115.9,163.8,52.9363,0.57,20,19,73,3.9,0.3,1,0,0,0,2,292.856481481482,43.1972043693655,1,66,.,486,.,.,0,2,5,0,0.143228374021707
18,115.9,163.8,52.9363,0.57,20,19,73,3.9,0.3,1,0,0,0,2,292.856481481482,43.1972043693655,1,66,.,487,.,.,0,2,5,0,0.125187882404263
18,115.9,163.8,52.9363,0.57,20,19,73,3.9,0.3,1,0,0,0,2,292.856481481482,43.1972043693655,1,66,.,488,.,.,0,2,5,0,0.0473594592354124
18,115.9,163.8,52.9363,0.57,20,19,73,3.9,0.3,1,0,0,0,2,292.856481481482,43.1972043693655,1,66,.,492,.,.,0,2,5,0,0.0367222414711924
18,115.9,163.8,52.9363,0.57,20,19,73,3.9,0.3,1,0,0,0,2,292.856481481482,43.1972043693655,1,66,.,504,.,.,0,2,5,0,0.0333946565340947
31,62.1,151.2,27.9588,0.59,12,18,65,4.3,0.7,0,1,0,0,2,135.441737288136,27.1636432350718,0,67,190,0,.,.,1,1,5,1,.
31,62.1,151.2,27.9588,0.59,12,18,65,4.3,0.7,0,1,0,0,2,135.441737288136,27.1636432350718,0,67,190,24,.,.,1,1,5,1,.
31,62.1,151.2,27.9588,0.59,12,18,65,4.3,0.7,0,1,0,0,2,135.441737288136,27.1636432350718,0,67,.,47.97,.,.,0,2,5,0,0.0261314849151922
31,62.1,151.2,27.9588,0.59,12,18,65,4.3,0.7,0,1,0,0,2,135.441737288136,27.1636432350718,0,67,190,48,.,.,1,1,5,1,.
31,62.1,151.2,27.9588,0.59,12,18,65,4.3,0.7,0,1,0,0,2,135.441737288136,27.1636432350718,0,67,.,71.97,.,.,0,2,5,0,0.0265451206754653
31,62.1,151.2,27.9588,0.59,12,18,65,4.3,0.7,0,1,0,0,2,135.441737288136,27.1636432350718,0,67,190,72,.,.,1,1,5,1,.
31,62.1,151.2,27.9588,0.59,12,18,65,4.3,0.7,0,1,0,0,2,135.441737288136,27.1636432350718,0,67,190,96,.,.,1,1,5,1,.
31,62.1,151.2,27.9588,0.59,12,18,65,4.3,0.7,0,1,0,0,2,135.441737288136,27.1636432350718,0,67,.,119.97,.,.,0,2,5,0,0.146696487733028
31,62.1,151.2,27.9588,0.59,12,18,65,4.3,0.7,0,1,0,0,2,135.441737288136,27.1636432350718,0,67,190,120,.,.,1,1,5,1,.
31,62.1,151.2,27.9588,0.59,12,18,65,4.3,0.7,0,1,0,0,2,135.441737288136,27.1636432350718,0,67,190,144,.,.,1,1,5,1,.
31,62.1,151.2,27.9588,0.59,12,18,65,4.3,0.7,0,1,0,0,2,135.441737288136,27.1636432350718,0,67,190,168,.,.,1,1,5,1,.
31,62.1,151.2,27.9588,0.59,12,18,65,4.3,0.7,0,1,0,0,2,135.441737288136,27.1636432350718,0,67,.,191.97,.,.,0,2,5,0,0.12811843763327
31,62.1,151.2,27.9588,0.59,12,18,65,4.3,0.7,0,1,0,0,2,135.441737288136,27.1636432350718,0,67,190,192,.,.,1,1,5,1,.
31,62.1,151.2,27.9588,0.59,12,18,65,4.3,0.7,0,1,0,0,2,135.441737288136,27.1636432350718,0,67,190,216,.,.,1,1,5,1,.
31,62.1,151.2,27.9588,0.59,12,18,65,4.3,0.7,0,1,0,0,2,135.441737288136,27.1636432350718,0,67,190,240,.,.,1,1,5,1,.
31,62.1,151.2,27.9588,0.59,12,18,65,4.3,0.7,0,1,0,0,2,135.441737288136,27.1636432350718,0,67,.,263.97,.,.,0,2,5,0,0.193243555111846
31,62.1,151.2,27.9588,0.59,12,18,65,4.3,0.7,0,1,0,0,2,135.441737288136,27.1636432350718,0,67,190,264,.,.,1,1,5,1,.
31,62.1,151.2,27.9588,0.59,12,18,65,4.3,0.7,0,1,0,0,2,135.441737288136,27.1636432350718,0,67,190,288,.,.,1,1,5,1,.
31,62.1,151.2,27.9588,0.59,12,18,65,4.3,0.7,0,1,0,0,2,135.441737288136,27.1636432350718,0,67,190,312,.,.,1,1,5,1,.
31,62.1,151.2,27.9588,0.59,12,18,65,4.3,0.7,0,1,0,0,2,135.441737288136,27.1636432350718,0,67,.,335.97,.,.,0,2,5,0,0.231375826007335
31,62.1,151.2,27.9588,0.59,12,18,65,4.3,0.7,0,1,0,0,2,135.441737288136,27.1636432350718,0,67,190,336,.,.,1,1,5,1,.
31,62.1,151.2,27.9588,0.59,12,18,65,4.3,0.7,0,1,0,0,2,135.441737288136,27.1636432350718,0,67,190,360,.,.,1,1,5,1,.
31,62.1,151.2,27.9588,0.59,12,18,65,4.3,0.7,0,1,0,0,2,135.441737288136,27.1636432350718,0,67,190,384,.,.,1,1,5,1,.
31,62.1,151.2,27.9588,0.59,12,18,65,4.3,0.7,0,1,0,0,2,135.441737288136,27.1636432350718,0,67,.,407.97,.,.,0,2,5,0,0.174536602416321
31,62.1,151.2,27.9588,0.59,12,18,65,4.3,0.7,0,1,0,0,2,135.441737288136,27.1636432350718,0,67,190,408,.,.,1,1,5,1,.
31,62.1,151.2,27.9588,0.59,12,18,65,4.3,0.7,0,1,0,0,2,135.441737288136,27.1636432350718,0,67,190,432,.,.,1,1,5,1,.
31,62.1,151.2,27.9588,0.59,12,18,65,4.3,0.7,0,1,0,0,2,135.441737288136,27.1636432350718,0,67,190,456,.,.,1,1,5,1,.
31,62.1,151.2,27.9588,0.59,12,18,65,4.3,0.7,0,1,0,0,2,135.441737288136,27.1636432350718,0,67,.,479.97,.,.,0,2,5,0,0.186923679876954
31,62.1,151.2,27.9588,0.59,12,18,65,4.3,0.7,0,1,0,0,2,135.441737288136,27.1636432350718,0,67,190,480,.,.,1,1,5,1,.
31,62.1,151.2,27.9588,0.59,12,18,65,4.3,0.7,0,1,0,0,2,135.441737288136,27.1636432350718,0,67,.,481,.,.,0,2,5,0,0.264547238547317
31,62.1,151.2,27.9588,0.59,12,18,65,4.3,0.7,0,1,0,0,2,135.441737288136,27.1636432350718,0,67,.,482,.,.,0,2,5,0,0.636814055717701
31,62.1,151.2,27.9588,0.59,12,18,65,4.3,0.7,0,1,0,0,2,135.441737288136,27.1636432350718,0,67,.,483,.,.,0,2,5,0,0.639151714370057
31,62.1,151.2,27.9588,0.59,12,18,65,4.3,0.7,0,1,0,0,2,135.441737288136,27.1636432350718,0,67,.,484,.,.,0,2,5,0,1.0148831313874
31,62.1,151.2,27.9588,0.59,12,18,65,4.3,0.7,0,1,0,0,2,135.441737288136,27.1636432350718,0,67,.,485,.,.,0,2,5,0,0.397702664354398
31,62.1,151.2,27.9588,0.59,12,18,65,4.3,0.7,0,1,0,0,2,135.441737288136,27.1636432350718,0,67,.,486,.,.,0,2,5,0,1.01239905400157
31,62.1,151.2,27.9588,0.59,12,18,65,4.3,0.7,0,1,0,0,2,135.441737288136,27.1636432350718,0,67,.,487,.,.,0,2,5,0,0.511809344709744
31,62.1,151.2,27.9588,0.59,12,18,65,4.3,0.7,0,1,0,0,2,135.441737288136,27.1636432350718,0,67,.,488,.,.,0,2,5,0,0.536767004911064
31,62.1,151.2,27.9588,0.59,12,18,65,4.3,0.7,0,1,0,0,2,135.441737288136,27.1636432350718,0,67,.,492,.,.,0,2,5,0,0.2654480326388
31,62.1,151.2,27.9588,0.59,12,18,65,4.3,0.7,0,1,0,0,2,135.441737288136,27.1636432350718,0,67,.,504,.,.,0,2,5,0,0.14930319083394
22,65.5,178.6,9.3911,1.1,20,32,75,4.7,0.7,0,0,1,0,1,97.5883838383838,20.534228521197,0,68,80,0,.,.,1,1,5,1,.
22,65.5,178.6,9.3911,1.1,20,32,75,4.7,0.7,0,0,1,0,1,97.5883838383838,20.534228521197,0,68,80,24,.,.,1,1,5,1,.
22,65.5,178.6,9.3911,1.1,20,32,75,4.7,0.7,0,0,1,0,1,97.5883838383838,20.534228521197,0,68,.,47.97,.,.,0,2,5,0,0.0471716920588276
22,65.5,178.6,9.3911,1.1,20,32,75,4.7,0.7,0,0,1,0,1,97.5883838383838,20.534228521197,0,68,80,48,.,.,1,1,5,1,.
22,65.5,178.6,9.3911,1.1,20,32,75,4.7,0.7,0,0,1,0,1,97.5883838383838,20.534228521197,0,68,.,71.97,.,.,0,2,5,0,0.0484279314876045
22,65.5,178.6,9.3911,1.1,20,32,75,4.7,0.7,0,0,1,0,1,97.5883838383838,20.534228521197,0,68,80,72,.,.,1,1,5,1,.
22,65.5,178.6,9.3911,1.1,20,32,75,4.7,0.7,0,0,1,0,1,97.5883838383838,20.534228521197,0,68,80,96,.,.,1,1,5,1,.
22,65.5,178.6,9.3911,1.1,20,32,75,4.7,0.7,0,0,1,0,1,97.5883838383838,20.534228521197,0,68,.,119.97,.,.,0,2,5,0,0.103537777607247
22,65.5,178.6,9.3911,1.1,20,32,75,4.7,0.7,0,0,1,0,1,97.5883838383838,20.534228521197,0,68,80,120,.,.,1,1,5,1,.
22,65.5,178.6,9.3911,1.1,20,32,75,4.7,0.7,0,0,1,0,1,97.5883838383838,20.534228521197,0,68,80,144,.,.,1,1,5,1,.
22,65.5,178.6,9.3911,1.1,20,32,75,4.7,0.7,0,0,1,0,1,97.5883838383838,20.534228521197,0,68,80,168,.,.,1,1,5,1,.
22,65.5,178.6,9.3911,1.1,20,32,75,4.7,0.7,0,0,1,0,1,97.5883838383838,20.534228521197,0,68,.,191.97,.,.,0,2,5,0,0.100463586975808
22,65.5,178.6,9.3911,1.1,20,32,75,4.7,0.7,0,0,1,0,1,97.5883838383838,20.534228521197,0,68,80,192,.,.,1,1,5,1,.
22,65.5,178.6,9.3911,1.1,20,32,75,4.7,0.7,0,0,1,0,1,97.5883838383838,20.534228521197,0,68,80,216,.,.,1,1,5,1,.
22,65.5,178.6,9.3911,1.1,20,32,75,4.7,0.7,0,0,1,0,1,97.5883838383838,20.534228521197,0,68,80,240,.,.,1,1,5,1,.
22,65.5,178.6,9.3911,1.1,20,32,75,4.7,0.7,0,0,1,0,1,97.5883838383838,20.534228521197,0,68,.,263.97,.,.,0,2,5,0,0.173283051661586
22,65.5,178.6,9.3911,1.1,20,32,75,4.7,0.7,0,0,1,0,1,97.5883838383838,20.534228521197,0,68,80,264,.,.,1,1,5,1,.
22,65.5,178.6,9.3911,1.1,20,32,75,4.7,0.7,0,0,1,0,1,97.5883838383838,20.534228521197,0,68,80,289,.,.,1,1,5,1,.
22,65.5,178.6,9.3911,1.1,20,32,75,4.7,0.7,0,0,1,0,1,97.5883838383838,20.534228521197,0,68,80,313,.,.,1,1,5,1,.
22,65.5,178.6,9.3911,1.1,20,32,75,4.7,0.7,0,0,1,0,1,97.5883838383838,20.534228521197,0,68,.,335.97,.,.,0,2,5,0,0.183814308963925
22,65.5,178.6,9.3911,1.1,20,32,75,4.7,0.7,0,0,1,0,1,97.5883838383838,20.534228521197,0,68,80,337,.,.,1,1,5,1,.
22,65.5,178.6,9.3911,1.1,20,32,75,4.7,0.7,0,0,1,0,1,97.5883838383838,20.534228521197,0,68,80,361,.,.,1,1,5,1,.
22,65.5,178.6,9.3911,1.1,20,32,75,4.7,0.7,0,0,1,0,1,97.5883838383838,20.534228521197,0,68,80,385,.,.,1,1,5,1,.
22,65.5,178.6,9.3911,1.1,20,32,75,4.7,0.7,0,0,1,0,1,97.5883838383838,20.534228521197,0,68,.,407.97,.,.,0,2,5,0,0.164321739163083
22,65.5,178.6,9.3911,1.1,20,32,75,4.7,0.7,0,0,1,0,1,97.5883838383838,20.534228521197,0,68,80,409,.,.,1,1,5,1,.
22,65.5,178.6,9.3911,1.1,20,32,75,4.7,0.7,0,0,1,0,1,97.5883838383838,20.534228521197,0,68,80,433,.,.,1,1,5,1,.
22,65.5,178.6,9.3911,1.1,20,32,75,4.7,0.7,0,0,1,0,1,97.5883838383838,20.534228521197,0,68,80,457,.,.,1,1,5,1,.
22,65.5,178.6,9.3911,1.1,20,32,75,4.7,0.7,0,0,1,0,1,97.5883838383838,20.534228521197,0,68,.,479.97,.,.,0,2,5,0,0.280535872919997
22,65.5,178.6,9.3911,1.1,20,32,75,4.7,0.7,0,0,1,0,1,97.5883838383838,20.534228521197,0,68,.,481,.,.,0,2,5,0,0.144413150403137
22,65.5,178.6,9.3911,1.1,20,32,75,4.7,0.7,0,0,1,0,1,97.5883838383838,20.534228521197,0,68,80,481,.,.,1,1,5,1,.
22,65.5,178.6,9.3911,1.1,20,32,75,4.7,0.7,0,0,1,0,1,97.5883838383838,20.534228521197,0,68,.,482,.,.,0,2,5,0,0.342750222912111
22,65.5,178.6,9.3911,1.1,20,32,75,4.7,0.7,0,0,1,0,1,97.5883838383838,20.534228521197,0,68,.,483,.,.,0,2,5,0,0.159721630076783
22,65.5,178.6,9.3911,1.1,20,32,75,4.7,0.7,0,0,1,0,1,97.5883838383838,20.534228521197,0,68,.,484,.,.,0,2,5,0,0.455192157023514
22,65.5,178.6,9.3911,1.1,20,32,75,4.7,0.7,0,0,1,0,1,97.5883838383838,20.534228521197,0,68,.,485,.,.,0,2,5,0,0.0285048324310179
22,65.5,178.6,9.3911,1.1,20,32,75,4.7,0.7,0,0,1,0,1,97.5883838383838,20.534228521197,0,68,.,486,.,.,0,2,5,0,0.269811248007502
22,65.5,178.6,9.3911,1.1,20,32,75,4.7,0.7,0,0,1,0,1,97.5883838383838,20.534228521197,0,68,.,487,.,.,0,2,5,0,0.337493065398068
22,65.5,178.6,9.3911,1.1,20,32,75,4.7,0.7,0,0,1,0,1,97.5883838383838,20.534228521197,0,68,.,488,.,.,0,2,5,0,0.288025301496955
22,65.5,178.6,9.3911,1.1,20,32,75,4.7,0.7,0,0,1,0,1,97.5883838383838,20.534228521197,0,68,.,492,.,.,0,2,5,0,0.229796854867552
22,65.5,178.6,9.3911,1.1,20,32,75,4.7,0.7,0,0,1,0,1,97.5883838383838,20.534228521197,0,68,.,504,.,.,0,2,5,0,0.13871030265997
39,85.5,173.2,24.1392,0.98,25,22,39,4.2,0.9,0,0,0,1,1,122.385204081633,28.5016720980964,0,69,80,0,.,.,1,1,5,1,.
39,85.5,173.2,24.1392,0.98,25,22,39,4.2,0.9,0,0,0,1,1,122.385204081633,28.5016720980964,0,69,80,24,.,.,1,1,5,1,.
39,85.5,173.2,24.1392,0.98,25,22,39,4.2,0.9,0,0,0,1,1,122.385204081633,28.5016720980964,0,69,.,47.97,.,.,0,2,5,0,0.0555459325546135
39,85.5,173.2,24.1392,0.98,25,22,39,4.2,0.9,0,0,0,1,1,122.385204081633,28.5016720980964,0,69,80,48,.,.,1,1,5,1,.
39,85.5,173.2,24.1392,0.98,25,22,39,4.2,0.9,0,0,0,1,1,122.385204081633,28.5016720980964,0,69,.,71.97,.,.,0,2,5,0,0.0638465328330972
39,85.5,173.2,24.1392,0.98,25,22,39,4.2,0.9,0,0,0,1,1,122.385204081633,28.5016720980964,0,69,80,72,.,.,1,1,5,1,.
39,85.5,173.2,24.1392,0.98,25,22,39,4.2,0.9,0,0,0,1,1,122.385204081633,28.5016720980964,0,69,80,96,.,.,1,1,5,1,.
39,85.5,173.2,24.1392,0.98,25,22,39,4.2,0.9,0,0,0,1,1,122.385204081633,28.5016720980964,0,69,.,119.97,.,.,0,2,5,0,0.0426929138510245
39,85.5,173.2,24.1392,0.98,25,22,39,4.2,0.9,0,0,0,1,1,122.385204081633,28.5016720980964,0,69,80,120,.,.,1,1,5,1,.
39,85.5,173.2,24.1392,0.98,25,22,39,4.2,0.9,0,0,0,1,1,122.385204081633,28.5016720980964,0,69,80,144,.,.,1,1,5,1,.
39,85.5,173.2,24.1392,0.98,25,22,39,4.2,0.9,0,0,0,1,1,122.385204081633,28.5016720980964,0,69,80,168,.,.,1,1,5,1,.
39,85.5,173.2,24.1392,0.98,25,22,39,4.2,0.9,0,0,0,1,1,122.385204081633,28.5016720980964,0,69,.,191.97,.,.,0,2,5,0,0.0775765135138621
39,85.5,173.2,24.1392,0.98,25,22,39,4.2,0.9,0,0,0,1,1,122.385204081633,28.5016720980964,0,69,80,192,.,.,1,1,5,1,.
39,85.5,173.2,24.1392,0.98,25,22,39,4.2,0.9,0,0,0,1,1,122.385204081633,28.5016720980964,0,69,80,216,.,.,1,1,5,1,.
39,85.5,173.2,24.1392,0.98,25,22,39,4.2,0.9,0,0,0,1,1,122.385204081633,28.5016720980964,0,69,80,240,.,.,1,1,5,1,.
39,85.5,173.2,24.1392,0.98,25,22,39,4.2,0.9,0,0,0,1,1,122.385204081633,28.5016720980964,0,69,.,263.97,.,.,0,2,5,0,0.126851364464872
39,85.5,173.2,24.1392,0.98,25,22,39,4.2,0.9,0,0,0,1,1,122.385204081633,28.5016720980964,0,69,80,264,.,.,1,1,5,1,.
39,85.5,173.2,24.1392,0.98,25,22,39,4.2,0.9,0,0,0,1,1,122.385204081633,28.5016720980964,0,69,80,289,.,.,1,1,5,1,.
39,85.5,173.2,24.1392,0.98,25,22,39,4.2,0.9,0,0,0,1,1,122.385204081633,28.5016720980964,0,69,80,313,.,.,1,1,5,1,.
39,85.5,173.2,24.1392,0.98,25,22,39,4.2,0.9,0,0,0,1,1,122.385204081633,28.5016720980964,0,69,.,335.97,.,.,0,2,5,0,0.0281673433344611
39,85.5,173.2,24.1392,0.98,25,22,39,4.2,0.9,0,0,0,1,1,122.385204081633,28.5016720980964,0,69,80,337,.,.,1,1,5,1,.
39,85.5,173.2,24.1392,0.98,25,22,39,4.2,0.9,0,0,0,1,1,122.385204081633,28.5016720980964,0,69,80,361,.,.,1,1,5,1,.
39,85.5,173.2,24.1392,0.98,25,22,39,4.2,0.9,0,0,0,1,1,122.385204081633,28.5016720980964,0,69,80,385,.,.,1,1,5,1,.
39,85.5,173.2,24.1392,0.98,25,22,39,4.2,0.9,0,0,0,1,1,122.385204081633,28.5016720980964,0,69,.,407.97,.,.,0,2,5,0,0.157507681608624
39,85.5,173.2,24.1392,0.98,25,22,39,4.2,0.9,0,0,0,1,1,122.385204081633,28.5016720980964,0,69,80,409,.,.,1,1,5,1,.
39,85.5,173.2,24.1392,0.98,25,22,39,4.2,0.9,0,0,0,1,1,122.385204081633,28.5016720980964,0,69,80,433,.,.,1,1,5,1,.
39,85.5,173.2,24.1392,0.98,25,22,39,4.2,0.9,0,0,0,1,1,122.385204081633,28.5016720980964,0,69,80,457,.,.,1,1,5,1,.
39,85.5,173.2,24.1392,0.98,25,22,39,4.2,0.9,0,0,0,1,1,122.385204081633,28.5016720980964,0,69,.,479.97,.,.,0,2,5,0,0.039746937961794
39,85.5,173.2,24.1392,0.98,25,22,39,4.2,0.9,0,0,0,1,1,122.385204081633,28.5016720980964,0,69,.,481,.,.,0,2,5,0,0.072399575083082
39,85.5,173.2,24.1392,0.98,25,22,39,4.2,0.9,0,0,0,1,1,122.385204081633,28.5016720980964,0,69,80,481,.,.,1,1,5,1,.
39,85.5,173.2,24.1392,0.98,25,22,39,4.2,0.9,0,0,0,1,1,122.385204081633,28.5016720980964,0,69,.,482,.,.,0,2,5,0,0.181564195232586
39,85.5,173.2,24.1392,0.98,25,22,39,4.2,0.9,0,0,0,1,1,122.385204081633,28.5016720980964,0,69,.,483,.,.,0,2,5,0,0.185824429818587
39,85.5,173.2,24.1392,0.98,25,22,39,4.2,0.9,0,0,0,1,1,122.385204081633,28.5016720980964,0,69,.,484,.,.,0,2,5,0,0.248742512184688
39,85.5,173.2,24.1392,0.98,25,22,39,4.2,0.9,0,0,0,1,1,122.385204081633,28.5016720980964,0,69,.,485,.,.,0,2,5,0,0.245161854200949
39,85.5,173.2,24.1392,0.98,25,22,39,4.2,0.9,0,0,0,1,1,122.385204081633,28.5016720980964,0,69,.,486,.,.,0,2,5,0,0.111604947387688
39,85.5,173.2,24.1392,0.98,25,22,39,4.2,0.9,0,0,0,1,1,122.385204081633,28.5016720980964,0,69,.,487,.,.,0,2,5,0,0.235485028963346
39,85.5,173.2,24.1392,0.98,25,22,39,4.2,0.9,0,0,0,1,1,122.385204081633,28.5016720980964,0,69,.,488,.,.,0,2,5,0,0.0665043409255205
39,85.5,173.2,24.1392,0.98,25,22,39,4.2,0.9,0,0,0,1,1,122.385204081633,28.5016720980964,0,69,.,492,.,.,0,2,5,0,0.0852794747339447
39,85.5,173.2,24.1392,0.98,25,22,39,4.2,0.9,0,0,0,1,1,122.385204081633,28.5016720980964,0,69,.,504,.,.,0,2,5,0,0.0867247079103983
21,79.6,181.7,20.4539,1.17,15,22,40,5,0.9,0,1,0,0,1,112.445394112061,24.1103332466048,0,70,190,0,.,.,1,1,5,1,.
21,79.6,181.7,20.4539,1.17,15,22,40,5,0.9,0,1,0,0,1,112.445394112061,24.1103332466048,0,70,190,24,.,.,1,1,5,1,.
21,79.6,181.7,20.4539,1.17,15,22,40,5,0.9,0,1,0,0,1,112.445394112061,24.1103332466048,0,70,.,47.97,.,.,0,2,5,0,0.0724642416359898
21,79.6,181.7,20.4539,1.17,15,22,40,5,0.9,0,1,0,0,1,112.445394112061,24.1103332466048,0,70,190,48,.,.,1,1,5,1,.
21,79.6,181.7,20.4539,1.17,15,22,40,5,0.9,0,1,0,0,1,112.445394112061,24.1103332466048,0,70,.,71.97,.,.,0,2,5,0,0.118338994053079
21,79.6,181.7,20.4539,1.17,15,22,40,5,0.9,0,1,0,0,1,112.445394112061,24.1103332466048,0,70,190,72,.,.,1,1,5,1,.
21,79.6,181.7,20.4539,1.17,15,22,40,5,0.9,0,1,0,0,1,112.445394112061,24.1103332466048,0,70,190,96,.,.,1,1,5,1,.
21,79.6,181.7,20.4539,1.17,15,22,40,5,0.9,0,1,0,0,1,112.445394112061,24.1103332466048,0,70,.,119.98,.,.,0,2,5,0,0.13370871394385
21,79.6,181.7,20.4539,1.17,15,22,40,5,0.9,0,1,0,0,1,112.445394112061,24.1103332466048,0,70,190,120,.,.,1,1,5,1,.
21,79.6,181.7,20.4539,1.17,15,22,40,5,0.9,0,1,0,0,1,112.445394112061,24.1103332466048,0,70,190,144,.,.,1,1,5,1,.
21,79.6,181.7,20.4539,1.17,15,22,40,5,0.9,0,1,0,0,1,112.445394112061,24.1103332466048,0,70,190,168,.,.,1,1,5,1,.
21,79.6,181.7,20.4539,1.17,15,22,40,5,0.9,0,1,0,0,1,112.445394112061,24.1103332466048,0,70,.,191.97,.,.,0,2,5,0,0.182325200137498
21,79.6,181.7,20.4539,1.17,15,22,40,5,0.9,0,1,0,0,1,112.445394112061,24.1103332466048,0,70,190,192,.,.,1,1,5,1,.
21,79.6,181.7,20.4539,1.17,15,22,40,5,0.9,0,1,0,0,1,112.445394112061,24.1103332466048,0,70,190,216,.,.,1,1,5,1,.
21,79.6,181.7,20.4539,1.17,15,22,40,5,0.9,0,1,0,0,1,112.445394112061,24.1103332466048,0,70,190,240,.,.,1,1,5,1,.
21,79.6,181.7,20.4539,1.17,15,22,40,5,0.9,0,1,0,0,1,112.445394112061,24.1103332466048,0,70,.,263.97,.,.,0,2,5,0,0.220711719956024
21,79.6,181.7,20.4539,1.17,15,22,40,5,0.9,0,1,0,0,1,112.445394112061,24.1103332466048,0,70,190,264,.,.,1,1,5,1,.
21,79.6,181.7,20.4539,1.17,15,22,40,5,0.9,0,1,0,0,1,112.445394112061,24.1103332466048,0,70,190,289,.,.,1,1,5,1,.
21,79.6,181.7,20.4539,1.17,15,22,40,5,0.9,0,1,0,0,1,112.445394112061,24.1103332466048,0,70,190,313,.,.,1,1,5,1,.
21,79.6,181.7,20.4539,1.17,15,22,40,5,0.9,0,1,0,0,1,112.445394112061,24.1103332466048,0,70,.,335.97,.,.,0,2,5,0,0.183993505917319
21,79.6,181.7,20.4539,1.17,15,22,40,5,0.9,0,1,0,0,1,112.445394112061,24.1103332466048,0,70,190,337,.,.,1,1,5,1,.
21,79.6,181.7,20.4539,1.17,15,22,40,5,0.9,0,1,0,0,1,112.445394112061,24.1103332466048,0,70,190,361,.,.,1,1,5,1,.
21,79.6,181.7,20.4539,1.17,15,22,40,5,0.9,0,1,0,0,1,112.445394112061,24.1103332466048,0,70,190,385,.,.,1,1,5,1,.
21,79.6,181.7,20.4539,1.17,15,22,40,5,0.9,0,1,0,0,1,112.445394112061,24.1103332466048,0,70,.,407.98,.,.,0,2,5,0,0.59970315594943
21,79.6,181.7,20.4539,1.17,15,22,40,5,0.9,0,1,0,0,1,112.445394112061,24.1103332466048,0,70,190,409,.,.,1,1,5,1,.
21,79.6,181.7,20.4539,1.17,15,22,40,5,0.9,0,1,0,0,1,112.445394112061,24.1103332466048,0,70,190,433,.,.,1,1,5,1,.
21,79.6,181.7,20.4539,1.17,15,22,40,5,0.9,0,1,0,0,1,112.445394112061,24.1103332466048,0,70,190,457,.,.,1,1,5,1,.
21,79.6,181.7,20.4539,1.17,15,22,40,5,0.9,0,1,0,0,1,112.445394112061,24.1103332466048,0,70,.,479.97,.,.,0,2,5,0,0.318516105198114
21,79.6,181.7,20.4539,1.17,15,22,40,5,0.9,0,1,0,0,1,112.445394112061,24.1103332466048,0,70,.,481,.,.,0,2,5,0,0.151427413399967
21,79.6,181.7,20.4539,1.17,15,22,40,5,0.9,0,1,0,0,1,112.445394112061,24.1103332466048,0,70,190,481,.,.,1,1,5,1,.
21,79.6,181.7,20.4539,1.17,15,22,40,5,0.9,0,1,0,0,1,112.445394112061,24.1103332466048,0,70,.,482,.,.,0,2,5,0,0.605487720422678
21,79.6,181.7,20.4539,1.17,15,22,40,5,0.9,0,1,0,0,1,112.445394112061,24.1103332466048,0,70,.,483,.,.,0,2,5,0,0.487209534502397
21,79.6,181.7,20.4539,1.17,15,22,40,5,0.9,0,1,0,0,1,112.445394112061,24.1103332466048,0,70,.,484,.,.,0,2,5,0,0.281473596547227
21,79.6,181.7,20.4539,1.17,15,22,40,5,0.9,0,1,0,0,1,112.445394112061,24.1103332466048,0,70,.,485,.,.,0,2,5,0,0.555384450371417
21,79.6,181.7,20.4539,1.17,15,22,40,5,0.9,0,1,0,0,1,112.445394112061,24.1103332466048,0,70,.,486,.,.,0,2,5,0,0.565272544433584
21,79.6,181.7,20.4539,1.17,15,22,40,5,0.9,0,1,0,0,1,112.445394112061,24.1103332466048,0,70,.,487,.,.,0,2,5,0,0.205031481678404
21,79.6,181.7,20.4539,1.17,15,22,40,5,0.9,0,1,0,0,1,112.445394112061,24.1103332466048,0,70,.,488,.,.,0,2,5,0,0.158631501035069
21,79.6,181.7,20.4539,1.17,15,22,40,5,0.9,0,1,0,0,1,112.445394112061,24.1103332466048,0,70,.,492,.,.,0,2,5,0,0.224395033985569
21,79.6,181.7,20.4539,1.17,15,22,40,5,0.9,0,1,0,0,1,112.445394112061,24.1103332466048,0,70,.,504,.,.,0,2,5,0,0.127680947685913
45,72.5,151,27.5736,0.7,24,27,66,3.9,0.2,0,1,0,0,2,116.158234126984,31.7968510153063,1,71,190,0,.,.,1,1,5,1,.
45,72.5,151,27.5736,0.7,24,27,66,3.9,0.2,0,1,0,0,2,116.158234126984,31.7968510153063,1,71,190,24,.,.,1,1,5,1,.
45,72.5,151,27.5736,0.7,24,27,66,3.9,0.2,0,1,0,0,2,116.158234126984,31.7968510153063,1,71,.,47.97,.,.,0,2,5,0,-0.0451594042248462
45,72.5,151,27.5736,0.7,24,27,66,3.9,0.2,0,1,0,0,2,116.158234126984,31.7968510153063,1,71,190,48,.,.,1,1,5,1,.
45,72.5,151,27.5736,0.7,24,27,66,3.9,0.2,0,1,0,0,2,116.158234126984,31.7968510153063,1,71,.,71.97,.,.,0,2,5,0,0.153322063678646
45,72.5,151,27.5736,0.7,24,27,66,3.9,0.2,0,1,0,0,2,116.158234126984,31.7968510153063,1,71,190,72,.,.,1,1,5,1,.
45,72.5,151,27.5736,0.7,24,27,66,3.9,0.2,0,1,0,0,2,116.158234126984,31.7968510153063,1,71,190,96,.,.,1,1,5,1,.
45,72.5,151,27.5736,0.7,24,27,66,3.9,0.2,0,1,0,0,2,116.158234126984,31.7968510153063,1,71,.,119.97,.,.,0,2,5,0,0.30742346335068
45,72.5,151,27.5736,0.7,24,27,66,3.9,0.2,0,1,0,0,2,116.158234126984,31.7968510153063,1,71,190,120,.,.,1,1,5,1,.
45,72.5,151,27.5736,0.7,24,27,66,3.9,0.2,0,1,0,0,2,116.158234126984,31.7968510153063,1,71,190,144,.,.,1,1,5,1,.
45,72.5,151,27.5736,0.7,24,27,66,3.9,0.2,0,1,0,0,2,116.158234126984,31.7968510153063,1,71,190,168,.,.,1,1,5,1,.
45,72.5,151,27.5736,0.7,24,27,66,3.9,0.2,0,1,0,0,2,116.158234126984,31.7968510153063,1,71,.,191.97,.,.,0,2,5,0,0.349545443292841
45,72.5,151,27.5736,0.7,24,27,66,3.9,0.2,0,1,0,0,2,116.158234126984,31.7968510153063,1,71,190,192,.,.,1,1,5,1,.
45,72.5,151,27.5736,0.7,24,27,66,3.9,0.2,0,1,0,0,2,116.158234126984,31.7968510153063,1,71,190,216,.,.,1,1,5,1,.
45,72.5,151,27.5736,0.7,24,27,66,3.9,0.2,0,1,0,0,2,116.158234126984,31.7968510153063,1,71,190,240,.,.,1,1,5,1,.
45,72.5,151,27.5736,0.7,24,27,66,3.9,0.2,0,1,0,0,2,116.158234126984,31.7968510153063,1,71,.,263.97,.,.,0,2,5,0,0.239969512636131
45,72.5,151,27.5736,0.7,24,27,66,3.9,0.2,0,1,0,0,2,116.158234126984,31.7968510153063,1,71,190,264,.,.,1,1,5,1,.
45,72.5,151,27.5736,0.7,24,27,66,3.9,0.2,0,1,0,0,2,116.158234126984,31.7968510153063,1,71,190,289,.,.,1,1,5,1,.
45,72.5,151,27.5736,0.7,24,27,66,3.9,0.2,0,1,0,0,2,116.158234126984,31.7968510153063,1,71,190,313,.,.,1,1,5,1,.
45,72.5,151,27.5736,0.7,24,27,66,3.9,0.2,0,1,0,0,2,116.158234126984,31.7968510153063,1,71,.,336,.,.,0,2,5,0,0.267001543818606
45,72.5,151,27.5736,0.7,24,27,66,3.9,0.2,0,1,0,0,2,116.158234126984,31.7968510153063,1,71,190,337,.,.,1,1,5,1,.
45,72.5,151,27.5736,0.7,24,27,66,3.9,0.2,0,1,0,0,2,116.158234126984,31.7968510153063,1,71,190,361,.,.,1,1,5,1,.
45,72.5,151,27.5736,0.7,24,27,66,3.9,0.2,0,1,0,0,2,116.158234126984,31.7968510153063,1,71,190,385,.,.,1,1,5,1,.
45,72.5,151,27.5736,0.7,24,27,66,3.9,0.2,0,1,0,0,2,116.158234126984,31.7968510153063,1,71,.,407.97,.,.,0,2,5,0,0.25900373450671
45,72.5,151,27.5736,0.7,24,27,66,3.9,0.2,0,1,0,0,2,116.158234126984,31.7968510153063,1,71,190,409,.,.,1,1,5,1,.
45,72.5,151,27.5736,0.7,24,27,66,3.9,0.2,0,1,0,0,2,116.158234126984,31.7968510153063,1,71,190,433,.,.,1,1,5,1,.
45,72.5,151,27.5736,0.7,24,27,66,3.9,0.2,0,1,0,0,2,116.158234126984,31.7968510153063,1,71,190,457,.,.,1,1,5,1,.
45,72.5,151,27.5736,0.7,24,27,66,3.9,0.2,0,1,0,0,2,116.158234126984,31.7968510153063,1,71,.,479.97,.,.,0,2,5,0,0.471528428237291
45,72.5,151,27.5736,0.7,24,27,66,3.9,0.2,0,1,0,0,2,116.158234126984,31.7968510153063,1,71,.,481,.,.,0,2,5,0,0.120113072251855
45,72.5,151,27.5736,0.7,24,27,66,3.9,0.2,0,1,0,0,2,116.158234126984,31.7968510153063,1,71,190,481,.,.,1,1,5,1,.
45,72.5,151,27.5736,0.7,24,27,66,3.9,0.2,0,1,0,0,2,116.158234126984,31.7968510153063,1,71,.,482,.,.,0,2,5,0,0.885013224976787
45,72.5,151,27.5736,0.7,24,27,66,3.9,0.2,0,1,0,0,2,116.158234126984,31.7968510153063,1,71,.,483,.,.,0,2,5,0,0.608271273454989
45,72.5,151,27.5736,0.7,24,27,66,3.9,0.2,0,1,0,0,2,116.158234126984,31.7968510153063,1,71,.,484,.,.,0,2,5,0,0.795920107295171
45,72.5,151,27.5736,0.7,24,27,66,3.9,0.2,0,1,0,0,2,116.158234126984,31.7968510153063,1,71,.,485,.,.,0,2,5,0,0.674720050711531
45,72.5,151,27.5736,0.7,24,27,66,3.9,0.2,0,1,0,0,2,116.158234126984,31.7968510153063,1,71,.,486,.,.,0,2,5,0,1.14073405816672
45,72.5,151,27.5736,0.7,24,27,66,3.9,0.2,0,1,0,0,2,116.158234126984,31.7968510153063,1,71,.,487,.,.,0,2,5,0,0.725313535584928
45,72.5,151,27.5736,0.7,24,27,66,3.9,0.2,0,1,0,0,2,116.158234126984,31.7968510153063,1,71,.,488,.,.,0,2,5,0,0.694271621695012
45,72.5,151,27.5736,0.7,24,27,66,3.9,0.2,0,1,0,0,2,116.158234126984,31.7968510153063,1,71,.,492,.,.,0,2,5,0,0.518946936298779
45,72.5,151,27.5736,0.7,24,27,66,3.9,0.2,0,1,0,0,2,116.158234126984,31.7968510153063,1,71,.,504,.,.,0,2,5,0,0.7210951541183
25,69.8,175.5,17.1815,0.8,18,18,59,4.9,1.6,0,1,0,0,1,139.357638888889,22.6621537162848,0,72,190,0,.,.,1,1,5,1,.
25,69.8,175.5,17.1815,0.8,18,18,59,4.9,1.6,0,1,0,0,1,139.357638888889,22.6621537162848,0,72,190,24,.,.,1,1,5,1,.
25,69.8,175.5,17.1815,0.8,18,18,59,4.9,1.6,0,1,0,0,1,139.357638888889,22.6621537162848,0,72,.,47.97,.,.,0,2,5,0,0.0965617119516096
25,69.8,175.5,17.1815,0.8,18,18,59,4.9,1.6,0,1,0,0,1,139.357638888889,22.6621537162848,0,72,190,48,.,.,1,1,5,1,.
25,69.8,175.5,17.1815,0.8,18,18,59,4.9,1.6,0,1,0,0,1,139.357638888889,22.6621537162848,0,72,.,71.97,.,.,0,2,5,0,0.0870389230290406
25,69.8,175.5,17.1815,0.8,18,18,59,4.9,1.6,0,1,0,0,1,139.357638888889,22.6621537162848,0,72,190,72,.,.,1,1,5,1,.
25,69.8,175.5,17.1815,0.8,18,18,59,4.9,1.6,0,1,0,0,1,139.357638888889,22.6621537162848,0,72,190,96,.,.,1,1,5,1,.
25,69.8,175.5,17.1815,0.8,18,18,59,4.9,1.6,0,1,0,0,1,139.357638888889,22.6621537162848,0,72,.,119.97,.,.,0,2,5,0,0.128512073106115
25,69.8,175.5,17.1815,0.8,18,18,59,4.9,1.6,0,1,0,0,1,139.357638888889,22.6621537162848,0,72,190,120,.,.,1,1,5,1,.
25,69.8,175.5,17.1815,0.8,18,18,59,4.9,1.6,0,1,0,0,1,139.357638888889,22.6621537162848,0,72,190,144,.,.,1,1,5,1,.
25,69.8,175.5,17.1815,0.8,18,18,59,4.9,1.6,0,1,0,0,1,139.357638888889,22.6621537162848,0,72,190,168,.,.,1,1,5,1,.
25,69.8,175.5,17.1815,0.8,18,18,59,4.9,1.6,0,1,0,0,1,139.357638888889,22.6621537162848,0,72,.,191.97,.,.,0,2,5,0,0.221961929172152
25,69.8,175.5,17.1815,0.8,18,18,59,4.9,1.6,0,1,0,0,1,139.357638888889,22.6621537162848,0,72,190,192,.,.,1,1,5,1,.
25,69.8,175.5,17.1815,0.8,18,18,59,4.9,1.6,0,1,0,0,1,139.357638888889,22.6621537162848,0,72,190,216,.,.,1,1,5,1,.
25,69.8,175.5,17.1815,0.8,18,18,59,4.9,1.6,0,1,0,0,1,139.357638888889,22.6621537162848,0,72,190,240,.,.,1,1,5,1,.
25,69.8,175.5,17.1815,0.8,18,18,59,4.9,1.6,0,1,0,0,1,139.357638888889,22.6621537162848,0,72,.,263.95,.,.,0,2,5,0,0.173241864930419
25,69.8,175.5,17.1815,0.8,18,18,59,4.9,1.6,0,1,0,0,1,139.357638888889,22.6621537162848,0,72,190,264,.,.,1,1,5,1,.
25,69.8,175.5,17.1815,0.8,18,18,59,4.9,1.6,0,1,0,0,1,139.357638888889,22.6621537162848,0,72,190,288.13,.,.,1,1,5,1,.
25,69.8,175.5,17.1815,0.8,18,18,59,4.9,1.6,0,1,0,0,1,139.357638888889,22.6621537162848,0,72,190,312,.,.,1,1,5,1,.
25,69.8,175.5,17.1815,0.8,18,18,59,4.9,1.6,0,1,0,0,1,139.357638888889,22.6621537162848,0,72,.,335.97,.,.,0,2,5,0,0.134284587219464
25,69.8,175.5,17.1815,0.8,18,18,59,4.9,1.6,0,1,0,0,1,139.357638888889,22.6621537162848,0,72,190,336,.,.,1,1,5,1,.
25,69.8,175.5,17.1815,0.8,18,18,59,4.9,1.6,0,1,0,0,1,139.357638888889,22.6621537162848,0,72,190,360,.,.,1,1,5,1,.
25,69.8,175.5,17.1815,0.8,18,18,59,4.9,1.6,0,1,0,0,1,139.357638888889,22.6621537162848,0,72,190,384,.,.,1,1,5,1,.
25,69.8,175.5,17.1815,0.8,18,18,59,4.9,1.6,0,1,0,0,1,139.357638888889,22.6621537162848,0,72,.,407.97,.,.,0,2,5,0,0.189576127074264
25,69.8,175.5,17.1815,0.8,18,18,59,4.9,1.6,0,1,0,0,1,139.357638888889,22.6621537162848,0,72,190,408,.,.,1,1,5,1,.
25,69.8,175.5,17.1815,0.8,18,18,59,4.9,1.6,0,1,0,0,1,139.357638888889,22.6621537162848,0,72,190,432,.,.,1,1,5,1,.
25,69.8,175.5,17.1815,0.8,18,18,59,4.9,1.6,0,1,0,0,1,139.357638888889,22.6621537162848,0,72,190,456,.,.,1,1,5,1,.
25,69.8,175.5,17.1815,0.8,18,18,59,4.9,1.6,0,1,0,0,1,139.357638888889,22.6621537162848,0,72,.,479.98,.,.,0,2,5,0,0.313477439084531
25,69.8,175.5,17.1815,0.8,18,18,59,4.9,1.6,0,1,0,0,1,139.357638888889,22.6621537162848,0,72,190,480,.,.,1,1,5,1,.
25,69.8,175.5,17.1815,0.8,18,18,59,4.9,1.6,0,1,0,0,1,139.357638888889,22.6621537162848,0,72,.,481,.,.,0,2,5,0,0.39215114997631
25,69.8,175.5,17.1815,0.8,18,18,59,4.9,1.6,0,1,0,0,1,139.357638888889,22.6621537162848,0,72,.,482,.,.,0,2,5,0,0.343166443971737
25,69.8,175.5,17.1815,0.8,18,18,59,4.9,1.6,0,1,0,0,1,139.357638888889,22.6621537162848,0,72,.,483,.,.,0,2,5,0,0.2083537522462
25,69.8,175.5,17.1815,0.8,18,18,59,4.9,1.6,0,1,0,0,1,139.357638888889,22.6621537162848,0,72,.,484,.,.,0,2,5,0,0.330115073559724
25,69.8,175.5,17.1815,0.8,18,18,59,4.9,1.6,0,1,0,0,1,139.357638888889,22.6621537162848,0,72,.,485,.,.,0,2,5,0,0.115983430561748
25,69.8,175.5,17.1815,0.8,18,18,59,4.9,1.6,0,1,0,0,1,139.357638888889,22.6621537162848,0,72,.,486,.,.,0,2,5,0,0.434069732932892
25,69.8,175.5,17.1815,0.8,18,18,59,4.9,1.6,0,1,0,0,1,139.357638888889,22.6621537162848,0,72,.,487,.,.,0,2,5,0,0.445903709778533
25,69.8,175.5,17.1815,0.8,18,18,59,4.9,1.6,0,1,0,0,1,139.357638888889,22.6621537162848,0,72,.,488,.,.,0,2,5,0,0.280318061569293
25,69.8,175.5,17.1815,0.8,18,18,59,4.9,1.6,0,1,0,0,1,139.357638888889,22.6621537162848,0,72,.,492,.,.,0,2,5,0,0.235315158568726
25,69.8,175.5,17.1815,0.8,18,18,59,4.9,1.6,0,1,0,0,1,139.357638888889,22.6621537162848,0,72,.,504,.,.,0,2,5,0,0.217813441324693
36,51.2,154.7,9.0647,0.77,24,28,83,4.3,0.6,1,0,0,0,1,96.0461760461761,21.3938690686856,0,73,80,0,.,.,1,1,5,1,.
36,51.2,154.7,9.0647,0.77,24,28,83,4.3,0.6,1,0,0,0,1,96.0461760461761,21.3938690686856,0,73,80,24,.,.,1,1,5,1,.
36,51.2,154.7,9.0647,0.77,24,28,83,4.3,0.6,1,0,0,0,1,96.0461760461761,21.3938690686856,0,73,.,47.98,.,.,0,2,5,0,0.0166287379426082
36,51.2,154.7,9.0647,0.77,24,28,83,4.3,0.6,1,0,0,0,1,96.0461760461761,21.3938690686856,0,73,80,48,.,.,1,1,5,1,.
36,51.2,154.7,9.0647,0.77,24,28,83,4.3,0.6,1,0,0,0,1,96.0461760461761,21.3938690686856,0,73,.,71.97,.,.,0,2,5,0,0.0405403561883141
36,51.2,154.7,9.0647,0.77,24,28,83,4.3,0.6,1,0,0,0,1,96.0461760461761,21.3938690686856,0,73,80,72,.,.,1,1,5,1,.
36,51.2,154.7,9.0647,0.77,24,28,83,4.3,0.6,1,0,0,0,1,96.0461760461761,21.3938690686856,0,73,80,96,.,.,1,1,5,1,.
36,51.2,154.7,9.0647,0.77,24,28,83,4.3,0.6,1,0,0,0,1,96.0461760461761,21.3938690686856,0,73,.,119.97,.,.,0,2,5,0,0.0740242829773531
36,51.2,154.7,9.0647,0.77,24,28,83,4.3,0.6,1,0,0,0,1,96.0461760461761,21.3938690686856,0,73,80,120,.,.,1,1,5,1,.
36,51.2,154.7,9.0647,0.77,24,28,83,4.3,0.6,1,0,0,0,1,96.0461760461761,21.3938690686856,0,73,80,144,.,.,1,1,5,1,.
36,51.2,154.7,9.0647,0.77,24,28,83,4.3,0.6,1,0,0,0,1,96.0461760461761,21.3938690686856,0,73,80,168,.,.,1,1,5,1,.
36,51.2,154.7,9.0647,0.77,24,28,83,4.3,0.6,1,0,0,0,1,96.0461760461761,21.3938690686856,0,73,.,191.97,.,.,0,2,5,0,0.0690475429199129
36,51.2,154.7,9.0647,0.77,24,28,83,4.3,0.6,1,0,0,0,1,96.0461760461761,21.3938690686856,0,73,80,192,.,.,1,1,5,1,.
36,51.2,154.7,9.0647,0.77,24,28,83,4.3,0.6,1,0,0,0,1,96.0461760461761,21.3938690686856,0,73,80,216,.,.,1,1,5,1,.
36,51.2,154.7,9.0647,0.77,24,28,83,4.3,0.6,1,0,0,0,1,96.0461760461761,21.3938690686856,0,73,80,240,.,.,1,1,5,1,.
36,51.2,154.7,9.0647,0.77,24,28,83,4.3,0.6,1,0,0,0,1,96.0461760461761,21.3938690686856,0,73,.,263.97,.,.,0,2,5,0,0.0428852318222273
36,51.2,154.7,9.0647,0.77,24,28,83,4.3,0.6,1,0,0,0,1,96.0461760461761,21.3938690686856,0,73,80,264,.,.,1,1,5,1,.
36,51.2,154.7,9.0647,0.77,24,28,83,4.3,0.6,1,0,0,0,1,96.0461760461761,21.3938690686856,0,73,80,288,.,.,1,1,5,1,.
36,51.2,154.7,9.0647,0.77,24,28,83,4.3,0.6,1,0,0,0,1,96.0461760461761,21.3938690686856,0,73,80,312,.,.,1,1,5,1,.
36,51.2,154.7,9.0647,0.77,24,28,83,4.3,0.6,1,0,0,0,1,96.0461760461761,21.3938690686856,0,73,.,335.97,.,.,0,2,5,0,0.0912957831806697
36,51.2,154.7,9.0647,0.77,24,28,83,4.3,0.6,1,0,0,0,1,96.0461760461761,21.3938690686856,0,73,80,336,.,.,1,1,5,1,.
36,51.2,154.7,9.0647,0.77,24,28,83,4.3,0.6,1,0,0,0,1,96.0461760461761,21.3938690686856,0,73,80,360,.,.,1,1,5,1,.
36,51.2,154.7,9.0647,0.77,24,28,83,4.3,0.6,1,0,0,0,1,96.0461760461761,21.3938690686856,0,73,80,384,.,.,1,1,5,1,.
36,51.2,154.7,9.0647,0.77,24,28,83,4.3,0.6,1,0,0,0,1,96.0461760461761,21.3938690686856,0,73,.,407.97,.,.,0,2,5,0,0.123372070097899
36,51.2,154.7,9.0647,0.77,24,28,83,4.3,0.6,1,0,0,0,1,96.0461760461761,21.3938690686856,0,73,80,408,.,.,1,1,5,1,.
36,51.2,154.7,9.0647,0.77,24,28,83,4.3,0.6,1,0,0,0,1,96.0461760461761,21.3938690686856,0,73,80,432,.,.,1,1,5,1,.
36,51.2,154.7,9.0647,0.77,24,28,83,4.3,0.6,1,0,0,0,1,96.0461760461761,21.3938690686856,0,73,80,456,.,.,1,1,5,1,.
36,51.2,154.7,9.0647,0.77,24,28,83,4.3,0.6,1,0,0,0,1,96.0461760461761,21.3938690686856,0,73,.,479.98,.,.,0,2,5,0,0.0877696774496186
36,51.2,154.7,9.0647,0.77,24,28,83,4.3,0.6,1,0,0,0,1,96.0461760461761,21.3938690686856,0,73,80,480,.,.,1,1,5,1,.
36,51.2,154.7,9.0647,0.77,24,28,83,4.3,0.6,1,0,0,0,1,96.0461760461761,21.3938690686856,0,73,.,481,.,.,0,2,5,0,0.113770920020705
36,51.2,154.7,9.0647,0.77,24,28,83,4.3,0.6,1,0,0,0,1,96.0461760461761,21.3938690686856,0,73,.,482.05,.,.,0,2,5,0,0.204816099852009
36,51.2,154.7,9.0647,0.77,24,28,83,4.3,0.6,1,0,0,0,1,96.0461760461761,21.3938690686856,0,73,.,483,.,.,0,2,5,0,0.112606924942438
36,51.2,154.7,9.0647,0.77,24,28,83,4.3,0.6,1,0,0,0,1,96.0461760461761,21.3938690686856,0,73,.,484,.,.,0,2,5,0,0.161252841450501
36,51.2,154.7,9.0647,0.77,24,28,83,4.3,0.6,1,0,0,0,1,96.0461760461761,21.3938690686856,0,73,.,485,.,.,0,2,5,0,0.150688937437425
36,51.2,154.7,9.0647,0.77,24,28,83,4.3,0.6,1,0,0,0,1,96.0461760461761,21.3938690686856,0,73,.,486.05,.,.,0,2,5,0,0.151760380969293
36,51.2,154.7,9.0647,0.77,24,28,83,4.3,0.6,1,0,0,0,1,96.0461760461761,21.3938690686856,0,73,.,487,.,.,0,2,5,0,0.208320830859407
36,51.2,154.7,9.0647,0.77,24,28,83,4.3,0.6,1,0,0,0,1,96.0461760461761,21.3938690686856,0,73,.,488,.,.,0,2,5,0,0.162912678217016
36,51.2,154.7,9.0647,0.77,24,28,83,4.3,0.6,1,0,0,0,1,96.0461760461761,21.3938690686856,0,73,.,492,.,.,0,2,5,0,0.091630813082196
36,51.2,154.7,9.0647,0.77,24,28,83,4.3,0.6,1,0,0,0,1,96.0461760461761,21.3938690686856,0,73,.,504,.,.,0,2,5,0,0.142123104810534
41,115.9,169.9,36.7127,0.79,20,22,53,4.4,0.8,1,0,0,0,1,201.724683544304,40.1510288398016,1,74,190,0,.,.,1,1,5,1,.
41,115.9,169.9,36.7127,0.79,20,22,53,4.4,0.8,1,0,0,0,1,201.724683544304,40.1510288398016,1,74,190,24,.,.,1,1,5,1,.
41,115.9,169.9,36.7127,0.79,20,22,53,4.4,0.8,1,0,0,0,1,201.724683544304,40.1510288398016,1,74,.,47.97,.,.,0,2,5,0,0.0265874175022805
41,115.9,169.9,36.7127,0.79,20,22,53,4.4,0.8,1,0,0,0,1,201.724683544304,40.1510288398016,1,74,190,48,.,.,1,1,5,1,.
41,115.9,169.9,36.7127,0.79,20,22,53,4.4,0.8,1,0,0,0,1,201.724683544304,40.1510288398016,1,74,.,71.97,.,.,0,2,5,0,0.0819126670252733
41,115.9,169.9,36.7127,0.79,20,22,53,4.4,0.8,1,0,0,0,1,201.724683544304,40.1510288398016,1,74,190,72,.,.,1,1,5,1,.
41,115.9,169.9,36.7127,0.79,20,22,53,4.4,0.8,1,0,0,0,1,201.724683544304,40.1510288398016,1,74,190,96,.,.,1,1,5,1,.
41,115.9,169.9,36.7127,0.79,20,22,53,4.4,0.8,1,0,0,0,1,201.724683544304,40.1510288398016,1,74,.,119.97,.,.,0,2,5,0,0.134081178009099
41,115.9,169.9,36.7127,0.79,20,22,53,4.4,0.8,1,0,0,0,1,201.724683544304,40.1510288398016,1,74,190,120,.,.,1,1,5,1,.
41,115.9,169.9,36.7127,0.79,20,22,53,4.4,0.8,1,0,0,0,1,201.724683544304,40.1510288398016,1,74,190,144,.,.,1,1,5,1,.
41,115.9,169.9,36.7127,0.79,20,22,53,4.4,0.8,1,0,0,0,1,201.724683544304,40.1510288398016,1,74,190,168,.,.,1,1,5,1,.
41,115.9,169.9,36.7127,0.79,20,22,53,4.4,0.8,1,0,0,0,1,201.724683544304,40.1510288398016,1,74,.,191.97,.,.,0,2,5,0,0.193336345242152
41,115.9,169.9,36.7127,0.79,20,22,53,4.4,0.8,1,0,0,0,1,201.724683544304,40.1510288398016,1,74,190,192,.,.,1,1,5,1,.
41,115.9,169.9,36.7127,0.79,20,22,53,4.4,0.8,1,0,0,0,1,201.724683544304,40.1510288398016,1,74,190,216,.,.,1,1,5,1,.
41,115.9,169.9,36.7127,0.79,20,22,53,4.4,0.8,1,0,0,0,1,201.724683544304,40.1510288398016,1,74,190,240,.,.,1,1,5,1,.
41,115.9,169.9,36.7127,0.79,20,22,53,4.4,0.8,1,0,0,0,1,201.724683544304,40.1510288398016,1,74,.,263.97,.,.,0,2,5,0,0.133053951425693
41,115.9,169.9,36.7127,0.79,20,22,53,4.4,0.8,1,0,0,0,1,201.724683544304,40.1510288398016,1,74,190,264,.,.,1,1,5,1,.
41,115.9,169.9,36.7127,0.79,20,22,53,4.4,0.8,1,0,0,0,1,201.724683544304,40.1510288398016,1,74,190,288,.,.,1,1,5,1,.
41,115.9,169.9,36.7127,0.79,20,22,53,4.4,0.8,1,0,0,0,1,201.724683544304,40.1510288398016,1,74,190,312,.,.,1,1,5,1,.
41,115.9,169.9,36.7127,0.79,20,22,53,4.4,0.8,1,0,0,0,1,201.724683544304,40.1510288398016,1,74,.,335.97,.,.,0,2,5,0,0.166992929543446
41,115.9,169.9,36.7127,0.79,20,22,53,4.4,0.8,1,0,0,0,1,201.724683544304,40.1510288398016,1,74,190,336,.,.,1,1,5,1,.
41,115.9,169.9,36.7127,0.79,20,22,53,4.4,0.8,1,0,0,0,1,201.724683544304,40.1510288398016,1,74,190,360,.,.,1,1,5,1,.
41,115.9,169.9,36.7127,0.79,20,22,53,4.4,0.8,1,0,0,0,1,201.724683544304,40.1510288398016,1,74,190,384,.,.,1,1,5,1,.
41,115.9,169.9,36.7127,0.79,20,22,53,4.4,0.8,1,0,0,0,1,201.724683544304,40.1510288398016,1,74,.,407.97,.,.,0,2,5,0,0.0567797486830086
41,115.9,169.9,36.7127,0.79,20,22,53,4.4,0.8,1,0,0,0,1,201.724683544304,40.1510288398016,1,74,190,408,.,.,1,1,5,1,.
41,115.9,169.9,36.7127,0.79,20,22,53,4.4,0.8,1,0,0,0,1,201.724683544304,40.1510288398016,1,74,190,432,.,.,1,1,5,1,.
41,115.9,169.9,36.7127,0.79,20,22,53,4.4,0.8,1,0,0,0,1,201.724683544304,40.1510288398016,1,74,190,456,.,.,1,1,5,1,.
41,115.9,169.9,36.7127,0.79,20,22,53,4.4,0.8,1,0,0,0,1,201.724683544304,40.1510288398016,1,74,.,479.98,.,.,0,2,5,0,0.188061318400159
41,115.9,169.9,36.7127,0.79,20,22,53,4.4,0.8,1,0,0,0,1,201.724683544304,40.1510288398016,1,74,190,480,.,.,1,1,5,1,.
41,115.9,169.9,36.7127,0.79,20,22,53,4.4,0.8,1,0,0,0,1,201.724683544304,40.1510288398016,1,74,.,481,.,.,0,2,5,0,0.418742494336596
41,115.9,169.9,36.7127,0.79,20,22,53,4.4,0.8,1,0,0,0,1,201.724683544304,40.1510288398016,1,74,.,482,.,.,0,2,5,0,0.410244338449501
41,115.9,169.9,36.7127,0.79,20,22,53,4.4,0.8,1,0,0,0,1,201.724683544304,40.1510288398016,1,74,.,483,.,.,0,2,5,0,0.428062160619546
41,115.9,169.9,36.7127,0.79,20,22,53,4.4,0.8,1,0,0,0,1,201.724683544304,40.1510288398016,1,74,.,484,.,.,0,2,5,0,0.638818655200861
41,115.9,169.9,36.7127,0.79,20,22,53,4.4,0.8,1,0,0,0,1,201.724683544304,40.1510288398016,1,74,.,485,.,.,0,2,5,0,0.333506121713506
41,115.9,169.9,36.7127,0.79,20,22,53,4.4,0.8,1,0,0,0,1,201.724683544304,40.1510288398016,1,74,.,486,.,.,0,2,5,0,0.540517504740397
41,115.9,169.9,36.7127,0.79,20,22,53,4.4,0.8,1,0,0,0,1,201.724683544304,40.1510288398016,1,74,.,487,.,.,0,2,5,0,0.27955163619149
41,115.9,169.9,36.7127,0.79,20,22,53,4.4,0.8,1,0,0,0,1,201.724683544304,40.1510288398016,1,74,.,488,.,.,0,2,5,0,0.383779310088346
41,115.9,169.9,36.7127,0.79,20,22,53,4.4,0.8,1,0,0,0,1,201.724683544304,40.1510288398016,1,74,.,492.02,.,.,0,2,5,0,0.312969883475293
41,115.9,169.9,36.7127,0.79,20,22,53,4.4,0.8,1,0,0,0,1,201.724683544304,40.1510288398016,1,74,.,504,.,.,0,2,5,0,0.075766844530785
32,91.9,170.6,38.6419,0.61,31,19,51,4,0.6,0,1,0,0,2,192.08606557377,31.5760250354243,1,75,80,0,.,.,1,1,5,1,.
32,91.9,170.6,38.6419,0.61,31,19,51,4,0.6,0,1,0,0,2,192.08606557377,31.5760250354243,1,75,80,24,.,.,1,1,5,1,.
32,91.9,170.6,38.6419,0.61,31,19,51,4,0.6,0,1,0,0,2,192.08606557377,31.5760250354243,1,75,.,47.97,.,.,0,2,5,0,0.0494623111391974
32,91.9,170.6,38.6419,0.61,31,19,51,4,0.6,0,1,0,0,2,192.08606557377,31.5760250354243,1,75,80,48,.,.,1,1,5,1,.
32,91.9,170.6,38.6419,0.61,31,19,51,4,0.6,0,1,0,0,2,192.08606557377,31.5760250354243,1,75,.,71.97,.,.,0,2,5,0,0.0579264357828616
32,91.9,170.6,38.6419,0.61,31,19,51,4,0.6,0,1,0,0,2,192.08606557377,31.5760250354243,1,75,80,72,.,.,1,1,5,1,.
32,91.9,170.6,38.6419,0.61,31,19,51,4,0.6,0,1,0,0,2,192.08606557377,31.5760250354243,1,75,80,96,.,.,1,1,5,1,.
32,91.9,170.6,38.6419,0.61,31,19,51,4,0.6,0,1,0,0,2,192.08606557377,31.5760250354243,1,75,.,119.97,.,.,0,2,5,0,0.0479434091317769
32,91.9,170.6,38.6419,0.61,31,19,51,4,0.6,0,1,0,0,2,192.08606557377,31.5760250354243,1,75,80,120,.,.,1,1,5,1,.
32,91.9,170.6,38.6419,0.61,31,19,51,4,0.6,0,1,0,0,2,192.08606557377,31.5760250354243,1,75,80,144,.,.,1,1,5,1,.
32,91.9,170.6,38.6419,0.61,31,19,51,4,0.6,0,1,0,0,2,192.08606557377,31.5760250354243,1,75,80,168,.,.,1,1,5,1,.
32,91.9,170.6,38.6419,0.61,31,19,51,4,0.6,0,1,0,0,2,192.08606557377,31.5760250354243,1,75,.,191.97,.,.,0,2,5,0,0.0646757439792341
32,91.9,170.6,38.6419,0.61,31,19,51,4,0.6,0,1,0,0,2,192.08606557377,31.5760250354243,1,75,80,192,.,.,1,1,5,1,.
32,91.9,170.6,38.6419,0.61,31,19,51,4,0.6,0,1,0,0,2,192.08606557377,31.5760250354243,1,75,80,216,.,.,1,1,5,1,.
32,91.9,170.6,38.6419,0.61,31,19,51,4,0.6,0,1,0,0,2,192.08606557377,31.5760250354243,1,75,80,240,.,.,1,1,5,1,.
32,91.9,170.6,38.6419,0.61,31,19,51,4,0.6,0,1,0,0,2,192.08606557377,31.5760250354243,1,75,.,263.97,.,.,0,2,5,0,0.0838557603582833
32,91.9,170.6,38.6419,0.61,31,19,51,4,0.6,0,1,0,0,2,192.08606557377,31.5760250354243,1,75,80,264,.,.,1,1,5,1,.
32,91.9,170.6,38.6419,0.61,31,19,51,4,0.6,0,1,0,0,2,192.08606557377,31.5760250354243,1,75,80,288,.,.,1,1,5,1,.
32,91.9,170.6,38.6419,0.61,31,19,51,4,0.6,0,1,0,0,2,192.08606557377,31.5760250354243,1,75,80,312,.,.,1,1,5,1,.
32,91.9,170.6,38.6419,0.61,31,19,51,4,0.6,0,1,0,0,2,192.08606557377,31.5760250354243,1,75,.,335.97,.,.,0,2,5,0,0.102162415349961
32,91.9,170.6,38.6419,0.61,31,19,51,4,0.6,0,1,0,0,2,192.08606557377,31.5760250354243,1,75,80,336,.,.,1,1,5,1,.
32,91.9,170.6,38.6419,0.61,31,19,51,4,0.6,0,1,0,0,2,192.08606557377,31.5760250354243,1,75,80,360,.,.,1,1,5,1,.
32,91.9,170.6,38.6419,0.61,31,19,51,4,0.6,0,1,0,0,2,192.08606557377,31.5760250354243,1,75,80,384,.,.,1,1,5,1,.
32,91.9,170.6,38.6419,0.61,31,19,51,4,0.6,0,1,0,0,2,192.08606557377,31.5760250354243,1,75,.,407.97,.,.,0,2,5,0,0.0874197831597301
32,91.9,170.6,38.6419,0.61,31,19,51,4,0.6,0,1,0,0,2,192.08606557377,31.5760250354243,1,75,80,408,.,.,1,1,5,1,.
32,91.9,170.6,38.6419,0.61,31,19,51,4,0.6,0,1,0,0,2,192.08606557377,31.5760250354243,1,75,80,432,.,.,1,1,5,1,.
32,91.9,170.6,38.6419,0.61,31,19,51,4,0.6,0,1,0,0,2,192.08606557377,31.5760250354243,1,75,80,456,.,.,1,1,5,1,.
32,91.9,170.6,38.6419,0.61,31,19,51,4,0.6,0,1,0,0,2,192.08606557377,31.5760250354243,1,75,.,479.97,.,.,0,2,5,0,0.0970102975480716
32,91.9,170.6,38.6419,0.61,31,19,51,4,0.6,0,1,0,0,2,192.08606557377,31.5760250354243,1,75,80,480,.,.,1,1,5,1,.
32,91.9,170.6,38.6419,0.61,31,19,51,4,0.6,0,1,0,0,2,192.08606557377,31.5760250354243,1,75,.,481,.,.,0,2,5,0,0.207770105648988
32,91.9,170.6,38.6419,0.61,31,19,51,4,0.6,0,1,0,0,2,192.08606557377,31.5760250354243,1,75,.,482,.,.,0,2,5,0,0.130139627255061
32,91.9,170.6,38.6419,0.61,31,19,51,4,0.6,0,1,0,0,2,192.08606557377,31.5760250354243,1,75,.,483,.,.,0,2,5,0,0.193220538112531
32,91.9,170.6,38.6419,0.61,31,19,51,4,0.6,0,1,0,0,2,192.08606557377,31.5760250354243,1,75,.,484,.,.,0,2,5,0,0.0732826542811568
32,91.9,170.6,38.6419,0.61,31,19,51,4,0.6,0,1,0,0,2,192.08606557377,31.5760250354243,1,75,.,485,.,.,0,2,5,0,0.108352700096459
32,91.9,170.6,38.6419,0.61,31,19,51,4,0.6,0,1,0,0,2,192.08606557377,31.5760250354243,1,75,.,486,.,.,0,2,5,0,0.0935259867532339
32,91.9,170.6,38.6419,0.61,31,19,51,4,0.6,0,1,0,0,2,192.08606557377,31.5760250354243,1,75,.,487,.,.,0,2,5,0,0.162874925117239
32,91.9,170.6,38.6419,0.61,31,19,51,4,0.6,0,1,0,0,2,192.08606557377,31.5760250354243,1,75,.,488,.,.,0,2,5,0,0.086583130012072
32,91.9,170.6,38.6419,0.61,31,19,51,4,0.6,0,1,0,0,2,192.08606557377,31.5760250354243,1,75,.,492,.,.,0,2,5,0,0.103712944841508
32,91.9,170.6,38.6419,0.61,31,19,51,4,0.6,0,1,0,0,2,192.08606557377,31.5760250354243,1,75,.,504,.,.,0,2,5,0,0.0928882441724804
33,66.2,155.4,24.1163,0.66,16,21,54,4.6,0.5,1,0,0,0,2,126.702230639731,27.4129617758961,0,76,190,0,.,.,1,1,5,1,.
33,66.2,155.4,24.1163,0.66,16,21,54,4.6,0.5,1,0,0,0,2,126.702230639731,27.4129617758961,0,76,190,24,.,.,1,1,5,1,.
33,66.2,155.4,24.1163,0.66,16,21,54,4.6,0.5,1,0,0,0,2,126.702230639731,27.4129617758961,0,76,.,47.97,.,.,0,2,5,0,0.115976930653817
33,66.2,155.4,24.1163,0.66,16,21,54,4.6,0.5,1,0,0,0,2,126.702230639731,27.4129617758961,0,76,190,48,.,.,1,1,5,1,.
33,66.2,155.4,24.1163,0.66,16,21,54,4.6,0.5,1,0,0,0,2,126.702230639731,27.4129617758961,0,76,.,71.97,.,.,0,2,5,0,0.0468282998313872
33,66.2,155.4,24.1163,0.66,16,21,54,4.6,0.5,1,0,0,0,2,126.702230639731,27.4129617758961,0,76,190,72,.,.,1,1,5,1,.
33,66.2,155.4,24.1163,0.66,16,21,54,4.6,0.5,1,0,0,0,2,126.702230639731,27.4129617758961,0,76,190,96,.,.,1,1,5,1,.
33,66.2,155.4,24.1163,0.66,16,21,54,4.6,0.5,1,0,0,0,2,126.702230639731,27.4129617758961,0,76,.,119.97,.,.,0,2,5,0,0.0677236215180031
33,66.2,155.4,24.1163,0.66,16,21,54,4.6,0.5,1,0,0,0,2,126.702230639731,27.4129617758961,0,76,190,120,.,.,1,1,5,1,.
33,66.2,155.4,24.1163,0.66,16,21,54,4.6,0.5,1,0,0,0,2,126.702230639731,27.4129617758961,0,76,190,144,.,.,1,1,5,1,.
33,66.2,155.4,24.1163,0.66,16,21,54,4.6,0.5,1,0,0,0,2,126.702230639731,27.4129617758961,0,76,190,168,.,.,1,1,5,1,.
33,66.2,155.4,24.1163,0.66,16,21,54,4.6,0.5,1,0,0,0,2,126.702230639731,27.4129617758961,0,76,.,191.97,.,.,0,2,5,0,0.136802252859312
33,66.2,155.4,24.1163,0.66,16,21,54,4.6,0.5,1,0,0,0,2,126.702230639731,27.4129617758961,0,76,190,192,.,.,1,1,5,1,.
33,66.2,155.4,24.1163,0.66,16,21,54,4.6,0.5,1,0,0,0,2,126.702230639731,27.4129617758961,0,76,190,216,.,.,1,1,5,1,.
33,66.2,155.4,24.1163,0.66,16,21,54,4.6,0.5,1,0,0,0,2,126.702230639731,27.4129617758961,0,76,190,240,.,.,1,1,5,1,.
33,66.2,155.4,24.1163,0.66,16,21,54,4.6,0.5,1,0,0,0,2,126.702230639731,27.4129617758961,0,76,.,263.98,.,.,0,2,5,0,0.231078550446952
33,66.2,155.4,24.1163,0.66,16,21,54,4.6,0.5,1,0,0,0,2,126.702230639731,27.4129617758961,0,76,190,264,.,.,1,1,5,1,.
33,66.2,155.4,24.1163,0.66,16,21,54,4.6,0.5,1,0,0,0,2,126.702230639731,27.4129617758961,0,76,190,288,.,.,1,1,5,1,.
33,66.2,155.4,24.1163,0.66,16,21,54,4.6,0.5,1,0,0,0,2,126.702230639731,27.4129617758961,0,76,190,312,.,.,1,1,5,1,.
33,66.2,155.4,24.1163,0.66,16,21,54,4.6,0.5,1,0,0,0,2,126.702230639731,27.4129617758961,0,76,.,335.97,.,.,0,2,5,0,0.234023888116094
33,66.2,155.4,24.1163,0.66,16,21,54,4.6,0.5,1,0,0,0,2,126.702230639731,27.4129617758961,0,76,190,336,.,.,1,1,5,1,.
33,66.2,155.4,24.1163,0.66,16,21,54,4.6,0.5,1,0,0,0,2,126.702230639731,27.4129617758961,0,76,190,360,.,.,1,1,5,1,.
33,66.2,155.4,24.1163,0.66,16,21,54,4.6,0.5,1,0,0,0,2,126.702230639731,27.4129617758961,0,76,190,384,.,.,1,1,5,1,.
33,66.2,155.4,24.1163,0.66,16,21,54,4.6,0.5,1,0,0,0,2,126.702230639731,27.4129617758961,0,76,.,407.97,.,.,0,2,5,0,0.100846083784956
33,66.2,155.4,24.1163,0.66,16,21,54,4.6,0.5,1,0,0,0,2,126.702230639731,27.4129617758961,0,76,190,408,.,.,1,1,5,1,.
33,66.2,155.4,24.1163,0.66,16,21,54,4.6,0.5,1,0,0,0,2,126.702230639731,27.4129617758961,0,76,190,432,.,.,1,1,5,1,.
33,66.2,155.4,24.1163,0.66,16,21,54,4.6,0.5,1,0,0,0,2,126.702230639731,27.4129617758961,0,76,190,456,.,.,1,1,5,1,.
33,66.2,155.4,24.1163,0.66,16,21,54,4.6,0.5,1,0,0,0,2,126.702230639731,27.4129617758961,0,76,.,479.97,.,.,0,2,5,0,0.080368961004962
33,66.2,155.4,24.1163,0.66,16,21,54,4.6,0.5,1,0,0,0,2,126.702230639731,27.4129617758961,0,76,190,480,.,.,1,1,5,1,.
33,66.2,155.4,24.1163,0.66,16,21,54,4.6,0.5,1,0,0,0,2,126.702230639731,27.4129617758961,0,76,.,481,.,.,0,2,5,0,0.269264936659627
33,66.2,155.4,24.1163,0.66,16,21,54,4.6,0.5,1,0,0,0,2,126.702230639731,27.4129617758961,0,76,.,482.03,.,.,0,2,5,0,0.608404244837164
33,66.2,155.4,24.1163,0.66,16,21,54,4.6,0.5,1,0,0,0,2,126.702230639731,27.4129617758961,0,76,.,483,.,.,0,2,5,0,0.269983084575813
33,66.2,155.4,24.1163,0.66,16,21,54,4.6,0.5,1,0,0,0,2,126.702230639731,27.4129617758961,0,76,.,484,.,.,0,2,5,0,0.661935025730695
33,66.2,155.4,24.1163,0.66,16,21,54,4.6,0.5,1,0,0,0,2,126.702230639731,27.4129617758961,0,76,.,485,.,.,0,2,5,0,0.296209885514348
33,66.2,155.4,24.1163,0.66,16,21,54,4.6,0.5,1,0,0,0,2,126.702230639731,27.4129617758961,0,76,.,486,.,.,0,2,5,0,0.271722913356191
33,66.2,155.4,24.1163,0.66,16,21,54,4.6,0.5,1,0,0,0,2,126.702230639731,27.4129617758961,0,76,.,487,.,.,0,2,5,0,0.686802255959471
33,66.2,155.4,24.1163,0.66,16,21,54,4.6,0.5,1,0,0,0,2,126.702230639731,27.4129617758961,0,76,.,488.05,.,.,0,2,5,0,0.39305177125092
33,66.2,155.4,24.1163,0.66,16,21,54,4.6,0.5,1,0,0,0,2,126.702230639731,27.4129617758961,0,76,.,492,.,.,0,2,5,0,0.117595562401927
33,66.2,155.4,24.1163,0.66,16,21,54,4.6,0.5,1,0,0,0,2,126.702230639731,27.4129617758961,0,76,.,504,.,.,0,2,5,0,0.086509043900084
39,89.1,173.9,36.2851,0.79,17,14,66,4.1,0.3,0,1,0,0,2,134.480221518987,29.4631068002901,0,77,80,0,.,.,1,1,5,1,.
39,89.1,173.9,36.2851,0.79,17,14,66,4.1,0.3,0,1,0,0,2,134.480221518987,29.4631068002901,0,77,80,24,.,.,1,1,5,1,.
39,89.1,173.9,36.2851,0.79,17,14,66,4.1,0.3,0,1,0,0,2,134.480221518987,29.4631068002901,0,77,.,47.97,.,.,0,2,5,0,0.04603405784323
39,89.1,173.9,36.2851,0.79,17,14,66,4.1,0.3,0,1,0,0,2,134.480221518987,29.4631068002901,0,77,80,48,.,.,1,1,5,1,.
39,89.1,173.9,36.2851,0.79,17,14,66,4.1,0.3,0,1,0,0,2,134.480221518987,29.4631068002901,0,77,.,71.97,.,.,0,2,5,0,0.0863575319321304
39,89.1,173.9,36.2851,0.79,17,14,66,4.1,0.3,0,1,0,0,2,134.480221518987,29.4631068002901,0,77,80,72,.,.,1,1,5,1,.
39,89.1,173.9,36.2851,0.79,17,14,66,4.1,0.3,0,1,0,0,2,134.480221518987,29.4631068002901,0,77,80,96,.,.,1,1,5,1,.
39,89.1,173.9,36.2851,0.79,17,14,66,4.1,0.3,0,1,0,0,2,134.480221518987,29.4631068002901,0,77,.,119.97,.,.,0,2,5,0,0.0623909337171259
22,80.4,159.4,33.6382,0.67,24,25,165,3.9,0.3,0,0,1,0,2,167.166666666667,31.6431284821216,1,78,190,0,.,.,1,1,5,1,.
22,80.4,159.4,33.6382,0.67,24,25,165,3.9,0.3,0,0,1,0,2,167.166666666667,31.6431284821216,1,78,190,24,.,.,1,1,5,1,.
22,80.4,159.4,33.6382,0.67,24,25,165,3.9,0.3,0,0,1,0,2,167.166666666667,31.6431284821216,1,78,.,47.97,.,.,0,2,5,0,0.169041300699879
22,80.4,159.4,33.6382,0.67,24,25,165,3.9,0.3,0,0,1,0,2,167.166666666667,31.6431284821216,1,78,190,48,.,.,1,1,5,1,.
22,80.4,159.4,33.6382,0.67,24,25,165,3.9,0.3,0,0,1,0,2,167.166666666667,31.6431284821216,1,78,.,71.98,.,.,0,2,5,0,0.114000161957162
22,80.4,159.4,33.6382,0.67,24,25,165,3.9,0.3,0,0,1,0,2,167.166666666667,31.6431284821216,1,78,190,72,.,.,1,1,5,1,.
22,80.4,159.4,33.6382,0.67,24,25,165,3.9,0.3,0,0,1,0,2,167.166666666667,31.6431284821216,1,78,190,96,.,.,1,1,5,1,.
22,80.4,159.4,33.6382,0.67,24,25,165,3.9,0.3,0,0,1,0,2,167.166666666667,31.6431284821216,1,78,.,119.97,.,.,0,2,5,0,0.114932360688686
22,80.4,159.4,33.6382,0.67,24,25,165,3.9,0.3,0,0,1,0,2,167.166666666667,31.6431284821216,1,78,190,120,.,.,1,1,5,1,.
22,80.4,159.4,33.6382,0.67,24,25,165,3.9,0.3,0,0,1,0,2,167.166666666667,31.6431284821216,1,78,190,144,.,.,1,1,5,1,.
22,80.4,159.4,33.6382,0.67,24,25,165,3.9,0.3,0,0,1,0,2,167.166666666667,31.6431284821216,1,78,190,168,.,.,1,1,5,1,.
22,80.4,159.4,33.6382,0.67,24,25,165,3.9,0.3,0,0,1,0,2,167.166666666667,31.6431284821216,1,78,.,191.97,.,.,0,2,5,0,0.027747416790307
22,80.4,159.4,33.6382,0.67,24,25,165,3.9,0.3,0,0,1,0,2,167.166666666667,31.6431284821216,1,78,190,192,.,.,1,1,5,1,.
22,80.4,159.4,33.6382,0.67,24,25,165,3.9,0.3,0,0,1,0,2,167.166666666667,31.6431284821216,1,78,190,216,.,.,1,1,5,1,.
22,80.4,159.4,33.6382,0.67,24,25,165,3.9,0.3,0,0,1,0,2,167.166666666667,31.6431284821216,1,78,190,240,.,.,1,1,5,1,.
22,80.4,159.4,33.6382,0.67,24,25,165,3.9,0.3,0,0,1,0,2,167.166666666667,31.6431284821216,1,78,.,263.97,.,.,0,2,5,0,0.324159069370161
22,80.4,159.4,33.6382,0.67,24,25,165,3.9,0.3,0,0,1,0,2,167.166666666667,31.6431284821216,1,78,190,264,.,.,1,1,5,1,.
22,80.4,159.4,33.6382,0.67,24,25,165,3.9,0.3,0,0,1,0,2,167.166666666667,31.6431284821216,1,78,190,288,.,.,1,1,5,1,.
22,80.4,159.4,33.6382,0.67,24,25,165,3.9,0.3,0,0,1,0,2,167.166666666667,31.6431284821216,1,78,190,312,.,.,1,1,5,1,.
22,80.4,159.4,33.6382,0.67,24,25,165,3.9,0.3,0,0,1,0,2,167.166666666667,31.6431284821216,1,78,.,335.97,.,.,0,2,5,0,0.2656250532969
22,80.4,159.4,33.6382,0.67,24,25,165,3.9,0.3,0,0,1,0,2,167.166666666667,31.6431284821216,1,78,190,336,.,.,1,1,5,1,.
22,80.4,159.4,33.6382,0.67,24,25,165,3.9,0.3,0,0,1,0,2,167.166666666667,31.6431284821216,1,78,190,360,.,.,1,1,5,1,.
22,80.4,159.4,33.6382,0.67,24,25,165,3.9,0.3,0,0,1,0,2,167.166666666667,31.6431284821216,1,78,190,384,.,.,1,1,5,1,.
22,80.4,159.4,33.6382,0.67,24,25,165,3.9,0.3,0,0,1,0,2,167.166666666667,31.6431284821216,1,78,.,407.97,.,.,0,2,5,0,0.388400713619717
22,80.4,159.4,33.6382,0.67,24,25,165,3.9,0.3,0,0,1,0,2,167.166666666667,31.6431284821216,1,78,190,408,.,.,1,1,5,1,.
22,80.4,159.4,33.6382,0.67,24,25,165,3.9,0.3,0,0,1,0,2,167.166666666667,31.6431284821216,1,78,190,432,.,.,1,1,5,1,.
22,80.4,159.4,33.6382,0.67,24,25,165,3.9,0.3,0,0,1,0,2,167.166666666667,31.6431284821216,1,78,190,456,.,.,1,1,5,1,.
22,80.4,159.4,33.6382,0.67,24,25,165,3.9,0.3,0,0,1,0,2,167.166666666667,31.6431284821216,1,78,.,479.97,.,.,0,2,5,0,0.326072419840229
22,80.4,159.4,33.6382,0.67,24,25,165,3.9,0.3,0,0,1,0,2,167.166666666667,31.6431284821216,1,78,190,480,.,.,1,1,5,1,.
22,80.4,159.4,33.6382,0.67,24,25,165,3.9,0.3,0,0,1,0,2,167.166666666667,31.6431284821216,1,78,.,481,.,.,0,2,5,0,0.274487134583718
22,80.4,159.4,33.6382,0.67,24,25,165,3.9,0.3,0,0,1,0,2,167.166666666667,31.6431284821216,1,78,.,482,.,.,0,2,5,0,0.330257768878877
22,80.4,159.4,33.6382,0.67,24,25,165,3.9,0.3,0,0,1,0,2,167.166666666667,31.6431284821216,1,78,.,483,.,.,0,2,5,0,0.212555717669205
22,80.4,159.4,33.6382,0.67,24,25,165,3.9,0.3,0,0,1,0,2,167.166666666667,31.6431284821216,1,78,.,484,.,.,0,2,5,0,0.513506054879749
22,80.4,159.4,33.6382,0.67,24,25,165,3.9,0.3,0,0,1,0,2,167.166666666667,31.6431284821216,1,78,.,485,.,.,0,2,5,0,0.804845212408512
22,80.4,159.4,33.6382,0.67,24,25,165,3.9,0.3,0,0,1,0,2,167.166666666667,31.6431284821216,1,78,.,486,.,.,0,2,5,0,0.0306032086374735
22,80.4,159.4,33.6382,0.67,24,25,165,3.9,0.3,0,0,1,0,2,167.166666666667,31.6431284821216,1,78,.,487,.,.,0,2,5,0,0.695548407782576
22,80.4,159.4,33.6382,0.67,24,25,165,3.9,0.3,0,0,1,0,2,167.166666666667,31.6431284821216,1,78,.,488,.,.,0,2,5,0,0.665102813314832
22,80.4,159.4,33.6382,0.67,24,25,165,3.9,0.3,0,0,1,0,2,167.166666666667,31.6431284821216,1,78,.,492,.,.,0,2,5,0,0.500542546321663
22,80.4,159.4,33.6382,0.67,24,25,165,3.9,0.3,0,0,1,0,2,167.166666666667,31.6431284821216,1,78,.,504,.,.,0,2,5,0,0.277587858948634
41,71.2,174.8,14.7066,0.91,29,23,72,4.8,0.7,0,1,0,0,1,107.582417582418,23.3022113536752,0,79,190,0,.,.,1,1,5,1,.
41,71.2,174.8,14.7066,0.91,29,23,72,4.8,0.7,0,1,0,0,1,107.582417582418,23.3022113536752,0,79,190,24.02,.,.,1,1,5,1,.
41,71.2,174.8,14.7066,0.91,29,23,72,4.8,0.7,0,1,0,0,1,107.582417582418,23.3022113536752,0,79,.,47.98,.,.,0,2,5,0,0.0958315885549011
41,71.2,174.8,14.7066,0.91,29,23,72,4.8,0.7,0,1,0,0,1,107.582417582418,23.3022113536752,0,79,190,48,.,.,1,1,5,1,.
41,71.2,174.8,14.7066,0.91,29,23,72,4.8,0.7,0,1,0,0,1,107.582417582418,23.3022113536752,0,79,.,71.97,.,.,0,2,5,0,0.060091028560316
41,71.2,174.8,14.7066,0.91,29,23,72,4.8,0.7,0,1,0,0,1,107.582417582418,23.3022113536752,0,79,190,72.08,.,.,1,1,5,1,.
41,71.2,174.8,14.7066,0.91,29,23,72,4.8,0.7,0,1,0,0,1,107.582417582418,23.3022113536752,0,79,190,96,.,.,1,1,5,1,.
41,71.2,174.8,14.7066,0.91,29,23,72,4.8,0.7,0,1,0,0,1,107.582417582418,23.3022113536752,0,79,.,119.97,.,.,0,2,5,0,0.106719235530251
41,71.2,174.8,14.7066,0.91,29,23,72,4.8,0.7,0,1,0,0,1,107.582417582418,23.3022113536752,0,79,190,120,.,.,1,1,5,1,.
41,71.2,174.8,14.7066,0.91,29,23,72,4.8,0.7,0,1,0,0,1,107.582417582418,23.3022113536752,0,79,190,144,.,.,1,1,5,1,.
41,71.2,174.8,14.7066,0.91,29,23,72,4.8,0.7,0,1,0,0,1,107.582417582418,23.3022113536752,0,79,190,168,.,.,1,1,5,1,.
41,71.2,174.8,14.7066,0.91,29,23,72,4.8,0.7,0,1,0,0,1,107.582417582418,23.3022113536752,0,79,.,191.97,.,.,0,2,5,0,0.0560398354058913
41,71.2,174.8,14.7066,0.91,29,23,72,4.8,0.7,0,1,0,0,1,107.582417582418,23.3022113536752,0,79,190,192,.,.,1,1,5,1,.
41,71.2,174.8,14.7066,0.91,29,23,72,4.8,0.7,0,1,0,0,1,107.582417582418,23.3022113536752,0,79,190,216,.,.,1,1,5,1,.
41,71.2,174.8,14.7066,0.91,29,23,72,4.8,0.7,0,1,0,0,1,107.582417582418,23.3022113536752,0,79,190,240,.,.,1,1,5,1,.
41,71.2,174.8,14.7066,0.91,29,23,72,4.8,0.7,0,1,0,0,1,107.582417582418,23.3022113536752,0,79,.,263.97,.,.,0,2,5,0,0.123278486458395
41,71.2,174.8,14.7066,0.91,29,23,72,4.8,0.7,0,1,0,0,1,107.582417582418,23.3022113536752,0,79,190,264,.,.,1,1,5,1,.
41,71.2,174.8,14.7066,0.91,29,23,72,4.8,0.7,0,1,0,0,1,107.582417582418,23.3022113536752,0,79,190,288,.,.,1,1,5,1,.
41,71.2,174.8,14.7066,0.91,29,23,72,4.8,0.7,0,1,0,0,1,107.582417582418,23.3022113536752,0,79,190,312,.,.,1,1,5,1,.
41,71.2,174.8,14.7066,0.91,29,23,72,4.8,0.7,0,1,0,0,1,107.582417582418,23.3022113536752,0,79,.,335.98,.,.,0,2,5,0,0.135571318326777
41,71.2,174.8,14.7066,0.91,29,23,72,4.8,0.7,0,1,0,0,1,107.582417582418,23.3022113536752,0,79,190,336,.,.,1,1,5,1,.
41,71.2,174.8,14.7066,0.91,29,23,72,4.8,0.7,0,1,0,0,1,107.582417582418,23.3022113536752,0,79,190,360,.,.,1,1,5,1,.
41,71.2,174.8,14.7066,0.91,29,23,72,4.8,0.7,0,1,0,0,1,107.582417582418,23.3022113536752,0,79,190,384,.,.,1,1,5,1,.
41,71.2,174.8,14.7066,0.91,29,23,72,4.8,0.7,0,1,0,0,1,107.582417582418,23.3022113536752,0,79,.,407.97,.,.,0,2,5,0,0.191647169647092
41,71.2,174.8,14.7066,0.91,29,23,72,4.8,0.7,0,1,0,0,1,107.582417582418,23.3022113536752,0,79,190,408,.,.,1,1,5,1,.
41,71.2,174.8,14.7066,0.91,29,23,72,4.8,0.7,0,1,0,0,1,107.582417582418,23.3022113536752,0,79,190,432,.,.,1,1,5,1,.
41,71.2,174.8,14.7066,0.91,29,23,72,4.8,0.7,0,1,0,0,1,107.582417582418,23.3022113536752,0,79,190,456,.,.,1,1,5,1,.
41,71.2,174.8,14.7066,0.91,29,23,72,4.8,0.7,0,1,0,0,1,107.582417582418,23.3022113536752,0,79,.,479.97,.,.,0,2,5,0,0.0956220041768159
41,71.2,174.8,14.7066,0.91,29,23,72,4.8,0.7,0,1,0,0,1,107.582417582418,23.3022113536752,0,79,190,480,.,.,1,1,5,1,.
41,71.2,174.8,14.7066,0.91,29,23,72,4.8,0.7,0,1,0,0,1,107.582417582418,23.3022113536752,0,79,.,481.05,.,.,0,2,5,0,0.47546398321134
41,71.2,174.8,14.7066,0.91,29,23,72,4.8,0.7,0,1,0,0,1,107.582417582418,23.3022113536752,0,79,.,482,.,.,0,2,5,0,0.369180461289692
41,71.2,174.8,14.7066,0.91,29,23,72,4.8,0.7,0,1,0,0,1,107.582417582418,23.3022113536752,0,79,.,483,.,.,0,2,5,0,0.500942691809908
41,71.2,174.8,14.7066,0.91,29,23,72,4.8,0.7,0,1,0,0,1,107.582417582418,23.3022113536752,0,79,.,484,.,.,0,2,5,0,0.36243949869422
41,71.2,174.8,14.7066,0.91,29,23,72,4.8,0.7,0,1,0,0,1,107.582417582418,23.3022113536752,0,79,.,485,.,.,0,2,5,0,0.395490519910809
41,71.2,174.8,14.7066,0.91,29,23,72,4.8,0.7,0,1,0,0,1,107.582417582418,23.3022113536752,0,79,.,486,.,.,0,2,5,0,0.688187613404327
41,71.2,174.8,14.7066,0.91,29,23,72,4.8,0.7,0,1,0,0,1,107.582417582418,23.3022113536752,0,79,.,487,.,.,0,2,5,0,0.243873573581901
41,71.2,174.8,14.7066,0.91,29,23,72,4.8,0.7,0,1,0,0,1,107.582417582418,23.3022113536752,0,79,.,488,.,.,0,2,5,0,0.260127768552252
41,71.2,174.8,14.7066,0.91,29,23,72,4.8,0.7,0,1,0,0,1,107.582417582418,23.3022113536752,0,79,.,504,.,.,0,2,5,0,0.16684389083168
39,56.4,157.5,19.4573,0.52,16,23,76,4.1,0.5,1,0,0,0,2,129.32532051282,22.7362055933485,0,80,80,0,.,.,1,1,5,1,.
39,56.4,157.5,19.4573,0.52,16,23,76,4.1,0.5,1,0,0,0,2,129.32532051282,22.7362055933485,0,80,80,24,.,.,1,1,5,1,.
39,56.4,157.5,19.4573,0.52,16,23,76,4.1,0.5,1,0,0,0,2,129.32532051282,22.7362055933485,0,80,.,47.98,.,.,0,2,5,0,0.0771456675906603
39,56.4,157.5,19.4573,0.52,16,23,76,4.1,0.5,1,0,0,0,2,129.32532051282,22.7362055933485,0,80,80,48,.,.,1,1,5,1,.
39,56.4,157.5,19.4573,0.52,16,23,76,4.1,0.5,1,0,0,0,2,129.32532051282,22.7362055933485,0,80,.,71.97,.,.,0,2,5,0,0.0247508663408376
39,56.4,157.5,19.4573,0.52,16,23,76,4.1,0.5,1,0,0,0,2,129.32532051282,22.7362055933485,0,80,80,72,.,.,1,1,5,1,.
39,56.4,157.5,19.4573,0.52,16,23,76,4.1,0.5,1,0,0,0,2,129.32532051282,22.7362055933485,0,80,80,96,.,.,1,1,5,1,.
39,56.4,157.5,19.4573,0.52,16,23,76,4.1,0.5,1,0,0,0,2,129.32532051282,22.7362055933485,0,80,.,119.97,.,.,0,2,5,0,0.109461636221226
39,56.4,157.5,19.4573,0.52,16,23,76,4.1,0.5,1,0,0,0,2,129.32532051282,22.7362055933485,0,80,80,120,.,.,1,1,5,1,.
39,56.4,157.5,19.4573,0.52,16,23,76,4.1,0.5,1,0,0,0,2,129.32532051282,22.7362055933485,0,80,80,144,.,.,1,1,5,1,.
39,56.4,157.5,19.4573,0.52,16,23,76,4.1,0.5,1,0,0,0,2,129.32532051282,22.7362055933485,0,80,80,168,.,.,1,1,5,1,.
39,56.4,157.5,19.4573,0.52,16,23,76,4.1,0.5,1,0,0,0,2,129.32532051282,22.7362055933485,0,80,.,191.97,.,.,0,2,5,0,0.110073621934532
39,56.4,157.5,19.4573,0.52,16,23,76,4.1,0.5,1,0,0,0,2,129.32532051282,22.7362055933485,0,80,80,192,.,.,1,1,5,1,.
39,56.4,157.5,19.4573,0.52,16,23,76,4.1,0.5,1,0,0,0,2,129.32532051282,22.7362055933485,0,80,80,216,.,.,1,1,5,1,.
39,56.4,157.5,19.4573,0.52,16,23,76,4.1,0.5,1,0,0,0,2,129.32532051282,22.7362055933485,0,80,80,240,.,.,1,1,5,1,.
39,56.4,157.5,19.4573,0.52,16,23,76,4.1,0.5,1,0,0,0,2,129.32532051282,22.7362055933485,0,80,.,263.97,.,.,0,2,5,0,0.148689970721596
39,56.4,157.5,19.4573,0.52,16,23,76,4.1,0.5,1,0,0,0,2,129.32532051282,22.7362055933485,0,80,80,264,.,.,1,1,5,1,.
39,56.4,157.5,19.4573,0.52,16,23,76,4.1,0.5,1,0,0,0,2,129.32532051282,22.7362055933485,0,80,80,288,.,.,1,1,5,1,.
39,56.4,157.5,19.4573,0.52,16,23,76,4.1,0.5,1,0,0,0,2,129.32532051282,22.7362055933485,0,80,80,312,.,.,1,1,5,1,.
39,56.4,157.5,19.4573,0.52,16,23,76,4.1,0.5,1,0,0,0,2,129.32532051282,22.7362055933485,0,80,.,335.97,.,.,0,2,5,0,0.200770960017211
39,56.4,157.5,19.4573,0.52,16,23,76,4.1,0.5,1,0,0,0,2,129.32532051282,22.7362055933485,0,80,80,336,.,.,1,1,5,1,.
39,56.4,157.5,19.4573,0.52,16,23,76,4.1,0.5,1,0,0,0,2,129.32532051282,22.7362055933485,0,80,80,360,.,.,1,1,5,1,.
39,56.4,157.5,19.4573,0.52,16,23,76,4.1,0.5,1,0,0,0,2,129.32532051282,22.7362055933485,0,80,80,384,.,.,1,1,5,1,.
39,56.4,157.5,19.4573,0.52,16,23,76,4.1,0.5,1,0,0,0,2,129.32532051282,22.7362055933485,0,80,.,408,.,.,0,2,5,0,0.161062634994927
39,56.4,157.5,19.4573,0.52,16,23,76,4.1,0.5,1,0,0,0,2,129.32532051282,22.7362055933485,0,80,80,408,.,.,1,1,5,1,.
39,56.4,157.5,19.4573,0.52,16,23,76,4.1,0.5,1,0,0,0,2,129.32532051282,22.7362055933485,0,80,80,432,.,.,1,1,5,1,.
39,56.4,157.5,19.4573,0.52,16,23,76,4.1,0.5,1,0,0,0,2,129.32532051282,22.7362055933485,0,80,80,456,.,.,1,1,5,1,.
39,56.4,157.5,19.4573,0.52,16,23,76,4.1,0.5,1,0,0,0,2,129.32532051282,22.7362055933485,0,80,.,479.97,.,.,0,2,5,0,0.154550454660393
39,56.4,157.5,19.4573,0.52,16,23,76,4.1,0.5,1,0,0,0,2,129.32532051282,22.7362055933485,0,80,80,480,.,.,1,1,5,1,.
39,56.4,157.5,19.4573,0.52,16,23,76,4.1,0.5,1,0,0,0,2,129.32532051282,22.7362055933485,0,80,.,481.03,.,.,0,2,5,0,0.274792596451154
39,56.4,157.5,19.4573,0.52,16,23,76,4.1,0.5,1,0,0,0,2,129.32532051282,22.7362055933485,0,80,.,482,.,.,0,2,5,0,0.135261888428983
39,56.4,157.5,19.4573,0.52,16,23,76,4.1,0.5,1,0,0,0,2,129.32532051282,22.7362055933485,0,80,.,483,.,.,0,2,5,0,0.415561084554827
39,56.4,157.5,19.4573,0.52,16,23,76,4.1,0.5,1,0,0,0,2,129.32532051282,22.7362055933485,0,80,.,484,.,.,0,2,5,0,0.291470880690793
39,56.4,157.5,19.4573,0.52,16,23,76,4.1,0.5,1,0,0,0,2,129.32532051282,22.7362055933485,0,80,.,485,.,.,0,2,5,0,0.145737901559656
39,56.4,157.5,19.4573,0.52,16,23,76,4.1,0.5,1,0,0,0,2,129.32532051282,22.7362055933485,0,80,.,486,.,.,0,2,5,0,0.245691493690369
39,56.4,157.5,19.4573,0.52,16,23,76,4.1,0.5,1,0,0,0,2,129.32532051282,22.7362055933485,0,80,.,487,.,.,0,2,5,0,0.237269902362025
39,56.4,157.5,19.4573,0.52,16,23,76,4.1,0.5,1,0,0,0,2,129.32532051282,22.7362055933485,0,80,.,488,.,.,0,2,5,0,0.156972926708838
39,56.4,157.5,19.4573,0.52,16,23,76,4.1,0.5,1,0,0,0,2,129.32532051282,22.7362055933485,0,80,.,492,.,.,0,2,5,0,0.228167410788723
39,56.4,157.5,19.4573,0.52,16,23,76,4.1,0.5,1,0,0,0,2,129.32532051282,22.7362055933485,0,80,.,504,.,.,0,2,5,0,0.277484357652214
18,61.5,171.9,9.5121,1.08,11,22,71,4.4,0.8,0,0,1,0,1,96.4891975308642,20.8124574232959,0,81,80,0,.,.,1,1,5,1,.
18,61.5,171.9,9.5121,1.08,11,22,71,4.4,0.8,0,0,1,0,1,96.4891975308642,20.8124574232959,0,81,80,24,.,.,1,1,5,1,.
18,61.5,171.9,9.5121,1.08,11,22,71,4.4,0.8,0,0,1,0,1,96.4891975308642,20.8124574232959,0,81,.,47.97,.,.,0,2,5,0,0.0328977876991205
18,61.5,171.9,9.5121,1.08,11,22,71,4.4,0.8,0,0,1,0,1,96.4891975308642,20.8124574232959,0,81,80,48,.,.,1,1,5,1,.
18,61.5,171.9,9.5121,1.08,11,22,71,4.4,0.8,0,0,1,0,1,96.4891975308642,20.8124574232959,0,81,.,71.97,.,.,0,2,5,0,0.0273847416635122
18,61.5,171.9,9.5121,1.08,11,22,71,4.4,0.8,0,0,1,0,1,96.4891975308642,20.8124574232959,0,81,80,72,.,.,1,1,5,1,.
18,61.5,171.9,9.5121,1.08,11,22,71,4.4,0.8,0,0,1,0,1,96.4891975308642,20.8124574232959,0,81,80,96,.,.,1,1,5,1,.
18,61.5,171.9,9.5121,1.08,11,22,71,4.4,0.8,0,0,1,0,1,96.4891975308642,20.8124574232959,0,81,.,119.97,.,.,0,2,5,0,0.066659452852722
18,61.5,171.9,9.5121,1.08,11,22,71,4.4,0.8,0,0,1,0,1,96.4891975308642,20.8124574232959,0,81,80,120,.,.,1,1,5,1,.
18,61.5,171.9,9.5121,1.08,11,22,71,4.4,0.8,0,0,1,0,1,96.4891975308642,20.8124574232959,0,81,80,144,.,.,1,1,5,1,.
18,61.5,171.9,9.5121,1.08,11,22,71,4.4,0.8,0,0,1,0,1,96.4891975308642,20.8124574232959,0,81,80,168,.,.,1,1,5,1,.
18,61.5,171.9,9.5121,1.08,11,22,71,4.4,0.8,0,0,1,0,1,96.4891975308642,20.8124574232959,0,81,.,191.97,.,.,0,2,5,0,0.0845249381739024
18,61.5,171.9,9.5121,1.08,11,22,71,4.4,0.8,0,0,1,0,1,96.4891975308642,20.8124574232959,0,81,80,192,.,.,1,1,5,1,.
18,61.5,171.9,9.5121,1.08,11,22,71,4.4,0.8,0,0,1,0,1,96.4891975308642,20.8124574232959,0,81,80,216,.,.,1,1,5,1,.
18,61.5,171.9,9.5121,1.08,11,22,71,4.4,0.8,0,0,1,0,1,96.4891975308642,20.8124574232959,0,81,80,240,.,.,1,1,5,1,.
18,61.5,171.9,9.5121,1.08,11,22,71,4.4,0.8,0,0,1,0,1,96.4891975308642,20.8124574232959,0,81,.,263.97,.,.,0,2,5,0,0.0573546803343115
18,61.5,171.9,9.5121,1.08,11,22,71,4.4,0.8,0,0,1,0,1,96.4891975308642,20.8124574232959,0,81,80,264,.,.,1,1,5,1,.
18,61.5,171.9,9.5121,1.08,11,22,71,4.4,0.8,0,0,1,0,1,96.4891975308642,20.8124574232959,0,81,80,288,.,.,1,1,5,1,.
18,61.5,171.9,9.5121,1.08,11,22,71,4.4,0.8,0,0,1,0,1,96.4891975308642,20.8124574232959,0,81,80,312,.,.,1,1,5,1,.
18,61.5,171.9,9.5121,1.08,11,22,71,4.4,0.8,0,0,1,0,1,96.4891975308642,20.8124574232959,0,81,.,335.97,.,.,0,2,5,0,0.186413351309229
18,61.5,171.9,9.5121,1.08,11,22,71,4.4,0.8,0,0,1,0,1,96.4891975308642,20.8124574232959,0,81,80,336,.,.,1,1,5,1,.
18,61.5,171.9,9.5121,1.08,11,22,71,4.4,0.8,0,0,1,0,1,96.4891975308642,20.8124574232959,0,81,80,360,.,.,1,1,5,1,.
18,61.5,171.9,9.5121,1.08,11,22,71,4.4,0.8,0,0,1,0,1,96.4891975308642,20.8124574232959,0,81,80,384,.,.,1,1,5,1,.
18,61.5,171.9,9.5121,1.08,11,22,71,4.4,0.8,0,0,1,0,1,96.4891975308642,20.8124574232959,0,81,.,407.97,.,.,0,2,5,0,0.0498045072706583
18,61.5,171.9,9.5121,1.08,11,22,71,4.4,0.8,0,0,1,0,1,96.4891975308642,20.8124574232959,0,81,80,408,.,.,1,1,5,1,.
18,61.5,171.9,9.5121,1.08,11,22,71,4.4,0.8,0,0,1,0,1,96.4891975308642,20.8124574232959,0,81,80,432,.,.,1,1,5,1,.
18,61.5,171.9,9.5121,1.08,11,22,71,4.4,0.8,0,0,1,0,1,96.4891975308642,20.8124574232959,0,81,80,455,.,.,1,1,5,1,.
18,61.5,171.9,9.5121,1.08,11,22,71,4.4,0.8,0,0,1,0,1,96.4891975308642,20.8124574232959,0,81,80,479,.,.,1,1,5,1,.
18,61.5,171.9,9.5121,1.08,11,22,71,4.4,0.8,0,0,1,0,1,96.4891975308642,20.8124574232959,0,81,.,479.97,.,.,0,2,5,0,0.0815560353946569
18,61.5,171.9,9.5121,1.08,11,22,71,4.4,0.8,0,0,1,0,1,96.4891975308642,20.8124574232959,0,81,.,481,.,.,0,2,5,0,0.154372857256716
18,61.5,171.9,9.5121,1.08,11,22,71,4.4,0.8,0,0,1,0,1,96.4891975308642,20.8124574232959,0,81,.,482,.,.,0,2,5,0,0.117946489290723
18,61.5,171.9,9.5121,1.08,11,22,71,4.4,0.8,0,0,1,0,1,96.4891975308642,20.8124574232959,0,81,.,483,.,.,0,2,5,0,0.102193611733477
18,61.5,171.9,9.5121,1.08,11,22,71,4.4,0.8,0,0,1,0,1,96.4891975308642,20.8124574232959,0,81,.,484,.,.,0,2,5,0,0.201752976483403
18,61.5,171.9,9.5121,1.08,11,22,71,4.4,0.8,0,0,1,0,1,96.4891975308642,20.8124574232959,0,81,.,485,.,.,0,2,5,0,0.179092668742574
18,61.5,171.9,9.5121,1.08,11,22,71,4.4,0.8,0,0,1,0,1,96.4891975308642,20.8124574232959,0,81,.,486.08,.,.,0,2,5,0,0.211143217784771
18,61.5,171.9,9.5121,1.08,11,22,71,4.4,0.8,0,0,1,0,1,96.4891975308642,20.8124574232959,0,81,.,487,.,.,0,2,5,0,0.137345981655859
18,61.5,171.9,9.5121,1.08,11,22,71,4.4,0.8,0,0,1,0,1,96.4891975308642,20.8124574232959,0,81,.,488,.,.,0,2,5,0,0.252178865879318
18,61.5,171.9,9.5121,1.08,11,22,71,4.4,0.8,0,0,1,0,1,96.4891975308642,20.8124574232959,0,81,.,492,.,.,0,2,5,0,0.114694710482928
18,61.5,171.9,9.5121,1.08,11,22,71,4.4,0.8,0,0,1,0,1,96.4891975308642,20.8124574232959,0,81,.,504,.,.,0,2,5,0,0.229383056708182
45,81.5,179.6,17.8844,0.96,27,16,46,4.6,1.3,0,1,0,0,1,112.015335648148,25.266491733672,0,82,80,0,.,.,1,1,5,1,.
45,81.5,179.6,17.8844,0.96,27,16,46,4.6,1.3,0,1,0,0,1,112.015335648148,25.266491733672,0,82,80,24,.,.,1,1,5,1,.
45,81.5,179.6,17.8844,0.96,27,16,46,4.6,1.3,0,1,0,0,1,112.015335648148,25.266491733672,0,82,.,47.97,.,.,0,2,5,0,0.0267391455255716
45,81.5,179.6,17.8844,0.96,27,16,46,4.6,1.3,0,1,0,0,1,112.015335648148,25.266491733672,0,82,80,48,.,.,1,1,5,1,.
45,81.5,179.6,17.8844,0.96,27,16,46,4.6,1.3,0,1,0,0,1,112.015335648148,25.266491733672,0,82,.,71.97,.,.,0,2,5,0,0.0227283501085154
45,81.5,179.6,17.8844,0.96,27,16,46,4.6,1.3,0,1,0,0,1,112.015335648148,25.266491733672,0,82,80,72,.,.,1,1,5,1,.
45,81.5,179.6,17.8844,0.96,27,16,46,4.6,1.3,0,1,0,0,1,112.015335648148,25.266491733672,0,82,80,96,.,.,1,1,5,1,.
45,81.5,179.6,17.8844,0.96,27,16,46,4.6,1.3,0,1,0,0,1,112.015335648148,25.266491733672,0,82,.,119.97,.,.,0,2,5,0,0.0400418130512399
45,81.5,179.6,17.8844,0.96,27,16,46,4.6,1.3,0,1,0,0,1,112.015335648148,25.266491733672,0,82,80,120,.,.,1,1,5,1,.
45,81.5,179.6,17.8844,0.96,27,16,46,4.6,1.3,0,1,0,0,1,112.015335648148,25.266491733672,0,82,80,144,.,.,1,1,5,1,.
45,81.5,179.6,17.8844,0.96,27,16,46,4.6,1.3,0,1,0,0,1,112.015335648148,25.266491733672,0,82,80,168,.,.,1,1,5,1,.
45,81.5,179.6,17.8844,0.96,27,16,46,4.6,1.3,0,1,0,0,1,112.015335648148,25.266491733672,0,82,.,191.97,.,.,0,2,5,0,0.0466473049201584
45,81.5,179.6,17.8844,0.96,27,16,46,4.6,1.3,0,1,0,0,1,112.015335648148,25.266491733672,0,82,80,192,.,.,1,1,5,1,.
45,81.5,179.6,17.8844,0.96,27,16,46,4.6,1.3,0,1,0,0,1,112.015335648148,25.266491733672,0,82,80,216,.,.,1,1,5,1,.
45,81.5,179.6,17.8844,0.96,27,16,46,4.6,1.3,0,1,0,0,1,112.015335648148,25.266491733672,0,82,80,240,.,.,1,1,5,1,.
45,81.5,179.6,17.8844,0.96,27,16,46,4.6,1.3,0,1,0,0,1,112.015335648148,25.266491733672,0,82,.,263.97,.,.,0,2,5,0,0.11774063757602
45,81.5,179.6,17.8844,0.96,27,16,46,4.6,1.3,0,1,0,0,1,112.015335648148,25.266491733672,0,82,80,264,.,.,1,1,5,1,.
45,81.5,179.6,17.8844,0.96,27,16,46,4.6,1.3,0,1,0,0,1,112.015335648148,25.266491733672,0,82,80,288,.,.,1,1,5,1,.
45,81.5,179.6,17.8844,0.96,27,16,46,4.6,1.3,0,1,0,0,1,112.015335648148,25.266491733672,0,82,80,312,.,.,1,1,5,1,.
45,81.5,179.6,17.8844,0.96,27,16,46,4.6,1.3,0,1,0,0,1,112.015335648148,25.266491733672,0,82,.,335.97,.,.,0,2,5,0,0.0463899141290543
45,81.5,179.6,17.8844,0.96,27,16,46,4.6,1.3,0,1,0,0,1,112.015335648148,25.266491733672,0,82,80,336,.,.,1,1,5,1,.
45,81.5,179.6,17.8844,0.96,27,16,46,4.6,1.3,0,1,0,0,1,112.015335648148,25.266491733672,0,82,80,360,.,.,1,1,5,1,.
45,81.5,179.6,17.8844,0.96,27,16,46,4.6,1.3,0,1,0,0,1,112.015335648148,25.266491733672,0,82,80,384,.,.,1,1,5,1,.
45,81.5,179.6,17.8844,0.96,27,16,46,4.6,1.3,0,1,0,0,1,112.015335648148,25.266491733672,0,82,.,407.97,.,.,0,2,5,0,0.0768321856244513
45,81.5,179.6,17.8844,0.96,27,16,46,4.6,1.3,0,1,0,0,1,112.015335648148,25.266491733672,0,82,80,408,.,.,1,1,5,1,.
45,81.5,179.6,17.8844,0.96,27,16,46,4.6,1.3,0,1,0,0,1,112.015335648148,25.266491733672,0,82,80,432,.,.,1,1,5,1,.
45,81.5,179.6,17.8844,0.96,27,16,46,4.6,1.3,0,1,0,0,1,112.015335648148,25.266491733672,0,82,80,456,.,.,1,1,5,1,.
45,81.5,179.6,17.8844,0.96,27,16,46,4.6,1.3,0,1,0,0,1,112.015335648148,25.266491733672,0,82,.,479.97,.,.,0,2,5,0,0.129425343709267
45,81.5,179.6,17.8844,0.96,27,16,46,4.6,1.3,0,1,0,0,1,112.015335648148,25.266491733672,0,82,80,480,.,.,1,1,5,1,.
45,81.5,179.6,17.8844,0.96,27,16,46,4.6,1.3,0,1,0,0,1,112.015335648148,25.266491733672,0,82,.,481,.,.,0,2,5,0,0.21610624469598
45,81.5,179.6,17.8844,0.96,27,16,46,4.6,1.3,0,1,0,0,1,112.015335648148,25.266491733672,0,82,.,482,.,.,0,2,5,0,0.292792222250044
45,81.5,179.6,17.8844,0.96,27,16,46,4.6,1.3,0,1,0,0,1,112.015335648148,25.266491733672,0,82,.,483,.,.,0,2,5,0,0.0736282254345843
45,81.5,179.6,17.8844,0.96,27,16,46,4.6,1.3,0,1,0,0,1,112.015335648148,25.266491733672,0,82,.,484.02,.,.,0,2,5,0,0.257862733053815
45,81.5,179.6,17.8844,0.96,27,16,46,4.6,1.3,0,1,0,0,1,112.015335648148,25.266491733672,0,82,.,485,.,.,0,2,5,0,0.0273544746744016
45,81.5,179.6,17.8844,0.96,27,16,46,4.6,1.3,0,1,0,0,1,112.015335648148,25.266491733672,0,82,.,486.02,.,.,0,2,5,0,0.179965975463724
45,81.5,179.6,17.8844,0.96,27,16,46,4.6,1.3,0,1,0,0,1,112.015335648148,25.266491733672,0,82,.,487,.,.,0,2,5,0,0.162420158403619
45,81.5,179.6,17.8844,0.96,27,16,46,4.6,1.3,0,1,0,0,1,112.015335648148,25.266491733672,0,82,.,488,.,.,0,2,5,0,0.0832787761893936
45,81.5,179.6,17.8844,0.96,27,16,46,4.6,1.3,0,1,0,0,1,112.015335648148,25.266491733672,0,82,.,492,.,.,0,2,5,0,0.18038341768748
45,81.5,179.6,17.8844,0.96,27,16,46,4.6,1.3,0,1,0,0,1,112.015335648148,25.266491733672,0,82,.,504,.,.,0,2,5,0,0.00152468288223985
33,64.3,169.3,12.8088,0.84,20,28,64,4.4,0.5,0,1,0,0,1,113.758267195767,22.4335010670741,0,83,190,0,.,.,1,1,5,1,.
33,64.3,169.3,12.8088,0.84,20,28,64,4.4,0.5,0,1,0,0,1,113.758267195767,22.4335010670741,0,83,190,24,.,.,1,1,5,1,.
33,64.3,169.3,12.8088,0.84,20,28,64,4.4,0.5,0,1,0,0,1,113.758267195767,22.4335010670741,0,83,.,47.97,.,.,0,2,5,0,0.116069941710747
33,64.3,169.3,12.8088,0.84,20,28,64,4.4,0.5,0,1,0,0,1,113.758267195767,22.4335010670741,0,83,190,48,.,.,1,1,5,1,.
33,64.3,169.3,12.8088,0.84,20,28,64,4.4,0.5,0,1,0,0,1,113.758267195767,22.4335010670741,0,83,.,71.97,.,.,0,2,5,0,0.288027862722886
33,64.3,169.3,12.8088,0.84,20,28,64,4.4,0.5,0,1,0,0,1,113.758267195767,22.4335010670741,0,83,190,72,.,.,1,1,5,1,.
33,64.3,169.3,12.8088,0.84,20,28,64,4.4,0.5,0,1,0,0,1,113.758267195767,22.4335010670741,0,83,190,96,.,.,1,1,5,1,.
33,64.3,169.3,12.8088,0.84,20,28,64,4.4,0.5,0,1,0,0,1,113.758267195767,22.4335010670741,0,83,.,119.97,.,.,0,2,5,0,0.228920859048055
33,64.3,169.3,12.8088,0.84,20,28,64,4.4,0.5,0,1,0,0,1,113.758267195767,22.4335010670741,0,83,190,120,.,.,1,1,5,1,.
33,64.3,169.3,12.8088,0.84,20,28,64,4.4,0.5,0,1,0,0,1,113.758267195767,22.4335010670741,0,83,190,144,.,.,1,1,5,1,.
33,64.3,169.3,12.8088,0.84,20,28,64,4.4,0.5,0,1,0,0,1,113.758267195767,22.4335010670741,0,83,190,168,.,.,1,1,5,1,.
33,64.3,169.3,12.8088,0.84,20,28,64,4.4,0.5,0,1,0,0,1,113.758267195767,22.4335010670741,0,83,.,191.97,.,.,0,2,5,0,0.182285094829977
33,64.3,169.3,12.8088,0.84,20,28,64,4.4,0.5,0,1,0,0,1,113.758267195767,22.4335010670741,0,83,190,192,.,.,1,1,5,1,.
33,64.3,169.3,12.8088,0.84,20,28,64,4.4,0.5,0,1,0,0,1,113.758267195767,22.4335010670741,0,83,190,216,.,.,1,1,5,1,.
33,64.3,169.3,12.8088,0.84,20,28,64,4.4,0.5,0,1,0,0,1,113.758267195767,22.4335010670741,0,83,190,240,.,.,1,1,5,1,.
33,64.3,169.3,12.8088,0.84,20,28,64,4.4,0.5,0,1,0,0,1,113.758267195767,22.4335010670741,0,83,.,263.97,.,.,0,2,5,0,0.184761271017959
33,64.3,169.3,12.8088,0.84,20,28,64,4.4,0.5,0,1,0,0,1,113.758267195767,22.4335010670741,0,83,190,264,.,.,1,1,5,1,.
33,64.3,169.3,12.8088,0.84,20,28,64,4.4,0.5,0,1,0,0,1,113.758267195767,22.4335010670741,0,83,190,288,.,.,1,1,5,1,.
33,64.3,169.3,12.8088,0.84,20,28,64,4.4,0.5,0,1,0,0,1,113.758267195767,22.4335010670741,0,83,190,312,.,.,1,1,5,1,.
33,64.3,169.3,12.8088,0.84,20,28,64,4.4,0.5,0,1,0,0,1,113.758267195767,22.4335010670741,0,83,.,335.97,.,.,0,2,5,0,0.30007478951686
33,64.3,169.3,12.8088,0.84,20,28,64,4.4,0.5,0,1,0,0,1,113.758267195767,22.4335010670741,0,83,190,336,.,.,1,1,5,1,.
33,64.3,169.3,12.8088,0.84,20,28,64,4.4,0.5,0,1,0,0,1,113.758267195767,22.4335010670741,0,83,190,360,.,.,1,1,5,1,.
33,64.3,169.3,12.8088,0.84,20,28,64,4.4,0.5,0,1,0,0,1,113.758267195767,22.4335010670741,0,83,190,384,.,.,1,1,5,1,.
33,64.3,169.3,12.8088,0.84,20,28,64,4.4,0.5,0,1,0,0,1,113.758267195767,22.4335010670741,0,83,.,407.97,.,.,0,2,5,0,0.313284252408655
33,64.3,169.3,12.8088,0.84,20,28,64,4.4,0.5,0,1,0,0,1,113.758267195767,22.4335010670741,0,83,190,408,.,.,1,1,5,1,.
33,64.3,169.3,12.8088,0.84,20,28,64,4.4,0.5,0,1,0,0,1,113.758267195767,22.4335010670741,0,83,190,432,.,.,1,1,5,1,.
33,64.3,169.3,12.8088,0.84,20,28,64,4.4,0.5,0,1,0,0,1,113.758267195767,22.4335010670741,0,83,190,456,.,.,1,1,5,1,.
33,64.3,169.3,12.8088,0.84,20,28,64,4.4,0.5,0,1,0,0,1,113.758267195767,22.4335010670741,0,83,.,479.97,.,.,0,2,5,0,0.505600299987079
33,64.3,169.3,12.8088,0.84,20,28,64,4.4,0.5,0,1,0,0,1,113.758267195767,22.4335010670741,0,83,190,480,.,.,1,1,5,1,.
33,64.3,169.3,12.8088,0.84,20,28,64,4.4,0.5,0,1,0,0,1,113.758267195767,22.4335010670741,0,83,.,481,.,.,0,2,5,0,0.653887879779612
33,64.3,169.3,12.8088,0.84,20,28,64,4.4,0.5,0,1,0,0,1,113.758267195767,22.4335010670741,0,83,.,482,.,.,0,2,5,0,0.387165022149175
33,64.3,169.3,12.8088,0.84,20,28,64,4.4,0.5,0,1,0,0,1,113.758267195767,22.4335010670741,0,83,.,483.05,.,.,0,2,5,0,0.479920531444322
33,64.3,169.3,12.8088,0.84,20,28,64,4.4,0.5,0,1,0,0,1,113.758267195767,22.4335010670741,0,83,.,484,.,.,0,2,5,0,0.611977494138434
33,64.3,169.3,12.8088,0.84,20,28,64,4.4,0.5,0,1,0,0,1,113.758267195767,22.4335010670741,0,83,.,485,.,.,0,2,5,0,0.310063358705284
33,64.3,169.3,12.8088,0.84,20,28,64,4.4,0.5,0,1,0,0,1,113.758267195767,22.4335010670741,0,83,.,486.03,.,.,0,2,5,0,0.807131979954055
33,64.3,169.3,12.8088,0.84,20,28,64,4.4,0.5,0,1,0,0,1,113.758267195767,22.4335010670741,0,83,.,487,.,.,0,2,5,0,0.117459630577744
33,64.3,169.3,12.8088,0.84,20,28,64,4.4,0.5,0,1,0,0,1,113.758267195767,22.4335010670741,0,83,.,488,.,.,0,2,5,0,0.577961295541964
33,64.3,169.3,12.8088,0.84,20,28,64,4.4,0.5,0,1,0,0,1,113.758267195767,22.4335010670741,0,83,.,492,.,.,0,2,5,0,0.318540901419252
33,64.3,169.3,12.8088,0.84,20,28,64,4.4,0.5,0,1,0,0,1,113.758267195767,22.4335010670741,0,83,.,504,.,.,0,2,5,0,0.235774381953007
22,51.8,165.9,15.243,0.65,12,24,58,4.7,1.2,1,0,0,0,2,111.015811965812,18.8207526775064,0,84,129,0,19,24,1,1,3,1,.
22,51.8,165.9,15.243,0.65,12,24,58,4.7,1.2,1,0,0,0,2,111.015811965812,18.8207526775064,0,84,129,502,.,.,1,1,3,1,.
22,51.8,165.9,15.243,0.65,12,24,58,4.7,1.2,1,0,0,0,2,111.015811965812,18.8207526775064,0,84,.,505.92,.,.,0,2,3,0,0.35926494131045
22,51.8,165.9,15.243,0.65,12,24,58,4.7,1.2,1,0,0,0,2,111.015811965812,18.8207526775064,0,84,129,526.25,.,.,1,1,3,1,.
22,51.8,165.9,15.243,0.65,12,24,58,4.7,1.2,1,0,0,0,2,111.015811965812,18.8207526775064,0,84,.,550.42,.,.,0,2,3,0,0.276868322552224
22,51.8,165.9,15.243,0.65,12,24,58,4.7,1.2,1,0,0,0,2,111.015811965812,18.8207526775064,0,84,129,671,12,24,1,1,3,1,.
22,51.8,165.9,15.243,0.65,12,24,58,4.7,1.2,1,0,0,0,2,111.015811965812,18.8207526775064,0,84,129,983.75,.,.,1,1,3,1,.
22,51.8,165.9,15.243,0.65,12,24,58,4.7,1.2,1,0,0,0,2,111.015811965812,18.8207526775064,0,84,129,1006.33,.,.,1,1,3,1,.
31,75.3,158.3,22.5053,0.68,26,23,60,4.5,0.5,1,0,0,0,2,142.494791666667,30.0492160666334,1,85,129,0,18,24,1,1,3,1,.
31,75.3,158.3,22.5053,0.68,26,23,60,4.5,0.5,1,0,0,0,2,142.494791666667,30.0492160666334,1,85,129,476.75,.,.,1,1,3,1,.
31,75.3,158.3,22.5053,0.68,26,23,60,4.5,0.5,1,0,0,0,2,142.494791666667,30.0492160666334,1,85,.,503,.,.,0,2,3,0,0.292201024789382
31,75.3,158.3,22.5053,0.68,26,23,60,4.5,0.5,1,0,0,0,2,142.494791666667,30.0492160666334,1,85,129,524.75,.,.,1,1,3,1,.
31,75.3,158.3,22.5053,0.68,26,23,60,4.5,0.5,1,0,0,0,2,142.494791666667,30.0492160666334,1,85,.,545,.,.,0,2,3,0,0.162820603123662
31,75.3,158.3,22.5053,0.68,26,23,60,4.5,0.5,1,0,0,0,2,142.494791666667,30.0492160666334,1,85,129,548.75,.,.,1,1,3,1,.
31,75.3,158.3,22.5053,0.68,26,23,60,4.5,0.5,1,0,0,0,2,142.494791666667,30.0492160666334,1,85,129,597,12,24,1,1,3,1,.
31,75.3,158.3,22.5053,0.68,26,23,60,4.5,0.5,1,0,0,0,2,142.494791666667,30.0492160666334,1,85,129,932.75,.,.,1,1,3,1,.
31,75.3,158.3,22.5053,0.68,26,23,60,4.5,0.5,1,0,0,0,2,142.494791666667,30.0492160666334,1,85,.,954.58,.,.,0,2,3,0,0.15791635774815
31,75.3,158.3,22.5053,0.68,26,23,60,4.5,0.5,1,0,0,0,2,142.494791666667,30.0492160666334,1,85,129,956.75,.,.,1,1,3,1,.
31,75.3,158.3,22.5053,0.68,26,23,60,4.5,0.5,1,0,0,0,2,142.494791666667,30.0492160666334,1,85,129,980.75,.,.,1,1,3,1,.
31,75.3,158.3,22.5053,0.68,26,23,60,4.5,0.5,1,0,0,0,2,142.494791666667,30.0492160666334,1,85,.,993.67,.,.,0,2,3,0,0.503107374166558
43,57.9,151.1,20.89,0.55,19,22,86,4.2,0.6,0,0,1,0,2,120.551893939394,25.3600225305623,0,86,129,0,18,24,1,1,3,1,.
43,57.9,151.1,20.89,0.55,19,22,86,4.2,0.6,0,0,1,0,2,120.551893939394,25.3600225305623,0,86,.,478.33,.,.,0,2,3,0,0.102448379435762
43,57.9,151.1,20.89,0.55,19,22,86,4.2,0.6,0,0,1,0,2,120.551893939394,25.3600225305623,0,86,129,478.58,18,24,1,1,3,1,.
43,57.9,151.1,20.89,0.55,19,22,86,4.2,0.6,0,0,1,0,2,120.551893939394,25.3600225305623,0,86,129,935.5,.,.,1,1,3,1,.
43,57.9,151.1,20.89,0.55,19,22,86,4.2,0.6,0,0,1,0,2,120.551893939394,25.3600225305623,0,86,.,958.58,.,.,0,2,3,0,0.200844963495723
43,57.9,151.1,20.89,0.55,19,22,86,4.2,0.6,0,0,1,0,2,120.551893939394,25.3600225305623,0,86,129,959.5,.,.,1,1,3,1,.
43,57.9,151.1,20.89,0.55,19,22,86,4.2,0.6,0,0,1,0,2,120.551893939394,25.3600225305623,0,86,129,982.33,.,.,1,1,3,1,.
43,57.9,151.1,20.89,0.55,19,22,86,4.2,0.6,0,0,1,0,2,120.551893939394,25.3600225305623,0,86,.,996.75,.,.,0,2,3,0,0.205660932944604
34,52,154.9,15.9308,0.75,14,16,55,4.2,0.4,0,0,1,0,2,86.762962962963,21.672075655549,0,87,129,0,19,24,1,1,3,1,.
34,52,154.9,15.9308,0.75,14,16,55,4.2,0.4,0,0,1,0,2,86.762962962963,21.672075655549,0,87,129,503.43,.,.,1,1,3,1,.
34,52,154.9,15.9308,0.75,14,16,55,4.2,0.4,0,0,1,0,2,86.762962962963,21.672075655549,0,87,.,505.52,.,.,0,2,3,0,0.280425295025986
34,52,154.9,15.9308,0.75,14,16,55,4.2,0.4,0,0,1,0,2,86.762962962963,21.672075655549,0,87,129,527.5,.,.,1,1,3,1,.
34,52,154.9,15.9308,0.75,14,16,55,4.2,0.4,0,0,1,0,2,86.762962962963,21.672075655549,0,87,.,551.25,.,.,0,2,3,0,0.553939757420424
34,52,154.9,15.9308,0.75,14,16,55,4.2,0.4,0,0,1,0,2,86.762962962963,21.672075655549,0,87,129,551.5,17,24,1,1,3,1,.
34,52,154.9,15.9308,0.75,14,16,55,4.2,0.4,0,0,1,0,2,86.762962962963,21.672075655549,0,87,129,984,.,.,1,1,3,1,.
34,52,154.9,15.9308,0.75,14,16,55,4.2,0.4,0,0,1,0,2,86.762962962963,21.672075655549,0,87,.,1006.92,.,.,0,2,3,0,0.198952448688205
34,52,154.9,15.9308,0.75,14,16,55,4.2,0.4,0,0,1,0,2,86.762962962963,21.672075655549,0,87,129,1008,.,.,1,1,3,1,.
34,52,154.9,15.9308,0.75,14,16,55,4.2,0.4,0,0,1,0,2,86.762962962963,21.672075655549,0,87,129,1031.5,.,.,1,1,3,1,.
34,52,154.9,15.9308,0.75,14,16,55,4.2,0.4,0,0,1,0,2,86.762962962963,21.672075655549,0,87,.,1043.92,.,.,0,2,3,0,0.565881639017957
22,104.5,156.6,50.8906,0.58,19,20,63,4.4,0.5,0,1,0,0,2,250.990181992337,42.6120840530494,1,88,129,0,14,24,1,1,3,1,.
22,104.5,156.6,50.8906,0.58,19,20,63,4.4,0.5,0,1,0,0,2,250.990181992337,42.6120840530494,1,88,129,383.87,.,.,1,1,3,1,.
22,104.5,156.6,50.8906,0.58,19,20,63,4.4,0.5,0,1,0,0,2,250.990181992337,42.6120840530494,1,88,.,386.87,.,.,0,2,3,0,0.293585301612107
22,104.5,156.6,50.8906,0.58,19,20,63,4.4,0.5,0,1,0,0,2,250.990181992337,42.6120840530494,1,88,129,407.87,.,.,1,1,3,1,.
22,104.5,156.6,50.8906,0.58,19,20,63,4.4,0.5,0,1,0,0,2,250.990181992337,42.6120840530494,1,88,.,431.37,.,.,0,2,3,0,0.0747223815509535
22,104.5,156.6,50.8906,0.58,19,20,63,4.4,0.5,0,1,0,0,2,250.990181992337,42.6120840530494,1,88,129,431.87,.,.,1,1,3,1,.
22,104.5,156.6,50.8906,0.58,19,20,63,4.4,0.5,0,1,0,0,2,250.990181992337,42.6120840530494,1,88,129,503.87,15,24,1,1,3,1,.
22,104.5,156.6,50.8906,0.58,19,20,63,4.4,0.5,0,1,0,0,2,250.990181992337,42.6120840530494,1,88,129,888.53,.,.,1,1,3,1,.
22,104.5,156.6,50.8906,0.58,19,20,63,4.4,0.5,0,1,0,0,2,250.990181992337,42.6120840530494,1,88,129,912.53,.,.,1,1,3,1,.
22,104.5,156.6,50.8906,0.58,19,20,63,4.4,0.5,0,1,0,0,2,250.990181992337,42.6120840530494,1,88,129,935.87,.,.,1,1,3,1,.
40,69.7,160.8,13.4948,0.74,25,28,95,4.4,0.9,1,0,0,0,1,130.818318318318,26.9563253384817,0,89,129,0,16,24,1,1,3,1,.
40,69.7,160.8,13.4948,0.74,25,28,95,4.4,0.9,1,0,0,0,1,130.818318318318,26.9563253384817,0,89,129,424,.,.,1,1,3,1,.
40,69.7,160.8,13.4948,0.74,25,28,95,4.4,0.9,1,0,0,0,1,130.818318318318,26.9563253384817,0,89,.,434.25,.,.,0,2,3,0,0.314300857410095
40,69.7,160.8,13.4948,0.74,25,28,95,4.4,0.9,1,0,0,0,1,130.818318318318,26.9563253384817,0,89,129,456,.,.,1,1,3,1,.
40,69.7,160.8,13.4948,0.74,25,28,95,4.4,0.9,1,0,0,0,1,130.818318318318,26.9563253384817,0,89,.,479.75,.,.,0,2,3,0,0.202874726191887
40,69.7,160.8,13.4948,0.74,25,28,95,4.4,0.9,1,0,0,0,1,130.818318318318,26.9563253384817,0,89,129,480,17,24,1,1,3,1,.
40,69.7,160.8,13.4948,0.74,25,28,95,4.4,0.9,1,0,0,0,1,130.818318318318,26.9563253384817,0,89,129,915,.,.,1,1,3,1,.
40,69.7,160.8,13.4948,0.74,25,28,95,4.4,0.9,1,0,0,0,1,130.818318318318,26.9563253384817,0,89,.,935.67,.,.,0,2,3,0,0.271367329517526
40,69.7,160.8,13.4948,0.74,25,28,95,4.4,0.9,1,0,0,0,1,130.818318318318,26.9563253384817,0,89,129,939,.,.,1,1,3,1,.
40,69.7,160.8,13.4948,0.74,25,28,95,4.4,0.9,1,0,0,0,1,130.818318318318,26.9563253384817,0,89,129,960,.,.,1,1,3,1,.
40,69.7,160.8,13.4948,0.74,25,28,95,4.4,0.9,1,0,0,0,1,130.818318318318,26.9563253384817,0,89,.,973,.,.,0,2,3,0,0.434279708567451
40,75.9,182.3,13.7437,0.92,27,25,54,4.4,0.6,0,0,1,0,1,114.583333333333,22.8385453260872,0,90,129,0,16,24,1,1,3,1,.
40,75.9,182.3,13.7437,0.92,27,25,54,4.4,0.6,0,0,1,0,1,114.583333333333,22.8385453260872,0,90,129,430.85,.,.,1,1,3,1,.
40,75.9,182.3,13.7437,0.92,27,25,54,4.4,0.6,0,0,1,0,1,114.583333333333,22.8385453260872,0,90,.,433.18,.,.,0,2,3,0,0.245666108389006
40,75.9,182.3,13.7437,0.92,27,25,54,4.4,0.6,0,0,1,0,1,114.583333333333,22.8385453260872,0,90,129,454.68,.,.,1,1,3,1,.
40,75.9,182.3,13.7437,0.92,27,25,54,4.4,0.6,0,0,1,0,1,114.583333333333,22.8385453260872,0,90,.,478.18,.,.,0,2,3,0,0.320453011324339
40,75.9,182.3,13.7437,0.92,27,25,54,4.4,0.6,0,0,1,0,1,114.583333333333,22.8385453260872,0,90,129,478.68,.,.,1,1,3,1,.
40,75.9,182.3,13.7437,0.92,27,25,54,4.4,0.6,0,0,1,0,1,114.583333333333,22.8385453260872,0,90,129,574.68,13,24,1,1,3,1,.
40,75.9,182.3,13.7437,0.92,27,25,54,4.4,0.6,0,0,1,0,1,114.583333333333,22.8385453260872,0,90,129,911.68,.,.,1,1,3,1,.
40,75.9,182.3,13.7437,0.92,27,25,54,4.4,0.6,0,0,1,0,1,114.583333333333,22.8385453260872,0,90,129,935.68,.,.,1,1,3,1,.
40,75.9,182.3,13.7437,0.92,27,25,54,4.4,0.6,0,0,1,0,1,114.583333333333,22.8385453260872,0,90,129,958.85,.,.,1,1,3,1,.
45,76.1,152.5,32.8297,0.52,20,20,109,3.9,0.3,0,1,0,0,2,164.131276709402,32.722386455254,1,91,129,0,.,.,1,1,3,1,.
45,76.1,152.5,32.8297,0.52,20,20,109,3.9,0.3,0,1,0,0,2,164.131276709402,32.722386455254,1,91,129,95.75,13,24,1,1,3,1,.
45,76.1,152.5,32.8297,0.52,20,20,109,3.9,0.3,0,1,0,0,2,164.131276709402,32.722386455254,1,91,129,431.83,.,.,1,1,3,1,.
45,76.1,152.5,32.8297,0.52,20,20,109,3.9,0.3,0,1,0,0,2,164.131276709402,32.722386455254,1,91,129,455.92,.,.,1,1,3,1,.
45,76.1,152.5,32.8297,0.52,20,20,109,3.9,0.3,0,1,0,0,2,164.131276709402,32.722386455254,1,91,129,479.92,.,.,1,1,3,1,.
45,76.1,152.5,32.8297,0.52,20,20,109,3.9,0.3,0,1,0,0,2,164.131276709402,32.722386455254,1,91,129,552.25,14,24,1,1,3,1,.
45,76.1,152.5,32.8297,0.52,20,20,109,3.9,0.3,0,1,0,0,2,164.131276709402,32.722386455254,1,91,129,912.25,.,.,1,1,3,1,.
45,76.1,152.5,32.8297,0.52,20,20,109,3.9,0.3,0,1,0,0,2,164.131276709402,32.722386455254,1,91,.,935.6,.,.,0,2,3,0,0.190417813821836
45,76.1,152.5,32.8297,0.52,20,20,109,3.9,0.3,0,1,0,0,2,164.131276709402,32.722386455254,1,91,129,936.25,.,.,1,1,3,1,.
45,76.1,152.5,32.8297,0.52,20,20,109,3.9,0.3,0,1,0,0,2,164.131276709402,32.722386455254,1,91,129,960,.,.,1,1,3,1,.
45,76.1,152.5,32.8297,0.52,20,20,109,3.9,0.3,0,1,0,0,2,164.131276709402,32.722386455254,1,91,.,973.33,.,.,0,2,3,0,0.214043549045596
31,55.6,152.2,19.2513,0.64,10,17,32,4.5,0.8,0,0,0,1,2,111.791232638889,24.0018925233241,0,92,129,0,.,.,1,1,3,1,.
31,55.6,152.2,19.2513,0.64,10,17,32,4.5,0.8,0,0,0,1,2,111.791232638889,24.0018925233241,0,92,129,97.25,18,24,1,1,3,1,.
31,55.6,152.2,19.2513,0.64,10,17,32,4.5,0.8,0,0,0,1,2,111.791232638889,24.0018925233241,0,92,129,553.25,.,.,1,1,3,1,.
31,55.6,152.2,19.2513,0.64,10,17,32,4.5,0.8,0,0,0,1,2,111.791232638889,24.0018925233241,0,92,129,600,.,.,1,1,3,1,.
31,55.6,152.2,19.2513,0.64,10,17,32,4.5,0.8,0,0,0,1,2,111.791232638889,24.0018925233241,0,92,129,624,.,.,1,1,3,1,.
31,55.6,152.2,19.2513,0.64,10,17,32,4.5,0.8,0,0,0,1,2,111.791232638889,24.0018925233241,0,92,129,672.75,8,24,1,1,3,1,.
31,55.6,152.2,19.2513,0.64,10,17,32,4.5,0.8,0,0,0,1,2,111.791232638889,24.0018925233241,0,92,129,912.17,.,.,1,1,3,1,.
31,55.6,152.2,19.2513,0.64,10,17,32,4.5,0.8,0,0,0,1,2,111.791232638889,24.0018925233241,0,92,.,936.07,.,.,0,2,3,0,0.180676986623202
31,55.6,152.2,19.2513,0.64,10,17,32,4.5,0.8,0,0,0,1,2,111.791232638889,24.0018925233241,0,92,129,936.17,.,.,1,1,3,1,.
31,55.6,152.2,19.2513,0.64,10,17,32,4.5,0.8,0,0,0,1,2,111.791232638889,24.0018925233241,0,92,129,960.25,.,.,1,1,3,1,.
31,55.6,152.2,19.2513,0.64,10,17,32,4.5,0.8,0,0,0,1,2,111.791232638889,24.0018925233241,0,92,.,973.9,.,.,0,2,3,0,0.272610666347419
22,64.5,152,26.5633,0.57,12,18,50,4.1,0.6,0,1,0,0,2,157.635233918129,27.917243767313,0,93,129,0,.,.,1,1,3,1,.
22,64.5,152,26.5633,0.57,12,18,50,4.1,0.6,0,1,0,0,2,157.635233918129,27.917243767313,0,93,129,25.25,17,24,1,1,3,1,.
22,64.5,152,26.5633,0.57,12,18,50,4.1,0.6,0,1,0,0,2,157.635233918129,27.917243767313,0,93,129,475.75,.,.,1,1,3,1,.
22,64.5,152,26.5633,0.57,12,18,50,4.1,0.6,0,1,0,0,2,157.635233918129,27.917243767313,0,93,.,478.5,.,.,0,2,3,0,0.0227705815688644
22,64.5,152,26.5633,0.57,12,18,50,4.1,0.6,0,1,0,0,2,157.635233918129,27.917243767313,0,93,129,499,.,.,1,1,3,1,.
22,64.5,152,26.5633,0.57,12,18,50,4.1,0.6,0,1,0,0,2,157.635233918129,27.917243767313,0,93,.,522.75,.,.,0,2,3,0,0.137667121946576
22,64.5,152,26.5633,0.57,12,18,50,4.1,0.6,0,1,0,0,2,157.635233918129,27.917243767313,0,93,129,523,17,24,1,1,3,1,.
22,64.5,152,26.5633,0.57,12,18,50,4.1,0.6,0,1,0,0,2,157.635233918129,27.917243767313,0,93,129,956.5,.,.,1,1,3,1,.
22,64.5,152,26.5633,0.57,12,18,50,4.1,0.6,0,1,0,0,2,157.635233918129,27.917243767313,0,93,.,979.08,.,.,0,2,3,0,0.0844781313570153
22,64.5,152,26.5633,0.57,12,18,50,4.1,0.6,0,1,0,0,2,157.635233918129,27.917243767313,0,93,129,980.5,.,.,1,1,3,1,.
22,64.5,152,26.5633,0.57,12,18,50,4.1,0.6,0,1,0,0,2,157.635233918129,27.917243767313,0,93,129,1003.17,.,.,1,1,3,1,.
22,64.5,152,26.5633,0.57,12,18,50,4.1,0.6,0,1,0,0,2,157.635233918129,27.917243767313,0,93,.,1016,.,.,0,2,3,0,0.169008470965759
42,64.4,161.5,16.8835,0.77,32,25,48,4.3,0.5,1,0,0,0,1,113.838383838384,24.6911213564781,0,94,129,0,18,24,1,1,3,1,.
42,64.4,161.5,16.8835,0.77,32,25,48,4.3,0.5,1,0,0,0,1,113.838383838384,24.6911213564781,0,94,129,479.5,.,.,1,1,3,1,.
42,64.4,161.5,16.8835,0.77,32,25,48,4.3,0.5,1,0,0,0,1,113.838383838384,24.6911213564781,0,94,.,481.95,.,.,0,2,3,0,0.312103178476059
42,64.4,161.5,16.8835,0.77,32,25,48,4.3,0.5,1,0,0,0,1,113.838383838384,24.6911213564781,0,94,129,503.5,.,.,1,1,3,1,.
42,64.4,161.5,16.8835,0.77,32,25,48,4.3,0.5,1,0,0,0,1,113.838383838384,24.6911213564781,0,94,.,527.6,.,.,0,2,3,0,0.109450166003583
42,64.4,161.5,16.8835,0.77,32,25,48,4.3,0.5,1,0,0,0,1,113.838383838384,24.6911213564781,0,94,129,938.5,.,.,1,1,3,1,.
42,64.4,161.5,16.8835,0.77,32,25,48,4.3,0.5,1,0,0,0,1,113.838383838384,24.6911213564781,0,94,.,959.57,.,.,0,2,3,0,0.0128116064374075
42,64.4,161.5,16.8835,0.77,32,25,48,4.3,0.5,1,0,0,0,1,113.838383838384,24.6911213564781,0,94,129,962.5,.,.,1,1,3,1,.
42,64.4,161.5,16.8835,0.77,32,25,48,4.3,0.5,1,0,0,0,1,113.838383838384,24.6911213564781,0,94,129,983.5,.,.,1,1,3,1,.
42,64.4,161.5,16.8835,0.77,32,25,48,4.3,0.5,1,0,0,0,1,113.838383838384,24.6911213564781,0,94,.,997,.,.,0,2,3,0,0.132266095206722
34,84.8,153.6,35.4187,0.9,15,18,49,4.7,0.3,0,1,0,0,2,117.908641975309,35.9429253472222,1,95,129,0,.,.,1,1,3,1,.
34,84.8,153.6,35.4187,0.9,15,18,49,4.7,0.3,0,1,0,0,2,117.908641975309,35.9429253472222,1,95,129,48.5,15,24,1,1,3,1,.
34,84.8,153.6,35.4187,0.9,15,18,49,4.7,0.3,0,1,0,0,2,117.908641975309,35.9429253472222,1,95,129,455.08,.,.,1,1,3,1,.
34,84.8,153.6,35.4187,0.9,15,18,49,4.7,0.3,0,1,0,0,2,117.908641975309,35.9429253472222,1,95,.,457.63,.,.,0,2,3,0,0.324386541927892
34,84.8,153.6,35.4187,0.9,15,18,49,4.7,0.3,0,1,0,0,2,117.908641975309,35.9429253472222,1,95,.,477.17,.,.,0,2,3,0,0.109812993676409
50,91.1,186.9,23.3474,1.01,26,27,50,4.4,0.8,0,1,0,0,1,112.747524752475,26.0795308318168,0,96,129,0,18,24,1,1,3,1,.
50,91.1,186.9,23.3474,1.01,26,27,50,4.4,0.8,0,1,0,0,1,112.747524752475,26.0795308318168,0,96,.,456,.,.,0,2,3,0,0.182406334783786
50,91.1,186.9,23.3474,1.01,26,27,50,4.4,0.8,0,1,0,0,1,112.747524752475,26.0795308318168,0,96,129,960.17,.,.,1,1,3,1,.
50,91.1,186.9,23.3474,1.01,26,27,50,4.4,0.8,0,1,0,0,1,112.747524752475,26.0795308318168,0,96,.,973,.,.,0,2,3,0,0.102773605882609
41,76.9,159,35.5655,0.55,11,14,46,4.1,0.4,0,0,1,0,2,163.4125,30.41810054982,1,97,129,0,17,24,1,1,3,1,.
41,76.9,159,35.5655,0.55,11,14,46,4.1,0.4,0,0,1,0,2,163.4125,30.41810054982,1,97,129,432.33,.,.,1,1,3,1,.
41,76.9,159,35.5655,0.55,11,14,46,4.1,0.4,0,0,1,0,2,163.4125,30.41810054982,1,97,.,434.5,.,.,0,2,3,0,0.378169481599722
41,76.9,159,35.5655,0.55,11,14,46,4.1,0.4,0,0,1,0,2,163.4125,30.41810054982,1,97,129,456.33,.,.,1,1,3,1,.
41,76.9,159,35.5655,0.55,11,14,46,4.1,0.4,0,0,1,0,2,163.4125,30.41810054982,1,97,.,479.17,.,.,0,2,3,0,0.128526434019273
41,76.9,159,35.5655,0.55,11,14,46,4.1,0.4,0,0,1,0,2,163.4125,30.41810054982,1,97,129,480.33,17,24,1,1,3,1,.
41,76.9,159,35.5655,0.55,11,14,46,4.1,0.4,0,0,1,0,2,163.4125,30.41810054982,1,97,129,912.5,.,.,1,1,3,1,.
41,76.9,159,35.5655,0.55,11,14,46,4.1,0.4,0,0,1,0,2,163.4125,30.41810054982,1,97,129,936.5,.,.,1,1,3,1,.
41,76.9,159,35.5655,0.55,11,14,46,4.1,0.4,0,0,1,0,2,163.4125,30.41810054982,1,97,129,960.33,.,.,1,1,3,1,.
41,76.9,159,35.5655,0.55,11,14,46,4.1,0.4,0,0,1,0,2,163.4125,30.41810054982,1,97,.,974.33,.,.,0,2,3,0,0.276833685844169
57,78.9,166.2,36.949,0.59,20,24,50,4.4,0.7,0,1,0,0,2,131.035663841808,28.5637329649372,0,98,129,0,16,24,1,1,3,1,.
57,78.9,166.2,36.949,0.59,20,24,50,4.4,0.7,0,1,0,0,2,131.035663841808,28.5637329649372,0,98,129,431,.,.,1,1,3,1,.
57,78.9,166.2,36.949,0.59,20,24,50,4.4,0.7,0,1,0,0,2,131.035663841808,28.5637329649372,0,98,.,433.42,.,.,0,2,3,0,0.196096583068967
57,78.9,166.2,36.949,0.59,20,24,50,4.4,0.7,0,1,0,0,2,131.035663841808,28.5637329649372,0,98,129,455,.,.,1,1,3,1,.
57,78.9,166.2,36.949,0.59,20,24,50,4.4,0.7,0,1,0,0,2,131.035663841808,28.5637329649372,0,98,.,478.75,.,.,0,2,3,0,0.0642190901477883
57,78.9,166.2,36.949,0.59,20,24,50,4.4,0.7,0,1,0,0,2,131.035663841808,28.5637329649372,0,98,129,479,17,24,1,1,3,1,.
57,78.9,166.2,36.949,0.59,20,24,50,4.4,0.7,0,1,0,0,2,131.035663841808,28.5637329649372,0,98,129,912,.,.,1,1,3,1,.
57,78.9,166.2,36.949,0.59,20,24,50,4.4,0.7,0,1,0,0,2,131.035663841808,28.5637329649372,0,98,.,933.75,.,.,0,2,3,0,0.0533991192457641
57,78.9,166.2,36.949,0.59,20,24,50,4.4,0.7,0,1,0,0,2,131.035663841808,28.5637329649372,0,98,129,936,.,.,1,1,3,1,.
57,78.9,166.2,36.949,0.59,20,24,50,4.4,0.7,0,1,0,0,2,131.035663841808,28.5637329649372,0,98,129,960,.,.,1,1,3,1,.
57,78.9,166.2,36.949,0.59,20,24,50,4.4,0.7,0,1,0,0,2,131.035663841808,28.5637329649372,0,98,.,973,.,.,0,2,3,0,0.0835162826649307
52,178.1,176.3,71.2336,0.84,18,15,79,3.5,0.5,0,1,0,0,1,259.140211640212,57.3006165366169,1,99,129,0,18,24,1,1,3,1,.
52,178.1,176.3,71.2336,0.84,18,15,79,3.5,0.5,0,1,0,0,1,259.140211640212,57.3006165366169,1,99,129,456,.,.,1,1,3,1,.
52,178.1,176.3,71.2336,0.84,18,15,79,3.5,0.5,0,1,0,0,1,259.140211640212,57.3006165366169,1,99,.,459,.,.,0,2,3,0,0.390146371892169
52,178.1,176.3,71.2336,0.84,18,15,79,3.5,0.5,0,1,0,0,1,259.140211640212,57.3006165366169,1,99,129,480,.,.,1,1,3,1,.
52,178.1,176.3,71.2336,0.84,18,15,79,3.5,0.5,0,1,0,0,1,259.140211640212,57.3006165366169,1,99,.,503.75,.,.,0,2,3,0,0.144108291659761
52,178.1,176.3,71.2336,0.84,18,15,79,3.5,0.5,0,1,0,0,1,259.140211640212,57.3006165366169,1,99,129,504,16,24,1,1,3,1,.
52,178.1,176.3,71.2336,0.84,18,15,79,3.5,0.5,0,1,0,0,1,259.140211640212,57.3006165366169,1,99,129,912.5,.,.,1,1,3,1,.
52,178.1,176.3,71.2336,0.84,18,15,79,3.5,0.5,0,1,0,0,1,259.140211640212,57.3006165366169,1,99,.,935.75,.,.,0,2,3,0,0.199850487057829
52,178.1,176.3,71.2336,0.84,18,15,79,3.5,0.5,0,1,0,0,1,259.140211640212,57.3006165366169,1,99,129,936.5,.,.,1,1,3,1,.
52,178.1,176.3,71.2336,0.84,18,15,79,3.5,0.5,0,1,0,0,1,259.140211640212,57.3006165366169,1,99,129,960,.,.,1,1,3,1,.
52,178.1,176.3,71.2336,0.84,18,15,79,3.5,0.5,0,1,0,0,1,259.140211640212,57.3006165366169,1,99,.,974,.,.,0,2,3,0,0.106773353594597
47,97,169.9,39.7072,0.65,19,26,78,3.7,0.5,0,1,0,0,2,163.842948717949,33.603535784821,1,100,129,0,17,24,1,1,3,1,.
47,97,169.9,39.7072,0.65,19,26,78,3.7,0.5,0,1,0,0,2,163.842948717949,33.603535784821,1,100,129,455.25,.,.,1,1,3,1,.
47,97,169.9,39.7072,0.65,19,26,78,3.7,0.5,0,1,0,0,2,163.842948717949,33.603535784821,1,100,.,457.67,.,.,0,2,3,0,0.353585104286896
47,97,169.9,39.7072,0.65,19,26,78,3.7,0.5,0,1,0,0,2,163.842948717949,33.603535784821,1,100,129,479.17,.,.,1,1,3,1,.
47,97,169.9,39.7072,0.65,19,26,78,3.7,0.5,0,1,0,0,2,163.842948717949,33.603535784821,1,100,.,502.92,.,.,0,2,3,0,0.236181167303674
47,97,169.9,39.7072,0.65,19,26,78,3.7,0.5,0,1,0,0,2,163.842948717949,33.603535784821,1,100,129,503.17,17,24,1,1,3,1,.
47,97,169.9,39.7072,0.65,19,26,78,3.7,0.5,0,1,0,0,2,163.842948717949,33.603535784821,1,100,129,936.17,.,.,1,1,3,1,.
47,97,169.9,39.7072,0.65,19,26,78,3.7,0.5,0,1,0,0,2,163.842948717949,33.603535784821,1,100,.,959,.,.,0,2,3,0,0.12664929925248
47,97,169.9,39.7072,0.65,19,26,78,3.7,0.5,0,1,0,0,2,163.842948717949,33.603535784821,1,100,129,960.17,.,.,1,1,3,1,.
47,97,169.9,39.7072,0.65,19,26,78,3.7,0.5,0,1,0,0,2,163.842948717949,33.603535784821,1,100,129,983.17,.,.,1,1,3,1,.
47,97,169.9,39.7072,0.65,19,26,78,3.7,0.5,0,1,0,0,2,163.842948717949,33.603535784821,1,100,.,996.42,.,.,0,2,3,0,0.182980562283654
58,83.9,177.7,22.9759,0.96,25,20,76,4.3,0.2,0,0,0,1,1,99.5341435185185,26.5697278012141,0,101,129,0,17,24,1,1,3,1,.
58,83.9,177.7,22.9759,0.96,25,20,76,4.3,0.2,0,0,0,1,1,99.5341435185185,26.5697278012141,0,101,129,432,.,.,1,1,3,1,.
58,83.9,177.7,22.9759,0.96,25,20,76,4.3,0.2,0,0,0,1,1,99.5341435185185,26.5697278012141,0,101,.,435.08,.,.,0,2,3,0,0.32557078317331
58,83.9,177.7,22.9759,0.96,25,20,76,4.3,0.2,0,0,0,1,1,99.5341435185185,26.5697278012141,0,101,129,456,.,.,1,1,3,1,.
58,83.9,177.7,22.9759,0.96,25,20,76,4.3,0.2,0,0,0,1,1,99.5341435185185,26.5697278012141,0,101,.,479.75,.,.,0,2,3,0,0.32046074239031
58,83.9,177.7,22.9759,0.96,25,20,76,4.3,0.2,0,0,0,1,1,99.5341435185185,26.5697278012141,0,101,129,480,17,24,1,1,3,1,.
58,83.9,177.7,22.9759,0.96,25,20,76,4.3,0.2,0,0,0,1,1,99.5341435185185,26.5697278012141,0,101,129,912,.,.,1,1,3,1,.
58,83.9,177.7,22.9759,0.96,25,20,76,4.3,0.2,0,0,0,1,1,99.5341435185185,26.5697278012141,0,101,.,936.17,.,.,0,2,3,0,0.157498783067732
58,83.9,177.7,22.9759,0.96,25,20,76,4.3,0.2,0,0,0,1,1,99.5341435185185,26.5697278012141,0,101,129,960,.,.,1,1,3,1,.
58,83.9,177.7,22.9759,0.96,25,20,76,4.3,0.2,0,0,0,1,1,99.5341435185185,26.5697278012141,0,101,.,974.83,.,.,0,2,3,0,0.108685393733249
36,74.6,164.1,20.3988,0.65,24,27,67,4.7,0.5,1,0,0,0,1,165.777777777778,27.7026723423724,0,102,129,0,15,24,1,1,3,1,.
36,74.6,164.1,20.3988,0.65,24,27,67,4.7,0.5,1,0,0,0,1,165.777777777778,27.7026723423724,0,102,129,384,.,.,1,1,3,1,.
36,74.6,164.1,20.3988,0.65,24,27,67,4.7,0.5,1,0,0,0,1,165.777777777778,27.7026723423724,0,102,.,386.58,.,.,0,2,3,0,0.548958306929813
36,74.6,164.1,20.3988,0.65,24,27,67,4.7,0.5,1,0,0,0,1,165.777777777778,27.7026723423724,0,102,129,962,.,.,1,1,3,1,.
36,74.6,164.1,20.3988,0.65,24,27,67,4.7,0.5,1,0,0,0,1,165.777777777778,27.7026723423724,0,102,.,983.5,.,.,0,2,3,0,0.0645767839310387
36,74.6,164.1,20.3988,0.65,24,27,67,4.7,0.5,1,0,0,0,1,165.777777777778,27.7026723423724,0,102,129,986,.,.,1,1,3,1,.
36,74.6,164.1,20.3988,0.65,24,27,67,4.7,0.5,1,0,0,0,1,165.777777777778,27.7026723423724,0,102,129,1008,.,.,1,1,3,1,.
36,74.6,164.1,20.3988,0.65,24,27,67,4.7,0.5,1,0,0,0,1,165.777777777778,27.7026723423724,0,102,.,1022.08,.,.,0,2,3,0,0.318119189677129
50,100.9,181.7,33.5144,0.85,21,17,52,4.1,0.6,0,1,0,0,1,148.382352941176,30.5619676455078,1,103,129,0,19,24,1,1,3,1,.
50,100.9,181.7,33.5144,0.85,21,17,52,4.1,0.6,0,1,0,0,1,148.382352941176,30.5619676455078,1,103,129,503.08,.,.,1,1,3,1,.
50,100.9,181.7,33.5144,0.85,21,17,52,4.1,0.6,0,1,0,0,1,148.382352941176,30.5619676455078,1,103,.,505.67,.,.,0,2,3,0,0.348609950616733
50,100.9,181.7,33.5144,0.85,21,17,52,4.1,0.6,0,1,0,0,1,148.382352941176,30.5619676455078,1,103,129,527.33,.,.,1,1,3,1,.
50,100.9,181.7,33.5144,0.85,21,17,52,4.1,0.6,0,1,0,0,1,148.382352941176,30.5619676455078,1,103,.,550.5,.,.,0,2,3,0,0.113354476529699
50,100.9,181.7,33.5144,0.85,21,17,52,4.1,0.6,0,1,0,0,1,148.382352941176,30.5619676455078,1,103,129,551.33,16,24,1,1,3,1,.
50,100.9,181.7,33.5144,0.85,21,17,52,4.1,0.6,0,1,0,0,1,148.382352941176,30.5619676455078,1,103,129,982.5,.,.,1,1,3,1,.
50,100.9,181.7,33.5144,0.85,21,17,52,4.1,0.6,0,1,0,0,1,148.382352941176,30.5619676455078,1,103,.,1006.33,.,.,0,2,3,0,0.283264413413312
50,100.9,181.7,33.5144,0.85,21,17,52,4.1,0.6,0,1,0,0,1,148.382352941176,30.5619676455078,1,103,129,1006.5,.,.,1,1,3,1,.
50,100.9,181.7,33.5144,0.85,21,17,52,4.1,0.6,0,1,0,0,1,148.382352941176,30.5619676455078,1,103,129,1031,.,.,1,1,3,1,.
50,100.9,181.7,33.5144,0.85,21,17,52,4.1,0.6,0,1,0,0,1,148.382352941176,30.5619676455078,1,103,.,1044.8,.,.,0,2,3,0,0.226595964503535
31,80.2,180.2,19.9684,1.21,26,26,74,4.4,0.4,0,1,0,0,1,100.342056932966,24.6981711035094,0,104,129,0,20,24,1,1,3,1,.
31,80.2,180.2,19.9684,1.21,26,26,74,4.4,0.4,0,1,0,0,1,100.342056932966,24.6981711035094,0,104,129,504.25,.,.,1,1,3,1,.
31,80.2,180.2,19.9684,1.21,26,26,74,4.4,0.4,0,1,0,0,1,100.342056932966,24.6981711035094,0,104,.,506.67,.,.,0,2,3,0,0.643359169852568
31,80.2,180.2,19.9684,1.21,26,26,74,4.4,0.4,0,1,0,0,1,100.342056932966,24.6981711035094,0,104,129,528.17,.,.,1,1,3,1,.
31,80.2,180.2,19.9684,1.21,26,26,74,4.4,0.4,0,1,0,0,1,100.342056932966,24.6981711035094,0,104,.,551.58,.,.,0,2,3,0,0.264758512615051
31,80.2,180.2,19.9684,1.21,26,26,74,4.4,0.4,0,1,0,0,1,100.342056932966,24.6981711035094,0,104,129,552.17,16,24,1,1,3,1,.
31,80.2,180.2,19.9684,1.21,26,26,74,4.4,0.4,0,1,0,0,1,100.342056932966,24.6981711035094,0,104,129,984,.,.,1,1,3,1,.
31,80.2,180.2,19.9684,1.21,26,26,74,4.4,0.4,0,1,0,0,1,100.342056932966,24.6981711035094,0,104,.,1007.67,.,.,0,2,3,0,0.277058489447594
31,80.2,180.2,19.9684,1.21,26,26,74,4.4,0.4,0,1,0,0,1,100.342056932966,24.6981711035094,0,104,129,1008,.,.,1,1,3,1,.
31,80.2,180.2,19.9684,1.21,26,26,74,4.4,0.4,0,1,0,0,1,100.342056932966,24.6981711035094,0,104,129,1032.17,.,.,1,1,3,1,.
31,80.2,180.2,19.9684,1.21,26,26,74,4.4,0.4,0,1,0,0,1,100.342056932966,24.6981711035094,0,104,.,1045.62,.,.,0,2,3,0,0.658543601747721
21,70.1,183.4,16.1277,0.82,31,25,93,4.5,0.3,0,1,0,0,1,141.292344173442,20.8410384723786,0,105,129,0,19,24,1,1,3,1,.
21,70.1,183.4,16.1277,0.82,31,25,93,4.5,0.3,0,1,0,0,1,141.292344173442,20.8410384723786,0,105,129,503.83,.,.,1,1,3,1,.
21,70.1,183.4,16.1277,0.82,31,25,93,4.5,0.3,0,1,0,0,1,141.292344173442,20.8410384723786,0,105,.,506.33,.,.,0,2,3,0,0.563444873024206
21,70.1,183.4,16.1277,0.82,31,25,93,4.5,0.3,0,1,0,0,1,141.292344173442,20.8410384723786,0,105,129,527.92,.,.,1,1,3,1,.
21,70.1,183.4,16.1277,0.82,31,25,93,4.5,0.3,0,1,0,0,1,141.292344173442,20.8410384723786,0,105,.,551.33,.,.,0,2,3,0,-0.0251519886334973
21,70.1,183.4,16.1277,0.82,31,25,93,4.5,0.3,0,1,0,0,1,141.292344173442,20.8410384723786,0,105,129,551.92,16,24,1,1,3,1,.
21,70.1,183.4,16.1277,0.82,31,25,93,4.5,0.3,0,1,0,0,1,141.292344173442,20.8410384723786,0,105,129,983.83,.,.,1,1,3,1,.
21,70.1,183.4,16.1277,0.82,31,25,93,4.5,0.3,0,1,0,0,1,141.292344173442,20.8410384723786,0,105,.,1007.33,.,.,0,2,3,0,0.305116878959906
21,70.1,183.4,16.1277,0.82,31,25,93,4.5,0.3,0,1,0,0,1,141.292344173442,20.8410384723786,0,105,129,1007.83,.,.,1,1,3,1,.
21,70.1,183.4,16.1277,0.82,31,25,93,4.5,0.3,0,1,0,0,1,141.292344173442,20.8410384723786,0,105,129,1031.83,.,.,1,1,3,1,.
21,70.1,183.4,16.1277,0.82,31,25,93,4.5,0.3,0,1,0,0,1,141.292344173442,20.8410384723786,0,105,.,1045.5,.,.,0,2,3,0,0.160815028539278
41,74.8,169,16.6808,1.23,19,20,47,4.2,1,0,0,1,0,1,83.6178861788618,26.189559189104,0,106,129,0,17,24,1,1,3,1,.
41,74.8,169,16.6808,1.23,19,20,47,4.2,1,0,0,1,0,1,83.6178861788618,26.189559189104,0,106,129,455.7,.,.,1,1,3,1,.
41,74.8,169,16.6808,1.23,19,20,47,4.2,1,0,0,1,0,1,83.6178861788618,26.189559189104,0,106,.,458.2,.,.,0,2,3,0,0.271907736383886
41,74.8,169,16.6808,1.23,19,20,47,4.2,1,0,0,1,0,1,83.6178861788618,26.189559189104,0,106,129,479.7,.,.,1,1,3,1,.
41,74.8,169,16.6808,1.23,19,20,47,4.2,1,0,0,1,0,1,83.6178861788618,26.189559189104,0,106,.,503.2,.,.,0,2,3,0,0.166443819179407
41,74.8,169,16.6808,1.23,19,20,47,4.2,1,0,0,1,0,1,83.6178861788618,26.189559189104,0,106,129,503.7,16,24,1,1,3,1,.
41,74.8,169,16.6808,1.23,19,20,47,4.2,1,0,0,1,0,1,83.6178861788618,26.189559189104,0,106,129,935.37,.,.,1,1,3,1,.
41,74.8,169,16.6808,1.23,19,20,47,4.2,1,0,0,1,0,1,83.6178861788618,26.189559189104,0,106,.,959.28,.,.,0,2,3,0,0.166400312712254
41,74.8,169,16.6808,1.23,19,20,47,4.2,1,0,0,1,0,1,83.6178861788618,26.189559189104,0,106,129,959.37,.,.,1,1,3,1,.
41,74.8,169,16.6808,1.23,19,20,47,4.2,1,0,0,1,0,1,83.6178861788618,26.189559189104,0,106,129,983.7,.,.,1,1,3,1,.
41,74.8,169,16.6808,1.23,19,20,47,4.2,1,0,0,1,0,1,83.6178861788618,26.189559189104,0,106,.,997.33,.,.,0,2,3,0,0.296950758489677
26,51.9,166.5,20.0853,0.51,16,18,50,4.4,0.2,1,0,0,0,2,136.958333333333,18.7214241268295,0,107,129,0,17,24,1,1,3,1,.
26,51.9,166.5,20.0853,0.51,16,18,50,4.4,0.2,1,0,0,0,2,136.958333333333,18.7214241268295,0,107,129,454.67,.,.,1,1,3,1,.
26,51.9,166.5,20.0853,0.51,16,18,50,4.4,0.2,1,0,0,0,2,136.958333333333,18.7214241268295,0,107,.,457.17,.,.,0,2,3,0,0.341295947884645
26,51.9,166.5,20.0853,0.51,16,18,50,4.4,0.2,1,0,0,0,2,136.958333333333,18.7214241268295,0,107,129,478.67,.,.,1,1,3,1,.
26,51.9,166.5,20.0853,0.51,16,18,50,4.4,0.2,1,0,0,0,2,136.958333333333,18.7214241268295,0,107,.,502.05,.,.,0,2,3,0,0.29801975666326
26,51.9,166.5,20.0853,0.51,16,18,50,4.4,0.2,1,0,0,0,2,136.958333333333,18.7214241268295,0,107,129,502.67,16,24,1,1,3,1,.
26,51.9,166.5,20.0853,0.51,16,18,50,4.4,0.2,1,0,0,0,2,136.958333333333,18.7214241268295,0,107,129,934.17,.,.,1,1,3,1,.
26,51.9,166.5,20.0853,0.51,16,18,50,4.4,0.2,1,0,0,0,2,136.958333333333,18.7214241268295,0,107,.,958,.,.,0,2,3,0,0.474217279725159
26,51.9,166.5,20.0853,0.51,16,18,50,4.4,0.2,1,0,0,0,2,136.958333333333,18.7214241268295,0,107,129,958.17,.,.,1,1,3,1,.
26,51.9,166.5,20.0853,0.51,16,18,50,4.4,0.2,1,0,0,0,2,136.958333333333,18.7214241268295,0,107,129,982.67,.,.,1,1,3,1,.
26,51.9,166.5,20.0853,0.51,16,18,50,4.4,0.2,1,0,0,0,2,136.958333333333,18.7214241268295,0,107,.,996.42,.,.,0,2,3,0,0.494835088451928
19,54.2,165.4,18.0472,0.71,11,21,76,4.3,0.4,0,0,1,0,2,109.046752738654,19.8119980290352,0,108,129,0,17,24,1,1,3,1,.
19,54.2,165.4,18.0472,0.71,11,21,76,4.3,0.4,0,0,1,0,2,109.046752738654,19.8119980290352,0,108,129,454.33,.,.,1,1,3,1,.
19,54.2,165.4,18.0472,0.71,11,21,76,4.3,0.4,0,0,1,0,2,109.046752738654,19.8119980290352,0,108,.,456.75,.,.,0,2,3,0,0.12101227534846
19,54.2,165.4,18.0472,0.71,11,21,76,4.3,0.4,0,0,1,0,2,109.046752738654,19.8119980290352,0,108,129,478.33,.,.,1,1,3,1,.
19,54.2,165.4,18.0472,0.71,11,21,76,4.3,0.4,0,0,1,0,2,109.046752738654,19.8119980290352,0,108,.,501.83,.,.,0,2,3,0,0.369673086910855
19,54.2,165.4,18.0472,0.71,11,21,76,4.3,0.4,0,0,1,0,2,109.046752738654,19.8119980290352,0,108,129,502.33,17,24,1,1,3,1,.
19,54.2,165.4,18.0472,0.71,11,21,76,4.3,0.4,0,0,1,0,2,109.046752738654,19.8119980290352,0,108,129,935.67,.,.,1,1,3,1,.
19,54.2,165.4,18.0472,0.71,11,21,76,4.3,0.4,0,0,1,0,2,109.046752738654,19.8119980290352,0,108,.,957.58,.,.,0,2,3,0,0.430676754184092
19,54.2,165.4,18.0472,0.71,11,21,76,4.3,0.4,0,0,1,0,2,109.046752738654,19.8119980290352,0,108,129,959.67,.,.,1,1,3,1,.
19,54.2,165.4,18.0472,0.71,11,21,76,4.3,0.4,0,0,1,0,2,109.046752738654,19.8119980290352,0,108,129,982.33,.,.,1,1,3,1,.
19,54.2,165.4,18.0472,0.71,11,21,76,4.3,0.4,0,0,1,0,2,109.046752738654,19.8119980290352,0,108,.,996,.,.,0,2,3,0,0.584299661462492
27,138,170,63.3093,0.87,14,18,56,4,0.5,0,0,1,0,2,211.604406130268,47.7508650519031,1,109,129,0,19,24,1,1,3,1,.
27,138,170,63.3093,0.87,14,18,56,4,0.5,0,0,1,0,2,211.604406130268,47.7508650519031,1,109,129,480,.,.,1,1,3,1,.
27,138,170,63.3093,0.87,14,18,56,4,0.5,0,0,1,0,2,211.604406130268,47.7508650519031,1,109,.,482.53,.,.,0,2,3,0,0.548464115603755
27,138,170,63.3093,0.87,14,18,56,4,0.5,0,0,1,0,2,211.604406130268,47.7508650519031,1,109,129,504,.,.,1,1,3,1,.
27,138,170,63.3093,0.87,14,18,56,4,0.5,0,0,1,0,2,211.604406130268,47.7508650519031,1,109,.,527.25,.,.,0,2,3,0,0.291063225827143
27,138,170,63.3093,0.87,14,18,56,4,0.5,0,0,1,0,2,211.604406130268,47.7508650519031,1,109,129,528,16,24,1,1,3,1,.
27,138,170,63.3093,0.87,14,18,56,4,0.5,0,0,1,0,2,211.604406130268,47.7508650519031,1,109,129,936,.,.,1,1,3,1,.
27,138,170,63.3093,0.87,14,18,56,4,0.5,0,0,1,0,2,211.604406130268,47.7508650519031,1,109,.,958.8,.,.,0,2,3,0,0.15361193622589
27,138,170,63.3093,0.87,14,18,56,4,0.5,0,0,1,0,2,211.604406130268,47.7508650519031,1,109,129,960,.,.,1,1,3,1,.
27,138,170,63.3093,0.87,14,18,56,4,0.5,0,0,1,0,2,211.604406130268,47.7508650519031,1,109,129,984,.,.,1,1,3,1,.
27,138,170,63.3093,0.87,14,18,56,4,0.5,0,0,1,0,2,211.604406130268,47.7508650519031,1,109,.,998.5,.,.,0,2,3,0,0.237258414186182
46,82.3,172.3,23.4151,0.98,30,34,62,4.3,0.8,1,0,0,0,1,109.640022675737,27.7223013619633,0,110,129,0,17,24,1,1,3,1,.
46,82.3,172.3,23.4151,0.98,30,34,62,4.3,0.8,1,0,0,0,1,109.640022675737,27.7223013619633,0,110,129,453.5,.,.,1,1,3,1,.
46,82.3,172.3,23.4151,0.98,30,34,62,4.3,0.8,1,0,0,0,1,109.640022675737,27.7223013619633,0,110,.,455.7,.,.,0,2,3,0,0.493942294932327
46,82.3,172.3,23.4151,0.98,30,34,62,4.3,0.8,1,0,0,0,1,109.640022675737,27.7223013619633,0,110,129,477.5,.,.,1,1,3,1,.
46,82.3,172.3,23.4151,0.98,30,34,62,4.3,0.8,1,0,0,0,1,109.640022675737,27.7223013619633,0,110,.,500.92,.,.,0,2,3,0,0.0860476943140678
46,82.3,172.3,23.4151,0.98,30,34,62,4.3,0.8,1,0,0,0,1,109.640022675737,27.7223013619633,0,110,129,501.5,17,24,1,1,3,1,.
46,82.3,172.3,23.4151,0.98,30,34,62,4.3,0.8,1,0,0,0,1,109.640022675737,27.7223013619633,0,110,129,936.5,.,.,1,1,3,1,.
46,82.3,172.3,23.4151,0.98,30,34,62,4.3,0.8,1,0,0,0,1,109.640022675737,27.7223013619633,0,110,.,957.2,.,.,0,2,3,0,0.172073764155587
46,82.3,172.3,23.4151,0.98,30,34,62,4.3,0.8,1,0,0,0,1,109.640022675737,27.7223013619633,0,110,129,960.5,.,.,1,1,3,1,.
46,82.3,172.3,23.4151,0.98,30,34,62,4.3,0.8,1,0,0,0,1,109.640022675737,27.7223013619633,0,110,129,981.5,.,.,1,1,3,1,.
46,82.3,172.3,23.4151,0.98,30,34,62,4.3,0.8,1,0,0,0,1,109.640022675737,27.7223013619633,0,110,.,996.4,.,.,0,2,3,0,0.15398606554828
54,81.1,169.1,25.8361,0.66,19,23,70,4.3,0.7,0,0,0,1,1,146.771885521886,28.3617901290479,0,111,129,0,18,24,1,1,3,1,.
54,81.1,169.1,25.8361,0.66,19,23,70,4.3,0.7,0,0,0,1,1,146.771885521886,28.3617901290479,0,111,129,456.92,.,.,1,1,3,1,.
54,81.1,169.1,25.8361,0.66,19,23,70,4.3,0.7,0,0,0,1,1,146.771885521886,28.3617901290479,0,111,.,459.23,.,.,0,2,3,0,0.0343460134081428
54,81.1,169.1,25.8361,0.66,19,23,70,4.3,0.7,0,0,0,1,1,146.771885521886,28.3617901290479,0,111,129,481,.,.,1,1,3,1,.
54,81.1,169.1,25.8361,0.66,19,23,70,4.3,0.7,0,0,0,1,1,146.771885521886,28.3617901290479,0,111,.,504.32,.,.,0,2,3,0,0.103836649335989
54,81.1,169.1,25.8361,0.66,19,23,70,4.3,0.7,0,0,0,1,1,146.771885521886,28.3617901290479,0,111,129,505,17,24,1,1,3,1,.
54,81.1,169.1,25.8361,0.66,19,23,70,4.3,0.7,0,0,0,1,1,146.771885521886,28.3617901290479,0,111,129,937,.,.,1,1,3,1,.
54,81.1,169.1,25.8361,0.66,19,23,70,4.3,0.7,0,0,0,1,1,146.771885521886,28.3617901290479,0,111,.,960.48,.,.,0,2,3,0,0.212775900628485
54,81.1,169.1,25.8361,0.66,19,23,70,4.3,0.7,0,0,0,1,1,146.771885521886,28.3617901290479,0,111,129,961,.,.,1,1,3,1,.
54,81.1,169.1,25.8361,0.66,19,23,70,4.3,0.7,0,0,0,1,1,146.771885521886,28.3617901290479,0,111,129,985,.,.,1,1,3,1,.
54,81.1,169.1,25.8361,0.66,19,23,70,4.3,0.7,0,0,0,1,1,146.771885521886,28.3617901290479,0,111,.,997.6,.,.,0,2,3,0,0.381680881424911
53,134.5,165.6,62.5292,0.56,17,19,88,3.8,0.3,0,0,1,0,2,246.683407738095,49.0457770309692,1,112,129,0,18,24,1,1,3,1,.
53,134.5,165.6,62.5292,0.56,17,19,88,3.8,0.3,0,0,1,0,2,246.683407738095,49.0457770309692,1,112,129,456,.,.,1,1,3,1,.
53,134.5,165.6,62.5292,0.56,17,19,88,3.8,0.3,0,0,1,0,2,246.683407738095,49.0457770309692,1,112,.,458.07,.,.,0,2,3,0,0.0741779524020678
53,134.5,165.6,62.5292,0.56,17,19,88,3.8,0.3,0,0,1,0,2,246.683407738095,49.0457770309692,1,112,129,480,.,.,1,1,3,1,.
53,134.5,165.6,62.5292,0.56,17,19,88,3.8,0.3,0,0,1,0,2,246.683407738095,49.0457770309692,1,112,.,503.6,.,.,0,2,3,0,0.0737440257335011
53,134.5,165.6,62.5292,0.56,17,19,88,3.8,0.3,0,0,1,0,2,246.683407738095,49.0457770309692,1,112,129,504,16,24,1,1,3,1,.
53,134.5,165.6,62.5292,0.56,17,19,88,3.8,0.3,0,0,1,0,2,246.683407738095,49.0457770309692,1,112,129,912,.,.,1,1,3,1,.
53,134.5,165.6,62.5292,0.56,17,19,88,3.8,0.3,0,0,1,0,2,246.683407738095,49.0457770309692,1,112,.,935.95,.,.,0,2,3,0,0.27090376198826
53,134.5,165.6,62.5292,0.56,17,19,88,3.8,0.3,0,0,1,0,2,246.683407738095,49.0457770309692,1,112,129,936,.,.,1,1,3,1,.
53,134.5,165.6,62.5292,0.56,17,19,88,3.8,0.3,0,0,1,0,2,246.683407738095,49.0457770309692,1,112,129,960,.,.,1,1,3,1,.
53,134.5,165.6,62.5292,0.56,17,19,88,3.8,0.3,0,0,1,0,2,246.683407738095,49.0457770309692,1,112,.,973.75,.,.,0,2,3,0,0.244563921158339
36,69.8,152.9,25.6209,0.53,14,20,72,4,0.4,1,0,0,0,2,161.696016771488,29.8566070147628,0,113,129,0,17,24,1,1,3,1,.
36,69.8,152.9,25.6209,0.53,14,20,72,4,0.4,1,0,0,0,2,161.696016771488,29.8566070147628,0,113,129,455.5,.,.,1,1,3,1,.
36,69.8,152.9,25.6209,0.53,14,20,72,4,0.4,1,0,0,0,2,161.696016771488,29.8566070147628,0,113,.,457.72,.,.,0,2,3,0,0.225130726341295
36,69.8,152.9,25.6209,0.53,14,20,72,4,0.4,1,0,0,0,2,161.696016771488,29.8566070147628,0,113,129,479.5,.,.,1,1,3,1,.
36,69.8,152.9,25.6209,0.53,14,20,72,4,0.4,1,0,0,0,2,161.696016771488,29.8566070147628,0,113,.,502.85,.,.,0,2,3,0,0.094444631743703
36,69.8,152.9,25.6209,0.53,14,20,72,4,0.4,1,0,0,0,2,161.696016771488,29.8566070147628,0,113,129,503.5,.,.,1,1,3,1,.
36,69.8,152.9,25.6209,0.53,14,20,72,4,0.4,1,0,0,0,2,161.696016771488,29.8566070147628,0,113,129,551.5,16,24,1,1,3,1,.
36,69.8,152.9,25.6209,0.53,14,20,72,4,0.4,1,0,0,0,2,161.696016771488,29.8566070147628,0,113,129,959.5,1,24,1,1,3,1,.
36,69.8,152.9,25.6209,0.53,14,20,72,4,0.4,1,0,0,0,2,161.696016771488,29.8566070147628,0,113,.,1007.83,.,.,0,2,3,0,0.243726102632993
36,69.8,152.9,25.6209,0.53,14,20,72,4,0.4,1,0,0,0,2,161.696016771488,29.8566070147628,0,113,129,1033.03,.,.,1,1,3,1,.
36,69.8,152.9,25.6209,0.53,14,20,72,4,0.4,1,0,0,0,2,161.696016771488,29.8566070147628,0,113,.,1045.13,.,.,0,2,3,0,0.208359553348681
43,130.9,174.5,60.9415,0.7,30,24,28,4.5,0.5,0,1,0,0,2,214.140972222222,42.9881528066272,1,114,129,0,18,24,1,1,3,1,.
43,130.9,174.5,60.9415,0.7,30,24,28,4.5,0.5,0,1,0,0,2,214.140972222222,42.9881528066272,1,114,129,478.5,.,.,1,1,3,1,.
43,130.9,174.5,60.9415,0.7,30,24,28,4.5,0.5,0,1,0,0,2,214.140972222222,42.9881528066272,1,114,.,480.68,.,.,0,2,3,0,0.342713270106181
43,130.9,174.5,60.9415,0.7,30,24,28,4.5,0.5,0,1,0,0,2,214.140972222222,42.9881528066272,1,114,129,502.5,.,.,1,1,3,1,.
43,130.9,174.5,60.9415,0.7,30,24,28,4.5,0.5,0,1,0,0,2,214.140972222222,42.9881528066272,1,114,.,525.9,.,.,0,2,3,0,0.0768506563180504
43,130.9,174.5,60.9415,0.7,30,24,28,4.5,0.5,0,1,0,0,2,214.140972222222,42.9881528066272,1,114,129,526.5,17,24,1,1,3,1,.
43,130.9,174.5,60.9415,0.7,30,24,28,4.5,0.5,0,1,0,0,2,214.140972222222,42.9881528066272,1,114,129,958.5,.,.,1,1,3,1,.
43,130.9,174.5,60.9415,0.7,30,24,28,4.5,0.5,0,1,0,0,2,214.140972222222,42.9881528066272,1,114,.,981.98,.,.,0,2,3,0,0.0393428431926453
43,130.9,174.5,60.9415,0.7,30,24,28,4.5,0.5,0,1,0,0,2,214.140972222222,42.9881528066272,1,114,129,982.5,.,.,1,1,3,1,.
43,130.9,174.5,60.9415,0.7,30,24,28,4.5,0.5,0,1,0,0,2,214.140972222222,42.9881528066272,1,114,129,1006.5,.,.,1,1,3,1,.
43,130.9,174.5,60.9415,0.7,30,24,28,4.5,0.5,0,1,0,0,2,214.140972222222,42.9881528066272,1,114,.,1020.15,.,.,0,2,3,0,0.143514125139307
48,94.4,171.7,25.1723,0.77,20,27,55,4.9,1.1,1,0,0,0,1,156.652236652237,32.0207429287243,1,115,129,0,18,24,1,1,3,1,.
48,94.4,171.7,25.1723,0.77,20,27,55,4.9,1.1,1,0,0,0,1,156.652236652237,32.0207429287243,1,115,129,456,.,.,1,1,3,1,.
48,94.4,171.7,25.1723,0.77,20,27,55,4.9,1.1,1,0,0,0,1,156.652236652237,32.0207429287243,1,115,.,458.25,.,.,0,2,3,0,0.344104215406438
48,94.4,171.7,25.1723,0.77,20,27,55,4.9,1.1,1,0,0,0,1,156.652236652237,32.0207429287243,1,115,129,480,.,.,1,1,3,1,.
48,94.4,171.7,25.1723,0.77,20,27,55,4.9,1.1,1,0,0,0,1,156.652236652237,32.0207429287243,1,115,.,503.05,.,.,0,2,3,0,0.127678957483297
48,94.4,171.7,25.1723,0.77,20,27,55,4.9,1.1,1,0,0,0,1,156.652236652237,32.0207429287243,1,115,129,504,17,24,1,1,3,1,.
48,94.4,171.7,25.1723,0.77,20,27,55,4.9,1.1,1,0,0,0,1,156.652236652237,32.0207429287243,1,115,129,936.25,.,.,1,1,3,1,.
48,94.4,171.7,25.1723,0.77,20,27,55,4.9,1.1,1,0,0,0,1,156.652236652237,32.0207429287243,1,115,.,960.37,.,.,0,2,3,0,0.151003794261434
48,94.4,171.7,25.1723,0.77,20,27,55,4.9,1.1,1,0,0,0,1,156.652236652237,32.0207429287243,1,115,129,984,.,.,1,1,3,1,.
48,94.4,171.7,25.1723,0.77,20,27,55,4.9,1.1,1,0,0,0,1,156.652236652237,32.0207429287243,1,115,.,997.13,.,.,0,2,3,0,0.0719979451499387
19,62.9,162.4,24.5226,0.7,17,20,112,4.4,0.3,1,0,0,0,2,128.358432539683,23.8494624960567,0,116,129,0,18,24,1,1,3,1,.
19,62.9,162.4,24.5226,0.7,17,20,112,4.4,0.3,1,0,0,0,2,128.358432539683,23.8494624960567,0,116,129,457,.,.,1,1,3,1,.
19,62.9,162.4,24.5226,0.7,17,20,112,4.4,0.3,1,0,0,0,2,128.358432539683,23.8494624960567,0,116,.,482.33,.,.,0,2,3,0,0.279215751988026
19,62.9,162.4,24.5226,0.7,17,20,112,4.4,0.3,1,0,0,0,2,128.358432539683,23.8494624960567,0,116,129,504.25,.,.,1,1,3,1,.
19,62.9,162.4,24.5226,0.7,17,20,112,4.4,0.3,1,0,0,0,2,128.358432539683,23.8494624960567,0,116,.,524.5,.,.,0,2,3,0,0.307240213454356
19,62.9,162.4,24.5226,0.7,17,20,112,4.4,0.3,1,0,0,0,2,128.358432539683,23.8494624960567,0,116,129,528.25,17,24,1,1,3,1,.
19,62.9,162.4,24.5226,0.7,17,20,112,4.4,0.3,1,0,0,0,2,128.358432539683,23.8494624960567,0,116,129,960.5,.,.,1,1,3,1,.
19,62.9,162.4,24.5226,0.7,17,20,112,4.4,0.3,1,0,0,0,2,128.358432539683,23.8494624960567,0,116,.,984.45,.,.,0,2,3,0,0.314359732682958
19,62.9,162.4,24.5226,0.7,17,20,112,4.4,0.3,1,0,0,0,2,128.358432539683,23.8494624960567,0,116,129,984.5,.,.,1,1,3,1,.
19,62.9,162.4,24.5226,0.7,17,20,112,4.4,0.3,1,0,0,0,2,128.358432539683,23.8494624960567,0,116,129,1008.25,.,.,1,1,3,1,.
19,62.9,162.4,24.5226,0.7,17,20,112,4.4,0.3,1,0,0,0,2,128.358432539683,23.8494624960567,0,116,.,1020.75,.,.,0,2,3,0,0.231304146116424
24,108.9,165.8,46.8148,0.75,12,16,78,3.7,0.2,0,0,1,0,2,198.843333333333,39.6149240222862,1,117,129,0,.,.,1,1,3,1,.
24,108.9,165.8,46.8148,0.75,12,16,78,3.7,0.2,0,0,1,0,2,198.843333333333,39.6149240222862,1,117,129,50,17,24,1,1,3,1,.
24,108.9,165.8,46.8148,0.75,12,16,78,3.7,0.2,0,0,1,0,2,198.843333333333,39.6149240222862,1,117,129,504.5,.,.,1,1,3,1,.
24,108.9,165.8,46.8148,0.75,12,16,78,3.7,0.2,0,0,1,0,2,198.843333333333,39.6149240222862,1,117,129,528.5,.,.,1,1,3,1,.
24,108.9,165.8,46.8148,0.75,12,16,78,3.7,0.2,0,0,1,0,2,198.843333333333,39.6149240222862,1,117,.,531,.,.,0,2,3,0,0.157678502334387
24,108.9,165.8,46.8148,0.75,12,16,78,3.7,0.2,0,0,1,0,2,198.843333333333,39.6149240222862,1,117,.,550.75,.,.,0,2,3,0,-0.0413267864974943
24,108.9,165.8,46.8148,0.75,12,16,78,3.7,0.2,0,0,1,0,2,198.843333333333,39.6149240222862,1,117,129,552.5,17,24,1,1,3,1,.
24,108.9,165.8,46.8148,0.75,12,16,78,3.7,0.2,0,0,1,0,2,198.843333333333,39.6149240222862,1,117,129,985,.,.,1,1,3,1,.
24,108.9,165.8,46.8148,0.75,12,16,78,3.7,0.2,0,0,1,0,2,198.843333333333,39.6149240222862,1,117,.,1007.5,.,.,0,2,3,0,0.368101779184282
24,108.9,165.8,46.8148,0.75,12,16,78,3.7,0.2,0,0,1,0,2,198.843333333333,39.6149240222862,1,117,129,1009,.,.,1,1,3,1,.
24,108.9,165.8,46.8148,0.75,12,16,78,3.7,0.2,0,0,1,0,2,198.843333333333,39.6149240222862,1,117,129,1032,.,.,1,1,3,1,.
24,108.9,165.8,46.8148,0.75,12,16,78,3.7,0.2,0,0,1,0,2,198.843333333333,39.6149240222862,1,117,.,1044.92,.,.,0,2,3,0,0.433724372900108
19,58.5,161.9,9.9321,1,12,23,48,4.2,0.7,0,0,1,0,2,83.565625,22.3183543475582,0,118,129,0,18,24,1,1,3,1,.
19,58.5,161.9,9.9321,1,12,23,48,4.2,0.7,0,0,1,0,2,83.565625,22.3183543475582,0,118,129,479.25,.,.,1,1,3,1,.
19,58.5,161.9,9.9321,1,12,23,48,4.2,0.7,0,0,1,0,2,83.565625,22.3183543475582,0,118,.,482.17,.,.,0,2,3,0,0.0943349373786446
19,58.5,161.9,9.9321,1,12,23,48,4.2,0.7,0,0,1,0,2,83.565625,22.3183543475582,0,118,129,503.75,.,.,1,1,3,1,.
19,58.5,161.9,9.9321,1,12,23,48,4.2,0.7,0,0,1,0,2,83.565625,22.3183543475582,0,118,.,521.25,.,.,0,2,3,0,0.0903619237878062
54,72.4,158.7,31.7677,0.75,12,19,83,4,0.5,0,0,1,0,2,98.0081481481482,28.7464826256497,0,119,129,0,18,24,1,1,3,1,.
54,72.4,158.7,31.7677,0.75,12,19,83,4,0.5,0,0,1,0,2,98.0081481481482,28.7464826256497,0,119,129,457,.,.,1,1,3,1,.
54,72.4,158.7,31.7677,0.75,12,19,83,4,0.5,0,0,1,0,2,98.0081481481482,28.7464826256497,0,119,.,459.5,.,.,0,2,3,0,0.598447502812759
54,72.4,158.7,31.7677,0.75,12,19,83,4,0.5,0,0,1,0,2,98.0081481481482,28.7464826256497,0,119,.,502.75,.,.,0,2,3,0,0.134656826196389
54,72.4,158.7,31.7677,0.75,12,19,83,4,0.5,0,0,1,0,2,98.0081481481482,28.7464826256497,0,119,129,505,16,24,1,1,3,1,.
54,72.4,158.7,31.7677,0.75,12,19,83,4,0.5,0,0,1,0,2,98.0081481481482,28.7464826256497,0,119,129,936.5,.,.,1,1,3,1,.
54,72.4,158.7,31.7677,0.75,12,19,83,4,0.5,0,0,1,0,2,98.0081481481482,28.7464826256497,0,119,129,939.5,.,.,1,1,3,1,.
54,72.4,158.7,31.7677,0.75,12,19,83,4,0.5,0,0,1,0,2,98.0081481481482,28.7464826256497,0,119,.,962,.,.,0,2,3,0,0.222142205203774
54,72.4,158.7,31.7677,0.75,12,19,83,4,0.5,0,0,1,0,2,98.0081481481482,28.7464826256497,0,119,129,985.5,.,.,1,1,3,1,.
54,72.4,158.7,31.7677,0.75,12,19,83,4,0.5,0,0,1,0,2,98.0081481481482,28.7464826256497,0,119,.,997.75,.,.,0,2,3,0,0.193637104856728
58,110.7,172.6,49.5937,0.7,19,23,106,4.1,0.6,0,1,0,0,2,153.091071428571,37.1591728441973,1,120,129,0,.,.,1,1,3,1,.
58,110.7,172.6,49.5937,0.7,19,23,106,4.1,0.6,0,1,0,0,2,153.091071428571,37.1591728441973,1,120,129,48,16,24,1,1,3,1,.
58,110.7,172.6,49.5937,0.7,19,23,106,4.1,0.6,0,1,0,0,2,153.091071428571,37.1591728441973,1,120,129,479,.,.,1,1,3,1,.
58,110.7,172.6,49.5937,0.7,19,23,106,4.1,0.6,0,1,0,0,2,153.091071428571,37.1591728441973,1,120,.,481,.,.,0,2,3,0,0.283656344218101
58,110.7,172.6,49.5937,0.7,19,23,106,4.1,0.6,0,1,0,0,2,153.091071428571,37.1591728441973,1,120,129,624,12,24,1,1,3,1,.
58,110.7,172.6,49.5937,0.7,19,23,106,4.1,0.6,0,1,0,0,2,153.091071428571,37.1591728441973,1,120,129,959,.,.,1,1,3,1,.
58,110.7,172.6,49.5937,0.7,19,23,106,4.1,0.6,0,1,0,0,2,153.091071428571,37.1591728441973,1,120,129,1007.33,.,.,1,1,3,1,.
29,57.6,160.1,16.9657,0.83,23,29,41,4.2,0.6,0,1,0,0,2,90.9397590361446,22.471901345232,0,121,129,0,17,24,1,1,3,1,.
29,57.6,160.1,16.9657,0.83,23,29,41,4.2,0.6,0,1,0,0,2,90.9397590361446,22.471901345232,0,121,129,455,.,.,1,1,3,1,.
29,57.6,160.1,16.9657,0.83,23,29,41,4.2,0.6,0,1,0,0,2,90.9397590361446,22.471901345232,0,121,.,482.5,.,.,0,2,3,0,0.131732877900702
29,57.6,160.1,16.9657,0.83,23,29,41,4.2,0.6,0,1,0,0,2,90.9397590361446,22.471901345232,0,121,129,502.5,.,.,1,1,3,1,.
29,57.6,160.1,16.9657,0.83,23,29,41,4.2,0.6,0,1,0,0,2,90.9397590361446,22.471901345232,0,121,.,525.25,.,.,0,2,3,0,0.252769375027265
29,57.6,160.1,16.9657,0.83,23,29,41,4.2,0.6,0,1,0,0,2,90.9397590361446,22.471901345232,0,121,129,526.5,16,24,1,1,3,1,.
29,57.6,160.1,16.9657,0.83,23,29,41,4.2,0.6,0,1,0,0,2,90.9397590361446,22.471901345232,0,121,129,935,.,.,1,1,3,1,.
29,57.6,160.1,16.9657,0.83,23,29,41,4.2,0.6,0,1,0,0,2,90.9397590361446,22.471901345232,0,121,.,959,.,.,0,2,3,0,0.242184665428441
29,57.6,160.1,16.9657,0.83,23,29,41,4.2,0.6,0,1,0,0,2,90.9397590361446,22.471901345232,0,121,129,983,.,.,1,1,3,1,.
29,57.6,160.1,16.9657,0.83,23,29,41,4.2,0.6,0,1,0,0,2,90.9397590361446,22.471901345232,0,121,.,995.75,.,.,0,2,3,0,0.533366091955325
26,78.1,185.8,16.637,0.78,36,31,41,4.8,0.6,0,0,0,1,1,158.536324786325,22.6234906568749,0,122,129,0,17,24,1,1,3,1,.
26,78.1,185.8,16.637,0.78,36,31,41,4.8,0.6,0,0,0,1,1,158.536324786325,22.6234906568749,0,122,129,455.25,.,.,1,1,3,1,.
26,78.1,185.8,16.637,0.78,36,31,41,4.8,0.6,0,0,0,1,1,158.536324786325,22.6234906568749,0,122,.,482.75,.,.,0,2,3,0,0.239797314656969
26,78.1,185.8,16.637,0.78,36,31,41,4.8,0.6,0,0,0,1,1,158.536324786325,22.6234906568749,0,122,129,503.25,.,.,1,1,3,1,.
26,78.1,185.8,16.637,0.78,36,31,41,4.8,0.6,0,0,0,1,1,158.536324786325,22.6234906568749,0,122,.,525.75,.,.,0,2,3,0,0.138208992838874
26,78.1,185.8,16.637,0.78,36,31,41,4.8,0.6,0,0,0,1,1,158.536324786325,22.6234906568749,0,122,129,527.25,17,24,1,1,3,1,.
26,78.1,185.8,16.637,0.78,36,31,41,4.8,0.6,0,0,0,1,1,158.536324786325,22.6234906568749,0,122,129,959.25,.,.,1,1,3,1,.
26,78.1,185.8,16.637,0.78,36,31,41,4.8,0.6,0,0,0,1,1,158.536324786325,22.6234906568749,0,122,.,982.25,.,.,0,2,3,0,0.276064535475998
26,78.1,185.8,16.637,0.78,36,31,41,4.8,0.6,0,0,0,1,1,158.536324786325,22.6234906568749,0,122,129,983.25,13,24,1,1,3,1,.
26,78.1,185.8,16.637,0.78,36,31,41,4.8,0.6,0,0,0,1,1,158.536324786325,22.6234906568749,0,122,129,1319.75,.,.,1,1,3,1,.
32,66.6,177.7,18.5565,0.66,16,28,44,4.2,0.2,0,0,1,0,2,128.659090909091,21.0911069315955,0,123,129,0,17,24,1,1,3,1,.
32,66.6,177.7,18.5565,0.66,16,28,44,4.2,0.2,0,0,1,0,2,128.659090909091,21.0911069315955,0,123,129,432.75,.,.,1,1,3,1,.
32,66.6,177.7,18.5565,0.66,16,28,44,4.2,0.2,0,0,1,0,2,128.659090909091,21.0911069315955,0,123,.,436.25,.,.,0,2,3,0,0.449745102324256
32,66.6,177.7,18.5565,0.66,16,28,44,4.2,0.2,0,0,1,0,2,128.659090909091,21.0911069315955,0,123,129,456.25,.,.,1,1,3,1,.
32,66.6,177.7,18.5565,0.66,16,28,44,4.2,0.2,0,0,1,0,2,128.659090909091,21.0911069315955,0,123,.,478.25,.,.,0,2,3,0,0.319315312430428
32,66.6,177.7,18.5565,0.66,16,28,44,4.2,0.2,0,0,1,0,2,128.659090909091,21.0911069315955,0,123,129,480.25,17,24,1,1,3,1,.
32,66.6,177.7,18.5565,0.66,16,28,44,4.2,0.2,0,0,1,0,2,128.659090909091,21.0911069315955,0,123,129,912.25,.,.,1,1,3,1,.
32,66.6,177.7,18.5565,0.66,16,28,44,4.2,0.2,0,0,1,0,2,128.659090909091,21.0911069315955,0,123,.,937.25,.,.,0,2,3,0,0.296172770255911
32,66.6,177.7,18.5565,0.66,16,28,44,4.2,0.2,0,0,1,0,2,128.659090909091,21.0911069315955,0,123,129,960.25,.,.,1,1,3,1,.
32,66.6,177.7,18.5565,0.66,16,28,44,4.2,0.2,0,0,1,0,2,128.659090909091,21.0911069315955,0,123,.,973.25,.,.,0,2,3,0,0.235590079120714
25,83.4,174.4,17.7507,0.83,17,24,69,4.4,0.4,0,1,0,0,1,160.491967871486,27.4203560306372,0,124,129,0,19,24,1,1,3,1,.
25,83.4,174.4,17.7507,0.83,17,24,69,4.4,0.4,0,1,0,0,1,160.491967871486,27.4203560306372,0,124,129,480,.,.,1,1,3,1,.
25,83.4,174.4,17.7507,0.83,17,24,69,4.4,0.4,0,1,0,0,1,160.491967871486,27.4203560306372,0,124,.,483.05,.,.,0,2,3,0,0.291332278647177
25,83.4,174.4,17.7507,0.83,17,24,69,4.4,0.4,0,1,0,0,1,160.491967871486,27.4203560306372,0,124,129,504,.,.,1,1,3,1,.
25,83.4,174.4,17.7507,0.83,17,24,69,4.4,0.4,0,1,0,0,1,160.491967871486,27.4203560306372,0,124,.,525.5,.,.,0,2,3,0,0.243811139993695
25,83.4,174.4,17.7507,0.83,17,24,69,4.4,0.4,0,1,0,0,1,160.491967871486,27.4203560306372,0,124,129,528,.,.,1,1,3,1,.
25,83.4,174.4,17.7507,0.83,17,24,69,4.4,0.4,0,1,0,0,1,160.491967871486,27.4203560306372,0,124,129,624,8,24,1,1,3,1,.
25,83.4,174.4,17.7507,0.83,17,24,69,4.4,0.4,0,1,0,0,1,160.491967871486,27.4203560306372,0,124,129,863.75,.,.,1,1,3,1,.
25,83.4,174.4,17.7507,0.83,17,24,69,4.4,0.4,0,1,0,0,1,160.491967871486,27.4203560306372,0,124,129,912,.,.,1,1,3,1,.
26,50.1,155.9,18.1069,0.57,14,20,43,4.8,0.4,0,0,0,1,2,118.291666666667,20.6132037238719,0,125,129,0,15,24,1,1,3,1,.
26,50.1,155.9,18.1069,0.57,14,20,43,4.8,0.4,0,0,0,1,2,118.291666666667,20.6132037238719,0,125,129,403.25,.,.,1,1,3,1,.
26,50.1,155.9,18.1069,0.57,14,20,43,4.8,0.4,0,0,0,1,2,118.291666666667,20.6132037238719,0,125,.,406,.,.,0,2,3,0,0.28759822437197
26,50.1,155.9,18.1069,0.57,14,20,43,4.8,0.4,0,0,0,1,2,118.291666666667,20.6132037238719,0,125,129,428.5,.,.,1,1,3,1,.
26,50.1,155.9,18.1069,0.57,14,20,43,4.8,0.4,0,0,0,1,2,118.291666666667,20.6132037238719,0,125,.,449,.,.,0,2,3,0,0.138500637583227
26,50.1,155.9,18.1069,0.57,14,20,43,4.8,0.4,0,0,0,1,2,118.291666666667,20.6132037238719,0,125,129,452.5,17,24,1,1,3,1,.
26,50.1,155.9,18.1069,0.57,14,20,43,4.8,0.4,0,0,0,1,2,118.291666666667,20.6132037238719,0,125,129,885.5,.,.,1,1,3,1,.
26,50.1,155.9,18.1069,0.57,14,20,43,4.8,0.4,0,0,0,1,2,118.291666666667,20.6132037238719,0,125,.,909.5,.,.,0,2,3,0,0.0750253075378028
26,50.1,155.9,18.1069,0.57,14,20,43,4.8,0.4,0,0,0,1,2,118.291666666667,20.6132037238719,0,125,129,933,.,.,1,1,3,1,.
26,50.1,155.9,18.1069,0.57,14,20,43,4.8,0.4,0,0,0,1,2,118.291666666667,20.6132037238719,0,125,.,945.83,.,.,0,2,3,0,0.24786186650543
49,71,159.7,24.7042,0.8,16,17,36,4.2,0.4,0,0,1,0,2,95.3446180555556,27.8386721502316,0,126,129,0,.,.,1,1,3,1,.
49,71,159.7,24.7042,0.8,16,17,36,4.2,0.4,0,0,1,0,2,95.3446180555556,27.8386721502316,0,126,129,71,12,24,1,1,3,1,.
49,71,159.7,24.7042,0.8,16,17,36,4.2,0.4,0,0,1,0,2,95.3446180555556,27.8386721502316,0,126,129,406.5,.,.,1,1,3,1,.
49,71,159.7,24.7042,0.8,16,17,36,4.2,0.4,0,0,1,0,2,95.3446180555556,27.8386721502316,0,126,.,428.5,.,.,0,2,3,0,0.123698072860631
49,71,159.7,24.7042,0.8,16,17,36,4.2,0.4,0,0,1,0,2,95.3446180555556,27.8386721502316,0,126,129,430.5,20,24,1,1,3,1,.
49,71,159.7,24.7042,0.8,16,17,36,4.2,0.4,0,0,1,0,2,95.3446180555556,27.8386721502316,0,126,129,934.5,.,.,1,1,3,1,.
49,71,159.7,24.7042,0.8,16,17,36,4.2,0.4,0,0,1,0,2,95.3446180555556,27.8386721502316,0,126,.,958.5,.,.,0,2,3,0,0.230114793095185
49,71,159.7,24.7042,0.8,16,17,36,4.2,0.4,0,0,1,0,2,95.3446180555556,27.8386721502316,0,126,129,982.5,.,.,1,1,3,1,.
49,71,159.7,24.7042,0.8,16,17,36,4.2,0.4,0,0,1,0,2,95.3446180555556,27.8386721502316,0,126,.,996,.,.,0,2,3,0,0.165897360138633
18,78.8,179.8,19.9134,0.81,22,25,73,5,0.8,0,1,0,0,1,164.842249657064,24.3751245049189,0,127,129,0,17,24,1,1,3,1,.
18,78.8,179.8,19.9134,0.81,22,25,73,5,0.8,0,1,0,0,1,164.842249657064,24.3751245049189,0,127,129,454,.,.,1,1,3,1,.
18,78.8,179.8,19.9134,0.81,22,25,73,5,0.8,0,1,0,0,1,164.842249657064,24.3751245049189,0,127,.,456.92,.,.,0,2,3,0,0.20554251538366
18,78.8,179.8,19.9134,0.81,22,25,73,5,0.8,0,1,0,0,1,164.842249657064,24.3751245049189,0,127,129,478,.,.,1,1,3,1,.
18,78.8,179.8,19.9134,0.81,22,25,73,5,0.8,0,1,0,0,1,164.842249657064,24.3751245049189,0,127,.,501.23,.,.,0,2,3,0,0.0201448858128942
18,78.8,179.8,19.9134,0.81,22,25,73,5,0.8,0,1,0,0,1,164.842249657064,24.3751245049189,0,127,129,502,17,24,1,1,3,1,.
18,78.8,179.8,19.9134,0.81,22,25,73,5,0.8,0,1,0,0,1,164.842249657064,24.3751245049189,0,127,129,934,.,.,1,1,3,1,.
18,78.8,179.8,19.9134,0.81,22,25,73,5,0.8,0,1,0,0,1,164.842249657064,24.3751245049189,0,127,.,957.25,.,.,0,2,3,0,0.133808248942454
18,78.8,179.8,19.9134,0.81,22,25,73,5,0.8,0,1,0,0,1,164.842249657064,24.3751245049189,0,127,129,958,.,.,1,1,3,1,.
18,78.8,179.8,19.9134,0.81,22,25,73,5,0.8,0,1,0,0,1,164.842249657064,24.3751245049189,0,127,129,982,.,.,1,1,3,1,.
18,78.8,179.8,19.9134,0.81,22,25,73,5,0.8,0,1,0,0,1,164.842249657064,24.3751245049189,0,127,.,994.58,.,.,0,2,3,0,0.270096273903939
53,66,177.7,8.926,0.99,17,31,50,3.9,0.6,0,1,0,0,1,80.5555555555556,20.9010969592387,0,128,129,0,17,24,1,1,3,1,.
53,66,177.7,8.926,0.99,17,31,50,3.9,0.6,0,1,0,0,1,80.5555555555556,20.9010969592387,0,128,129,455,.,.,1,1,3,1,.
53,66,177.7,8.926,0.99,17,31,50,3.9,0.6,0,1,0,0,1,80.5555555555556,20.9010969592387,0,128,.,458,.,.,0,2,3,0,0.51139046845289
53,66,177.7,8.926,0.99,17,31,50,3.9,0.6,0,1,0,0,1,80.5555555555556,20.9010969592387,0,128,129,479,.,.,1,1,3,1,.
53,66,177.7,8.926,0.99,17,31,50,3.9,0.6,0,1,0,0,1,80.5555555555556,20.9010969592387,0,128,.,502.37,.,.,0,2,3,0,0.139375854806119
53,66,177.7,8.926,0.99,17,31,50,3.9,0.6,0,1,0,0,1,80.5555555555556,20.9010969592387,0,128,129,503,17,24,1,1,3,1,.
53,66,177.7,8.926,0.99,17,31,50,3.9,0.6,0,1,0,0,1,80.5555555555556,20.9010969592387,0,128,129,939,.,.,1,1,3,1,.
53,66,177.7,8.926,0.99,17,31,50,3.9,0.6,0,1,0,0,1,80.5555555555556,20.9010969592387,0,128,.,958.23,.,.,0,2,3,0,0.347676988324017
53,66,177.7,8.926,0.99,17,31,50,3.9,0.6,0,1,0,0,1,80.5555555555556,20.9010969592387,0,128,129,963,.,.,1,1,3,1,.
53,66,177.7,8.926,0.99,17,31,50,3.9,0.6,0,1,0,0,1,80.5555555555556,20.9010969592387,0,128,129,984,.,.,1,1,3,1,.
53,66,177.7,8.926,0.99,17,31,50,3.9,0.6,0,1,0,0,1,80.5555555555556,20.9010969592387,0,128,.,996.62,.,.,0,2,3,0,0.209941656264064
42,46,150.8,13.9979,0.66,13,16,51,4,0.4,0,0,0,1,2,80.6355218855219,20.2281026391518,0,129,129,0,16,24,1,1,3,1,.
42,46,150.8,13.9979,0.66,13,16,51,4,0.4,0,0,0,1,2,80.6355218855219,20.2281026391518,0,129,129,431,.,.,1,1,3,1,.
42,46,150.8,13.9979,0.66,13,16,51,4,0.4,0,0,0,1,2,80.6355218855219,20.2281026391518,0,129,.,433.5,.,.,0,2,3,0,0.313138438176787
42,46,150.8,13.9979,0.66,13,16,51,4,0.4,0,0,0,1,2,80.6355218855219,20.2281026391518,0,129,129,456.5,.,.,1,1,3,1,.
42,46,150.8,13.9979,0.66,13,16,51,4,0.4,0,0,0,1,2,80.6355218855219,20.2281026391518,0,129,.,478.25,.,.,0,2,3,0,0.439231282140848
42,46,150.8,13.9979,0.66,13,16,51,4,0.4,0,0,0,1,2,80.6355218855219,20.2281026391518,0,129,129,480.5,16,24,1,1,3,1,.
42,46,150.8,13.9979,0.66,13,16,51,4,0.4,0,0,0,1,2,80.6355218855219,20.2281026391518,0,129,129,912.25,.,.,1,1,3,1,.
42,46,150.8,13.9979,0.66,13,16,51,4,0.4,0,0,0,1,2,80.6355218855219,20.2281026391518,0,129,129,930.5,.,.,1,1,3,1,.
42,46,150.8,13.9979,0.66,13,16,51,4,0.4,0,0,0,1,2,80.6355218855219,20.2281026391518,0,129,.,935,.,.,0,2,3,0,0.52059602650294
42,46,150.8,13.9979,0.66,13,16,51,4,0.4,0,0,0,1,2,80.6355218855219,20.2281026391518,0,129,129,936.25,.,.,1,1,3,1,.
42,46,150.8,13.9979,0.66,13,16,51,4,0.4,0,0,0,1,2,80.6355218855219,20.2281026391518,0,129,.,972.67,.,.,0,2,3,0,0.0927621644687988
18,86.3,163.8,34.7986,0.76,20,19,68,3.9,0.7,1,0,0,0,2,163.547331871345,32.1649589048856,1,130,129,0,20,24,1,1,3,1,.
18,86.3,163.8,34.7986,0.76,20,19,68,3.9,0.7,1,0,0,0,2,163.547331871345,32.1649589048856,1,130,129,505,.,.,1,1,3,1,.
18,86.3,163.8,34.7986,0.76,20,19,68,3.9,0.7,1,0,0,0,2,163.547331871345,32.1649589048856,1,130,.,527.5,.,.,0,2,3,0,0.153534019610126
18,86.3,163.8,34.7986,0.76,20,19,68,3.9,0.7,1,0,0,0,2,163.547331871345,32.1649589048856,1,130,129,529,17,24,1,1,3,1,.
18,86.3,163.8,34.7986,0.76,20,19,68,3.9,0.7,1,0,0,0,2,163.547331871345,32.1649589048856,1,130,129,961,.,.,1,1,3,1,.
18,86.3,163.8,34.7986,0.76,20,19,68,3.9,0.7,1,0,0,0,2,163.547331871345,32.1649589048856,1,130,129,985,.,.,1,1,3,1,.
18,86.3,163.8,34.7986,0.76,20,19,68,3.9,0.7,1,0,0,0,2,163.547331871345,32.1649589048856,1,130,129,1009,.,.,1,1,3,1,.
18,86.3,163.8,34.7986,0.76,20,19,68,3.9,0.7,1,0,0,0,2,163.547331871345,32.1649589048856,1,130,.,1022.5,.,.,0,2,3,0,0.0971143757976367
47,81.6,156.4,31.7337,0.69,19,24,82,4.2,0.2,1,0,0,0,2,129.840579710145,33.3592794395641,1,131,129,0,18,24,1,1,3,1,.
47,81.6,156.4,31.7337,0.69,19,24,82,4.2,0.2,1,0,0,0,2,129.840579710145,33.3592794395641,1,131,129,479.5,.,.,1,1,3,1,.
47,81.6,156.4,31.7337,0.69,19,24,82,4.2,0.2,1,0,0,0,2,129.840579710145,33.3592794395641,1,131,.,482,.,.,0,2,3,0,0.324420608183178
47,81.6,156.4,31.7337,0.69,19,24,82,4.2,0.2,1,0,0,0,2,129.840579710145,33.3592794395641,1,131,129,503.5,.,.,1,1,3,1,.
47,81.6,156.4,31.7337,0.69,19,24,82,4.2,0.2,1,0,0,0,2,129.840579710145,33.3592794395641,1,131,.,527,.,.,0,2,3,0,0.154092567990519
47,81.6,156.4,31.7337,0.69,19,24,82,4.2,0.2,1,0,0,0,2,129.840579710145,33.3592794395641,1,131,129,527.5,17,24,1,1,3,1,.
47,81.6,156.4,31.7337,0.69,19,24,82,4.2,0.2,1,0,0,0,2,129.840579710145,33.3592794395641,1,131,129,959.5,.,.,1,1,3,1,.
47,81.6,156.4,31.7337,0.69,19,24,82,4.2,0.2,1,0,0,0,2,129.840579710145,33.3592794395641,1,131,.,983,.,.,0,2,3,0,0.308063057559542
47,81.6,156.4,31.7337,0.69,19,24,82,4.2,0.2,1,0,0,0,2,129.840579710145,33.3592794395641,1,131,129,983.5,.,.,1,1,3,1,.
47,81.6,156.4,31.7337,0.69,19,24,82,4.2,0.2,1,0,0,0,2,129.840579710145,33.3592794395641,1,131,129,1007.5,.,.,1,1,3,1,.
47,81.6,156.4,31.7337,0.69,19,24,82,4.2,0.2,1,0,0,0,2,129.840579710145,33.3592794395641,1,131,.,1020.5,.,.,0,2,3,0,0.211663970987555
34,105.2,174.2,39.5043,0.78,15,23,46,4,0.5,0,0,1,0,2,168.777065527066,34.6672536812537,1,132,129,0,20,24,1,1,3,1,.
34,105.2,174.2,39.5043,0.78,15,23,46,4,0.5,0,0,1,0,2,168.777065527066,34.6672536812537,1,132,129,504,.,.,1,1,3,1,.
34,105.2,174.2,39.5043,0.78,15,23,46,4,0.5,0,0,1,0,2,168.777065527066,34.6672536812537,1,132,.,506.83,.,.,0,2,3,0,0.400700892410486
34,105.2,174.2,39.5043,0.78,15,23,46,4,0.5,0,0,1,0,2,168.777065527066,34.6672536812537,1,132,129,527.75,.,.,1,1,3,1,.
34,105.2,174.2,39.5043,0.78,15,23,46,4,0.5,0,0,1,0,2,168.777065527066,34.6672536812537,1,132,.,551.72,.,.,0,2,3,0,0.208987232697576
34,105.2,174.2,39.5043,0.78,15,23,46,4,0.5,0,0,1,0,2,168.777065527066,34.6672536812537,1,132,129,551.75,16,24,1,1,3,1,.
34,105.2,174.2,39.5043,0.78,15,23,46,4,0.5,0,0,1,0,2,168.777065527066,34.6672536812537,1,132,129,960,.,.,1,1,3,1,.
34,105.2,174.2,39.5043,0.78,15,23,46,4,0.5,0,0,1,0,2,168.777065527066,34.6672536812537,1,132,.,983.92,.,.,0,2,3,0,0.157304505814013
34,105.2,174.2,39.5043,0.78,15,23,46,4,0.5,0,0,1,0,2,168.777065527066,34.6672536812537,1,132,129,984,.,.,1,1,3,1,.
34,105.2,174.2,39.5043,0.78,15,23,46,4,0.5,0,0,1,0,2,168.777065527066,34.6672536812537,1,132,129,1008,.,.,1,1,3,1,.
34,105.2,174.2,39.5043,0.78,15,23,46,4,0.5,0,0,1,0,2,168.777065527066,34.6672536812537,1,132,.,1021.92,.,.,0,2,3,0,0.156854601331466
34,64.8,160.1,29.1385,0.61,18,21,49,4.3,0.2,0,0,0,1,2,132.934426229508,25.280889013386,0,133,129,0,16,24,1,1,3,1,.
34,64.8,160.1,29.1385,0.61,18,21,49,4.3,0.2,0,0,0,1,2,132.934426229508,25.280889013386,0,133,129,408,.,.,1,1,3,1,.
34,64.8,160.1,29.1385,0.61,18,21,49,4.3,0.2,0,0,0,1,2,132.934426229508,25.280889013386,0,133,.,410.1,.,.,0,2,3,0,0.358987720019517
34,64.8,160.1,29.1385,0.61,18,21,49,4.3,0.2,0,0,0,1,2,132.934426229508,25.280889013386,0,133,129,432,.,.,1,1,3,1,.
34,64.8,160.1,29.1385,0.61,18,21,49,4.3,0.2,0,0,0,1,2,132.934426229508,25.280889013386,0,133,.,455.33,.,.,0,2,3,0,-0.0709604252275547
34,64.8,160.1,29.1385,0.61,18,21,49,4.3,0.2,0,0,0,1,2,132.934426229508,25.280889013386,0,133,129,456,17,24,1,1,3,1,.
34,64.8,160.1,29.1385,0.61,18,21,49,4.3,0.2,0,0,0,1,2,132.934426229508,25.280889013386,0,133,129,888,.,.,1,1,3,1,.
34,64.8,160.1,29.1385,0.61,18,21,49,4.3,0.2,0,0,0,1,2,132.934426229508,25.280889013386,0,133,.,911.77,.,.,0,2,3,0,0.272086152649595
34,64.8,160.1,29.1385,0.61,18,21,49,4.3,0.2,0,0,0,1,2,132.934426229508,25.280889013386,0,133,129,912,.,.,1,1,3,1,.
34,64.8,160.1,29.1385,0.61,18,21,49,4.3,0.2,0,0,0,1,2,132.934426229508,25.280889013386,0,133,129,936,.,.,1,1,3,1,.
34,64.8,160.1,29.1385,0.61,18,21,49,4.3,0.2,0,0,0,1,2,132.934426229508,25.280889013386,0,133,.,950.05,.,.,0,2,3,0,0.0803059490772756
43,98.8,174,46.4335,0.89,17,19,61,4,0.4,0,1,0,0,2,127.123283395755,32.6331087329898,1,134,129,0,18,24,1,1,3,1,.
43,98.8,174,46.4335,0.89,17,19,61,4,0.4,0,1,0,0,2,127.123283395755,32.6331087329898,1,134,129,479.97,.,.,1,1,3,1,.
43,98.8,174,46.4335,0.89,17,19,61,4,0.4,0,1,0,0,2,127.123283395755,32.6331087329898,1,134,.,482.3,.,.,0,2,3,0,0.276109848550809
43,98.8,174,46.4335,0.89,17,19,61,4,0.4,0,1,0,0,2,127.123283395755,32.6331087329898,1,134,129,503.97,.,.,1,1,3,1,.
43,98.8,174,46.4335,0.89,17,19,61,4,0.4,0,1,0,0,2,127.123283395755,32.6331087329898,1,134,.,527.35,.,.,0,2,3,0,0.14751881067416
43,98.8,174,46.4335,0.89,17,19,61,4,0.4,0,1,0,0,2,127.123283395755,32.6331087329898,1,134,129,527.97,17,24,1,1,3,1,.
43,98.8,174,46.4335,0.89,17,19,61,4,0.4,0,1,0,0,2,127.123283395755,32.6331087329898,1,134,129,959.97,.,.,1,1,3,1,.
43,98.8,174,46.4335,0.89,17,19,61,4,0.4,0,1,0,0,2,127.123283395755,32.6331087329898,1,134,.,983.63,.,.,0,2,3,0,0.210366056109376
43,98.8,174,46.4335,0.89,17,19,61,4,0.4,0,1,0,0,2,127.123283395755,32.6331087329898,1,134,129,983.97,.,.,1,1,3,1,.
43,98.8,174,46.4335,0.89,17,19,61,4,0.4,0,1,0,0,2,127.123283395755,32.6331087329898,1,134,129,1007.97,.,.,1,1,3,1,.
43,98.8,174,46.4335,0.89,17,19,61,4,0.4,0,1,0,0,2,127.123283395755,32.6331087329898,1,134,.,1022.37,.,.,0,2,3,0,0.291012414004878
36,129,178.5,44.942,1.08,35,23,78,4,0.7,0,0,1,0,1,172.530864197531,40.4867829484735,1,135,129,0,17,24,1,1,3,1,.
36,129,178.5,44.942,1.08,35,23,78,4,0.7,0,0,1,0,1,172.530864197531,40.4867829484735,1,135,129,432,.,.,1,1,3,1,.
36,129,178.5,44.942,1.08,35,23,78,4,0.7,0,0,1,0,1,172.530864197531,40.4867829484735,1,135,.,434.07,.,.,0,2,3,0,0.545522073900215
36,129,178.5,44.942,1.08,35,23,78,4,0.7,0,0,1,0,1,172.530864197531,40.4867829484735,1,135,129,456,.,.,1,1,3,1,.
36,129,178.5,44.942,1.08,35,23,78,4,0.7,0,0,1,0,1,172.530864197531,40.4867829484735,1,135,.,479.43,.,.,0,2,3,0,0.0995022328913222
36,129,178.5,44.942,1.08,35,23,78,4,0.7,0,0,1,0,1,172.530864197531,40.4867829484735,1,135,129,480,17,24,1,1,3,1,.
36,129,178.5,44.942,1.08,35,23,78,4,0.7,0,0,1,0,1,172.530864197531,40.4867829484735,1,135,129,912,.,.,1,1,3,1,.
36,129,178.5,44.942,1.08,35,23,78,4,0.7,0,0,1,0,1,172.530864197531,40.4867829484735,1,135,129,936,.,.,1,1,3,1,.
36,129,178.5,44.942,1.08,35,23,78,4,0.7,0,0,1,0,1,172.530864197531,40.4867829484735,1,135,129,960,.,.,1,1,3,1,.
36,129,178.5,44.942,1.08,35,23,78,4,0.7,0,0,1,0,1,172.530864197531,40.4867829484735,1,135,.,973.63,.,.,0,2,3,0,0.229705969192978
38,81.4,152.5,35.9949,0.64,28,23,80,4.3,0.5,1,0,0,0,2,153.154947916667,35.0013437248052,1,136,129,0,17,24,1,1,3,1,.
38,81.4,152.5,35.9949,0.64,28,23,80,4.3,0.5,1,0,0,0,2,153.154947916667,35.0013437248052,1,136,129,455.5,.,.,1,1,3,1,.
38,81.4,152.5,35.9949,0.64,28,23,80,4.3,0.5,1,0,0,0,2,153.154947916667,35.0013437248052,1,136,.,458.33,.,.,0,2,3,0,0.726217971664202
38,81.4,152.5,35.9949,0.64,28,23,80,4.3,0.5,1,0,0,0,2,153.154947916667,35.0013437248052,1,136,129,479.5,.,.,1,1,3,1,.
38,81.4,152.5,35.9949,0.64,28,23,80,4.3,0.5,1,0,0,0,2,153.154947916667,35.0013437248052,1,136,.,502.33,.,.,0,2,3,0,0.238635450111829
38,81.4,152.5,35.9949,0.64,28,23,80,4.3,0.5,1,0,0,0,2,153.154947916667,35.0013437248052,1,136,129,503.5,18,24,1,1,3,1,.
38,81.4,152.5,35.9949,0.64,28,23,80,4.3,0.5,1,0,0,0,2,153.154947916667,35.0013437248052,1,136,129,959.5,.,.,1,1,3,1,.
38,81.4,152.5,35.9949,0.64,28,23,80,4.3,0.5,1,0,0,0,2,153.154947916667,35.0013437248052,1,136,.,983.25,.,.,0,2,3,0,0.207491362598243
38,81.4,152.5,35.9949,0.64,28,23,80,4.3,0.5,1,0,0,0,2,153.154947916667,35.0013437248052,1,136,129,983.5,.,.,1,1,3,1,.
38,81.4,152.5,35.9949,0.64,28,23,80,4.3,0.5,1,0,0,0,2,153.154947916667,35.0013437248052,1,136,129,996.75,.,.,1,1,3,1,.
38,81.4,152.5,35.9949,0.64,28,23,80,4.3,0.5,1,0,0,0,2,153.154947916667,35.0013437248052,1,136,.,1019.63,.,.,0,2,3,0,0.391404414176124
47,68.2,161.7,26.6794,0.77,25,23,147,4.1,0.1,0,0,1,0,2,97.2440476190476,26.0834080076063,0,137,129,0,17,24,1,1,3,1,.
47,68.2,161.7,26.6794,0.77,25,23,147,4.1,0.1,0,0,1,0,2,97.2440476190476,26.0834080076063,0,137,129,432,.,.,1,1,3,1,.
47,68.2,161.7,26.6794,0.77,25,23,147,4.1,0.1,0,0,1,0,2,97.2440476190476,26.0834080076063,0,137,.,436.42,.,.,0,2,3,0,0.369642023041479
47,68.2,161.7,26.6794,0.77,25,23,147,4.1,0.1,0,0,1,0,2,97.2440476190476,26.0834080076063,0,137,129,456,.,.,1,1,3,1,.
47,68.2,161.7,26.6794,0.77,25,23,147,4.1,0.1,0,0,1,0,2,97.2440476190476,26.0834080076063,0,137,.,479.42,.,.,0,2,3,0,0.20535709722444
47,68.2,161.7,26.6794,0.77,25,23,147,4.1,0.1,0,0,1,0,2,97.2440476190476,26.0834080076063,0,137,129,480,.,.,1,1,3,1,.
47,68.2,161.7,26.6794,0.77,25,23,147,4.1,0.1,0,0,1,0,2,97.2440476190476,26.0834080076063,0,137,129,576.5,5,24,1,1,3,1,.
47,68.2,161.7,26.6794,0.77,25,23,147,4.1,0.1,0,0,1,0,2,97.2440476190476,26.0834080076063,0,137,129,744.25,2,24,1,1,3,1,.
43,75,150.9,32.8222,0.74,16,24,83,4.1,0.2,0,0,1,0,2,116.061373873874,32.9369047477889,1,138,129,0,17,24,1,1,3,1,.
43,75,150.9,32.8222,0.74,16,24,83,4.1,0.2,0,0,1,0,2,116.061373873874,32.9369047477889,1,138,129,432,.,.,1,1,3,1,.
43,75,150.9,32.8222,0.74,16,24,83,4.1,0.2,0,0,1,0,2,116.061373873874,32.9369047477889,1,138,129,456,.,.,1,1,3,1,.
43,75,150.9,32.8222,0.74,16,24,83,4.1,0.2,0,0,1,0,2,116.061373873874,32.9369047477889,1,138,129,480,.,.,1,1,3,1,.
43,75,150.9,32.8222,0.74,16,24,83,4.1,0.2,0,0,1,0,2,116.061373873874,32.9369047477889,1,138,129,528,15,24,1,1,3,1,.
43,75,150.9,32.8222,0.74,16,24,83,4.1,0.2,0,0,1,0,2,116.061373873874,32.9369047477889,1,138,129,915,.,.,1,1,3,1,.
43,75,150.9,32.8222,0.74,16,24,83,4.1,0.2,0,0,1,0,2,116.061373873874,32.9369047477889,1,138,129,939,.,.,1,1,3,1,.
43,75,150.9,32.8222,0.74,16,24,83,4.1,0.2,0,0,1,0,2,116.061373873874,32.9369047477889,1,138,129,960,.,.,1,1,3,1,.
43,75,150.9,32.8222,0.74,16,24,83,4.1,0.2,0,0,1,0,2,116.061373873874,32.9369047477889,1,138,.,972.42,.,.,0,2,3,0,0.811714176506895
40,86.3,172.9,21.4805,0.97,21,22,55,4.4,0.3,0,0,0,1,1,123.568155784651,28.8682733661578,0,139,129,0,16,24,1,1,3,1,.
40,86.3,172.9,21.4805,0.97,21,22,55,4.4,0.3,0,0,0,1,1,123.568155784651,28.8682733661578,0,139,129,408,.,.,1,1,3,1,.
40,86.3,172.9,21.4805,0.97,21,22,55,4.4,0.3,0,0,0,1,1,123.568155784651,28.8682733661578,0,139,.,435,.,.,0,2,3,0,0.0634517323327972
40,86.3,172.9,21.4805,0.97,21,22,55,4.4,0.3,0,0,0,1,1,123.568155784651,28.8682733661578,0,139,129,456,.,.,1,1,3,1,.
40,86.3,172.9,21.4805,0.97,21,22,55,4.4,0.3,0,0,0,1,1,123.568155784651,28.8682733661578,0,139,.,479.33,.,.,0,2,3,0,0.120862619694998
40,86.3,172.9,21.4805,0.97,21,22,55,4.4,0.3,0,0,0,1,1,123.568155784651,28.8682733661578,0,139,129,480,16,24,1,1,3,1,.
40,86.3,172.9,21.4805,0.97,21,22,55,4.4,0.3,0,0,0,1,1,123.568155784651,28.8682733661578,0,139,129,888,.,.,1,1,3,1,.
40,86.3,172.9,21.4805,0.97,21,22,55,4.4,0.3,0,0,0,1,1,123.568155784651,28.8682733661578,0,139,.,911.45,.,.,0,2,3,0,0.0924824362037993
40,86.3,172.9,21.4805,0.97,21,22,55,4.4,0.3,0,0,0,1,1,123.568155784651,28.8682733661578,0,139,129,912,.,.,1,1,3,1,.
40,86.3,172.9,21.4805,0.97,21,22,55,4.4,0.3,0,0,0,1,1,123.568155784651,28.8682733661578,0,139,129,936,.,.,1,1,3,1,.
40,86.3,172.9,21.4805,0.97,21,22,55,4.4,0.3,0,0,0,1,1,123.568155784651,28.8682733661578,0,139,.,948.67,.,.,0,2,3,0,0.304171186603832
34,125.6,175.3,39.9944,1.01,13,14,76,4.4,0.2,1,0,0,0,1,183.080308030803,40.8719922395281,1,140,129,0,17,24,1,1,3,1,.
34,125.6,175.3,39.9944,1.01,13,14,76,4.4,0.2,1,0,0,0,1,183.080308030803,40.8719922395281,1,140,129,432,.,.,1,1,3,1,.
34,125.6,175.3,39.9944,1.01,13,14,76,4.4,0.2,1,0,0,0,1,183.080308030803,40.8719922395281,1,140,.,434.65,.,.,0,2,3,0,0.272291463656032
34,125.6,175.3,39.9944,1.01,13,14,76,4.4,0.2,1,0,0,0,1,183.080308030803,40.8719922395281,1,140,129,456,.,.,1,1,3,1,.
34,125.6,175.3,39.9944,1.01,13,14,76,4.4,0.2,1,0,0,0,1,183.080308030803,40.8719922395281,1,140,.,479.33,.,.,0,2,3,0,0.122761112416066
34,125.6,175.3,39.9944,1.01,13,14,76,4.4,0.2,1,0,0,0,1,183.080308030803,40.8719922395281,1,140,129,480,17,24,1,1,3,1,.
34,125.6,175.3,39.9944,1.01,13,14,76,4.4,0.2,1,0,0,0,1,183.080308030803,40.8719922395281,1,140,129,912,.,.,1,1,3,1,.
34,125.6,175.3,39.9944,1.01,13,14,76,4.4,0.2,1,0,0,0,1,183.080308030803,40.8719922395281,1,140,.,935.53,.,.,0,2,3,0,0.242985090765502
34,125.6,175.3,39.9944,1.01,13,14,76,4.4,0.2,1,0,0,0,1,183.080308030803,40.8719922395281,1,140,129,936,.,.,1,1,3,1,.
34,125.6,175.3,39.9944,1.01,13,14,76,4.4,0.2,1,0,0,0,1,183.080308030803,40.8719922395281,1,140,129,960,.,.,1,1,3,1,.
34,125.6,175.3,39.9944,1.01,13,14,76,4.4,0.2,1,0,0,0,1,183.080308030803,40.8719922395281,1,140,.,972.42,.,.,0,2,3,0,0.12885014924251
30,58.9,172.5,12.5755,0.8,21,32,54,4.4,0.7,0,1,0,0,2,95.6102430555556,19.7941608905692,0,141,129,0,17,24,1,1,3,1,.
30,58.9,172.5,12.5755,0.8,21,32,54,4.4,0.7,0,1,0,0,2,95.6102430555556,19.7941608905692,0,141,129,432,.,.,1,1,3,1,.
30,58.9,172.5,12.5755,0.8,21,32,54,4.4,0.7,0,1,0,0,2,95.6102430555556,19.7941608905692,0,141,.,435.08,.,.,0,2,3,0,0.35432992758173
30,58.9,172.5,12.5755,0.8,21,32,54,4.4,0.7,0,1,0,0,2,95.6102430555556,19.7941608905692,0,141,129,456,.,.,1,1,3,1,.
30,58.9,172.5,12.5755,0.8,21,32,54,4.4,0.7,0,1,0,0,2,95.6102430555556,19.7941608905692,0,141,.,479.5,.,.,0,2,3,0,0.101595251452452
30,58.9,172.5,12.5755,0.8,21,32,54,4.4,0.7,0,1,0,0,2,95.6102430555556,19.7941608905692,0,141,129,480,17,24,1,1,3,1,.
30,58.9,172.5,12.5755,0.8,21,32,54,4.4,0.7,0,1,0,0,2,95.6102430555556,19.7941608905692,0,141,129,912,.,.,1,1,3,1,.
30,58.9,172.5,12.5755,0.8,21,32,54,4.4,0.7,0,1,0,0,2,95.6102430555556,19.7941608905692,0,141,.,935.7,.,.,0,2,3,0,0.0681454137882772
30,58.9,172.5,12.5755,0.8,21,32,54,4.4,0.7,0,1,0,0,2,95.6102430555556,19.7941608905692,0,141,129,936,.,.,1,1,3,1,.
30,58.9,172.5,12.5755,0.8,21,32,54,4.4,0.7,0,1,0,0,2,95.6102430555556,19.7941608905692,0,141,129,960,.,.,1,1,3,1,.
30,58.9,172.5,12.5755,0.8,21,32,54,4.4,0.7,0,1,0,0,2,95.6102430555556,19.7941608905692,0,141,.,972.58,.,.,0,2,3,0,0.0587920623667372
53,160.5,174.5,77.2228,0.61,24,25,84,3.9,0.4,1,0,0,0,2,270.240778688525,52.7089268561013,1,142,129,0,15,24,1,1,3,1,.
53,160.5,174.5,77.2228,0.61,24,25,84,3.9,0.4,1,0,0,0,2,270.240778688525,52.7089268561013,1,142,129,407,.,.,1,1,3,1,.
53,160.5,174.5,77.2228,0.61,24,25,84,3.9,0.4,1,0,0,0,2,270.240778688525,52.7089268561013,1,142,.,410,.,.,0,2,3,0,0.218404627049474
53,160.5,174.5,77.2228,0.61,24,25,84,3.9,0.4,1,0,0,0,2,270.240778688525,52.7089268561013,1,142,129,431,.,.,1,1,3,1,.
53,160.5,174.5,77.2228,0.61,24,25,84,3.9,0.4,1,0,0,0,2,270.240778688525,52.7089268561013,1,142,.,454.33,.,.,0,2,3,0,0.11561919050324
53,160.5,174.5,77.2228,0.61,24,25,84,3.9,0.4,1,0,0,0,2,270.240778688525,52.7089268561013,1,142,129,455,17,24,1,1,3,1,.
53,160.5,174.5,77.2228,0.61,24,25,84,3.9,0.4,1,0,0,0,2,270.240778688525,52.7089268561013,1,142,129,887,.,.,1,1,3,1,.
53,160.5,174.5,77.2228,0.61,24,25,84,3.9,0.4,1,0,0,0,2,270.240778688525,52.7089268561013,1,142,.,910.75,.,.,0,2,3,0,0.100183696594492
53,160.5,174.5,77.2228,0.61,24,25,84,3.9,0.4,1,0,0,0,2,270.240778688525,52.7089268561013,1,142,129,911,.,.,1,1,3,1,.
53,160.5,174.5,77.2228,0.61,24,25,84,3.9,0.4,1,0,0,0,2,270.240778688525,52.7089268561013,1,142,129,935,.,.,1,1,3,1,.
53,160.5,174.5,77.2228,0.61,24,25,84,3.9,0.4,1,0,0,0,2,270.240778688525,52.7089268561013,1,142,.,947.87,.,.,0,2,3,0,0.134861541599475
43,57.7,156.5,21.7874,0.76,13,23,66,3.6,0.4,0,1,0,0,2,86.9401498538012,23.5584725780604,0,143,129,0,18,24,1,1,3,1,.
43,57.7,156.5,21.7874,0.76,13,23,66,3.6,0.4,0,1,0,0,2,86.9401498538012,23.5584725780604,0,143,129,456,.,.,1,1,3,1,.
43,57.7,156.5,21.7874,0.76,13,23,66,3.6,0.4,0,1,0,0,2,86.9401498538012,23.5584725780604,0,143,.,459,.,.,0,2,3,0,0.335761424803091
43,57.7,156.5,21.7874,0.76,13,23,66,3.6,0.4,0,1,0,0,2,86.9401498538012,23.5584725780604,0,143,129,480,.,.,1,1,3,1,.
43,57.7,156.5,21.7874,0.76,13,23,66,3.6,0.4,0,1,0,0,2,86.9401498538012,23.5584725780604,0,143,.,503.5,.,.,0,2,3,0,0.330348294683124
43,57.7,156.5,21.7874,0.76,13,23,66,3.6,0.4,0,1,0,0,2,86.9401498538012,23.5584725780604,0,143,129,504,17,24,1,1,3,1,.
43,57.7,156.5,21.7874,0.76,13,23,66,3.6,0.4,0,1,0,0,2,86.9401498538012,23.5584725780604,0,143,129,936,.,.,1,1,3,1,.
43,57.7,156.5,21.7874,0.76,13,23,66,3.6,0.4,0,1,0,0,2,86.9401498538012,23.5584725780604,0,143,.,959.5,.,.,0,2,3,0,0.213427534899369
43,57.7,156.5,21.7874,0.76,13,23,66,3.6,0.4,0,1,0,0,2,86.9401498538012,23.5584725780604,0,143,129,960,.,.,1,1,3,1,.
43,57.7,156.5,21.7874,0.76,13,23,66,3.6,0.4,0,1,0,0,2,86.9401498538012,23.5584725780604,0,143,129,984,.,.,1,1,3,1,.
43,57.7,156.5,21.7874,0.76,13,23,66,3.6,0.4,0,1,0,0,2,86.9401498538012,23.5584725780604,0,143,.,996.33,.,.,0,2,3,0,0.0232862858261466
27,71.5,173.8,26.8388,0.72,21,30,58,4.2,0.2,0,1,0,0,2,132.476369598765,23.6704490830432,0,144,129,0,18,24,1,1,3,1,.
27,71.5,173.8,26.8388,0.72,21,30,58,4.2,0.2,0,1,0,0,2,132.476369598765,23.6704490830432,0,144,129,456,.,.,1,1,3,1,.
27,71.5,173.8,26.8388,0.72,21,30,58,4.2,0.2,0,1,0,0,2,132.476369598765,23.6704490830432,0,144,.,459,.,.,0,2,3,0,0.638540135628436
27,71.5,173.8,26.8388,0.72,21,30,58,4.2,0.2,0,1,0,0,2,132.476369598765,23.6704490830432,0,144,129,480,.,.,1,1,3,1,.
27,71.5,173.8,26.8388,0.72,21,30,58,4.2,0.2,0,1,0,0,2,132.476369598765,23.6704490830432,0,144,.,503.5,.,.,0,2,3,0,0.00137765401524343
27,71.5,173.8,26.8388,0.72,21,30,58,4.2,0.2,0,1,0,0,2,132.476369598765,23.6704490830432,0,144,129,504,17,24,1,1,3,1,.
27,71.5,173.8,26.8388,0.72,21,30,58,4.2,0.2,0,1,0,0,2,132.476369598765,23.6704490830432,0,144,129,936,.,.,1,1,3,1,.
27,71.5,173.8,26.8388,0.72,21,30,58,4.2,0.2,0,1,0,0,2,132.476369598765,23.6704490830432,0,144,.,959.5,.,.,0,2,3,0,0.320952894090142
27,71.5,173.8,26.8388,0.72,21,30,58,4.2,0.2,0,1,0,0,2,132.476369598765,23.6704490830432,0,144,129,960,.,.,1,1,3,1,.
27,71.5,173.8,26.8388,0.72,21,30,58,4.2,0.2,0,1,0,0,2,132.476369598765,23.6704490830432,0,144,129,984,.,.,1,1,3,1,.
27,71.5,173.8,26.8388,0.72,21,30,58,4.2,0.2,0,1,0,0,2,132.476369598765,23.6704490830432,0,144,.,996.15,.,.,0,2,3,0,0.374564171329495
29,83.3,182.2,30.0547,1,19,17,50,4.7,0.3,0,1,0,0,1,128.420833333333,25.0927497918477,0,145,129,0,18,24,1,1,3,1,.
29,83.3,182.2,30.0547,1,19,17,50,4.7,0.3,0,1,0,0,1,128.420833333333,25.0927497918477,0,145,129,456,.,.,1,1,3,1,.
29,83.3,182.2,30.0547,1,19,17,50,4.7,0.3,0,1,0,0,1,128.420833333333,25.0927497918477,0,145,.,459,.,.,0,2,3,0,0.636930049976232
29,83.3,182.2,30.0547,1,19,17,50,4.7,0.3,0,1,0,0,1,128.420833333333,25.0927497918477,0,145,129,480,.,.,1,1,3,1,.
29,83.3,182.2,30.0547,1,19,17,50,4.7,0.3,0,1,0,0,1,128.420833333333,25.0927497918477,0,145,.,503.33,.,.,0,2,3,0,0.301405136002757
29,83.3,182.2,30.0547,1,19,17,50,4.7,0.3,0,1,0,0,1,128.420833333333,25.0927497918477,0,145,129,504,.,.,1,1,3,1,.
29,83.3,182.2,30.0547,1,19,17,50,4.7,0.3,0,1,0,0,1,128.420833333333,25.0927497918477,0,145,129,554,11,24,1,1,3,1,.
29,83.3,182.2,30.0547,1,19,17,50,4.7,0.3,0,1,0,0,1,128.420833333333,25.0927497918477,0,145,129,864,.,.,1,1,3,1,.
29,83.3,182.2,30.0547,1,19,17,50,4.7,0.3,0,1,0,0,1,128.420833333333,25.0927497918477,0,145,.,887.68,.,.,0,2,3,0,0.212835794947964
29,83.3,182.2,30.0547,1,19,17,50,4.7,0.3,0,1,0,0,1,128.420833333333,25.0927497918477,0,145,129,888,.,.,1,1,3,1,.
29,83.3,182.2,30.0547,1,19,17,50,4.7,0.3,0,1,0,0,1,128.420833333333,25.0927497918477,0,145,129,912,.,.,1,1,3,1,.
29,83.3,182.2,30.0547,1,19,17,50,4.7,0.3,0,1,0,0,1,128.420833333333,25.0927497918477,0,145,.,925.75,.,.,0,2,3,0,0.264832244198946
36,70.5,176,15.6211,0.95,25,20,54,4.3,1.6,0,0,0,1,1,107.19298245614,22.759555785124,0,146,129,0,20,24,1,1,3,1,.
36,70.5,176,15.6211,0.95,25,20,54,4.3,1.6,0,0,0,1,1,107.19298245614,22.759555785124,0,146,129,504,.,.,1,1,3,1,.
36,70.5,176,15.6211,0.95,25,20,54,4.3,1.6,0,0,0,1,1,107.19298245614,22.759555785124,0,146,.,507,.,.,0,2,3,0,0.153247222194109
36,70.5,176,15.6211,0.95,25,20,54,4.3,1.6,0,0,0,1,1,107.19298245614,22.759555785124,0,146,129,528,.,.,1,1,3,1,.
36,70.5,176,15.6211,0.95,25,20,54,4.3,1.6,0,0,0,1,1,107.19298245614,22.759555785124,0,146,.,551.33,.,.,0,2,3,0,0.0944960531817897
36,70.5,176,15.6211,0.95,25,20,54,4.3,1.6,0,0,0,1,1,107.19298245614,22.759555785124,0,146,129,552,15,24,1,1,3,1,.
36,70.5,176,15.6211,0.95,25,20,54,4.3,1.6,0,0,0,1,1,107.19298245614,22.759555785124,0,146,129,936,.,.,1,1,3,1,.
36,70.5,176,15.6211,0.95,25,20,54,4.3,1.6,0,0,0,1,1,107.19298245614,22.759555785124,0,146,.,959.5,.,.,0,2,3,0,0.072355802084198
36,70.5,176,15.6211,0.95,25,20,54,4.3,1.6,0,0,0,1,1,107.19298245614,22.759555785124,0,146,129,960,.,.,1,1,3,1,.
36,70.5,176,15.6211,0.95,25,20,54,4.3,1.6,0,0,0,1,1,107.19298245614,22.759555785124,0,146,129,984,.,.,1,1,3,1,.
36,70.5,176,15.6211,0.95,25,20,54,4.3,1.6,0,0,0,1,1,107.19298245614,22.759555785124,0,146,.,996.27,.,.,0,2,3,0,0.182510140753497
57,80.7,184.3,21.146,0.9,19,22,60,4.5,0.7,0,0,1,0,1,103.365740740741,23.7587104231258,0,147,129,0,16,24,1,1,3,1,.
57,80.7,184.3,21.146,0.9,19,22,60,4.5,0.7,0,0,1,0,1,103.365740740741,23.7587104231258,0,147,129,431.97,.,.,1,1,3,1,.
57,80.7,184.3,21.146,0.9,19,22,60,4.5,0.7,0,0,1,0,1,103.365740740741,23.7587104231258,0,147,.,434.8,.,.,0,2,3,0,0.338798935324557
57,80.7,184.3,21.146,0.9,19,22,60,4.5,0.7,0,0,1,0,1,103.365740740741,23.7587104231258,0,147,129,455.97,.,.,1,1,3,1,.
57,80.7,184.3,21.146,0.9,19,22,60,4.5,0.7,0,0,1,0,1,103.365740740741,23.7587104231258,0,147,.,479.27,.,.,0,2,3,0,0.183101285798722
57,80.7,184.3,21.146,0.9,19,22,60,4.5,0.7,0,0,1,0,1,103.365740740741,23.7587104231258,0,147,129,479.97,17,24,1,1,3,1,.
57,80.7,184.3,21.146,0.9,19,22,60,4.5,0.7,0,0,1,0,1,103.365740740741,23.7587104231258,0,147,129,911.97,.,.,1,1,3,1,.
57,80.7,184.3,21.146,0.9,19,22,60,4.5,0.7,0,0,1,0,1,103.365740740741,23.7587104231258,0,147,.,935.35,.,.,0,2,3,0,0.357652954477006
57,80.7,184.3,21.146,0.9,19,22,60,4.5,0.7,0,0,1,0,1,103.365740740741,23.7587104231258,0,147,129,935.97,.,.,1,1,3,1,.
57,80.7,184.3,21.146,0.9,19,22,60,4.5,0.7,0,0,1,0,1,103.365740740741,23.7587104231258,0,147,129,959.97,.,.,1,1,3,1,.
57,80.7,184.3,21.146,0.9,19,22,60,4.5,0.7,0,0,1,0,1,103.365740740741,23.7587104231258,0,147,.,972.23,.,.,0,2,3,0,0.487745128378807
53,96.4,158.7,46.8301,0.63,20,30,77,4.4,0.5,0,0,0,1,2,157.160052910053,38.2757033855336,1,148,129,0,23,24,1,1,3,1,.
53,96.4,158.7,46.8301,0.63,20,30,77,4.4,0.5,0,0,0,1,2,157.160052910053,38.2757033855336,1,148,129,576,.,.,1,1,3,1,.
53,96.4,158.7,46.8301,0.63,20,30,77,4.4,0.5,0,0,0,1,2,157.160052910053,38.2757033855336,1,148,.,578.58,.,.,0,2,3,0,0.172381868939204
53,96.4,158.7,46.8301,0.63,20,30,77,4.4,0.5,0,0,0,1,2,157.160052910053,38.2757033855336,1,148,129,600,.,.,1,1,3,1,.
53,96.4,158.7,46.8301,0.63,20,30,77,4.4,0.5,0,0,0,1,2,157.160052910053,38.2757033855336,1,148,.,623.25,.,.,0,2,3,0,0.147357809011504
53,96.4,158.7,46.8301,0.63,20,30,77,4.4,0.5,0,0,0,1,2,157.160052910053,38.2757033855336,1,148,129,624,10,24,1,1,3,1,.
53,96.4,158.7,46.8301,0.63,20,30,77,4.4,0.5,0,0,0,1,2,157.160052910053,38.2757033855336,1,148,129,888,.,.,1,1,3,1,.
53,96.4,158.7,46.8301,0.63,20,30,77,4.4,0.5,0,0,0,1,2,157.160052910053,38.2757033855336,1,148,129,912,.,.,1,1,3,1,.
53,96.4,158.7,46.8301,0.63,20,30,77,4.4,0.5,0,0,0,1,2,157.160052910053,38.2757033855336,1,148,129,936,.,.,1,1,3,1,.
53,96.4,158.7,46.8301,0.63,20,30,77,4.4,0.5,0,0,0,1,2,157.160052910053,38.2757033855336,1,148,.,947.43,.,.,0,2,3,0,0.15746547526202
43,131.1,175.2,53.5011,0.76,21,20,63,3.9,0.2,0,0,1,0,2,197.536458333333,42.7104835178583,1,149,129,0,17,24,1,1,3,1,.
43,131.1,175.2,53.5011,0.76,21,20,63,3.9,0.2,0,0,1,0,2,197.536458333333,42.7104835178583,1,149,129,432,.,.,1,1,3,1,.
43,131.1,175.2,53.5011,0.76,21,20,63,3.9,0.2,0,0,1,0,2,197.536458333333,42.7104835178583,1,149,.,434.75,.,.,0,2,3,0,0.24021631904948
43,131.1,175.2,53.5011,0.76,21,20,63,3.9,0.2,0,0,1,0,2,197.536458333333,42.7104835178583,1,149,129,456,.,.,1,1,3,1,.
43,131.1,175.2,53.5011,0.76,21,20,63,3.9,0.2,0,0,1,0,2,197.536458333333,42.7104835178583,1,149,.,479.28,.,.,0,2,3,0,0.252432976237652
43,131.1,175.2,53.5011,0.76,21,20,63,3.9,0.2,0,0,1,0,2,197.536458333333,42.7104835178583,1,149,129,480,17,24,1,1,3,1,.
43,131.1,175.2,53.5011,0.76,21,20,63,3.9,0.2,0,0,1,0,2,197.536458333333,42.7104835178583,1,149,129,912,.,.,1,1,3,1,.
43,131.1,175.2,53.5011,0.76,21,20,63,3.9,0.2,0,0,1,0,2,197.536458333333,42.7104835178583,1,149,.,935.67,.,.,0,2,3,0,0.545795494481374
43,131.1,175.2,53.5011,0.76,21,20,63,3.9,0.2,0,0,1,0,2,197.536458333333,42.7104835178583,1,149,129,936,.,.,1,1,3,1,.
43,131.1,175.2,53.5011,0.76,21,20,63,3.9,0.2,0,0,1,0,2,197.536458333333,42.7104835178583,1,149,129,960,.,.,1,1,3,1,.
43,131.1,175.2,53.5011,0.76,21,20,63,3.9,0.2,0,0,1,0,2,197.536458333333,42.7104835178583,1,149,.,972.75,.,.,0,2,3,0,0.2374667759391
22,64.9,157.7,17.2588,0.92,13,19,49,4.6,0.7,0,0,1,0,1,115.612922705314,26.0964426407027,0,150,129,0,17,24,1,1,3,1,.
22,64.9,157.7,17.2588,0.92,13,19,49,4.6,0.7,0,0,1,0,1,115.612922705314,26.0964426407027,0,150,129,432,.,.,1,1,3,1,.
22,64.9,157.7,17.2588,0.92,13,19,49,4.6,0.7,0,0,1,0,1,115.612922705314,26.0964426407027,0,150,.,434.75,.,.,0,2,3,0,0.42327637073893
22,64.9,157.7,17.2588,0.92,13,19,49,4.6,0.7,0,0,1,0,1,115.612922705314,26.0964426407027,0,150,129,456,.,.,1,1,3,1,.
22,64.9,157.7,17.2588,0.92,13,19,49,4.6,0.7,0,0,1,0,1,115.612922705314,26.0964426407027,0,150,.,479.08,.,.,0,2,3,0,0.11456308621117
22,64.9,157.7,17.2588,0.92,13,19,49,4.6,0.7,0,0,1,0,1,115.612922705314,26.0964426407027,0,150,129,480,16,24,1,1,3,1,.
22,64.9,157.7,17.2588,0.92,13,19,49,4.6,0.7,0,0,1,0,1,115.612922705314,26.0964426407027,0,150,129,888,.,.,1,1,3,1,.
22,64.9,157.7,17.2588,0.92,13,19,49,4.6,0.7,0,0,1,0,1,115.612922705314,26.0964426407027,0,150,.,911.55,.,.,0,2,3,0,0.181101606065354
22,64.9,157.7,17.2588,0.92,13,19,49,4.6,0.7,0,0,1,0,1,115.612922705314,26.0964426407027,0,150,129,912,.,.,1,1,3,1,.
22,64.9,157.7,17.2588,0.92,13,19,49,4.6,0.7,0,0,1,0,1,115.612922705314,26.0964426407027,0,150,129,936,.,.,1,1,3,1,.
22,64.9,157.7,17.2588,0.92,13,19,49,4.6,0.7,0,0,1,0,1,115.612922705314,26.0964426407027,0,150,.,948.5,.,.,0,2,3,0,0.280014731487951
54,61.3,165.8,17.5198,0.68,24,26,58,4.2,0.5,0,0,0,1,2,91.5243055555556,22.2993098490922,0,151,129,0,17,24,1,1,3,1,.
54,61.3,165.8,17.5198,0.68,24,26,58,4.2,0.5,0,0,0,1,2,91.5243055555556,22.2993098490922,0,151,129,432,.,.,1,1,3,1,.
54,61.3,165.8,17.5198,0.68,24,26,58,4.2,0.5,0,0,0,1,2,91.5243055555556,22.2993098490922,0,151,.,434.82,.,.,0,2,3,0,0.223909906618082
54,61.3,165.8,17.5198,0.68,24,26,58,4.2,0.5,0,0,0,1,2,91.5243055555556,22.2993098490922,0,151,129,456,.,.,1,1,3,1,.
54,61.3,165.8,17.5198,0.68,24,26,58,4.2,0.5,0,0,0,1,2,91.5243055555556,22.2993098490922,0,151,.,479.08,.,.,0,2,3,0,0.21809223924178
54,61.3,165.8,17.5198,0.68,24,26,58,4.2,0.5,0,0,0,1,2,91.5243055555556,22.2993098490922,0,151,129,480,16,24,1,1,3,1,.
54,61.3,165.8,17.5198,0.68,24,26,58,4.2,0.5,0,0,0,1,2,91.5243055555556,22.2993098490922,0,151,129,888,.,.,1,1,3,1,.
54,61.3,165.8,17.5198,0.68,24,26,58,4.2,0.5,0,0,0,1,2,91.5243055555556,22.2993098490922,0,151,.,911.6,.,.,0,2,3,0,0.208484830769066
54,61.3,165.8,17.5198,0.68,24,26,58,4.2,0.5,0,0,0,1,2,91.5243055555556,22.2993098490922,0,151,129,912,.,.,1,1,3,1,.
54,61.3,165.8,17.5198,0.68,24,26,58,4.2,0.5,0,0,0,1,2,91.5243055555556,22.2993098490922,0,151,129,936,.,.,1,1,3,1,.
54,61.3,165.8,17.5198,0.68,24,26,58,4.2,0.5,0,0,0,1,2,91.5243055555556,22.2993098490922,0,151,.,949.03,.,.,0,2,3,0,0.273746545751749
22,87.2,161,40.5195,0.67,17,17,72,3.9,0.5,1,0,0,0,2,181.305140961857,33.6406774429999,1,152,129,0,.,.,1,1,3,1,.
22,87.2,161,40.5195,0.67,17,17,72,3.9,0.5,1,0,0,0,2,181.305140961857,33.6406774429999,1,152,258,48,.,.,1,1,3,1,.
22,87.2,161,40.5195,0.67,17,17,72,3.9,0.5,1,0,0,0,2,181.305140961857,33.6406774429999,1,152,129,72,15,24,1,1,3,1,.
22,87.2,161,40.5195,0.67,17,17,72,3.9,0.5,1,0,0,0,2,181.305140961857,33.6406774429999,1,152,129,456.5,.,.,1,1,3,1,.
22,87.2,161,40.5195,0.67,17,17,72,3.9,0.5,1,0,0,0,2,181.305140961857,33.6406774429999,1,152,.,459.17,.,.,0,2,3,0,0.287463359473986
22,87.2,161,40.5195,0.67,17,17,72,3.9,0.5,1,0,0,0,2,181.305140961857,33.6406774429999,1,152,129,480.5,.,.,1,1,3,1,.
22,87.2,161,40.5195,0.67,17,17,72,3.9,0.5,1,0,0,0,2,181.305140961857,33.6406774429999,1,152,.,503.92,.,.,0,2,3,0,0.203608303089795
22,87.2,161,40.5195,0.67,17,17,72,3.9,0.5,1,0,0,0,2,181.305140961857,33.6406774429999,1,152,129,504.5,16,24,1,1,3,1,.
22,87.2,161,40.5195,0.67,17,17,72,3.9,0.5,1,0,0,0,2,181.305140961857,33.6406774429999,1,152,129,912.5,.,.,1,1,3,1,.
22,87.2,161,40.5195,0.67,17,17,72,3.9,0.5,1,0,0,0,2,181.305140961857,33.6406774429999,1,152,.,936.17,.,.,0,2,3,0,0.0648566913114867
22,87.2,161,40.5195,0.67,17,17,72,3.9,0.5,1,0,0,0,2,181.305140961857,33.6406774429999,1,152,129,936.5,.,.,1,1,3,1,.
22,87.2,161,40.5195,0.67,17,17,72,3.9,0.5,1,0,0,0,2,181.305140961857,33.6406774429999,1,152,129,960.5,.,.,1,1,3,1,.
22,87.2,161,40.5195,0.67,17,17,72,3.9,0.5,1,0,0,0,2,181.305140961857,33.6406774429999,1,152,.,973.17,.,.,0,2,3,0,0.232722648085258
29,81.4,158.6,21.1058,0.84,30,20,41,4.3,0.9,1,0,0,0,1,149.394841269841,32.3607098047385,1,153,129,0,16,24,1,1,3,1,.
29,81.4,158.6,21.1058,0.84,30,20,41,4.3,0.9,1,0,0,0,1,149.394841269841,32.3607098047385,1,153,129,431,.,.,1,1,3,1,.
29,81.4,158.6,21.1058,0.84,30,20,41,4.3,0.9,1,0,0,0,1,149.394841269841,32.3607098047385,1,153,.,433,.,.,0,2,3,0,0.719400291604587
29,81.4,158.6,21.1058,0.84,30,20,41,4.3,0.9,1,0,0,0,1,149.394841269841,32.3607098047385,1,153,129,453.92,.,.,1,1,3,1,.
29,81.4,158.6,21.1058,0.84,30,20,41,4.3,0.9,1,0,0,0,1,149.394841269841,32.3607098047385,1,153,.,477.92,.,.,0,2,3,0,0.12749622414071
29,81.4,158.6,21.1058,0.84,30,20,41,4.3,0.9,1,0,0,0,1,149.394841269841,32.3607098047385,1,153,129,527,15,24,1,1,3,1,.
29,81.4,158.6,21.1058,0.84,30,20,41,4.3,0.9,1,0,0,0,1,149.394841269841,32.3607098047385,1,153,129,912.75,.,.,1,1,3,1,.
29,81.4,158.6,21.1058,0.84,30,20,41,4.3,0.9,1,0,0,0,1,149.394841269841,32.3607098047385,1,153,.,934.83,.,.,0,2,3,0,0.225412229876623
29,81.4,158.6,21.1058,0.84,30,20,41,4.3,0.9,1,0,0,0,1,149.394841269841,32.3607098047385,1,153,129,936.75,.,.,1,1,3,1,.
29,81.4,158.6,21.1058,0.84,30,20,41,4.3,0.9,1,0,0,0,1,149.394841269841,32.3607098047385,1,153,129,959,.,.,1,1,3,1,.
29,81.4,158.6,21.1058,0.84,30,20,41,4.3,0.9,1,0,0,0,1,149.394841269841,32.3607098047385,1,153,.,971.75,.,.,0,2,3,0,0.345604710663082
48,86.8,161.3,37.63,0.82,11,29,78,3.5,1.1,0,1,0,0,2,114.968834688347,33.3619164499231,1,154,129,0,19,24,1,1,3,1,.
48,86.8,161.3,37.63,0.82,11,29,78,3.5,1.1,0,1,0,0,2,114.968834688347,33.3619164499231,1,154,129,480,.,.,1,1,3,1,.
48,86.8,161.3,37.63,0.82,11,29,78,3.5,1.1,0,1,0,0,2,114.968834688347,33.3619164499231,1,154,.,482.62,.,.,0,2,3,0,0.181637594651967
48,86.8,161.3,37.63,0.82,11,29,78,3.5,1.1,0,1,0,0,2,114.968834688347,33.3619164499231,1,154,.,503.42,.,.,0,2,3,0,0.00693093900848737
48,86.8,161.3,37.63,0.82,11,29,78,3.5,1.1,0,1,0,0,2,114.968834688347,33.3619164499231,1,154,129,504,19,24,1,1,3,1,.
48,86.8,161.3,37.63,0.82,11,29,78,3.5,1.1,0,1,0,0,2,114.968834688347,33.3619164499231,1,154,129,984,.,.,1,1,3,1,.
48,86.8,161.3,37.63,0.82,11,29,78,3.5,1.1,0,1,0,0,2,114.968834688347,33.3619164499231,1,154,.,1007.5,.,.,0,2,3,0,0.0454149758954617
48,86.8,161.3,37.63,0.82,11,29,78,3.5,1.1,0,1,0,0,2,114.968834688347,33.3619164499231,1,154,129,1008,.,.,1,1,3,1,.
48,86.8,161.3,37.63,0.82,11,29,78,3.5,1.1,0,1,0,0,2,114.968834688347,33.3619164499231,1,154,129,1032,.,.,1,1,3,1,.
48,86.8,161.3,37.63,0.82,11,29,78,3.5,1.1,0,1,0,0,2,114.968834688347,33.3619164499231,1,154,.,1045.83,.,.,0,2,3,0,0.15339685988253
50,96.1,181.5,25.708,1.25,16,20,43,4.7,1,0,0,1,0,1,96.1,29.1722635824815,0,155,129,0,24,24,1,1,3,1,.
50,96.1,181.5,25.708,1.25,16,20,43,4.7,1,0,0,1,0,1,96.1,29.1722635824815,0,155,129,622,.,.,1,1,3,1,.
50,96.1,181.5,25.708,1.25,16,20,43,4.7,1,0,0,1,0,1,96.1,29.1722635824815,0,155,.,649.33,.,.,0,2,3,0,0.152516106677494
50,96.1,181.5,25.708,1.25,16,20,43,4.7,1,0,0,1,0,1,96.1,29.1722635824815,0,155,129,671,.,.,1,1,3,1,.
50,96.1,181.5,25.708,1.25,16,20,43,4.7,1,0,0,1,0,1,96.1,29.1722635824815,0,155,.,694.25,.,.,0,2,3,0,0.0952224563215502
50,96.1,181.5,25.708,1.25,16,20,43,4.7,1,0,0,1,0,1,96.1,29.1722635824815,0,155,129,695,.,.,1,1,3,1,.
50,96.1,181.5,25.708,1.25,16,20,43,4.7,1,0,0,1,0,1,96.1,29.1722635824815,0,155,129,744.25,7,24,1,1,3,1,.
50,96.1,181.5,25.708,1.25,16,20,43,4.7,1,0,0,1,0,1,96.1,29.1722635824815,0,155,129,959,.,.,1,1,3,1,.
50,96.1,181.5,25.708,1.25,16,20,43,4.7,1,0,0,1,0,1,96.1,29.1722635824815,0,155,.,982.25,.,.,0,2,3,0,0.080522499114698
50,96.1,181.5,25.708,1.25,16,20,43,4.7,1,0,0,1,0,1,96.1,29.1722635824815,0,155,129,983,.,.,1,1,3,1,.
50,96.1,181.5,25.708,1.25,16,20,43,4.7,1,0,0,1,0,1,96.1,29.1722635824815,0,155,129,1007,.,.,1,1,3,1,.
50,96.1,181.5,25.708,1.25,16,20,43,4.7,1,0,0,1,0,1,96.1,29.1722635824815,0,155,.,1020.75,.,.,0,2,3,0,0.139696156516296
53,83.9,168.1,25.3736,0.72,18,17,60,4.3,0.8,1,0,0,0,1,140.804398148148,29.6911168354295,0,156,129,0,16,24,1,1,3,1,.
53,83.9,168.1,25.3736,0.72,18,17,60,4.3,0.8,1,0,0,0,1,140.804398148148,29.6911168354295,0,156,129,430.5,.,.,1,1,3,1,.
53,83.9,168.1,25.3736,0.72,18,17,60,4.3,0.8,1,0,0,0,1,140.804398148148,29.6911168354295,0,156,.,432.67,.,.,0,2,3,0,0.110049514505007
53,83.9,168.1,25.3736,0.72,18,17,60,4.3,0.8,1,0,0,0,1,140.804398148148,29.6911168354295,0,156,129,454.67,.,.,1,1,3,1,.
53,83.9,168.1,25.3736,0.72,18,17,60,4.3,0.8,1,0,0,0,1,140.804398148148,29.6911168354295,0,156,.,477.9,.,.,0,2,3,0,0.154934312286542
53,83.9,168.1,25.3736,0.72,18,17,60,4.3,0.8,1,0,0,0,1,140.804398148148,29.6911168354295,0,156,129,478.67,17,24,1,1,3,1,.
53,83.9,168.1,25.3736,0.72,18,17,60,4.3,0.8,1,0,0,0,1,140.804398148148,29.6911168354295,0,156,129,911.5,.,.,1,1,3,1,.
53,83.9,168.1,25.3736,0.72,18,17,60,4.3,0.8,1,0,0,0,1,140.804398148148,29.6911168354295,0,156,.,934.38,.,.,0,2,3,0,0.163181275362258
53,83.9,168.1,25.3736,0.72,18,17,60,4.3,0.8,1,0,0,0,1,140.804398148148,29.6911168354295,0,156,129,935.5,.,.,1,1,3,1,.
53,83.9,168.1,25.3736,0.72,18,17,60,4.3,0.8,1,0,0,0,1,140.804398148148,29.6911168354295,0,156,129,958.5,.,.,1,1,3,1,.
53,83.9,168.1,25.3736,0.72,18,17,60,4.3,0.8,1,0,0,0,1,140.804398148148,29.6911168354295,0,156,.,971.75,.,.,0,2,3,0,0.144736942764337
47,95.3,168.8,42.433,0.77,8,16,65,3.7,0.4,0,0,1,0,2,135.885010822511,33.4462950068507,1,157,129,0,16,24,1,1,3,1,.
47,95.3,168.8,42.433,0.77,8,16,65,3.7,0.4,0,0,1,0,2,135.885010822511,33.4462950068507,1,157,129,431.42,.,.,1,1,3,1,.
47,95.3,168.8,42.433,0.77,8,16,65,3.7,0.4,0,0,1,0,2,135.885010822511,33.4462950068507,1,157,.,433.22,.,.,0,2,3,0,0.231701471941722
47,95.3,168.8,42.433,0.77,8,16,65,3.7,0.4,0,0,1,0,2,135.885010822511,33.4462950068507,1,157,129,454.92,.,.,1,1,3,1,.
47,95.3,168.8,42.433,0.77,8,16,65,3.7,0.4,0,0,1,0,2,135.885010822511,33.4462950068507,1,157,.,478.25,.,.,0,2,3,0,0.25236616006745
47,95.3,168.8,42.433,0.77,8,16,65,3.7,0.4,0,0,1,0,2,135.885010822511,33.4462950068507,1,157,129,478.92,17,24,1,1,3,1,.
47,95.3,168.8,42.433,0.77,8,16,65,3.7,0.4,0,0,1,0,2,135.885010822511,33.4462950068507,1,157,129,911.08,.,.,1,1,3,1,.
47,95.3,168.8,42.433,0.77,8,16,65,3.7,0.4,0,0,1,0,2,135.885010822511,33.4462950068507,1,157,.,934.77,.,.,0,2,3,0,0.147056016182578
47,95.3,168.8,42.433,0.77,8,16,65,3.7,0.4,0,0,1,0,2,135.885010822511,33.4462950068507,1,157,129,935.08,.,.,1,1,3,1,.
47,95.3,168.8,42.433,0.77,8,16,65,3.7,0.4,0,0,1,0,2,135.885010822511,33.4462950068507,1,157,129,958.92,.,.,1,1,3,1,.
47,95.3,168.8,42.433,0.77,8,16,65,3.7,0.4,0,0,1,0,2,135.885010822511,33.4462950068507,1,157,.,972.8,.,.,0,2,3,0,0.222035912997629
44,108.6,176.1,36.7133,1.16,22,24,55,3.9,0.7,0,1,0,0,1,124.827586206897,35.0195945272693,1,158,129,0,21,24,1,1,3,1,.
44,108.6,176.1,36.7133,1.16,22,24,55,3.9,0.7,0,1,0,0,1,124.827586206897,35.0195945272693,1,158,129,548,.,.,1,1,3,1,.
44,108.6,176.1,36.7133,1.16,22,24,55,3.9,0.7,0,1,0,0,1,124.827586206897,35.0195945272693,1,158,.,550,.,.,0,2,3,0,0.220208146718932
44,108.6,176.1,36.7133,1.16,22,24,55,3.9,0.7,0,1,0,0,1,124.827586206897,35.0195945272693,1,158,129,572,.,.,1,1,3,1,.
44,108.6,176.1,36.7133,1.16,22,24,55,3.9,0.7,0,1,0,0,1,124.827586206897,35.0195945272693,1,158,.,595.5,.,.,0,2,3,0,0.236031083403375
44,108.6,176.1,36.7133,1.16,22,24,55,3.9,0.7,0,1,0,0,1,124.827586206897,35.0195945272693,1,158,129,596,11,24,1,1,3,1,.
44,108.6,176.1,36.7133,1.16,22,24,55,3.9,0.7,0,1,0,0,1,124.827586206897,35.0195945272693,1,158,129,884,.,.,1,1,3,1,.
44,108.6,176.1,36.7133,1.16,22,24,55,3.9,0.7,0,1,0,0,1,124.827586206897,35.0195945272693,1,158,.,907.5,.,.,0,2,3,0,0.121809581176444
44,108.6,176.1,36.7133,1.16,22,24,55,3.9,0.7,0,1,0,0,1,124.827586206897,35.0195945272693,1,158,129,908,.,.,1,1,3,1,.
44,108.6,176.1,36.7133,1.16,22,24,55,3.9,0.7,0,1,0,0,1,124.827586206897,35.0195945272693,1,158,129,932,.,.,1,1,3,1,.
44,108.6,176.1,36.7133,1.16,22,24,55,3.9,0.7,0,1,0,0,1,124.827586206897,35.0195945272693,1,158,.,944.17,.,.,0,2,3,0,0.359480211227623
58,63.3,156.9,27.5245,0.73,30,24,46,4.2,0.4,0,0,0,1,2,83.9423515981735,25.7133003569396,0,159,129,0,17,24,1,1,3,1,.
58,63.3,156.9,27.5245,0.73,30,24,46,4.2,0.4,0,0,0,1,2,83.9423515981735,25.7133003569396,0,159,129,433,.,.,1,1,3,1,.
58,63.3,156.9,27.5245,0.73,30,24,46,4.2,0.4,0,0,0,1,2,83.9423515981735,25.7133003569396,0,159,129,457,.,.,1,1,3,1,.
58,63.3,156.9,27.5245,0.73,30,24,46,4.2,0.4,0,0,0,1,2,83.9423515981735,25.7133003569396,0,159,.,480.42,.,.,0,2,3,0,0.297270559245964
58,63.3,156.9,27.5245,0.73,30,24,46,4.2,0.4,0,0,0,1,2,83.9423515981735,25.7133003569396,0,159,129,481,16,24,1,1,3,1,.
58,63.3,156.9,27.5245,0.73,30,24,46,4.2,0.4,0,0,0,1,2,83.9423515981735,25.7133003569396,0,159,129,889,.,.,1,1,3,1,.
58,63.3,156.9,27.5245,0.73,30,24,46,4.2,0.4,0,0,0,1,2,83.9423515981735,25.7133003569396,0,159,129,913,.,.,1,1,3,1,.
58,63.3,156.9,27.5245,0.73,30,24,46,4.2,0.4,0,0,0,1,2,83.9423515981735,25.7133003569396,0,159,129,937,.,.,1,1,3,1,.
34,83.1,162.4,40.2545,0.6,15,17,72,4,0.6,0,1,0,0,2,173.317361111111,31.5085903564755,1,160,129,0,16,24,1,1,3,1,.
34,83.1,162.4,40.2545,0.6,15,17,72,4,0.6,0,1,0,0,2,173.317361111111,31.5085903564755,1,160,129,409,.,.,1,1,3,1,.
34,83.1,162.4,40.2545,0.6,15,17,72,4,0.6,0,1,0,0,2,173.317361111111,31.5085903564755,1,160,.,411.67,.,.,0,2,3,0,0.392747350804587
34,83.1,162.4,40.2545,0.6,15,17,72,4,0.6,0,1,0,0,2,173.317361111111,31.5085903564755,1,160,129,433,.,.,1,1,3,1,.
34,83.1,162.4,40.2545,0.6,15,17,72,4,0.6,0,1,0,0,2,173.317361111111,31.5085903564755,1,160,.,455.75,.,.,0,2,3,0,0.136874869648711
34,83.1,162.4,40.2545,0.6,15,17,72,4,0.6,0,1,0,0,2,173.317361111111,31.5085903564755,1,160,129,457,18,24,1,1,3,1,.
34,83.1,162.4,40.2545,0.6,15,17,72,4,0.6,0,1,0,0,2,173.317361111111,31.5085903564755,1,160,129,913,.,.,1,1,3,1,.
34,83.1,162.4,40.2545,0.6,15,17,72,4,0.6,0,1,0,0,2,173.317361111111,31.5085903564755,1,160,129,937,.,.,1,1,3,1,.
34,83.1,162.4,40.2545,0.6,15,17,72,4,0.6,0,1,0,0,2,173.317361111111,31.5085903564755,1,160,129,961,.,.,1,1,3,1,.
34,83.1,162.4,40.2545,0.6,15,17,72,4,0.6,0,1,0,0,2,173.317361111111,31.5085903564755,1,160,.,974.33,.,.,0,2,3,0,0.272267316221837
52,66.5,157.1,17.1638,0.71,19,21,70,4.6,0.7,0,0,0,0,1,114.475743348983,26.9444470330922,0,161,129,0,.,.,1,1,3,1,.
52,66.5,157.1,17.1638,0.71,19,21,70,4.6,0.7,0,0,0,0,1,114.475743348983,26.9444470330922,0,161,129,46.83,14,24,1,1,3,1,.
52,66.5,157.1,17.1638,0.71,19,21,70,4.6,0.7,0,0,0,0,1,114.475743348983,26.9444470330922,0,161,129,429.83,.,.,1,1,3,1,.
52,66.5,157.1,17.1638,0.71,19,21,70,4.6,0.7,0,0,0,0,1,114.475743348983,26.9444470330922,0,161,.,432.33,.,.,0,2,3,0,0.545899256836052
52,66.5,157.1,17.1638,0.71,19,21,70,4.6,0.7,0,0,0,0,1,114.475743348983,26.9444470330922,0,161,129,453.83,.,.,1,1,3,1,.
52,66.5,157.1,17.1638,0.71,19,21,70,4.6,0.7,0,0,0,0,1,114.475743348983,26.9444470330922,0,161,.,476.67,.,.,0,2,3,0,0.213544907151174
52,66.5,157.1,17.1638,0.71,19,21,70,4.6,0.7,0,0,0,0,1,114.475743348983,26.9444470330922,0,161,129,477.83,17,24,1,1,3,1,.
52,66.5,157.1,17.1638,0.71,19,21,70,4.6,0.7,0,0,0,0,1,114.475743348983,26.9444470330922,0,161,129,909.83,.,.,1,1,3,1,.
52,66.5,157.1,17.1638,0.71,19,21,70,4.6,0.7,0,0,0,0,1,114.475743348983,26.9444470330922,0,161,.,933.67,.,.,0,2,3,0,0.121126027736809
52,66.5,157.1,17.1638,0.71,19,21,70,4.6,0.7,0,0,0,0,1,114.475743348983,26.9444470330922,0,161,129,933.83,.,.,1,1,3,1,.
52,66.5,157.1,17.1638,0.71,19,21,70,4.6,0.7,0,0,0,0,1,114.475743348983,26.9444470330922,0,161,129,957.83,.,.,1,1,3,1,.
52,66.5,157.1,17.1638,0.71,19,21,70,4.6,0.7,0,0,0,0,1,114.475743348983,26.9444470330922,0,161,.,971.03,.,.,0,2,3,0,0.183893375526859
56,94.4,168.4,40.5534,0.71,15,18,64,4.4,0.5,0,0,1,0,2,131.849765258216,33.2880089821204,1,162,129,0,17,24,1,1,3,1,.
56,94.4,168.4,40.5534,0.71,15,18,64,4.4,0.5,0,0,1,0,2,131.849765258216,33.2880089821204,1,162,129,432,.,.,1,1,3,1,.
56,94.4,168.4,40.5534,0.71,15,18,64,4.4,0.5,0,0,1,0,2,131.849765258216,33.2880089821204,1,162,.,434.58,.,.,0,2,3,0,0.626450369104249
56,94.4,168.4,40.5534,0.71,15,18,64,4.4,0.5,0,0,1,0,2,131.849765258216,33.2880089821204,1,162,.,478.8,.,.,0,2,3,0,0.14808284866223
56,94.4,168.4,40.5534,0.71,15,18,64,4.4,0.5,0,0,1,0,2,131.849765258216,33.2880089821204,1,162,129,480,17,24,1,1,3,1,.
56,94.4,168.4,40.5534,0.71,15,18,64,4.4,0.5,0,0,1,0,2,131.849765258216,33.2880089821204,1,162,129,912,.,.,1,1,3,1,.
56,94.4,168.4,40.5534,0.71,15,18,64,4.4,0.5,0,0,1,0,2,131.849765258216,33.2880089821204,1,162,129,936,.,.,1,1,3,1,.
56,94.4,168.4,40.5534,0.71,15,18,64,4.4,0.5,0,0,1,0,2,131.849765258216,33.2880089821204,1,162,129,960,.,.,1,1,3,1,.
56,94.4,168.4,40.5534,0.71,15,18,64,4.4,0.5,0,0,1,0,2,131.849765258216,33.2880089821204,1,162,.,974.17,.,.,0,2,3,0,0.19511171850369
49,67.9,177.5,15.8885,0.8,21,23,61,4.3,0.4,0,1,0,0,1,107.272569444444,21.5512795080341,0,163,129,0,16,24,1,1,3,1,.
49,67.9,177.5,15.8885,0.8,21,23,61,4.3,0.4,0,1,0,0,1,107.272569444444,21.5512795080341,0,163,129,408,.,.,1,1,3,1,.
49,67.9,177.5,15.8885,0.8,21,23,61,4.3,0.4,0,1,0,0,1,107.272569444444,21.5512795080341,0,163,129,456,.,.,1,1,3,1,.
49,67.9,177.5,15.8885,0.8,21,23,61,4.3,0.4,0,1,0,0,1,107.272569444444,21.5512795080341,0,163,.,478.5,.,.,0,2,3,0,0.14792338298006
49,67.9,177.5,15.8885,0.8,21,23,61,4.3,0.4,0,1,0,0,1,107.272569444444,21.5512795080341,0,163,129,480,16,24,1,1,3,1,.
49,67.9,177.5,15.8885,0.8,21,23,61,4.3,0.4,0,1,0,0,1,107.272569444444,21.5512795080341,0,163,129,888,.,.,1,1,3,1,.
49,67.9,177.5,15.8885,0.8,21,23,61,4.3,0.4,0,1,0,0,1,107.272569444444,21.5512795080341,0,163,129,912,.,.,1,1,3,1,.
49,67.9,177.5,15.8885,0.8,21,23,61,4.3,0.4,0,1,0,0,1,107.272569444444,21.5512795080341,0,163,129,936,.,.,1,1,3,1,.
49,67.9,177.5,15.8885,0.8,21,23,61,4.3,0.4,0,1,0,0,1,107.272569444444,21.5512795080341,0,163,.,949.17,.,.,0,2,3,0,0.259237556230497
33,82,178.4,22.7098,0.92,28,29,95,4.4,0.7,0,1,0,0,1,132.457729468599,25.7646443724989,0,164,129,0,19,24,1,1,3,1,.
33,82,178.4,22.7098,0.92,28,29,95,4.4,0.7,0,1,0,0,1,132.457729468599,25.7646443724989,0,164,129,480,.,.,1,1,3,1,.
33,82,178.4,22.7098,0.92,28,29,95,4.4,0.7,0,1,0,0,1,132.457729468599,25.7646443724989,0,164,.,482.6,.,.,0,2,3,0,0.313881234356751
33,82,178.4,22.7098,0.92,28,29,95,4.4,0.7,0,1,0,0,1,132.457729468599,25.7646443724989,0,164,129,504,.,.,1,1,3,1,.
33,82,178.4,22.7098,0.92,28,29,95,4.4,0.7,0,1,0,0,1,132.457729468599,25.7646443724989,0,164,.,526.75,.,.,0,2,3,0,0.144297837197668
33,82,178.4,22.7098,0.92,28,29,95,4.4,0.7,0,1,0,0,1,132.457729468599,25.7646443724989,0,164,129,528,16,24,1,1,3,1,.
33,82,178.4,22.7098,0.92,28,29,95,4.4,0.7,0,1,0,0,1,132.457729468599,25.7646443724989,0,164,129,936,.,.,1,1,3,1,.
33,82,178.4,22.7098,0.92,28,29,95,4.4,0.7,0,1,0,0,1,132.457729468599,25.7646443724989,0,164,129,960,.,.,1,1,3,1,.
33,82,178.4,22.7098,0.92,28,29,95,4.4,0.7,0,1,0,0,1,132.457729468599,25.7646443724989,0,164,129,984,.,.,1,1,3,1,.
33,82,178.4,22.7098,0.92,28,29,95,4.4,0.7,0,1,0,0,1,132.457729468599,25.7646443724989,0,164,.,997.17,.,.,0,2,3,0,0.292548688726184
37,62.8,161.2,22.2994,0.86,19,23,71,4.5,0.4,0,1,0,0,2,88.7942506459948,24.1673798865826,0,165,129,0,15,24,1,1,3,1,.
37,62.8,161.2,22.2994,0.86,19,23,71,4.5,0.4,0,1,0,0,2,88.7942506459948,24.1673798865826,0,165,129,384,.,.,1,1,3,1,.
37,62.8,161.2,22.2994,0.86,19,23,71,4.5,0.4,0,1,0,0,2,88.7942506459948,24.1673798865826,0,165,.,386.5,.,.,0,2,3,0,0.773034514374564
37,62.8,161.2,22.2994,0.86,19,23,71,4.5,0.4,0,1,0,0,2,88.7942506459948,24.1673798865826,0,165,129,408,.,.,1,1,3,1,.
37,62.8,161.2,22.2994,0.86,19,23,71,4.5,0.4,0,1,0,0,2,88.7942506459948,24.1673798865826,0,165,.,430.5,.,.,0,2,3,0,0.432381690900519
27,90.9,180,24.6766,1.04,30,23,33,4.4,0.8,0,1,0,0,1,137.175480769231,28.0555555555556,0,166,129,0,18,24,1,1,3,1,.
27,90.9,180,24.6766,1.04,30,23,33,4.4,0.8,0,1,0,0,1,137.175480769231,28.0555555555556,0,166,129,456,.,.,1,1,3,1,.
27,90.9,180,24.6766,1.04,30,23,33,4.4,0.8,0,1,0,0,1,137.175480769231,28.0555555555556,0,166,.,458.5,.,.,0,2,3,0,0.312100855690895
27,90.9,180,24.6766,1.04,30,23,33,4.4,0.8,0,1,0,0,1,137.175480769231,28.0555555555556,0,166,.,478.75,.,.,0,2,3,0,0.216667566787109
27,90.9,180,24.6766,1.04,30,23,33,4.4,0.8,0,1,0,0,1,137.175480769231,28.0555555555556,0,166,129,480,17,24,1,1,3,1,.
27,90.9,180,24.6766,1.04,30,23,33,4.4,0.8,0,1,0,0,1,137.175480769231,28.0555555555556,0,166,129,912.5,.,.,1,1,3,1,.
27,90.9,180,24.6766,1.04,30,23,33,4.4,0.8,0,1,0,0,1,137.175480769231,28.0555555555556,0,166,.,935.58,.,.,0,2,3,0,0.049065544127079
27,90.9,180,24.6766,1.04,30,23,33,4.4,0.8,0,1,0,0,1,137.175480769231,28.0555555555556,0,166,129,936.5,.,.,1,1,3,1,.
27,90.9,180,24.6766,1.04,30,23,33,4.4,0.8,0,1,0,0,1,137.175480769231,28.0555555555556,0,166,129,960,.,.,1,1,3,1,.
27,90.9,180,24.6766,1.04,30,23,33,4.4,0.8,0,1,0,0,1,137.175480769231,28.0555555555556,0,166,.,973.33,.,.,0,2,3,0,0.25251010699119
44,72.1,163.1,17.1662,0.82,32,27,65,4.7,0.6,1,0,0,0,1,117.235772357724,27.1036226754696,0,167,129,0,18,24,1,1,3,1,.
44,72.1,163.1,17.1662,0.82,32,27,65,4.7,0.6,1,0,0,0,1,117.235772357724,27.1036226754696,0,167,129,456,.,.,1,1,3,1,.
44,72.1,163.1,17.1662,0.82,32,27,65,4.7,0.6,1,0,0,0,1,117.235772357724,27.1036226754696,0,167,.,458.67,.,.,0,2,3,0,0.781104845391281
44,72.1,163.1,17.1662,0.82,32,27,65,4.7,0.6,1,0,0,0,1,117.235772357724,27.1036226754696,0,167,.,478.7,.,.,0,2,3,0,0.462015391550662
44,72.1,163.1,17.1662,0.82,32,27,65,4.7,0.6,1,0,0,0,1,117.235772357724,27.1036226754696,0,167,129,480,17,24,1,1,3,1,.
44,72.1,163.1,17.1662,0.82,32,27,65,4.7,0.6,1,0,0,0,1,117.235772357724,27.1036226754696,0,167,129,912,.,.,1,1,3,1,.
44,72.1,163.1,17.1662,0.82,32,27,65,4.7,0.6,1,0,0,0,1,117.235772357724,27.1036226754696,0,167,129,960,.,.,1,1,3,1,.
44,72.1,163.1,17.1662,0.82,32,27,65,4.7,0.6,1,0,0,0,1,117.235772357724,27.1036226754696,0,167,.,973.25,.,.,0,2,3,0,0.170618760320702
35,108.7,169.4,48.5971,0.66,8,16,59,3.9,0.5,0,1,0,0,2,204.155618686869,37.8793686725424,1,168,129,0,.,.,1,1,3,1,.
35,108.7,169.4,48.5971,0.66,8,16,59,3.9,0.5,0,1,0,0,2,204.155618686869,37.8793686725424,1,168,258,24.5,.,.,1,1,3,1,.
35,108.7,169.4,48.5971,0.66,8,16,59,3.9,0.5,0,1,0,0,2,204.155618686869,37.8793686725424,1,168,129,48.5,16,24,1,1,3,1,.
35,108.7,169.4,48.5971,0.66,8,16,59,3.9,0.5,0,1,0,0,2,204.155618686869,37.8793686725424,1,168,129,480,.,.,1,1,3,1,.
35,108.7,169.4,48.5971,0.66,8,16,59,3.9,0.5,0,1,0,0,2,204.155618686869,37.8793686725424,1,168,.,482.03,.,.,0,2,3,0,0.253363417975516
35,108.7,169.4,48.5971,0.66,8,16,59,3.9,0.5,0,1,0,0,2,204.155618686869,37.8793686725424,1,168,129,504,.,.,1,1,3,1,.
35,108.7,169.4,48.5971,0.66,8,16,59,3.9,0.5,0,1,0,0,2,204.155618686869,37.8793686725424,1,168,.,527.03,.,.,0,2,3,0,0.242647993702024
35,108.7,169.4,48.5971,0.66,8,16,59,3.9,0.5,0,1,0,0,2,204.155618686869,37.8793686725424,1,168,129,528,17,24,1,1,3,1,.
35,108.7,169.4,48.5971,0.66,8,16,59,3.9,0.5,0,1,0,0,2,204.155618686869,37.8793686725424,1,168,129,960.5,.,.,1,1,3,1,.
35,108.7,169.4,48.5971,0.66,8,16,59,3.9,0.5,0,1,0,0,2,204.155618686869,37.8793686725424,1,168,.,983.92,.,.,0,2,3,0,0.235617805213256
35,108.7,169.4,48.5971,0.66,8,16,59,3.9,0.5,0,1,0,0,2,204.155618686869,37.8793686725424,1,168,129,984.5,.,.,1,1,3,1,.
35,108.7,169.4,48.5971,0.66,8,16,59,3.9,0.5,0,1,0,0,2,204.155618686869,37.8793686725424,1,168,129,1008,.,.,1,1,3,1,.
35,108.7,169.4,48.5971,0.66,8,16,59,3.9,0.5,0,1,0,0,2,204.155618686869,37.8793686725424,1,168,.,1019.42,.,.,0,2,3,0,0.330180749711737
23,68.9,154.9,27.9821,0.74,12,18,73,4.3,0.5,1,0,0,0,2,128.605574324324,28.7155002436025,0,169,129,0,18,24,1,1,3,1,.
23,68.9,154.9,27.9821,0.74,12,18,73,4.3,0.5,1,0,0,0,2,128.605574324324,28.7155002436025,0,169,129,456,.,.,1,1,3,1,.
23,68.9,154.9,27.9821,0.74,12,18,73,4.3,0.5,1,0,0,0,2,128.605574324324,28.7155002436025,0,169,.,482.17,.,.,0,2,3,0,0.0639445162329373
23,68.9,154.9,27.9821,0.74,12,18,73,4.3,0.5,1,0,0,0,2,128.605574324324,28.7155002436025,0,169,129,504,.,.,1,1,3,1,.
23,68.9,154.9,27.9821,0.74,12,18,73,4.3,0.5,1,0,0,0,2,128.605574324324,28.7155002436025,0,169,.,527,.,.,0,2,3,0,0.116526817608603
23,68.9,154.9,27.9821,0.74,12,18,73,4.3,0.5,1,0,0,0,2,128.605574324324,28.7155002436025,0,169,129,528,18,24,1,1,3,1,.
23,68.9,154.9,27.9821,0.74,12,18,73,4.3,0.5,1,0,0,0,2,128.605574324324,28.7155002436025,0,169,129,984,.,.,1,1,3,1,.
23,68.9,154.9,27.9821,0.74,12,18,73,4.3,0.5,1,0,0,0,2,128.605574324324,28.7155002436025,0,169,.,1007.67,.,.,0,2,3,0,0.159764941216824
23,68.9,154.9,27.9821,0.74,12,18,73,4.3,0.5,1,0,0,0,2,128.605574324324,28.7155002436025,0,169,129,1008,.,.,1,1,3,1,.
23,68.9,154.9,27.9821,0.74,12,18,73,4.3,0.5,1,0,0,0,2,128.605574324324,28.7155002436025,0,169,129,1032,.,.,1,1,3,1,.
23,68.9,154.9,27.9821,0.74,12,18,73,4.3,0.5,1,0,0,0,2,128.605574324324,28.7155002436025,0,169,.,1045.5,.,.,0,2,3,0,0.300909814749229
19,64.5,168,16.1605,0.9,14,23,60,3.7,0.7,0,0,1,0,2,102.373842592593,22.8528911564626,0,170,129,0,17,24,1,1,3,1,.
19,64.5,168,16.1605,0.9,14,23,60,3.7,0.7,0,0,1,0,2,102.373842592593,22.8528911564626,0,170,129,434.17,.,.,1,1,3,1,.
19,64.5,168,16.1605,0.9,14,23,60,3.7,0.7,0,0,1,0,2,102.373842592593,22.8528911564626,0,170,129,458.17,.,.,1,1,3,1,.
19,64.5,168,16.1605,0.9,14,23,60,3.7,0.7,0,0,1,0,2,102.373842592593,22.8528911564626,0,170,129,479.67,.,.,1,1,3,1,.
19,64.5,168,16.1605,0.9,14,23,60,3.7,0.7,0,0,1,0,2,102.373842592593,22.8528911564626,0,170,.,502.67,.,.,0,2,3,0,0.27400526287477
19,64.5,168,16.1605,0.9,14,23,60,3.7,0.7,0,0,1,0,2,102.373842592593,22.8528911564626,0,170,129,503.67,.,.,1,1,3,1,.
19,64.5,168,16.1605,0.9,14,23,60,3.7,0.7,0,0,1,0,2,102.373842592593,22.8528911564626,0,170,258,528.17,.,.,1,1,3,1,.
19,64.5,168,16.1605,0.9,14,23,60,3.7,0.7,0,0,1,0,2,102.373842592593,22.8528911564626,0,170,129,551.13,20,24,1,1,3,1,.
19,64.5,168,16.1605,0.9,14,23,60,3.7,0.7,0,0,1,0,2,102.373842592593,22.8528911564626,0,170,129,1055.67,.,.,1,1,3,1,.
19,64.5,168,16.1605,0.9,14,23,60,3.7,0.7,0,0,1,0,2,102.373842592593,22.8528911564626,0,170,.,1079.08,.,.,0,2,3,0,0.148773889403721
19,64.5,168,16.1605,0.9,14,23,60,3.7,0.7,0,0,1,0,2,102.373842592593,22.8528911564626,0,170,129,1079.67,.,.,1,1,3,1,.
19,64.5,168,16.1605,0.9,14,23,60,3.7,0.7,0,0,1,0,2,102.373842592593,22.8528911564626,0,170,129,1103.67,.,.,1,1,3,1,.
19,64.5,168,16.1605,0.9,14,23,60,3.7,0.7,0,0,1,0,2,102.373842592593,22.8528911564626,0,170,.,1116.17,.,.,0,2,3,0,0.265380739978752
58,116.6,164.2,50.1618,0.91,16,21,57,4.3,0.6,0,1,0,0,2,124.038766788767,43.2466274306756,1,171,129,0,.,.,1,1,3,1,.
58,116.6,164.2,50.1618,0.91,16,21,57,4.3,0.6,0,1,0,0,2,124.038766788767,43.2466274306756,1,171,129,72,13,24,1,1,3,1,.
58,116.6,164.2,50.1618,0.91,16,21,57,4.3,0.6,0,1,0,0,2,124.038766788767,43.2466274306756,1,171,129,408,.,.,1,1,3,1,.
58,116.6,164.2,50.1618,0.91,16,21,57,4.3,0.6,0,1,0,0,2,124.038766788767,43.2466274306756,1,171,.,410.33,.,.,0,2,3,0,0.509036369505741
58,116.6,164.2,50.1618,0.91,16,21,57,4.3,0.6,0,1,0,0,2,124.038766788767,43.2466274306756,1,171,129,432,.,.,1,1,3,1,.
58,116.6,164.2,50.1618,0.91,16,21,57,4.3,0.6,0,1,0,0,2,124.038766788767,43.2466274306756,1,171,.,455,.,.,0,2,3,0,0.0818572958427108
58,116.6,164.2,50.1618,0.91,16,21,57,4.3,0.6,0,1,0,0,2,124.038766788767,43.2466274306756,1,171,129,456,18,24,1,1,3,1,.
58,116.6,164.2,50.1618,0.91,16,21,57,4.3,0.6,0,1,0,0,2,124.038766788767,43.2466274306756,1,171,129,912,.,.,1,1,3,1,.
58,116.6,164.2,50.1618,0.91,16,21,57,4.3,0.6,0,1,0,0,2,124.038766788767,43.2466274306756,1,171,.,935.67,.,.,0,2,3,0,0.205554964828411
58,116.6,164.2,50.1618,0.91,16,21,57,4.3,0.6,0,1,0,0,2,124.038766788767,43.2466274306756,1,171,129,936,.,.,1,1,3,1,.
58,116.6,164.2,50.1618,0.91,16,21,57,4.3,0.6,0,1,0,0,2,124.038766788767,43.2466274306756,1,171,129,960,.,.,1,1,3,1,.
58,116.6,164.2,50.1618,0.91,16,21,57,4.3,0.6,0,1,0,0,2,124.038766788767,43.2466274306756,1,171,.,973.5,.,.,0,2,3,0,0.112308708281601
18,88.9,180.7,26.846,0.94,23,19,59,4.7,0.5,0,1,0,0,1,160.251182033097,27.2261012866094,0,172,129,0,23,24,1,1,3,1,.
18,88.9,180.7,26.846,0.94,23,19,59,4.7,0.5,0,1,0,0,1,160.251182033097,27.2261012866094,0,172,129,576,.,.,1,1,3,1,.
18,88.9,180.7,26.846,0.94,23,19,59,4.7,0.5,0,1,0,0,1,160.251182033097,27.2261012866094,0,172,.,578.1,.,.,0,2,3,0,0.275847910931899
18,88.9,180.7,26.846,0.94,23,19,59,4.7,0.5,0,1,0,0,1,160.251182033097,27.2261012866094,0,172,129,600,.,.,1,1,3,1,.
18,88.9,180.7,26.846,0.94,23,19,59,4.7,0.5,0,1,0,0,1,160.251182033097,27.2261012866094,0,172,.,622.45,.,.,0,2,3,0,0.034280183163014
18,88.9,180.7,26.846,0.94,23,19,59,4.7,0.5,0,1,0,0,1,160.251182033097,27.2261012866094,0,172,129,624,12,24,1,1,3,1,.
18,88.9,180.7,26.846,0.94,23,19,59,4.7,0.5,0,1,0,0,1,160.251182033097,27.2261012866094,0,172,129,936,.,.,1,1,3,1,.
18,88.9,180.7,26.846,0.94,23,19,59,4.7,0.5,0,1,0,0,1,160.251182033097,27.2261012866094,0,172,.,958.67,.,.,0,2,3,0,0.0423129376952321
18,88.9,180.7,26.846,0.94,23,19,59,4.7,0.5,0,1,0,0,1,160.251182033097,27.2261012866094,0,172,129,960,.,.,1,1,3,1,.
18,88.9,180.7,26.846,0.94,23,19,59,4.7,0.5,0,1,0,0,1,160.251182033097,27.2261012866094,0,172,129,984,.,.,1,1,3,1,.
18,88.9,180.7,26.846,0.94,23,19,59,4.7,0.5,0,1,0,0,1,160.251182033097,27.2261012866094,0,172,.,997,.,.,0,2,3,0,0.169308930457968
43,51.7,153,20.0486,0.62,27,23,47,4.2,0.4,0,0,0,1,2,95.4898073476702,22.0855226622239,0,173,129,0,14,24,1,1,3,1,.
43,51.7,153,20.0486,0.62,27,23,47,4.2,0.4,0,0,0,1,2,95.4898073476702,22.0855226622239,0,173,.,372.58,.,.,0,2,3,0,0.168026527697386
43,51.7,153,20.0486,0.62,27,23,47,4.2,0.4,0,0,0,1,2,95.4898073476702,22.0855226622239,0,173,129,382.1,.,.,1,1,3,1,.
43,51.7,153,20.0486,0.62,27,23,47,4.2,0.4,0,0,0,1,2,95.4898073476702,22.0855226622239,0,173,129,406,.,.,1,1,3,1,.
43,51.7,153,20.0486,0.62,27,23,47,4.2,0.4,0,0,0,1,2,95.4898073476702,22.0855226622239,0,173,.,428.92,.,.,0,2,3,0,0.375892284105153
43,51.7,153,20.0486,0.62,27,23,47,4.2,0.4,0,0,0,1,2,95.4898073476702,22.0855226622239,0,173,129,430,17,24,1,1,3,1,.
43,51.7,153,20.0486,0.62,27,23,47,4.2,0.4,0,0,0,1,2,95.4898073476702,22.0855226622239,0,173,129,862,.,.,1,1,3,1,.
43,51.7,153,20.0486,0.62,27,23,47,4.2,0.4,0,0,0,1,2,95.4898073476702,22.0855226622239,0,173,129,862.5,.,.,1,1,3,1,.
43,51.7,153,20.0486,0.62,27,23,47,4.2,0.4,0,0,0,1,2,95.4898073476702,22.0855226622239,0,173,.,886.2,.,.,0,2,3,0,0.43319551238417
36,58.6,166,18.5446,0.67,10,16,34,4,0.3,1,0,0,0,2,107.384742951907,21.2657860357091,0,174,129,0,18,24,1,1,3,1,.
36,58.6,166,18.5446,0.67,10,16,34,4,0.3,1,0,0,0,2,107.384742951907,21.2657860357091,0,174,129,474.5,.,.,1,1,3,1,.
36,58.6,166,18.5446,0.67,10,16,34,4,0.3,1,0,0,0,2,107.384742951907,21.2657860357091,0,174,.,500.63,.,.,0,2,3,0,0.0127346156607175
36,58.6,166,18.5446,0.67,10,16,34,4,0.3,1,0,0,0,2,107.384742951907,21.2657860357091,0,174,129,522,.,.,1,1,3,1,.
36,58.6,166,18.5446,0.67,10,16,34,4,0.3,1,0,0,0,2,107.384742951907,21.2657860357091,0,174,.,545.67,.,.,0,2,3,0,0.273263315820961
36,58.6,166,18.5446,0.67,10,16,34,4,0.3,1,0,0,0,2,107.384742951907,21.2657860357091,0,174,129,546,17,24,1,1,3,1,.
36,58.6,166,18.5446,0.67,10,16,34,4,0.3,1,0,0,0,2,107.384742951907,21.2657860357091,0,174,129,981,.,.,1,1,3,1,.
36,58.6,166,18.5446,0.67,10,16,34,4,0.3,1,0,0,0,2,107.384742951907,21.2657860357091,0,174,.,1002,.,.,0,2,3,0,0.29089091764803
36,58.6,166,18.5446,0.67,10,16,34,4,0.3,1,0,0,0,2,107.384742951907,21.2657860357091,0,174,129,1005,.,.,1,1,3,1,.
36,58.6,166,18.5446,0.67,10,16,34,4,0.3,1,0,0,0,2,107.384742951907,21.2657860357091,0,174,129,1026.5,.,.,1,1,3,1,.
36,58.6,166,18.5446,0.67,10,16,34,4,0.3,1,0,0,0,2,107.384742951907,21.2657860357091,0,174,.,1039.5,.,.,0,2,3,0,0.214417384932662
36,58.6,166,18.5446,0.67,10,16,34,4,0.3,1,0,0,0,2,107.384742951907,21.2657860357091,0,174,.,1053.5,.,.,0,2,3,0,0.245908161566762
37,54,171.3,11.7599,0.66,13,22,50,4.6,0.5,1,0,0,0,1,117.045454545455,18.4025935388494,0,175,129,0,20,24,1,1,3,1,.
37,54,171.3,11.7599,0.66,13,22,50,4.6,0.5,1,0,0,0,1,117.045454545455,18.4025935388494,0,175,129,505.67,.,.,1,1,3,1,.
37,54,171.3,11.7599,0.66,13,22,50,4.6,0.5,1,0,0,0,1,117.045454545455,18.4025935388494,0,175,.,529.67,.,.,0,2,3,0,0.224897387924792
37,54,171.3,11.7599,0.66,13,22,50,4.6,0.5,1,0,0,0,1,117.045454545455,18.4025935388494,0,175,129,551.33,.,.,1,1,3,1,.
37,54,171.3,11.7599,0.66,13,22,50,4.6,0.5,1,0,0,0,1,117.045454545455,18.4025935388494,0,175,.,573.5,.,.,0,2,3,0,0.132569306833881
37,54,171.3,11.7599,0.66,13,22,50,4.6,0.5,1,0,0,0,1,117.045454545455,18.4025935388494,0,175,129,575.33,16,24,1,1,3,1,.
37,54,171.3,11.7599,0.66,13,22,50,4.6,0.5,1,0,0,0,1,117.045454545455,18.4025935388494,0,175,129,1007,.,.,1,1,3,1,.
37,54,171.3,11.7599,0.66,13,22,50,4.6,0.5,1,0,0,0,1,117.045454545455,18.4025935388494,0,175,129,1031,.,.,1,1,3,1,.
37,54,171.3,11.7599,0.66,13,22,50,4.6,0.5,1,0,0,0,1,117.045454545455,18.4025935388494,0,175,129,1055,.,.,1,1,3,1,.
37,54,171.3,11.7599,0.66,13,22,50,4.6,0.5,1,0,0,0,1,117.045454545455,18.4025935388494,0,175,.,1067.22,.,.,0,2,3,0,0.348096521798616
20,93.5,182.1,22.2733,1.23,21,24,60,4.9,0.2,0,0,1,0,1,126.693766937669,28.1962738096423,0,176,129,0,17,24,1,1,3,1,.
20,93.5,182.1,22.2733,1.23,21,24,60,4.9,0.2,0,0,1,0,1,126.693766937669,28.1962738096423,0,176,129,455.5,.,.,1,1,3,1,.
20,93.5,182.1,22.2733,1.23,21,24,60,4.9,0.2,0,0,1,0,1,126.693766937669,28.1962738096423,0,176,.,458,.,.,0,2,3,0,0.278208237014979
20,93.5,182.1,22.2733,1.23,21,24,60,4.9,0.2,0,0,1,0,1,126.693766937669,28.1962738096423,0,176,129,480,.,.,1,1,3,1,.
20,93.5,182.1,22.2733,1.23,21,24,60,4.9,0.2,0,0,1,0,1,126.693766937669,28.1962738096423,0,176,.,502.33,.,.,0,2,3,0,0.085366172384931
20,93.5,182.1,22.2733,1.23,21,24,60,4.9,0.2,0,0,1,0,1,126.693766937669,28.1962738096423,0,176,129,504,16,24,1,1,3,1,.
20,93.5,182.1,22.2733,1.23,21,24,60,4.9,0.2,0,0,1,0,1,126.693766937669,28.1962738096423,0,176,129,935.5,.,.,1,1,3,1,.
20,93.5,182.1,22.2733,1.23,21,24,60,4.9,0.2,0,0,1,0,1,126.693766937669,28.1962738096423,0,176,129,936,.,.,1,1,3,1,.
20,93.5,182.1,22.2733,1.23,21,24,60,4.9,0.2,0,0,1,0,1,126.693766937669,28.1962738096423,0,176,.,959.38,.,.,0,2,3,0,0.330373981948645
20,93.5,182.1,22.2733,1.23,21,24,60,4.9,0.2,0,0,1,0,1,126.693766937669,28.1962738096423,0,176,129,983.5,.,.,1,1,3,1,.
20,93.5,182.1,22.2733,1.23,21,24,60,4.9,0.2,0,0,1,0,1,126.693766937669,28.1962738096423,0,176,.,997.17,.,.,0,2,3,0,0.211965982382686
30,100,162.3,45.7608,0.73,25,23,94,4.2,0.5,0,1,0,0,2,177.891933028919,37.9632128874478,1,177,129,0,17,24,1,1,3,1,.
30,100,162.3,45.7608,0.73,25,23,94,4.2,0.5,0,1,0,0,2,177.891933028919,37.9632128874478,1,177,129,453,.,.,1,1,3,1,.
30,100,162.3,45.7608,0.73,25,23,94,4.2,0.5,0,1,0,0,2,177.891933028919,37.9632128874478,1,177,.,455.55,.,.,0,2,3,0,0.244356371700635
30,100,162.3,45.7608,0.73,25,23,94,4.2,0.5,0,1,0,0,2,177.891933028919,37.9632128874478,1,177,129,475,.,.,1,1,3,1,.
30,100,162.3,45.7608,0.73,25,23,94,4.2,0.5,0,1,0,0,2,177.891933028919,37.9632128874478,1,177,.,499.42,.,.,0,2,3,0,0.168853497110878
30,100,162.3,45.7608,0.73,25,23,94,4.2,0.5,0,1,0,0,2,177.891933028919,37.9632128874478,1,177,129,933,.,.,1,1,3,1,.
30,100,162.3,45.7608,0.73,25,23,94,4.2,0.5,0,1,0,0,2,177.891933028919,37.9632128874478,1,177,.,956.75,.,.,0,2,3,0,0.187410186618655
30,100,162.3,45.7608,0.73,25,23,94,4.2,0.5,0,1,0,0,2,177.891933028919,37.9632128874478,1,177,129,957,.,.,1,1,3,1,.
30,100,162.3,45.7608,0.73,25,23,94,4.2,0.5,0,1,0,0,2,177.891933028919,37.9632128874478,1,177,129,981,.,.,1,1,3,1,.
30,100,162.3,45.7608,0.73,25,23,94,4.2,0.5,0,1,0,0,2,177.891933028919,37.9632128874478,1,177,.,995.93,.,.,0,2,3,0,0.227618594617468
50,76.1,166.4,32.1645,0.68,13,14,55,3.7,0.7,0,0,1,0,2,118.90625,27.4838780510355,0,178,129,0,17,24,1,1,3,1,.
50,76.1,166.4,32.1645,0.68,13,14,55,3.7,0.7,0,0,1,0,2,118.90625,27.4838780510355,0,178,129,432,.,.,1,1,3,1,.
50,76.1,166.4,32.1645,0.68,13,14,55,3.7,0.7,0,0,1,0,2,118.90625,27.4838780510355,0,178,.,434.08,.,.,0,2,3,0,0.0425550381212086
50,76.1,166.4,32.1645,0.68,13,14,55,3.7,0.7,0,0,1,0,2,118.90625,27.4838780510355,0,178,129,456,.,.,1,1,3,1,.
50,76.1,166.4,32.1645,0.68,13,14,55,3.7,0.7,0,0,1,0,2,118.90625,27.4838780510355,0,178,.,479.25,.,.,0,2,3,0,0.136377953809302
50,76.1,166.4,32.1645,0.68,13,14,55,3.7,0.7,0,0,1,0,2,118.90625,27.4838780510355,0,178,129,480,18,24,1,1,3,1,.
50,76.1,166.4,32.1645,0.68,13,14,55,3.7,0.7,0,0,1,0,2,118.90625,27.4838780510355,0,178,129,937,.,.,1,1,3,1,.
50,76.1,166.4,32.1645,0.68,13,14,55,3.7,0.7,0,0,1,0,2,118.90625,27.4838780510355,0,178,.,959.92,.,.,0,2,3,0,0.241839306133103
50,76.1,166.4,32.1645,0.68,13,14,55,3.7,0.7,0,0,1,0,2,118.90625,27.4838780510355,0,178,129,961,.,.,1,1,3,1,.
50,76.1,166.4,32.1645,0.68,13,14,55,3.7,0.7,0,0,1,0,2,118.90625,27.4838780510355,0,178,129,984,.,.,1,1,3,1,.
50,76.1,166.4,32.1645,0.68,13,14,55,3.7,0.7,0,0,1,0,2,118.90625,27.4838780510355,0,178,.,996.42,.,.,0,2,3,0,0.196567852893663
46,97.3,177.2,29.9818,1.08,31,25,67,4.6,0.7,0,1,0,0,1,117.620884773663,30.9874190441735,1,179,129,0,16,24,1,1,3,1,.
46,97.3,177.2,29.9818,1.08,31,25,67,4.6,0.7,0,1,0,0,1,117.620884773663,30.9874190441735,1,179,129,431.58,.,.,1,1,3,1,.
46,97.3,177.2,29.9818,1.08,31,25,67,4.6,0.7,0,1,0,0,1,117.620884773663,30.9874190441735,1,179,.,433.67,.,.,0,2,3,0,0.166220189824095
46,97.3,177.2,29.9818,1.08,31,25,67,4.6,0.7,0,1,0,0,1,117.620884773663,30.9874190441735,1,179,129,455.58,.,.,1,1,3,1,.
46,97.3,177.2,29.9818,1.08,31,25,67,4.6,0.7,0,1,0,0,1,117.620884773663,30.9874190441735,1,179,.,479,.,.,0,2,3,0,0.114569907175716
46,97.3,177.2,29.9818,1.08,31,25,67,4.6,0.7,0,1,0,0,1,117.620884773663,30.9874190441735,1,179,129,479.58,18,24,1,1,3,1,.
46,97.3,177.2,29.9818,1.08,31,25,67,4.6,0.7,0,1,0,0,1,117.620884773663,30.9874190441735,1,179,129,936.58,.,.,1,1,3,1,.
46,97.3,177.2,29.9818,1.08,31,25,67,4.6,0.7,0,1,0,0,1,117.620884773663,30.9874190441735,1,179,.,959.5,.,.,0,2,3,0,0.326923753255693
46,97.3,177.2,29.9818,1.08,31,25,67,4.6,0.7,0,1,0,0,1,117.620884773663,30.9874190441735,1,179,129,960.58,.,.,1,1,3,1,.
46,97.3,177.2,29.9818,1.08,31,25,67,4.6,0.7,0,1,0,0,1,117.620884773663,30.9874190441735,1,179,129,983.58,.,.,1,1,3,1,.
46,97.3,177.2,29.9818,1.08,31,25,67,4.6,0.7,0,1,0,0,1,117.620884773663,30.9874190441735,1,179,.,997,.,.,0,2,3,0,0.102840252979163
53,84.5,176.9,28.0783,0.78,32,29,49,4.4,0.9,1,0,0,0,1,130.902777777778,27.0023177255676,0,180,129,0,17,24,1,1,3,1,.
53,84.5,176.9,28.0783,0.78,32,29,49,4.4,0.9,1,0,0,0,1,130.902777777778,27.0023177255676,0,180,129,432,.,.,1,1,3,1,.
53,84.5,176.9,28.0783,0.78,32,29,49,4.4,0.9,1,0,0,0,1,130.902777777778,27.0023177255676,0,180,.,434,.,.,0,2,3,0,0.121361286128726
53,84.5,176.9,28.0783,0.78,32,29,49,4.4,0.9,1,0,0,0,1,130.902777777778,27.0023177255676,0,180,129,456,.,.,1,1,3,1,.
53,84.5,176.9,28.0783,0.78,32,29,49,4.4,0.9,1,0,0,0,1,130.902777777778,27.0023177255676,0,180,.,479.17,.,.,0,2,3,0,0.117864822767665
53,84.5,176.9,28.0783,0.78,32,29,49,4.4,0.9,1,0,0,0,1,130.902777777778,27.0023177255676,0,180,129,480,17,24,1,1,3,1,.
53,84.5,176.9,28.0783,0.78,32,29,49,4.4,0.9,1,0,0,0,1,130.902777777778,27.0023177255676,0,180,129,912,.,.,1,1,3,1,.
53,84.5,176.9,28.0783,0.78,32,29,49,4.4,0.9,1,0,0,0,1,130.902777777778,27.0023177255676,0,180,.,935.83,.,.,0,2,3,0,0.309007440432837
53,84.5,176.9,28.0783,0.78,32,29,49,4.4,0.9,1,0,0,0,1,130.902777777778,27.0023177255676,0,180,129,936,.,.,1,1,3,1,.
53,84.5,176.9,28.0783,0.78,32,29,49,4.4,0.9,1,0,0,0,1,130.902777777778,27.0023177255676,0,180,129,960,.,.,1,1,3,1,.
53,84.5,176.9,28.0783,0.78,32,29,49,4.4,0.9,1,0,0,0,1,130.902777777778,27.0023177255676,0,180,.,973.58,.,.,0,2,3,0,0.192213875510017
51,86.4,159.5,33.9312,0.76,29,28,96,4.5,0.4,1,0,0,0,2,119.447368421053,33.9619304055581,1,181,129,0,.,.,1,1,3,1,.
51,86.4,159.5,33.9312,0.76,29,28,96,4.5,0.4,1,0,0,0,2,119.447368421053,33.9619304055581,1,181,258,25.25,.,.,1,1,3,1,.
51,86.4,159.5,33.9312,0.76,29,28,96,4.5,0.4,1,0,0,0,2,119.447368421053,33.9619304055581,1,181,129,49.05,14,24,1,1,3,1,.
51,86.4,159.5,33.9312,0.76,29,28,96,4.5,0.4,1,0,0,0,2,119.447368421053,33.9619304055581,1,181,129,432,.,.,1,1,3,1,.
51,86.4,159.5,33.9312,0.76,29,28,96,4.5,0.4,1,0,0,0,2,119.447368421053,33.9619304055581,1,181,.,435,.,.,0,2,3,0,0.107118057889392
51,86.4,159.5,33.9312,0.76,29,28,96,4.5,0.4,1,0,0,0,2,119.447368421053,33.9619304055581,1,181,129,456,.,.,1,1,3,1,.
51,86.4,159.5,33.9312,0.76,29,28,96,4.5,0.4,1,0,0,0,2,119.447368421053,33.9619304055581,1,181,.,479.3,.,.,0,2,3,0,0.142854349767498
51,86.4,159.5,33.9312,0.76,29,28,96,4.5,0.4,1,0,0,0,2,119.447368421053,33.9619304055581,1,181,129,480,17,24,1,1,3,1,.
51,86.4,159.5,33.9312,0.76,29,28,96,4.5,0.4,1,0,0,0,2,119.447368421053,33.9619304055581,1,181,129,912,.,.,1,1,3,1,.
51,86.4,159.5,33.9312,0.76,29,28,96,4.5,0.4,1,0,0,0,2,119.447368421053,33.9619304055581,1,181,.,935.58,.,.,0,2,3,0,0.143731822459692
51,86.4,159.5,33.9312,0.76,29,28,96,4.5,0.4,1,0,0,0,2,119.447368421053,33.9619304055581,1,181,129,936,.,.,1,1,3,1,.
51,86.4,159.5,33.9312,0.76,29,28,96,4.5,0.4,1,0,0,0,2,119.447368421053,33.9619304055581,1,181,129,937,.,.,1,1,3,1,.
51,86.4,159.5,33.9312,0.76,29,28,96,4.5,0.4,1,0,0,0,2,119.447368421053,33.9619304055581,1,181,.,974,.,.,0,2,3,0,0.178360039881808
29,76.1,140.3,29.9591,0.44,19,20,99,3.9,0.4,1,0,0,0,2,226.642518939394,38.6606645265288,1,182,129,0,18,24,1,1,3,1,.
29,76.1,140.3,29.9591,0.44,19,20,99,3.9,0.4,1,0,0,0,2,226.642518939394,38.6606645265288,1,182,129,456,.,.,1,1,3,1,.
29,76.1,140.3,29.9591,0.44,19,20,99,3.9,0.4,1,0,0,0,2,226.642518939394,38.6606645265288,1,182,.,458.63,.,.,0,2,3,0,0.250703576041077
29,76.1,140.3,29.9591,0.44,19,20,99,3.9,0.4,1,0,0,0,2,226.642518939394,38.6606645265288,1,182,129,480,.,.,1,1,3,1,.
29,76.1,140.3,29.9591,0.44,19,20,99,3.9,0.4,1,0,0,0,2,226.642518939394,38.6606645265288,1,182,.,503.75,.,.,0,2,3,0,0.235329631090163
29,76.1,140.3,29.9591,0.44,19,20,99,3.9,0.4,1,0,0,0,2,226.642518939394,38.6606645265288,1,182,129,504,17,24,1,1,3,1,.
29,76.1,140.3,29.9591,0.44,19,20,99,3.9,0.4,1,0,0,0,2,226.642518939394,38.6606645265288,1,182,129,936,.,.,1,1,3,1,.
29,76.1,140.3,29.9591,0.44,19,20,99,3.9,0.4,1,0,0,0,2,226.642518939394,38.6606645265288,1,182,.,959.5,.,.,0,2,3,0,0.0886255520059631
29,76.1,140.3,29.9591,0.44,19,20,99,3.9,0.4,1,0,0,0,2,226.642518939394,38.6606645265288,1,182,129,960,.,.,1,1,3,1,.
29,76.1,140.3,29.9591,0.44,19,20,99,3.9,0.4,1,0,0,0,2,226.642518939394,38.6606645265288,1,182,129,984,.,.,1,1,3,1,.
29,76.1,140.3,29.9591,0.44,19,20,99,3.9,0.4,1,0,0,0,2,226.642518939394,38.6606645265288,1,182,.,997.75,.,.,0,2,3,0,0.344116637704863
28,92.4,169.6,28.3658,1.12,26,18,54,4.2,0.5,0,0,0,0,1,128.333333333333,32.123309006764,1,183,129,0,18,24,1,1,3,1,.
28,92.4,169.6,28.3658,1.12,26,18,54,4.2,0.5,0,0,0,0,1,128.333333333333,32.123309006764,1,183,129,474,.,.,1,1,3,1,.
28,92.4,169.6,28.3658,1.12,26,18,54,4.2,0.5,0,0,0,0,1,128.333333333333,32.123309006764,1,183,.,477,.,.,0,2,3,0,0.278914178672759
28,92.4,169.6,28.3658,1.12,26,18,54,4.2,0.5,0,0,0,0,1,128.333333333333,32.123309006764,1,183,129,498,.,.,1,1,3,1,.
28,92.4,169.6,28.3658,1.12,26,18,54,4.2,0.5,0,0,0,0,1,128.333333333333,32.123309006764,1,183,.,521.83,.,.,0,2,3,0,0.26085582368628
28,92.4,169.6,28.3658,1.12,26,18,54,4.2,0.5,0,0,0,0,1,128.333333333333,32.123309006764,1,183,129,522,17,24,1,1,3,1,.
28,92.4,169.6,28.3658,1.12,26,18,54,4.2,0.5,0,0,0,0,1,128.333333333333,32.123309006764,1,183,129,958.5,.,.,1,1,3,1,.
28,92.4,169.6,28.3658,1.12,26,18,54,4.2,0.5,0,0,0,0,1,128.333333333333,32.123309006764,1,183,.,977.42,.,.,0,2,3,0,0.144092681367065
28,92.4,169.6,28.3658,1.12,26,18,54,4.2,0.5,0,0,0,0,1,128.333333333333,32.123309006764,1,183,129,982.5,.,.,1,1,3,1,.
28,92.4,169.6,28.3658,1.12,26,18,54,4.2,0.5,0,0,0,0,1,128.333333333333,32.123309006764,1,183,129,1002,.,.,1,1,3,1,.
28,92.4,169.6,28.3658,1.12,26,18,54,4.2,0.5,0,0,0,0,1,128.333333333333,32.123309006764,1,183,.,1016.42,.,.,0,2,3,0,0.590694078974892
45,125.3,181.3,39.8145,1,44,27,84,4.4,0.8,0,0,1,0,1,165.326388888889,38.1202256546989,1,184,129,0,17,24,1,1,3,1,.
45,125.3,181.3,39.8145,1,44,27,84,4.4,0.8,0,0,1,0,1,165.326388888889,38.1202256546989,1,184,129,453,.,.,1,1,3,1,.
45,125.3,181.3,39.8145,1,44,27,84,4.4,0.8,0,0,1,0,1,165.326388888889,38.1202256546989,1,184,.,479.75,.,.,0,2,3,0,0.187902951662976
45,125.3,181.3,39.8145,1,44,27,84,4.4,0.8,0,0,1,0,1,165.326388888889,38.1202256546989,1,184,129,501,.,.,1,1,3,1,.
45,125.3,181.3,39.8145,1,44,27,84,4.4,0.8,0,0,1,0,1,165.326388888889,38.1202256546989,1,184,.,524.3,.,.,0,2,3,0,0.128234809644124
45,125.3,181.3,39.8145,1,44,27,84,4.4,0.8,0,0,1,0,1,165.326388888889,38.1202256546989,1,184,129,525,17,24,1,1,3,1,.
45,125.3,181.3,39.8145,1,44,27,84,4.4,0.8,0,0,1,0,1,165.326388888889,38.1202256546989,1,184,129,957.5,.,.,1,1,3,1,.
45,125.3,181.3,39.8145,1,44,27,84,4.4,0.8,0,0,1,0,1,165.326388888889,38.1202256546989,1,184,129,981.5,.,.,1,1,3,1,.
45,125.3,181.3,39.8145,1,44,27,84,4.4,0.8,0,0,1,0,1,165.326388888889,38.1202256546989,1,184,129,1005,.,.,1,1,3,1,.
45,125.3,181.3,39.8145,1,44,27,84,4.4,0.8,0,0,1,0,1,165.326388888889,38.1202256546989,1,184,.,1019.38,.,.,0,2,3,0,0.274980937139733
49,73.7,165.2,25.7629,0.82,12,17,67,4.1,0.4,0,1,0,0,2,96.5564871273713,27.0052002415445,0,185,129,0,16,24,1,1,3,1,.
49,73.7,165.2,25.7629,0.82,12,17,67,4.1,0.4,0,1,0,0,2,96.5564871273713,27.0052002415445,0,185,129,431.5,.,.,1,1,3,1,.
49,73.7,165.2,25.7629,0.82,12,17,67,4.1,0.4,0,1,0,0,2,96.5564871273713,27.0052002415445,0,185,.,457.83,.,.,0,2,3,0,0.126600013880062
49,73.7,165.2,25.7629,0.82,12,17,67,4.1,0.4,0,1,0,0,2,96.5564871273713,27.0052002415445,0,185,129,479,.,.,1,1,3,1,.
49,73.7,165.2,25.7629,0.82,12,17,67,4.1,0.4,0,1,0,0,2,96.5564871273713,27.0052002415445,0,185,.,502.5,.,.,0,2,3,0,0.200074829368325
49,73.7,165.2,25.7629,0.82,12,17,67,4.1,0.4,0,1,0,0,2,96.5564871273713,27.0052002415445,0,185,129,503,17,24,1,1,3,1,.
49,73.7,165.2,25.7629,0.82,12,17,67,4.1,0.4,0,1,0,0,2,96.5564871273713,27.0052002415445,0,185,129,935,.,.,1,1,3,1,.
49,73.7,165.2,25.7629,0.82,12,17,67,4.1,0.4,0,1,0,0,2,96.5564871273713,27.0052002415445,0,185,.,958.75,.,.,0,2,3,0,0.154160521497851
49,73.7,165.2,25.7629,0.82,12,17,67,4.1,0.4,0,1,0,0,2,96.5564871273713,27.0052002415445,0,185,129,959,.,.,1,1,3,1,.
49,73.7,165.2,25.7629,0.82,12,17,67,4.1,0.4,0,1,0,0,2,96.5564871273713,27.0052002415445,0,185,129,983,.,.,1,1,3,1,.
49,73.7,165.2,25.7629,0.82,12,17,67,4.1,0.4,0,1,0,0,2,96.5564871273713,27.0052002415445,0,185,.,997,.,.,0,2,3,0,0.076438273417201
23,68,156,26.5779,0.67,15,17,50,4.2,0.3,1,0,0,0,2,140.186567164179,27.9421433267587,0,186,129,0,18,24,1,1,3,1,.
23,68,156,26.5779,0.67,15,17,50,4.2,0.3,1,0,0,0,2,140.186567164179,27.9421433267587,0,186,129,456.5,.,.,1,1,3,1,.
23,68,156,26.5779,0.67,15,17,50,4.2,0.3,1,0,0,0,2,140.186567164179,27.9421433267587,0,186,.,482.33,.,.,0,2,3,0,0.0657950339719342
23,68,156,26.5779,0.67,15,17,50,4.2,0.3,1,0,0,0,2,140.186567164179,27.9421433267587,0,186,129,504,.,.,1,1,3,1,.
23,68,156,26.5779,0.67,15,17,50,4.2,0.3,1,0,0,0,2,140.186567164179,27.9421433267587,0,186,.,527.38,.,.,0,2,3,0,0.0647675887949956
23,68,156,26.5779,0.67,15,17,50,4.2,0.3,1,0,0,0,2,140.186567164179,27.9421433267587,0,186,129,528,18,24,1,1,3,1,.
23,68,156,26.5779,0.67,15,17,50,4.2,0.3,1,0,0,0,2,140.186567164179,27.9421433267587,0,186,129,984.75,.,.,1,1,3,1,.
23,68,156,26.5779,0.67,15,17,50,4.2,0.3,1,0,0,0,2,140.186567164179,27.9421433267587,0,186,129,1008.75,.,.,1,1,3,1,.
23,68,156,26.5779,0.67,15,17,50,4.2,0.3,1,0,0,0,2,140.186567164179,27.9421433267587,0,186,129,1032,.,.,1,1,3,1,.
23,68,156,26.5779,0.67,15,17,50,4.2,0.3,1,0,0,0,2,140.186567164179,27.9421433267587,0,186,.,1044.5,.,.,0,2,3,0,0.093334202994853
34,49.8,148.9,19.2277,0.77,12,18,55,3.9,0.5,0,0,0,1,2,80.9339826839827,22.4615616378177,0,187,129,0,17,24,1,1,3,1,.
34,49.8,148.9,19.2277,0.77,12,18,55,3.9,0.5,0,0,0,1,2,80.9339826839827,22.4615616378177,0,187,129,432,.,.,1,1,3,1,.
34,49.8,148.9,19.2277,0.77,12,18,55,3.9,0.5,0,0,0,1,2,80.9339826839827,22.4615616378177,0,187,.,459,.,.,0,2,3,0,0.290894367565781
34,49.8,148.9,19.2277,0.77,12,18,55,3.9,0.5,0,0,0,1,2,80.9339826839827,22.4615616378177,0,187,129,480,.,.,1,1,3,1,.
34,49.8,148.9,19.2277,0.77,12,18,55,3.9,0.5,0,0,0,1,2,80.9339826839827,22.4615616378177,0,187,.,503.25,.,.,0,2,3,0,0.283388971563458
34,49.8,148.9,19.2277,0.77,12,18,55,3.9,0.5,0,0,0,1,2,80.9339826839827,22.4615616378177,0,187,129,504,17,24,1,1,3,1,.
34,49.8,148.9,19.2277,0.77,12,18,55,3.9,0.5,0,0,0,1,2,80.9339826839827,22.4615616378177,0,187,129,936,.,.,1,1,3,1,.
34,49.8,148.9,19.2277,0.77,12,18,55,3.9,0.5,0,0,0,1,2,80.9339826839827,22.4615616378177,0,187,129,960,.,.,1,1,3,1,.
34,49.8,148.9,19.2277,0.77,12,18,55,3.9,0.5,0,0,0,1,2,80.9339826839827,22.4615616378177,0,187,129,984,.,.,1,1,3,1,.
34,49.8,148.9,19.2277,0.77,12,18,55,3.9,0.5,0,0,0,1,2,80.9339826839827,22.4615616378177,0,187,.,998.42,.,.,0,2,3,0,0.478598251199842
47,84.7,175.7,24.727,0.72,18,20,49,4.4,0.4,1,0,0,0,1,151.950231481481,27.4372062121463,0,188,129,0,15,24,1,1,3,1,.
47,84.7,175.7,24.727,0.72,18,20,49,4.4,0.4,1,0,0,0,1,151.950231481481,27.4372062121463,0,188,129,384,.,.,1,1,3,1,.
47,84.7,175.7,24.727,0.72,18,20,49,4.4,0.4,1,0,0,0,1,151.950231481481,27.4372062121463,0,188,.,411.08,.,.,0,2,3,0,0.379357090263013
47,84.7,175.7,24.727,0.72,18,20,49,4.4,0.4,1,0,0,0,1,151.950231481481,27.4372062121463,0,188,129,432,.,.,1,1,3,1,.
47,84.7,175.7,24.727,0.72,18,20,49,4.4,0.4,1,0,0,0,1,151.950231481481,27.4372062121463,0,188,.,455.4,.,.,0,2,3,0,0.225492452949874
47,84.7,175.7,24.727,0.72,18,20,49,4.4,0.4,1,0,0,0,1,151.950231481481,27.4372062121463,0,188,129,456,17,24,1,1,3,1,.
47,84.7,175.7,24.727,0.72,18,20,49,4.4,0.4,1,0,0,0,1,151.950231481481,27.4372062121463,0,188,129,888,.,.,1,1,3,1,.
47,84.7,175.7,24.727,0.72,18,20,49,4.4,0.4,1,0,0,0,1,151.950231481481,27.4372062121463,0,188,.,911.75,.,.,0,2,3,0,0.241666268529009
47,84.7,175.7,24.727,0.72,18,20,49,4.4,0.4,1,0,0,0,1,151.950231481481,27.4372062121463,0,188,129,912,.,.,1,1,3,1,.
47,84.7,175.7,24.727,0.72,18,20,49,4.4,0.4,1,0,0,0,1,151.950231481481,27.4372062121463,0,188,129,936,.,.,1,1,3,1,.
47,84.7,175.7,24.727,0.72,18,20,49,4.4,0.4,1,0,0,0,1,151.950231481481,27.4372062121463,0,188,.,950.75,.,.,0,2,3,0,0.357568934107884
58,85.3,181.7,25.2446,1.04,27,23,55,4.5,0.7,0,1,0,0,1,93.4107905982906,25.8368269589873,0,189,129,0,18,24,1,1,3,1,.
58,85.3,181.7,25.2446,1.04,27,23,55,4.5,0.7,0,1,0,0,1,93.4107905982906,25.8368269589873,0,189,129,456,.,.,1,1,3,1,.
58,85.3,181.7,25.2446,1.04,27,23,55,4.5,0.7,0,1,0,0,1,93.4107905982906,25.8368269589873,0,189,.,482.25,.,.,0,2,3,0,0.175341782313086
58,85.3,181.7,25.2446,1.04,27,23,55,4.5,0.7,0,1,0,0,1,93.4107905982906,25.8368269589873,0,189,129,503.75,.,.,1,1,3,1,.
58,85.3,181.7,25.2446,1.04,27,23,55,4.5,0.7,0,1,0,0,1,93.4107905982906,25.8368269589873,0,189,.,527.28,.,.,0,2,3,0,0.213187570518107
58,85.3,181.7,25.2446,1.04,27,23,55,4.5,0.7,0,1,0,0,1,93.4107905982906,25.8368269589873,0,189,129,527.75,17,24,1,1,3,1,.
58,85.3,181.7,25.2446,1.04,27,23,55,4.5,0.7,0,1,0,0,1,93.4107905982906,25.8368269589873,0,189,129,959.75,.,.,1,1,3,1,.
58,85.3,181.7,25.2446,1.04,27,23,55,4.5,0.7,0,1,0,0,1,93.4107905982906,25.8368269589873,0,189,.,983.08,.,.,0,2,3,0,0.143843315836272
58,85.3,181.7,25.2446,1.04,27,23,55,4.5,0.7,0,1,0,0,1,93.4107905982906,25.8368269589873,0,189,129,983.75,.,.,1,1,3,1,.
58,85.3,181.7,25.2446,1.04,27,23,55,4.5,0.7,0,1,0,0,1,93.4107905982906,25.8368269589873,0,189,129,1007.75,.,.,1,1,3,1,.
58,85.3,181.7,25.2446,1.04,27,23,55,4.5,0.7,0,1,0,0,1,93.4107905982906,25.8368269589873,0,189,.,1023,.,.,0,2,3,0,0.281274177509469
41,83.1,182.8,20.6317,1.14,28,25,69,4.6,1,0,0,0,1,1,100.230263157895,24.868445623393,0,190,129,0,17,24,1,1,3,1,.
41,83.1,182.8,20.6317,1.14,28,25,69,4.6,1,0,0,0,1,1,100.230263157895,24.868445623393,0,190,129,432,.,.,1,1,3,1,.
41,83.1,182.8,20.6317,1.14,28,25,69,4.6,1,0,0,0,1,1,100.230263157895,24.868445623393,0,190,129,480,.,.,1,1,3,1,.
41,83.1,182.8,20.6317,1.14,28,25,69,4.6,1,0,0,0,1,1,100.230263157895,24.868445623393,0,190,129,936.75,.,.,1,1,3,1,.
41,83.1,182.8,20.6317,1.14,28,25,69,4.6,1,0,0,0,1,1,100.230263157895,24.868445623393,0,190,129,960.75,.,.,1,1,3,1,.
41,83.1,182.8,20.6317,1.14,28,25,69,4.6,1,0,0,0,1,1,100.230263157895,24.868445623393,0,190,129,984,.,.,1,1,3,1,.
41,83.1,182.8,20.6317,1.14,28,25,69,4.6,1,0,0,0,1,1,100.230263157895,24.868445623393,0,190,.,997.75,.,.,0,2,3,0,0.192330924605024
29,90,171.9,26.0631,0.91,21,22,74,4.7,1,1,0,0,0,1,152.472527472527,30.4572547657989,1,191,129,0,.,.,1,1,3,1,.
29,90,171.9,26.0631,0.91,21,22,74,4.7,1,1,0,0,0,1,152.472527472527,30.4572547657989,1,191,258,22.92,.,.,1,1,3,1,.
29,90,171.9,26.0631,0.91,21,22,74,4.7,1,1,0,0,0,1,152.472527472527,30.4572547657989,1,191,129,49.5,14,24,1,1,3,1,.
29,90,171.9,26.0631,0.91,21,22,74,4.7,1,1,0,0,0,1,152.472527472527,30.4572547657989,1,191,129,431,.,.,1,1,3,1,.
29,90,171.9,26.0631,0.91,21,22,74,4.7,1,1,0,0,0,1,152.472527472527,30.4572547657989,1,191,.,433.08,.,.,0,2,3,0,0.146869038238383
29,90,171.9,26.0631,0.91,21,22,74,4.7,1,1,0,0,0,1,152.472527472527,30.4572547657989,1,191,129,455,.,.,1,1,3,1,.
29,90,171.9,26.0631,0.91,21,22,74,4.7,1,1,0,0,0,1,152.472527472527,30.4572547657989,1,191,.,477.83,.,.,0,2,3,0,0.0948595652979841
29,90,171.9,26.0631,0.91,21,22,74,4.7,1,1,0,0,0,1,152.472527472527,30.4572547657989,1,191,129,479,17,24,1,1,3,1,.
29,90,171.9,26.0631,0.91,21,22,74,4.7,1,1,0,0,0,1,152.472527472527,30.4572547657989,1,191,129,911.5,.,.,1,1,3,1,.
29,90,171.9,26.0631,0.91,21,22,74,4.7,1,1,0,0,0,1,152.472527472527,30.4572547657989,1,191,.,934.75,.,.,0,2,3,0,0.0365043044164534
29,90,171.9,26.0631,0.91,21,22,74,4.7,1,1,0,0,0,1,152.472527472527,30.4572547657989,1,191,129,935.5,.,.,1,1,3,1,.
29,90,171.9,26.0631,0.91,21,22,74,4.7,1,1,0,0,0,1,152.472527472527,30.4572547657989,1,191,129,959,.,.,1,1,3,1,.
29,90,171.9,26.0631,0.91,21,22,74,4.7,1,1,0,0,0,1,152.472527472527,30.4572547657989,1,191,.,972,.,.,0,2,3,0,0.0789704699820057
32,69.4,166.8,23.7833,0.98,16,19,67,4.8,1,1,0,0,0,1,106.224489795918,24.9440735181639,0,192,129,0,.,.,1,1,3,1,.
32,69.4,166.8,23.7833,0.98,16,19,67,4.8,1,1,0,0,0,1,106.224489795918,24.9440735181639,0,192,258,26,.,.,1,1,3,1,.
32,69.4,166.8,23.7833,0.98,16,19,67,4.8,1,1,0,0,0,1,106.224489795918,24.9440735181639,0,192,129,51,16,24,1,1,3,1,.
32,69.4,166.8,23.7833,0.98,16,19,67,4.8,1,1,0,0,0,1,106.224489795918,24.9440735181639,0,192,129,479,.,.,1,1,3,1,.
32,69.4,166.8,23.7833,0.98,16,19,67,4.8,1,1,0,0,0,1,106.224489795918,24.9440735181639,0,192,.,481.08,.,.,0,2,3,0,0.398301175508697
32,69.4,166.8,23.7833,0.98,16,19,67,4.8,1,1,0,0,0,1,106.224489795918,24.9440735181639,0,192,129,503,.,.,1,1,3,1,.
32,69.4,166.8,23.7833,0.98,16,19,67,4.8,1,1,0,0,0,1,106.224489795918,24.9440735181639,0,192,.,526.42,.,.,0,2,3,0,0.125638062234771
32,69.4,166.8,23.7833,0.98,16,19,67,4.8,1,1,0,0,0,1,106.224489795918,24.9440735181639,0,192,129,527,.,.,1,1,3,1,.
32,69.4,166.8,23.7833,0.98,16,19,67,4.8,1,1,0,0,0,1,106.224489795918,24.9440735181639,0,192,258,551,.,.,1,1,3,1,.
32,69.4,166.8,23.7833,0.98,16,19,67,4.8,1,1,0,0,0,1,106.224489795918,24.9440735181639,0,192,129,577,13,24,1,1,3,1,.
32,69.4,166.8,23.7833,0.98,16,19,67,4.8,1,1,0,0,0,1,106.224489795918,24.9440735181639,0,192,129,936.5,.,.,1,1,3,1,.
32,69.4,166.8,23.7833,0.98,16,19,67,4.8,1,1,0,0,0,1,106.224489795918,24.9440735181639,0,192,.,958.67,.,.,0,2,3,0,0.0935468059654857
32,69.4,166.8,23.7833,0.98,16,19,67,4.8,1,1,0,0,0,1,106.224489795918,24.9440735181639,0,192,129,960.5,.,.,1,1,3,1,.
32,69.4,166.8,23.7833,0.98,16,19,67,4.8,1,1,0,0,0,1,106.224489795918,24.9440735181639,0,192,129,983,.,.,1,1,3,1,.
32,69.4,166.8,23.7833,0.98,16,19,67,4.8,1,1,0,0,0,1,106.224489795918,24.9440735181639,0,192,.,995.67,.,.,0,2,3,0,0.126803221760499
39,129,169.1,67.3751,0.82,14,17,58,3.6,0.2,0,1,0,0,2,187.578760162602,45.113081709583,1,193,129,0,18,24,1,1,3,1,.
39,129,169.1,67.3751,0.82,14,17,58,3.6,0.2,0,1,0,0,2,187.578760162602,45.113081709583,1,193,129,475.5,.,.,1,1,3,1,.
39,129,169.1,67.3751,0.82,14,17,58,3.6,0.2,0,1,0,0,2,187.578760162602,45.113081709583,1,193,.,478.5,.,.,0,2,3,0,0.199752264302637
39,129,169.1,67.3751,0.82,14,17,58,3.6,0.2,0,1,0,0,2,187.578760162602,45.113081709583,1,193,129,499.5,.,.,1,1,3,1,.
39,129,169.1,67.3751,0.82,14,17,58,3.6,0.2,0,1,0,0,2,187.578760162602,45.113081709583,1,193,.,524,.,.,0,2,3,0,0.230780636020227
39,129,169.1,67.3751,0.82,14,17,58,3.6,0.2,0,1,0,0,2,187.578760162602,45.113081709583,1,193,129,1081,20,24,1,1,3,1,.
44,125.8,188.5,46.9326,0.77,34,27,81,4.3,0.4,0,0,0,0,1,217.835497835498,35.4044565148562,1,194,129,0,.,.,1,1,3,1,.
44,125.8,188.5,46.9326,0.77,34,27,81,4.3,0.4,0,0,0,0,1,217.835497835498,35.4044565148562,1,194,129,95.5,12,24,1,1,3,1,.
44,125.8,188.5,46.9326,0.77,34,27,81,4.3,0.4,0,0,0,0,1,217.835497835498,35.4044565148562,1,194,129,430,.,.,1,1,3,1,.
44,125.8,188.5,46.9326,0.77,34,27,81,4.3,0.4,0,0,0,0,1,217.835497835498,35.4044565148562,1,194,129,454,.,.,1,1,3,1,.
44,125.8,188.5,46.9326,0.77,34,27,81,4.3,0.4,0,0,0,0,1,217.835497835498,35.4044565148562,1,194,129,478,19,24,1,1,3,1,.
44,125.8,188.5,46.9326,0.77,34,27,81,4.3,0.4,0,0,0,0,1,217.835497835498,35.4044565148562,1,194,129,960.5,.,.,1,1,3,1,.
44,125.8,188.5,46.9326,0.77,34,27,81,4.3,0.4,0,0,0,0,1,217.835497835498,35.4044565148562,1,194,.,982,.,.,0,2,3,0,0.148600108657462
44,125.8,188.5,46.9326,0.77,34,27,81,4.3,0.4,0,0,0,0,1,217.835497835498,35.4044565148562,1,194,129,984.5,.,.,1,1,3,1,.
44,125.8,188.5,46.9326,0.77,34,27,81,4.3,0.4,0,0,0,0,1,217.835497835498,35.4044565148562,1,194,129,1006.5,.,.,1,1,3,1,.
44,125.8,188.5,46.9326,0.77,34,27,81,4.3,0.4,0,0,0,0,1,217.835497835498,35.4044565148562,1,194,.,1018.5,.,.,0,2,3,0,0.321872888068689
34,78.2,177.8,17.8789,1.01,15,16,49,4.4,0.3,1,0,0,0,1,113.987898789879,24.7367841674459,0,195,129,0,17,24,1,1,3,1,.
34,78.2,177.8,17.8789,1.01,15,16,49,4.4,0.3,1,0,0,0,1,113.987898789879,24.7367841674459,0,195,129,434.68,.,.,1,1,3,1,.
34,78.2,177.8,17.8789,1.01,15,16,49,4.4,0.3,1,0,0,0,1,113.987898789879,24.7367841674459,0,195,.,458.68,.,.,0,2,3,0,0.13429309736205
34,78.2,177.8,17.8789,1.01,15,16,49,4.4,0.3,1,0,0,0,1,113.987898789879,24.7367841674459,0,195,129,480.75,.,.,1,1,3,1,.
34,78.2,177.8,17.8789,1.01,15,16,49,4.4,0.3,1,0,0,0,1,113.987898789879,24.7367841674459,0,195,.,503.23,.,.,0,2,3,0,0.336169381966668
34,78.2,177.8,17.8789,1.01,15,16,49,4.4,0.3,1,0,0,0,1,113.987898789879,24.7367841674459,0,195,129,504.75,.,.,1,1,3,1,.
34,78.2,177.8,17.8789,1.01,15,16,49,4.4,0.3,1,0,0,0,1,113.987898789879,24.7367841674459,0,195,129,576,13,24,1,1,3,1,.
34,78.2,177.8,17.8789,1.01,15,16,49,4.4,0.3,1,0,0,0,1,113.987898789879,24.7367841674459,0,195,129,912,.,.,1,1,3,1,.
34,78.2,177.8,17.8789,1.01,15,16,49,4.4,0.3,1,0,0,0,1,113.987898789879,24.7367841674459,0,195,.,935.88,.,.,0,2,3,0,0.165799352168547
34,78.2,177.8,17.8789,1.01,15,16,49,4.4,0.3,1,0,0,0,1,113.987898789879,24.7367841674459,0,195,.,973.75,.,.,0,2,3,0,0.160663955875618
48,108.8,185.8,31.6981,1.04,25,24,54,4.9,0.7,0,0,1,0,1,133.675213675214,31.5164632966452,1,196,129,0,15,24,1,1,3,1,.
48,108.8,185.8,31.6981,1.04,25,24,54,4.9,0.7,0,0,1,0,1,133.675213675214,31.5164632966452,1,196,129,384,.,.,1,1,3,1,.
48,108.8,185.8,31.6981,1.04,25,24,54,4.9,0.7,0,0,1,0,1,133.675213675214,31.5164632966452,1,196,.,387,.,.,0,2,3,0,0.449043602147043
48,108.8,185.8,31.6981,1.04,25,24,54,4.9,0.7,0,0,1,0,1,133.675213675214,31.5164632966452,1,196,129,408,.,.,1,1,3,1,.
48,108.8,185.8,31.6981,1.04,25,24,54,4.9,0.7,0,0,1,0,1,133.675213675214,31.5164632966452,1,196,.,430,.,.,0,2,3,0,0.0865211597668403
48,108.8,185.8,31.6981,1.04,25,24,54,4.9,0.7,0,0,1,0,1,133.675213675214,31.5164632966452,1,196,129,432,17,24,1,1,3,1,.
48,108.8,185.8,31.6981,1.04,25,24,54,4.9,0.7,0,0,1,0,1,133.675213675214,31.5164632966452,1,196,129,864,.,.,1,1,3,1,.
48,108.8,185.8,31.6981,1.04,25,24,54,4.9,0.7,0,0,1,0,1,133.675213675214,31.5164632966452,1,196,.,887.92,.,.,0,2,3,0,0.277383460569029
48,108.8,185.8,31.6981,1.04,25,24,54,4.9,0.7,0,0,1,0,1,133.675213675214,31.5164632966452,1,196,129,888,.,.,1,1,3,1,.
48,108.8,185.8,31.6981,1.04,25,24,54,4.9,0.7,0,0,1,0,1,133.675213675214,31.5164632966452,1,196,129,912,.,.,1,1,3,1,.
48,108.8,185.8,31.6981,1.04,25,24,54,4.9,0.7,0,0,1,0,1,133.675213675214,31.5164632966452,1,196,.,926.07,.,.,0,2,3,0,0.218421210841077
59,98.6,175.8,29.844,0.91,21,21,50,4.4,1.1,0,1,0,0,1,121.895604395604,31.9035619388565,1,197,129,0,16,24,1,1,3,1,.
59,98.6,175.8,29.844,0.91,21,21,50,4.4,1.1,0,1,0,0,1,121.895604395604,31.9035619388565,1,197,129,431.5,.,.,1,1,3,1,.
59,98.6,175.8,29.844,0.91,21,21,50,4.4,1.1,0,1,0,0,1,121.895604395604,31.9035619388565,1,197,.,433.5,.,.,0,2,3,0,0.174769004580706
59,98.6,175.8,29.844,0.91,21,21,50,4.4,1.1,0,1,0,0,1,121.895604395604,31.9035619388565,1,197,129,456.5,.,.,1,1,3,1,.
59,98.6,175.8,29.844,0.91,21,21,50,4.4,1.1,0,1,0,0,1,121.895604395604,31.9035619388565,1,197,.,478.5,.,.,0,2,3,0,0.11815117990232
59,98.6,175.8,29.844,0.91,21,21,50,4.4,1.1,0,1,0,0,1,121.895604395604,31.9035619388565,1,197,129,480.5,16,24,1,1,3,1,.
59,98.6,175.8,29.844,0.91,21,21,50,4.4,1.1,0,1,0,0,1,121.895604395604,31.9035619388565,1,197,129,911.5,.,.,1,1,3,1,.
59,98.6,175.8,29.844,0.91,21,21,50,4.4,1.1,0,1,0,0,1,121.895604395604,31.9035619388565,1,197,.,935.25,.,.,0,2,3,0,0.131754878201249
59,98.6,175.8,29.844,0.91,21,21,50,4.4,1.1,0,1,0,0,1,121.895604395604,31.9035619388565,1,197,129,935.5,.,.,1,1,3,1,.
59,98.6,175.8,29.844,0.91,21,21,50,4.4,1.1,0,1,0,0,1,121.895604395604,31.9035619388565,1,197,129,959.5,.,.,1,1,3,1,.
59,98.6,175.8,29.844,0.91,21,21,50,4.4,1.1,0,1,0,0,1,121.895604395604,31.9035619388565,1,197,.,971.75,.,.,0,2,3,0,0.0638220051321743
47,71.3,157.3,29.6959,0.7,23,19,71,4,0.5,0,0,0,0,2,111.830654761905,28.8158931168814,0,198,129,0,19,24,1,1,3,1,.
47,71.3,157.3,29.6959,0.7,23,19,71,4,0.5,0,0,0,0,2,111.830654761905,28.8158931168814,0,198,129,480,.,.,1,1,3,1,.
47,71.3,157.3,29.6959,0.7,23,19,71,4,0.5,0,0,0,0,2,111.830654761905,28.8158931168814,0,198,.,482,.,.,0,2,3,0,0.416969515137273
47,71.3,157.3,29.6959,0.7,23,19,71,4,0.5,0,0,0,0,2,111.830654761905,28.8158931168814,0,198,129,504,17,24,1,1,3,1,.
47,71.3,157.3,29.6959,0.7,23,19,71,4,0.5,0,0,0,0,2,111.830654761905,28.8158931168814,0,198,.,504,.,.,0,2,3,0,0.238678338561229
47,71.3,157.3,29.6959,0.7,23,19,71,4,0.5,0,0,0,0,2,111.830654761905,28.8158931168814,0,198,129,936,.,.,1,1,3,1,.
47,71.3,157.3,29.6959,0.7,23,19,71,4,0.5,0,0,0,0,2,111.830654761905,28.8158931168814,0,198,.,960,.,.,0,2,3,0,0.191702583897821
19,56.1,166.5,12.8551,0.93,14,17,61,4.7,0.7,0,1,0,0,1,101.375448028674,20.2364526688851,0,199,129,0,17,24,1,1,3,1,.
19,56.1,166.5,12.8551,0.93,14,17,61,4.7,0.7,0,1,0,0,1,101.375448028674,20.2364526688851,0,199,129,451.27,.,.,1,1,3,1,.
19,56.1,166.5,12.8551,0.93,14,17,61,4.7,0.7,0,1,0,0,1,101.375448028674,20.2364526688851,0,199,.,453.27,.,.,0,2,3,0,0.3655974576156
19,56.1,166.5,12.8551,0.93,14,17,61,4.7,0.7,0,1,0,0,1,101.375448028674,20.2364526688851,0,199,129,475.27,.,.,1,1,3,1,.
19,56.1,166.5,12.8551,0.93,14,17,61,4.7,0.7,0,1,0,0,1,101.375448028674,20.2364526688851,0,199,.,498.52,.,.,0,2,3,0,0.171876578110454
19,56.1,166.5,12.8551,0.93,14,17,61,4.7,0.7,0,1,0,0,1,101.375448028674,20.2364526688851,0,199,129,499.27,18,24,1,1,3,1,.
19,56.1,166.5,12.8551,0.93,14,17,61,4.7,0.7,0,1,0,0,1,101.375448028674,20.2364526688851,0,199,129,955.27,.,.,1,1,3,1,.
19,56.1,166.5,12.8551,0.93,14,17,61,4.7,0.7,0,1,0,0,1,101.375448028674,20.2364526688851,0,199,.,979.02,.,.,0,2,3,0,0.238763711970989
19,56.1,166.5,12.8551,0.93,14,17,61,4.7,0.7,0,1,0,0,1,101.375448028674,20.2364526688851,0,199,129,979.27,.,.,1,1,3,1,.
19,56.1,166.5,12.8551,0.93,14,17,61,4.7,0.7,0,1,0,0,1,101.375448028674,20.2364526688851,0,199,129,1003.27,.,.,1,1,3,1,.
19,56.1,166.5,12.8551,0.93,14,17,61,4.7,0.7,0,1,0,0,1,101.375448028674,20.2364526688851,0,199,.,1019.02,.,.,0,2,3,0,0.113327894996833
38,92.5,171.1,32.0764,0.81,20,25,50,4.1,0.5,0,1,0,0,2,137.512860082305,31.596699050152,1,200,129,0,16,24,1,1,3,1,.
38,92.5,171.1,32.0764,0.81,20,25,50,4.1,0.5,0,1,0,0,2,137.512860082305,31.596699050152,1,200,129,431,.,.,1,1,3,1,.
38,92.5,171.1,32.0764,0.81,20,25,50,4.1,0.5,0,1,0,0,2,137.512860082305,31.596699050152,1,200,.,434,.,.,0,2,3,0,0.359605842660251
38,92.5,171.1,32.0764,0.81,20,25,50,4.1,0.5,0,1,0,0,2,137.512860082305,31.596699050152,1,200,129,455,.,.,1,1,3,1,.
38,92.5,171.1,32.0764,0.81,20,25,50,4.1,0.5,0,1,0,0,2,137.512860082305,31.596699050152,1,200,.,476,.,.,0,2,3,0,0.113980058453243
38,92.5,171.1,32.0764,0.81,20,25,50,4.1,0.5,0,1,0,0,2,137.512860082305,31.596699050152,1,200,129,479,17,24,1,1,3,1,.
38,92.5,171.1,32.0764,0.81,20,25,50,4.1,0.5,0,1,0,0,2,137.512860082305,31.596699050152,1,200,129,934,.,.,1,1,3,1,.
38,92.5,171.1,32.0764,0.81,20,25,50,4.1,0.5,0,1,0,0,2,137.512860082305,31.596699050152,1,200,.,958.75,.,.,0,2,3,0,0.101803776933108
38,92.5,171.1,32.0764,0.81,20,25,50,4.1,0.5,0,1,0,0,2,137.512860082305,31.596699050152,1,200,129,983,.,.,1,1,3,1,.
38,92.5,171.1,32.0764,0.81,20,25,50,4.1,0.5,0,1,0,0,2,137.512860082305,31.596699050152,1,200,.,998.25,.,.,0,2,3,0,0.128952513589813
29,103.6,162.9,46.69,0.72,11,18,73,4,0.5,0,0,1,0,2,188.554398148148,39.0406991752087,1,201,129,0,.,.,1,1,3,1,.
29,103.6,162.9,46.69,0.72,11,18,73,4,0.5,0,0,1,0,2,188.554398148148,39.0406991752087,1,201,129,72,18,24,1,1,3,1,.
29,103.6,162.9,46.69,0.72,11,18,73,4,0.5,0,0,1,0,2,188.554398148148,39.0406991752087,1,201,129,528,.,.,1,1,3,1,.
29,103.6,162.9,46.69,0.72,11,18,73,4,0.5,0,0,1,0,2,188.554398148148,39.0406991752087,1,201,.,530.25,.,.,0,2,3,0,0.311366289008228
29,103.6,162.9,46.69,0.72,11,18,73,4,0.5,0,0,1,0,2,188.554398148148,39.0406991752087,1,201,129,552,.,.,1,1,3,1,.
29,103.6,162.9,46.69,0.72,11,18,73,4,0.5,0,0,1,0,2,188.554398148148,39.0406991752087,1,201,.,574.25,.,.,0,2,3,0,0.0314121948199583
29,103.6,162.9,46.69,0.72,11,18,73,4,0.5,0,0,1,0,2,188.554398148148,39.0406991752087,1,201,129,576,.,.,1,1,3,1,.
29,103.6,162.9,46.69,0.72,11,18,73,4,0.5,0,0,1,0,2,188.554398148148,39.0406991752087,1,201,129,625,15,24,1,1,3,1,.
29,103.6,162.9,46.69,0.72,11,18,73,4,0.5,0,0,1,0,2,188.554398148148,39.0406991752087,1,201,129,1010,.,.,1,1,3,1,.
29,103.6,162.9,46.69,0.72,11,18,73,4,0.5,0,0,1,0,2,188.554398148148,39.0406991752087,1,201,.,1032.25,.,.,0,2,3,0,0.153137538254537
29,103.6,162.9,46.69,0.72,11,18,73,4,0.5,0,0,1,0,2,188.554398148148,39.0406991752087,1,201,129,1034,.,.,1,1,3,1,.
29,103.6,162.9,46.69,0.72,11,18,73,4,0.5,0,0,1,0,2,188.554398148148,39.0406991752087,1,201,129,1056,.,.,1,1,3,1,.
29,103.6,162.9,46.69,0.72,11,18,73,4,0.5,0,0,1,0,2,188.554398148148,39.0406991752087,1,201,.,1070.25,.,.,0,2,3,0,0.137535203865156
43,62.2,162.6,24.2941,0.61,17,21,54,4.3,0.2,0,0,0,1,2,116.766621129326,23.5260655189578,0,202,129,0,18,24,1,1,3,1,.
43,62.2,162.6,24.2941,0.61,17,21,54,4.3,0.2,0,0,0,1,2,116.766621129326,23.5260655189578,0,202,129,456,.,.,1,1,3,1,.
43,62.2,162.6,24.2941,0.61,17,21,54,4.3,0.2,0,0,0,1,2,116.766621129326,23.5260655189578,0,202,.,458,.,.,0,2,3,0,0.174658418148559
43,62.2,162.6,24.2941,0.61,17,21,54,4.3,0.2,0,0,0,1,2,116.766621129326,23.5260655189578,0,202,129,915,.,.,1,1,3,1,.
43,62.2,162.6,24.2941,0.61,17,21,54,4.3,0.2,0,0,0,1,2,116.766621129326,23.5260655189578,0,202,.,936.25,.,.,0,2,3,0,0.0321084378865703
43,62.2,162.6,24.2941,0.61,17,21,54,4.3,0.2,0,0,0,1,2,116.766621129326,23.5260655189578,0,202,129,939,.,.,1,1,3,1,.
43,62.2,162.6,24.2941,0.61,17,21,54,4.3,0.2,0,0,0,1,2,116.766621129326,23.5260655189578,0,202,129,960,.,.,1,1,3,1,.
43,62.2,162.6,24.2941,0.61,17,21,54,4.3,0.2,0,0,0,1,2,116.766621129326,23.5260655189578,0,202,.,974.83,.,.,0,2,3,0,0.12012695177877
59,119.8,180.9,37.0541,1.41,17,20,53,4.2,0.6,0,0,0,0,1,95.5851063829787,36.6083103309079,1,203,129,0,.,.,1,1,3,1,.
59,119.8,180.9,37.0541,1.41,17,20,53,4.2,0.6,0,0,0,0,1,95.5851063829787,36.6083103309079,1,203,258,48,.,.,1,1,3,1,.
59,119.8,180.9,37.0541,1.41,17,20,53,4.2,0.6,0,0,0,0,1,95.5851063829787,36.6083103309079,1,203,129,71.5,13,24,1,1,3,1,.
59,119.8,180.9,37.0541,1.41,17,20,53,4.2,0.6,0,0,0,0,1,95.5851063829787,36.6083103309079,1,203,129,430,.,.,1,1,3,1,.
59,119.8,180.9,37.0541,1.41,17,20,53,4.2,0.6,0,0,0,0,1,95.5851063829787,36.6083103309079,1,203,129,453,.,.,1,1,3,1,.
59,119.8,180.9,37.0541,1.41,17,20,53,4.2,0.6,0,0,0,0,1,95.5851063829787,36.6083103309079,1,203,.,476.5,.,.,0,2,3,0,0.148567754778923
59,119.8,180.9,37.0541,1.41,17,20,53,4.2,0.6,0,0,0,0,1,95.5851063829787,36.6083103309079,1,203,129,477,.,.,1,1,3,1,.
59,119.8,180.9,37.0541,1.41,17,20,53,4.2,0.6,0,0,0,0,1,95.5851063829787,36.6083103309079,1,203,129,528.5,17,24,1,1,3,1,.
59,119.8,180.9,37.0541,1.41,17,20,53,4.2,0.6,0,0,0,0,1,95.5851063829787,36.6083103309079,1,203,129,981,.,.,1,1,3,1,.
59,119.8,180.9,37.0541,1.41,17,20,53,4.2,0.6,0,0,0,0,1,95.5851063829787,36.6083103309079,1,203,.,1005.67,.,.,0,2,3,0,0.129545809029117
59,119.8,180.9,37.0541,1.41,17,20,53,4.2,0.6,0,0,0,0,1,95.5851063829787,36.6083103309079,1,203,129,1029,.,.,1,1,3,1,.
48,74.3,154.4,26.2582,0.89,29,24,68,4.4,0.5,0,0,0,1,1,106.67290886392,31.1669440790357,1,204,129,0,.,.,1,1,3,1,.
48,74.3,154.4,26.2582,0.89,29,24,68,4.4,0.5,0,0,0,1,1,106.67290886392,31.1669440790357,1,204,258,21.5,.,.,1,1,3,1,.
48,74.3,154.4,26.2582,0.89,29,24,68,4.4,0.5,0,0,0,1,1,106.67290886392,31.1669440790357,1,204,129,45.5,13,24,1,1,3,1,.
48,74.3,154.4,26.2582,0.89,29,24,68,4.4,0.5,0,0,0,1,1,106.67290886392,31.1669440790357,1,204,129,381.92,.,.,1,1,3,1,.
48,74.3,154.4,26.2582,0.89,29,24,68,4.4,0.5,0,0,0,1,1,106.67290886392,31.1669440790357,1,204,.,384,.,.,0,2,3,0,0.289735183196863
48,74.3,154.4,26.2582,0.89,29,24,68,4.4,0.5,0,0,0,1,1,106.67290886392,31.1669440790357,1,204,129,405.5,.,.,1,1,3,1,.
48,74.3,154.4,26.2582,0.89,29,24,68,4.4,0.5,0,0,0,1,1,106.67290886392,31.1669440790357,1,204,.,428.5,.,.,0,2,3,0,0.164205741812301
48,74.3,154.4,26.2582,0.89,29,24,68,4.4,0.5,0,0,0,1,1,106.67290886392,31.1669440790357,1,204,129,429.5,.,.,1,1,3,1,.
48,74.3,154.4,26.2582,0.89,29,24,68,4.4,0.5,0,0,0,1,1,106.67290886392,31.1669440790357,1,204,258,453.5,.,.,1,1,3,1,.
48,74.3,154.4,26.2582,0.89,29,24,68,4.4,0.5,0,0,0,1,1,106.67290886392,31.1669440790357,1,204,129,478,14,24,1,1,3,1,.
48,74.3,154.4,26.2582,0.89,29,24,68,4.4,0.5,0,0,0,1,1,106.67290886392,31.1669440790357,1,204,129,861.5,.,.,1,1,3,1,.
48,74.3,154.4,26.2582,0.89,29,24,68,4.4,0.5,0,0,0,1,1,106.67290886392,31.1669440790357,1,204,.,887.25,.,.,0,2,3,0,0.163831177171001
48,74.3,154.4,26.2582,0.89,29,24,68,4.4,0.5,0,0,0,1,1,106.67290886392,31.1669440790357,1,204,129,909.5,.,.,1,1,3,1,.
48,74.3,154.4,26.2582,0.89,29,24,68,4.4,0.5,0,0,0,1,1,106.67290886392,31.1669440790357,1,204,.,922,.,.,0,2,3,0,0.16019812387938
34,60.9,172.8,14.6817,1.09,16,18,53,4.2,0.3,0,0,1,0,1,82.2553516819572,20.3952867798354,0,205,129,0,15,24,1,1,3,1,.
34,60.9,172.8,14.6817,1.09,16,18,53,4.2,0.3,0,0,1,0,1,82.2553516819572,20.3952867798354,0,205,129,406.25,.,.,1,1,3,1,.
34,60.9,172.8,14.6817,1.09,16,18,53,4.2,0.3,0,0,1,0,1,82.2553516819572,20.3952867798354,0,205,.,408.33,.,.,0,2,3,0,0.44685335662244
34,60.9,172.8,14.6817,1.09,16,18,53,4.2,0.3,0,0,1,0,1,82.2553516819572,20.3952867798354,0,205,129,503.75,14,24,1,1,3,1,.
34,60.9,172.8,14.6817,1.09,16,18,53,4.2,0.3,0,0,1,0,1,82.2553516819572,20.3952867798354,0,205,129,886.25,.,.,1,1,3,1,.
34,60.9,172.8,14.6817,1.09,16,18,53,4.2,0.3,0,0,1,0,1,82.2553516819572,20.3952867798354,0,205,.,910.42,.,.,0,2,3,0,0.230827707217129
34,60.9,172.8,14.6817,1.09,16,18,53,4.2,0.3,0,0,1,0,1,82.2553516819572,20.3952867798354,0,205,129,934.25,.,.,1,1,3,1,.
34,60.9,172.8,14.6817,1.09,16,18,53,4.2,0.3,0,0,1,0,1,82.2553516819572,20.3952867798354,0,205,.,948.25,.,.,0,2,3,0,0.270448341910517
38,66.4,179.3,9.436,1.03,15,25,51,3.9,0.5,0,0,1,0,1,91.326860841424,20.6541582512896,0,206,129,0,16,24,1,1,3,1,.
38,66.4,179.3,9.436,1.03,15,25,51,3.9,0.5,0,0,1,0,1,91.326860841424,20.6541582512896,0,206,129,430,.,.,1,1,3,1,.
38,66.4,179.3,9.436,1.03,15,25,51,3.9,0.5,0,0,1,0,1,91.326860841424,20.6541582512896,0,206,.,432.58,.,.,0,2,3,0,0.415366926870751
38,66.4,179.3,9.436,1.03,15,25,51,3.9,0.5,0,0,1,0,1,91.326860841424,20.6541582512896,0,206,129,454,.,.,1,1,3,1,.
38,66.4,179.3,9.436,1.03,15,25,51,3.9,0.5,0,0,1,0,1,91.326860841424,20.6541582512896,0,206,.,475.33,.,.,0,2,3,0,0.386771531358412
38,66.4,179.3,9.436,1.03,15,25,51,3.9,0.5,0,0,1,0,1,91.326860841424,20.6541582512896,0,206,129,478,21,24,1,1,3,1,.
38,66.4,179.3,9.436,1.03,15,25,51,3.9,0.5,0,0,1,0,1,91.326860841424,20.6541582512896,0,206,129,1006,.,.,1,1,3,1,.
38,66.4,179.3,9.436,1.03,15,25,51,3.9,0.5,0,0,1,0,1,91.326860841424,20.6541582512896,0,206,.,1019.67,.,.,0,2,3,0,0.269052904808993
33,94.3,165.2,29.5084,1.01,21,30,62,4,0.6,0,0,1,0,1,138.752750275028,34.5534651665895,1,207,129,0,18,24,1,1,3,1,.
33,94.3,165.2,29.5084,1.01,21,30,62,4,0.6,0,0,1,0,1,138.752750275028,34.5534651665895,1,207,129,456,.,.,1,1,3,1,.
33,94.3,165.2,29.5084,1.01,21,30,62,4,0.6,0,0,1,0,1,138.752750275028,34.5534651665895,1,207,.,482.5,.,.,0,2,3,0,0.139112368564126
33,94.3,165.2,29.5084,1.01,21,30,62,4,0.6,0,0,1,0,1,138.752750275028,34.5534651665895,1,207,129,504,.,.,1,1,3,1,.
33,94.3,165.2,29.5084,1.01,21,30,62,4,0.6,0,0,1,0,1,138.752750275028,34.5534651665895,1,207,.,527.5,.,.,0,2,3,0,0.225567357452278
33,94.3,165.2,29.5084,1.01,21,30,62,4,0.6,0,0,1,0,1,138.752750275028,34.5534651665895,1,207,129,528,12,24,1,1,3,1,.
33,94.3,165.2,29.5084,1.01,21,30,62,4,0.6,0,0,1,0,1,138.752750275028,34.5534651665895,1,207,129,840,.,.,1,1,3,1,.
33,94.3,165.2,29.5084,1.01,21,30,62,4,0.6,0,0,1,0,1,138.752750275028,34.5534651665895,1,207,129,864,.,.,1,1,3,1,.
33,94.3,165.2,29.5084,1.01,21,30,62,4,0.6,0,0,1,0,1,138.752750275028,34.5534651665895,1,207,129,888,.,.,1,1,3,1,.
33,94.3,165.2,29.5084,1.01,21,30,62,4,0.6,0,0,1,0,1,138.752750275028,34.5534651665895,1,207,.,900.9,.,.,0,2,3,0,0.186852055875309
44,98.5,159.8,42.39,0.66,23,19,80,4,0.5,0,1,0,0,2,169.141414141414,38.5729345662052,1,208,129,0,18,24,1,1,3,1,.
44,98.5,159.8,42.39,0.66,23,19,80,4,0.5,0,1,0,0,2,169.141414141414,38.5729345662052,1,208,129,476,.,.,1,1,3,1,.
44,98.5,159.8,42.39,0.66,23,19,80,4,0.5,0,1,0,0,2,169.141414141414,38.5729345662052,1,208,.,478,.,.,0,2,3,0,0.255154866961121
44,98.5,159.8,42.39,0.66,23,19,80,4,0.5,0,1,0,0,2,169.141414141414,38.5729345662052,1,208,129,498,.,.,1,1,3,1,.
44,98.5,159.8,42.39,0.66,23,19,80,4,0.5,0,1,0,0,2,169.141414141414,38.5729345662052,1,208,.,522.5,.,.,0,2,3,0,0.258486632238777
44,98.5,159.8,42.39,0.66,23,19,80,4,0.5,0,1,0,0,2,169.141414141414,38.5729345662052,1,208,129,956,.,.,1,1,3,1,.
44,98.5,159.8,42.39,0.66,23,19,80,4,0.5,0,1,0,0,2,169.141414141414,38.5729345662052,1,208,.,979.42,.,.,0,2,3,0,0.0979638245598061
44,98.5,159.8,42.39,0.66,23,19,80,4,0.5,0,1,0,0,2,169.141414141414,38.5729345662052,1,208,129,980,.,.,1,1,3,1,.
44,98.5,159.8,42.39,0.66,23,19,80,4,0.5,0,1,0,0,2,169.141414141414,38.5729345662052,1,208,129,1003.83,.,.,1,1,3,1,.
44,98.5,159.8,42.39,0.66,23,19,80,4,0.5,0,1,0,0,2,169.141414141414,38.5729345662052,1,208,.,1016.33,.,.,0,2,3,0,0.141244607091186
18,57.1,166.9,15.9003,0.74,15,18,28,4.1,0.3,0,1,0,0,2,111.134947447447,20.4985638440515,0,209,129,0,18,24,1,1,3,1,.
18,57.1,166.9,15.9003,0.74,15,18,28,4.1,0.3,0,1,0,0,2,111.134947447447,20.4985638440515,0,209,129,478.5,.,.,1,1,3,1,.
18,57.1,166.9,15.9003,0.74,15,18,28,4.1,0.3,0,1,0,0,2,111.134947447447,20.4985638440515,0,209,.,480.67,.,.,0,2,3,0,0.348503968334781
18,57.1,166.9,15.9003,0.74,15,18,28,4.1,0.3,0,1,0,0,2,111.134947447447,20.4985638440515,0,209,129,502.5,.,.,1,1,3,1,.
18,57.1,166.9,15.9003,0.74,15,18,28,4.1,0.3,0,1,0,0,2,111.134947447447,20.4985638440515,0,209,.,526,.,.,0,2,3,0,0.0817622790357917
18,57.1,166.9,15.9003,0.74,15,18,28,4.1,0.3,0,1,0,0,2,111.134947447447,20.4985638440515,0,209,129,526.5,17,24,1,1,3,1,.
18,57.1,166.9,15.9003,0.74,15,18,28,4.1,0.3,0,1,0,0,2,111.134947447447,20.4985638440515,0,209,129,959.5,.,.,1,1,3,1,.
18,57.1,166.9,15.9003,0.74,15,18,28,4.1,0.3,0,1,0,0,2,111.134947447447,20.4985638440515,0,209,.,983,.,.,0,2,3,0,0.197154053374257
18,57.1,166.9,15.9003,0.74,15,18,28,4.1,0.3,0,1,0,0,2,111.134947447447,20.4985638440515,0,209,129,983.5,.,.,1,1,3,1,.
18,57.1,166.9,15.9003,0.74,15,18,28,4.1,0.3,0,1,0,0,2,111.134947447447,20.4985638440515,0,209,129,1007.17,.,.,1,1,3,1,.
18,57.1,166.9,15.9003,0.74,15,18,28,4.1,0.3,0,1,0,0,2,111.134947447447,20.4985638440515,0,209,.,1019.17,.,.,0,2,3,0,0.15900150813786
21,56,158.4,20.4873,0.73,15,18,76,4.4,0.6,0,1,0,0,2,107.770167427702,22.3191511070299,0,210,129,0,17,24,1,1,3,1,.
21,56,158.4,20.4873,0.73,15,18,76,4.4,0.6,0,1,0,0,2,107.770167427702,22.3191511070299,0,210,129,455,.,.,1,1,3,1,.
21,56,158.4,20.4873,0.73,15,18,76,4.4,0.6,0,1,0,0,2,107.770167427702,22.3191511070299,0,210,.,479.5,.,.,0,2,3,0,0.144103189522219
21,56,158.4,20.4873,0.73,15,18,76,4.4,0.6,0,1,0,0,2,107.770167427702,22.3191511070299,0,210,129,501.5,.,.,1,1,3,1,.
21,56,158.4,20.4873,0.73,15,18,76,4.4,0.6,0,1,0,0,2,107.770167427702,22.3191511070299,0,210,.,525.58,.,.,0,2,3,0,0.0657474405910993
21,56,158.4,20.4873,0.73,15,18,76,4.4,0.6,0,1,0,0,2,107.770167427702,22.3191511070299,0,210,129,959,.,.,1,1,3,1,.
21,56,158.4,20.4873,0.73,15,18,76,4.4,0.6,0,1,0,0,2,107.770167427702,22.3191511070299,0,210,.,981.42,.,.,0,2,3,0,0.0517444178768982
21,56,158.4,20.4873,0.73,15,18,76,4.4,0.6,0,1,0,0,2,107.770167427702,22.3191511070299,0,210,129,983,.,.,1,1,3,1,.
21,56,158.4,20.4873,0.73,15,18,76,4.4,0.6,0,1,0,0,2,107.770167427702,22.3191511070299,0,210,129,1006,.,.,1,1,3,1,.
21,56,158.4,20.4873,0.73,15,18,76,4.4,0.6,0,1,0,0,2,107.770167427702,22.3191511070299,0,210,.,1019.5,.,.,0,2,3,0,0.203730944597369
18,122.9,176.6,42.7761,0.71,42,27,108,4.5,0.6,1,0,0,0,1,293.305946791862,39.4067378146928,1,211,129,0,18,24,1,1,3,1,.
18,122.9,176.6,42.7761,0.71,42,27,108,4.5,0.6,1,0,0,0,1,293.305946791862,39.4067378146928,1,211,129,475.05,.,.,1,1,3,1,.
18,122.9,176.6,42.7761,0.71,42,27,108,4.5,0.6,1,0,0,0,1,293.305946791862,39.4067378146928,1,211,.,477.05,.,.,0,2,3,0,0.398352125668768
18,122.9,176.6,42.7761,0.71,42,27,108,4.5,0.6,1,0,0,0,1,293.305946791862,39.4067378146928,1,211,129,499,.,.,1,1,3,1,.
18,122.9,176.6,42.7761,0.71,42,27,108,4.5,0.6,1,0,0,0,1,293.305946791862,39.4067378146928,1,211,.,516.17,.,.,0,2,3,0,0.207777182766628
18,122.9,176.6,42.7761,0.71,42,27,108,4.5,0.6,1,0,0,0,1,293.305946791862,39.4067378146928,1,211,129,523,.,.,1,1,3,1,.
18,122.9,176.6,42.7761,0.71,42,27,108,4.5,0.6,1,0,0,0,1,293.305946791862,39.4067378146928,1,211,129,571,16,24,1,1,3,1,.
18,122.9,176.6,42.7761,0.71,42,27,108,4.5,0.6,1,0,0,0,1,293.305946791862,39.4067378146928,1,211,129,979,.,.,1,1,3,1,.
18,122.9,176.6,42.7761,0.71,42,27,108,4.5,0.6,1,0,0,0,1,293.305946791862,39.4067378146928,1,211,.,1002.88,.,.,0,2,3,0,0.149440912994253
18,122.9,176.6,42.7761,0.71,42,27,108,4.5,0.6,1,0,0,0,1,293.305946791862,39.4067378146928,1,211,129,1003,.,.,1,1,3,1,.
18,122.9,176.6,42.7761,0.71,42,27,108,4.5,0.6,1,0,0,0,1,293.305946791862,39.4067378146928,1,211,129,1027,.,.,1,1,3,1,.
18,122.9,176.6,42.7761,0.71,42,27,108,4.5,0.6,1,0,0,0,1,293.305946791862,39.4067378146928,1,211,.,1040.75,.,.,0,2,3,0,0.128288201428328
19,101.1,177.8,28.0215,1.01,21,19,52,4.6,0.4,0,0,1,0,1,168.221947194719,31.9806762062504,1,212,129,0,.,.,1,1,3,1,.
19,101.1,177.8,28.0215,1.01,21,19,52,4.6,0.4,0,0,1,0,1,168.221947194719,31.9806762062504,1,212,129,48,17,24,1,1,3,1,.
19,101.1,177.8,28.0215,1.01,21,19,52,4.6,0.4,0,0,1,0,1,168.221947194719,31.9806762062504,1,212,129,480,.,.,1,1,3,1,.
19,101.1,177.8,28.0215,1.01,21,19,52,4.6,0.4,0,0,1,0,1,168.221947194719,31.9806762062504,1,212,129,504,.,.,1,1,3,1,.
19,101.1,177.8,28.0215,1.01,21,19,52,4.6,0.4,0,0,1,0,1,168.221947194719,31.9806762062504,1,212,.,527.7,.,.,0,2,3,0,0.188992783050785
19,101.1,177.8,28.0215,1.01,21,19,52,4.6,0.4,0,0,1,0,1,168.221947194719,31.9806762062504,1,212,129,528,17,24,1,1,3,1,.
19,101.1,177.8,28.0215,1.01,21,19,52,4.6,0.4,0,0,1,0,1,168.221947194719,31.9806762062504,1,212,129,960,.,.,1,1,3,1,.
19,101.1,177.8,28.0215,1.01,21,19,52,4.6,0.4,0,0,1,0,1,168.221947194719,31.9806762062504,1,212,129,1008,.,.,1,1,3,1,.
19,101.1,177.8,28.0215,1.01,21,19,52,4.6,0.4,0,0,1,0,1,168.221947194719,31.9806762062504,1,212,.,1022.25,.,.,0,2,3,0,0.327950403958777
50,64.1,165.3,14.4715,0.93,21,22,57,4.3,0.8,0,0,0,1,1,86.1559139784946,23.4591527110326,0,213,129,0,16,24,1,1,3,1,.
50,64.1,165.3,14.4715,0.93,21,22,57,4.3,0.8,0,0,0,1,1,86.1559139784946,23.4591527110326,0,213,129,430,.,.,1,1,3,1,.
50,64.1,165.3,14.4715,0.93,21,22,57,4.3,0.8,0,0,0,1,1,86.1559139784946,23.4591527110326,0,213,.,432.52,.,.,0,2,3,0,0.622264305729083
50,64.1,165.3,14.4715,0.93,21,22,57,4.3,0.8,0,0,0,1,1,86.1559139784946,23.4591527110326,0,213,129,454.5,.,.,1,1,3,1,.
50,64.1,165.3,14.4715,0.93,21,22,57,4.3,0.8,0,0,0,1,1,86.1559139784946,23.4591527110326,0,213,.,477.75,.,.,0,2,3,0,0.16944841005279
50,64.1,165.3,14.4715,0.93,21,22,57,4.3,0.8,0,0,0,1,1,86.1559139784946,23.4591527110326,0,213,129,478.5,16,24,1,1,3,1,.
50,64.1,165.3,14.4715,0.93,21,22,57,4.3,0.8,0,0,0,1,1,86.1559139784946,23.4591527110326,0,213,129,910.17,.,.,1,1,3,1,.
50,64.1,165.3,14.4715,0.93,21,22,57,4.3,0.8,0,0,0,1,1,86.1559139784946,23.4591527110326,0,213,.,936.25,.,.,0,2,3,0,0.391697678938681
50,64.1,165.3,14.4715,0.93,21,22,57,4.3,0.8,0,0,0,1,1,86.1559139784946,23.4591527110326,0,213,129,958,.,.,1,1,3,1,.
50,64.1,165.3,14.4715,0.93,21,22,57,4.3,0.8,0,0,0,1,1,86.1559139784946,23.4591527110326,0,213,.,971.75,.,.,0,2,3,0,0.0657059306265704
26,64.7,155.4,27.5251,0.8,12,19,29,3.6,0.4,0,1,0,0,2,108.844270833333,26.7918221586175,0,214,129,0,22,24,1,1,3,1,.
26,64.7,155.4,27.5251,0.8,12,19,29,3.6,0.4,0,1,0,0,2,108.844270833333,26.7918221586175,0,214,129,571.33,.,.,1,1,3,1,.
26,64.7,155.4,27.5251,0.8,12,19,29,3.6,0.4,0,1,0,0,2,108.844270833333,26.7918221586175,0,214,.,573.5,.,.,0,2,3,0,0.509396966883893
26,64.7,155.4,27.5251,0.8,12,19,29,3.6,0.4,0,1,0,0,2,108.844270833333,26.7918221586175,0,214,129,594.92,.,.,1,1,3,1,.
26,64.7,155.4,27.5251,0.8,12,19,29,3.6,0.4,0,1,0,0,2,108.844270833333,26.7918221586175,0,214,.,618,.,.,0,2,3,0,0.137161804140078
26,64.7,155.4,27.5251,0.8,12,19,29,3.6,0.4,0,1,0,0,2,108.844270833333,26.7918221586175,0,214,129,618.92,18,24,1,1,3,1,.
26,64.7,155.4,27.5251,0.8,12,19,29,3.6,0.4,0,1,0,0,2,108.844270833333,26.7918221586175,0,214,129,1075,.,.,1,1,3,1,.
26,64.7,155.4,27.5251,0.8,12,19,29,3.6,0.4,0,1,0,0,2,108.844270833333,26.7918221586175,0,214,.,1077.5,.,.,0,2,3,0,0.452813285186647
26,64.7,155.4,27.5251,0.8,12,19,29,3.6,0.4,0,1,0,0,2,108.844270833333,26.7918221586175,0,214,129,1099,.,.,1,1,3,1,.
26,64.7,155.4,27.5251,0.8,12,19,29,3.6,0.4,0,1,0,0,2,108.844270833333,26.7918221586175,0,214,.,1113.5,.,.,0,2,3,0,0.356460189149175
23,48.1,148.7,13.0601,0.65,12,23,34,4.4,0.4,0,0,0,1,2,102.2125,21.7531993257865,0,215,129,0,17,24,1,1,3,1,.
23,48.1,148.7,13.0601,0.65,12,23,34,4.4,0.4,0,0,0,1,2,102.2125,21.7531993257865,0,215,129,432,.,.,1,1,3,1,.
23,48.1,148.7,13.0601,0.65,12,23,34,4.4,0.4,0,0,0,1,2,102.2125,21.7531993257865,0,215,.,434.25,.,.,0,2,3,0,0.263631893660837
23,84.5,165.9,33.2878,0.5,13,20,91,4.1,0.5,0,0,1,0,2,233.43125,30.7018069739245,1,216,129,0,18,24,1,1,3,1,.
23,84.5,165.9,33.2878,0.5,13,20,91,4.1,0.5,0,0,1,0,2,233.43125,30.7018069739245,1,216,129,456,.,.,1,1,3,1,.
23,84.5,165.9,33.2878,0.5,13,20,91,4.1,0.5,0,0,1,0,2,233.43125,30.7018069739245,1,216,.,458,.,.,0,2,3,0,0.344166331883737
23,84.5,165.9,33.2878,0.5,13,20,91,4.1,0.5,0,0,1,0,2,233.43125,30.7018069739245,1,216,129,480,.,.,1,1,3,1,.
23,84.5,165.9,33.2878,0.5,13,20,91,4.1,0.5,0,0,1,0,2,233.43125,30.7018069739245,1,216,.,503.92,.,.,0,2,3,0,0.104443070388585
23,84.5,165.9,33.2878,0.5,13,20,91,4.1,0.5,0,0,1,0,2,233.43125,30.7018069739245,1,216,129,504,16,24,1,1,3,1,.
23,84.5,165.9,33.2878,0.5,13,20,91,4.1,0.5,0,0,1,0,2,233.43125,30.7018069739245,1,216,129,912,.,.,1,1,3,1,.
23,84.5,165.9,33.2878,0.5,13,20,91,4.1,0.5,0,0,1,0,2,233.43125,30.7018069739245,1,216,.,935.75,.,.,0,2,3,0,0.171762781890904
23,84.5,165.9,33.2878,0.5,13,20,91,4.1,0.5,0,0,1,0,2,233.43125,30.7018069739245,1,216,129,936,.,.,1,1,3,1,.
23,84.5,165.9,33.2878,0.5,13,20,91,4.1,0.5,0,0,1,0,2,233.43125,30.7018069739245,1,216,129,960,.,.,1,1,3,1,.
23,84.5,165.9,33.2878,0.5,13,20,91,4.1,0.5,0,0,1,0,2,233.43125,30.7018069739245,1,216,.,973.5,.,.,0,2,3,0,0.122832219489035
32,56.3,159.5,18.545,0.5,29,21,58,4.5,0.4,1,0,0,0,2,143.565,22.1302856693625,0,217,129,0,15,24,1,1,3,1,.
32,56.3,159.5,18.545,0.5,29,21,58,4.5,0.4,1,0,0,0,2,143.565,22.1302856693625,0,217,129,407.83,.,.,1,1,3,1,.
32,56.3,159.5,18.545,0.5,29,21,58,4.5,0.4,1,0,0,0,2,143.565,22.1302856693625,0,217,.,410.33,.,.,0,2,3,0,0.250652071096224
32,56.3,159.5,18.545,0.5,29,21,58,4.5,0.4,1,0,0,0,2,143.565,22.1302856693625,0,217,129,431.83,.,.,1,1,3,1,.
32,56.3,159.5,18.545,0.5,29,21,58,4.5,0.4,1,0,0,0,2,143.565,22.1302856693625,0,217,.,455.23,.,.,0,2,3,0,0.138030142688303
32,56.3,159.5,18.545,0.5,29,21,58,4.5,0.4,1,0,0,0,2,143.565,22.1302856693625,0,217,129,455.83,18,24,1,1,3,1,.
32,56.3,159.5,18.545,0.5,29,21,58,4.5,0.4,1,0,0,0,2,143.565,22.1302856693625,0,217,129,911.83,.,.,1,1,3,1,.
32,56.3,159.5,18.545,0.5,29,21,58,4.5,0.4,1,0,0,0,2,143.565,22.1302856693625,0,217,.,935.63,.,.,0,2,3,0,0.159906586512363
32,56.3,159.5,18.545,0.5,29,21,58,4.5,0.4,1,0,0,0,2,143.565,22.1302856693625,0,217,129,935.83,.,.,1,1,3,1,.
32,56.3,159.5,18.545,0.5,29,21,58,4.5,0.4,1,0,0,0,2,143.565,22.1302856693625,0,217,129,959.83,.,.,1,1,3,1,.
32,56.3,159.5,18.545,0.5,29,21,58,4.5,0.4,1,0,0,0,2,143.565,22.1302856693625,0,217,.,973.55,.,.,0,2,3,0,0.201114556517803
55,68.7,159.3,25.9395,0.61,14,15,82,3.9,0.3,1,0,0,0,2,113.01400273224,27.0723019613824,0,218,129,0,18,24,1,1,3,1,.
55,68.7,159.3,25.9395,0.61,14,15,82,3.9,0.3,1,0,0,0,2,113.01400273224,27.0723019613824,0,218,129,456,.,.,1,1,3,1,.
55,68.7,159.3,25.9395,0.61,14,15,82,3.9,0.3,1,0,0,0,2,113.01400273224,27.0723019613824,0,218,.,458.5,.,.,0,2,3,0,0.566274526536808
55,68.7,159.3,25.9395,0.61,14,15,82,3.9,0.3,1,0,0,0,2,113.01400273224,27.0723019613824,0,218,129,480,.,.,1,1,3,1,.
55,68.7,159.3,25.9395,0.61,14,15,82,3.9,0.3,1,0,0,0,2,113.01400273224,27.0723019613824,0,218,.,503.43,.,.,0,2,3,0,0.363039032623765
55,68.7,159.3,25.9395,0.61,14,15,82,3.9,0.3,1,0,0,0,2,113.01400273224,27.0723019613824,0,218,129,504,16,24,1,1,3,1,.
55,68.7,159.3,25.9395,0.61,14,15,82,3.9,0.3,1,0,0,0,2,113.01400273224,27.0723019613824,0,218,129,913,.,.,1,1,3,1,.
55,68.7,159.3,25.9395,0.61,14,15,82,3.9,0.3,1,0,0,0,2,113.01400273224,27.0723019613824,0,218,.,935.83,.,.,0,2,3,0,0.219652329097751
55,68.7,159.3,25.9395,0.61,14,15,82,3.9,0.3,1,0,0,0,2,113.01400273224,27.0723019613824,0,218,129,937,.,.,1,1,3,1,.
55,68.7,159.3,25.9395,0.61,14,15,82,3.9,0.3,1,0,0,0,2,113.01400273224,27.0723019613824,0,218,129,960,.,.,1,1,3,1,.
55,68.7,159.3,25.9395,0.61,14,15,82,3.9,0.3,1,0,0,0,2,113.01400273224,27.0723019613824,0,218,.,973.83,.,.,0,2,3,0,0.125648444417835
26,68.2,171.4,17.6115,0.98,12,20,75,4.5,0.5,0,0,0,1,1,110.187074829932,23.2146820269345,0,219,129,0,13,24,1,1,3,1,.
26,68.2,171.4,17.6115,0.98,12,20,75,4.5,0.5,0,0,0,1,1,110.187074829932,23.2146820269345,0,219,129,336.17,.,.,1,1,3,1,.
26,68.2,171.4,17.6115,0.98,12,20,75,4.5,0.5,0,0,0,1,1,110.187074829932,23.2146820269345,0,219,.,361,.,.,0,2,3,0,0.309143580420901
26,68.2,171.4,17.6115,0.98,12,20,75,4.5,0.5,0,0,0,1,1,110.187074829932,23.2146820269345,0,219,129,383.2,.,.,1,1,3,1,.
26,68.2,171.4,17.6115,0.98,12,20,75,4.5,0.5,0,0,0,1,1,110.187074829932,23.2146820269345,0,219,.,405.83,.,.,0,2,3,0,0.170638031879677
26,68.2,171.4,17.6115,0.98,12,20,75,4.5,0.5,0,0,0,1,1,110.187074829932,23.2146820269345,0,219,129,407.2,17,24,1,1,3,1,.
26,68.2,171.4,17.6115,0.98,12,20,75,4.5,0.5,0,0,0,1,1,110.187074829932,23.2146820269345,0,219,129,839.5,.,.,1,1,3,1,.
26,68.2,171.4,17.6115,0.98,12,20,75,4.5,0.5,0,0,0,1,1,110.187074829932,23.2146820269345,0,219,.,862.42,.,.,0,2,3,0,0.196436513152477
26,68.2,171.4,17.6115,0.98,12,20,75,4.5,0.5,0,0,0,1,1,110.187074829932,23.2146820269345,0,219,129,863.5,.,.,1,1,3,1,.
26,68.2,171.4,17.6115,0.98,12,20,75,4.5,0.5,0,0,0,1,1,110.187074829932,23.2146820269345,0,219,129,886.5,.,.,1,1,3,1,.
26,68.2,171.4,17.6115,0.98,12,20,75,4.5,0.5,0,0,0,1,1,110.187074829932,23.2146820269345,0,219,.,901.1,.,.,0,2,3,0,0.441112758460269
26,68.2,171.4,17.6115,0.98,12,20,75,4.5,0.5,0,0,0,1,1,110.187074829932,23.2146820269345,0,219,129,1224.17,.,.,1,1,3,1,.
31,124.7,178.2,51.0549,0.99,31,22,94,4.2,1,0,1,0,0,1,190.688832772166,39.2691096020688,1,220,129,0,16,24,1,1,3,1,.
31,124.7,178.2,51.0549,0.99,31,22,94,4.2,1,0,1,0,0,1,190.688832772166,39.2691096020688,1,220,129,431.5,.,.,1,1,3,1,.
31,124.7,178.2,51.0549,0.99,31,22,94,4.2,1,0,1,0,0,1,190.688832772166,39.2691096020688,1,220,.,457,.,.,0,2,3,0,0.240829318775895
31,124.7,178.2,51.0549,0.99,31,22,94,4.2,1,0,1,0,0,1,190.688832772166,39.2691096020688,1,220,129,478.5,.,.,1,1,3,1,.
31,124.7,178.2,51.0549,0.99,31,22,94,4.2,1,0,1,0,0,1,190.688832772166,39.2691096020688,1,220,.,501.95,.,.,0,2,3,0,0.120404963031879
31,124.7,178.2,51.0549,0.99,31,22,94,4.2,1,0,1,0,0,1,190.688832772166,39.2691096020688,1,220,129,502.5,17,24,1,1,3,1,.
31,124.7,178.2,51.0549,0.99,31,22,94,4.2,1,0,1,0,0,1,190.688832772166,39.2691096020688,1,220,129,935.5,.,.,1,1,3,1,.
31,124.7,178.2,51.0549,0.99,31,22,94,4.2,1,0,1,0,0,1,190.688832772166,39.2691096020688,1,220,.,958.4,.,.,0,2,3,0,0.167880320282081
31,124.7,178.2,51.0549,0.99,31,22,94,4.2,1,0,1,0,0,1,190.688832772166,39.2691096020688,1,220,129,959.5,.,.,1,1,3,1,.
31,124.7,178.2,51.0549,0.99,31,22,94,4.2,1,0,1,0,0,1,190.688832772166,39.2691096020688,1,220,129,982.5,.,.,1,1,3,1,.
31,124.7,178.2,51.0549,0.99,31,22,94,4.2,1,0,1,0,0,1,190.688832772166,39.2691096020688,1,220,.,996.6,.,.,0,2,3,0,0.137573201779227
29,65.8,166.5,9.2085,1.04,24,23,77,4.8,1.3,0,0,1,0,1,97.5400641025641,23.7354471588706,0,221,129,0,18,24,1,1,3,1,.
29,65.8,166.5,9.2085,1.04,24,23,77,4.8,1.3,0,0,1,0,1,97.5400641025641,23.7354471588706,0,221,129,456,.,.,1,1,3,1,.
29,65.8,166.5,9.2085,1.04,24,23,77,4.8,1.3,0,0,1,0,1,97.5400641025641,23.7354471588706,0,221,.,458,.,.,0,2,3,0,0.184983062627807
29,65.8,166.5,9.2085,1.04,24,23,77,4.8,1.3,0,0,1,0,1,97.5400641025641,23.7354471588706,0,221,129,480,.,.,1,1,3,1,.
29,65.8,166.5,9.2085,1.04,24,23,77,4.8,1.3,0,0,1,0,1,97.5400641025641,23.7354471588706,0,221,.,503.5,.,.,0,2,3,0,0.195980652091082
29,65.8,166.5,9.2085,1.04,24,23,77,4.8,1.3,0,0,1,0,1,97.5400641025641,23.7354471588706,0,221,129,504,16,24,1,1,3,1,.
29,65.8,166.5,9.2085,1.04,24,23,77,4.8,1.3,0,0,1,0,1,97.5400641025641,23.7354471588706,0,221,129,912,.,.,1,1,3,1,.
29,65.8,166.5,9.2085,1.04,24,23,77,4.8,1.3,0,0,1,0,1,97.5400641025641,23.7354471588706,0,221,.,935.92,.,.,0,2,3,0,0.131242003053751
29,65.8,166.5,9.2085,1.04,24,23,77,4.8,1.3,0,0,1,0,1,97.5400641025641,23.7354471588706,0,221,129,936,.,.,1,1,3,1,.
29,65.8,166.5,9.2085,1.04,24,23,77,4.8,1.3,0,0,1,0,1,97.5400641025641,23.7354471588706,0,221,129,960,.,.,1,1,3,1,.
29,65.8,166.5,9.2085,1.04,24,23,77,4.8,1.3,0,0,1,0,1,97.5400641025641,23.7354471588706,0,221,.,972.33,.,.,0,2,3,0,0.0974109990625043
19,117.7,165.8,53.8502,0.54,20,21,51,4,0.2,0,1,0,0,2,311.354038065844,42.8161300038851,1,222,129,0,18,24,1,1,3,1,.
19,117.7,165.8,53.8502,0.54,20,21,51,4,0.2,0,1,0,0,2,311.354038065844,42.8161300038851,1,222,129,479.5,.,.,1,1,3,1,.
19,117.7,165.8,53.8502,0.54,20,21,51,4,0.2,0,1,0,0,2,311.354038065844,42.8161300038851,1,222,.,482,.,.,0,2,3,0,0.38378166662956
19,117.7,165.8,53.8502,0.54,20,21,51,4,0.2,0,1,0,0,2,311.354038065844,42.8161300038851,1,222,129,503.5,.,.,1,1,3,1,.
19,117.7,165.8,53.8502,0.54,20,21,51,4,0.2,0,1,0,0,2,311.354038065844,42.8161300038851,1,222,.,526.83,.,.,0,2,3,0,0.0954923317739333
19,117.7,165.8,53.8502,0.54,20,21,51,4,0.2,0,1,0,0,2,311.354038065844,42.8161300038851,1,222,129,527.5,17,24,1,1,3,1,.
19,117.7,165.8,53.8502,0.54,20,21,51,4,0.2,0,1,0,0,2,311.354038065844,42.8161300038851,1,222,129,959.5,.,.,1,1,3,1,.
19,117.7,165.8,53.8502,0.54,20,21,51,4,0.2,0,1,0,0,2,311.354038065844,42.8161300038851,1,222,.,983.42,.,.,0,2,3,0,0.0712927312996085
19,117.7,165.8,53.8502,0.54,20,21,51,4,0.2,0,1,0,0,2,311.354038065844,42.8161300038851,1,222,129,983.5,.,.,1,1,3,1,.
19,117.7,165.8,53.8502,0.54,20,21,51,4,0.2,0,1,0,0,2,311.354038065844,42.8161300038851,1,222,129,1007.5,.,.,1,1,3,1,.
19,117.7,165.8,53.8502,0.54,20,21,51,4,0.2,0,1,0,0,2,311.354038065844,42.8161300038851,1,222,.,1019.67,.,.,0,2,3,0,0.0985201990194506
30,117.5,160.8,52.4788,0.76,22,18,57,3.9,0.4,0,1,0,0,2,200.772112573099,45.4428727011708,1,223,129,0,16,24,1,1,3,1,.
30,117.5,160.8,52.4788,0.76,22,18,57,3.9,0.4,0,1,0,0,2,200.772112573099,45.4428727011708,1,223,129,408,.,.,1,1,3,1,.
30,117.5,160.8,52.4788,0.76,22,18,57,3.9,0.4,0,1,0,0,2,200.772112573099,45.4428727011708,1,223,.,410.5,.,.,0,2,3,0,0.114736087345793
30,117.5,160.8,52.4788,0.76,22,18,57,3.9,0.4,0,1,0,0,2,200.772112573099,45.4428727011708,1,223,129,432,.,.,1,1,3,1,.
30,117.5,160.8,52.4788,0.76,22,18,57,3.9,0.4,0,1,0,0,2,200.772112573099,45.4428727011708,1,223,.,455.25,.,.,0,2,3,0,0.11857540777984
30,117.5,160.8,52.4788,0.76,22,18,57,3.9,0.4,0,1,0,0,2,200.772112573099,45.4428727011708,1,223,129,456,19,24,1,1,3,1,.
30,117.5,160.8,52.4788,0.76,22,18,57,3.9,0.4,0,1,0,0,2,200.772112573099,45.4428727011708,1,223,129,936,.,.,1,1,3,1,.
30,117.5,160.8,52.4788,0.76,22,18,57,3.9,0.4,0,1,0,0,2,200.772112573099,45.4428727011708,1,223,.,959.92,.,.,0,2,3,0,0.0375557262677685
30,117.5,160.8,52.4788,0.76,22,18,57,3.9,0.4,0,1,0,0,2,200.772112573099,45.4428727011708,1,223,129,960,.,.,1,1,3,1,.
30,117.5,160.8,52.4788,0.76,22,18,57,3.9,0.4,0,1,0,0,2,200.772112573099,45.4428727011708,1,223,129,984,.,.,1,1,3,1,.
30,117.5,160.8,52.4788,0.76,22,18,57,3.9,0.4,0,1,0,0,2,200.772112573099,45.4428727011708,1,223,.,997.33,.,.,0,2,3,0,0.173841390441415
42,74.7,165,19.5548,1.14,25,27,37,4.2,0.8,0,0,1,0,1,89.1885964912281,27.4380165289256,0,224,129,0,17,24,1,1,3,1,.
42,74.7,165,19.5548,1.14,25,27,37,4.2,0.8,0,0,1,0,1,89.1885964912281,27.4380165289256,0,224,129,455,.,.,1,1,3,1,.
42,74.7,165,19.5548,1.14,25,27,37,4.2,0.8,0,0,1,0,1,89.1885964912281,27.4380165289256,0,224,129,456,.,.,1,1,3,1,.
42,74.7,165,19.5548,1.14,25,27,37,4.2,0.8,0,0,1,0,1,89.1885964912281,27.4380165289256,0,224,.,458,.,.,0,2,3,0,0.224149578582825
42,74.7,165,19.5548,1.14,25,27,37,4.2,0.8,0,0,1,0,1,89.1885964912281,27.4380165289256,0,224,129,503,18,24,1,1,3,1,.
42,74.7,165,19.5548,1.14,25,27,37,4.2,0.8,0,0,1,0,1,89.1885964912281,27.4380165289256,0,224,.,503,.,.,0,2,3,0,0.219093659248214
42,74.7,165,19.5548,1.14,25,27,37,4.2,0.8,0,0,1,0,1,89.1885964912281,27.4380165289256,0,224,129,960,.,.,1,1,3,1,.
42,74.7,165,19.5548,1.14,25,27,37,4.2,0.8,0,0,1,0,1,89.1885964912281,27.4380165289256,0,224,.,983.92,.,.,0,2,3,0,0.350468389901999
42,74.7,165,19.5548,1.14,25,27,37,4.2,0.8,0,0,1,0,1,89.1885964912281,27.4380165289256,0,224,129,984,.,.,1,1,3,1,.
42,74.7,165,19.5548,1.14,25,27,37,4.2,0.8,0,0,1,0,1,89.1885964912281,27.4380165289256,0,224,129,1008,.,.,1,1,3,1,.
42,74.7,165,19.5548,1.14,25,27,37,4.2,0.8,0,0,1,0,1,89.1885964912281,27.4380165289256,0,224,.,1019.17,.,.,0,2,3,0,0.356969822062782
30,118.5,170.2,53.3956,0.81,14,17,92,3.8,0.5,0,0,1,0,2,189.981995884774,40.9071514676174,1,225,129,0,18,24,1,1,3,1,.
30,118.5,170.2,53.3956,0.81,14,17,92,3.8,0.5,0,0,1,0,2,189.981995884774,40.9071514676174,1,225,129,456,.,.,1,1,3,1,.
30,118.5,170.2,53.3956,0.81,14,17,92,3.8,0.5,0,0,1,0,2,189.981995884774,40.9071514676174,1,225,.,458.5,.,.,0,2,3,0,0.0366096375020638
30,118.5,170.2,53.3956,0.81,14,17,92,3.8,0.5,0,0,1,0,2,189.981995884774,40.9071514676174,1,225,129,480,.,.,1,1,3,1,.
30,118.5,170.2,53.3956,0.81,14,17,92,3.8,0.5,0,0,1,0,2,189.981995884774,40.9071514676174,1,225,.,503.5,.,.,0,2,3,0,0.338437907602989
30,118.5,170.2,53.3956,0.81,14,17,92,3.8,0.5,0,0,1,0,2,189.981995884774,40.9071514676174,1,225,129,504,17,24,1,1,3,1,.
30,118.5,170.2,53.3956,0.81,14,17,92,3.8,0.5,0,0,1,0,2,189.981995884774,40.9071514676174,1,225,129,936,.,.,1,1,3,1,.
30,118.5,170.2,53.3956,0.81,14,17,92,3.8,0.5,0,0,1,0,2,189.981995884774,40.9071514676174,1,225,.,959.92,.,.,0,2,3,0,0.130248413125412
30,118.5,170.2,53.3956,0.81,14,17,92,3.8,0.5,0,0,1,0,2,189.981995884774,40.9071514676174,1,225,129,960,.,.,1,1,3,1,.
30,118.5,170.2,53.3956,0.81,14,17,92,3.8,0.5,0,0,1,0,2,189.981995884774,40.9071514676174,1,225,129,984,.,.,1,1,3,1,.
30,118.5,170.2,53.3956,0.81,14,17,92,3.8,0.5,0,0,1,0,2,189.981995884774,40.9071514676174,1,225,.,996.05,.,.,0,2,3,0,0.649860548895638
29,91.5,160.4,42.9047,0.7,17,16,48,4.3,0.6,0,1,0,0,2,171.290178571429,35.5641445015889,1,226,129,0,15,24,1,1,3,1,.
29,91.5,160.4,42.9047,0.7,17,16,48,4.3,0.6,0,1,0,0,2,171.290178571429,35.5641445015889,1,226,129,384,.,.,1,1,3,1,.
29,91.5,160.4,42.9047,0.7,17,16,48,4.3,0.6,0,1,0,0,2,171.290178571429,35.5641445015889,1,226,.,410,.,.,0,2,3,0,0.0919304447957302
29,91.5,160.4,42.9047,0.7,17,16,48,4.3,0.6,0,1,0,0,2,171.290178571429,35.5641445015889,1,226,129,432,.,.,1,1,3,1,.
29,91.5,160.4,42.9047,0.7,17,16,48,4.3,0.6,0,1,0,0,2,171.290178571429,35.5641445015889,1,226,.,455.42,.,.,0,2,3,0,0.0969683819844905
29,91.5,160.4,42.9047,0.7,17,16,48,4.3,0.6,0,1,0,0,2,171.290178571429,35.5641445015889,1,226,129,456,16,24,1,1,3,1,.
29,91.5,160.4,42.9047,0.7,17,16,48,4.3,0.6,0,1,0,0,2,171.290178571429,35.5641445015889,1,226,129,887.92,.,.,1,1,3,1,.
29,91.5,160.4,42.9047,0.7,17,16,48,4.3,0.6,0,1,0,0,2,171.290178571429,35.5641445015889,1,226,.,911.92,.,.,0,2,3,0,0.131154522730973
29,91.5,160.4,42.9047,0.7,17,16,48,4.3,0.6,0,1,0,0,2,171.290178571429,35.5641445015889,1,226,129,936,.,.,1,1,3,1,.
29,91.5,160.4,42.9047,0.7,17,16,48,4.3,0.6,0,1,0,0,2,171.290178571429,35.5641445015889,1,226,.,947.42,.,.,0,2,3,0,0.156520952129738
37,61.4,157.3,19.8578,0.47,17,19,55,4,0.5,0,0,0,1,2,158.852541371158,24.8148083783523,0,227,129,0,18,24,1,1,3,1,.
37,61.4,157.3,19.8578,0.47,17,19,55,4,0.5,0,0,0,1,2,158.852541371158,24.8148083783523,0,227,129,479.08,.,.,1,1,3,1,.
37,61.4,157.3,19.8578,0.47,17,19,55,4,0.5,0,0,0,1,2,158.852541371158,24.8148083783523,0,227,.,480.58,.,.,0,2,3,0,0.340040677179838
37,61.4,157.3,19.8578,0.47,17,19,55,4,0.5,0,0,0,1,2,158.852541371158,24.8148083783523,0,227,.,503,.,.,0,2,3,0,0.257466330630217
37,61.4,157.3,19.8578,0.47,17,19,55,4,0.5,0,0,0,1,2,158.852541371158,24.8148083783523,0,227,129,503.08,18,24,1,1,3,1,.
37,61.4,157.3,19.8578,0.47,17,19,55,4,0.5,0,0,0,1,2,158.852541371158,24.8148083783523,0,227,129,959.83,.,.,1,1,3,1,.
37,61.4,157.3,19.8578,0.47,17,19,55,4,0.5,0,0,0,1,2,158.852541371158,24.8148083783523,0,227,.,982.92,.,.,0,2,3,0,0.24674490825171
37,61.4,157.3,19.8578,0.47,17,19,55,4,0.5,0,0,0,1,2,158.852541371158,24.8148083783523,0,227,129,983.83,.,.,1,1,3,1,.
37,61.4,157.3,19.8578,0.47,17,19,55,4,0.5,0,0,0,1,2,158.852541371158,24.8148083783523,0,227,129,1007.08,.,.,1,1,3,1,.
37,61.4,157.3,19.8578,0.47,17,19,55,4,0.5,0,0,0,1,2,158.852541371158,24.8148083783523,0,227,.,1018.33,.,.,0,2,3,0,0.333464784874024
52,81.3,182.2,18.5854,0.99,39,30,47,4.5,0.7,0,0,0,1,1,100.37037037037,24.4902828100506,0,228,129,0,18,24,1,1,3,1,.
52,81.3,182.2,18.5854,0.99,39,30,47,4.5,0.7,0,0,0,1,1,100.37037037037,24.4902828100506,0,228,129,479,.,.,1,1,3,1,.
52,81.3,182.2,18.5854,0.99,39,30,47,4.5,0.7,0,0,0,1,1,100.37037037037,24.4902828100506,0,228,.,481.5,.,.,0,2,3,0,0.257589336964724
52,81.3,182.2,18.5854,0.99,39,30,47,4.5,0.7,0,0,0,1,1,100.37037037037,24.4902828100506,0,228,.,502.83,.,.,0,2,3,0,0.152574017690813
52,81.3,182.2,18.5854,0.99,39,30,47,4.5,0.7,0,0,0,1,1,100.37037037037,24.4902828100506,0,228,129,503,18,24,1,1,3,1,.
52,81.3,182.2,18.5854,0.99,39,30,47,4.5,0.7,0,0,0,1,1,100.37037037037,24.4902828100506,0,228,129,959,.,.,1,1,3,1,.
52,81.3,182.2,18.5854,0.99,39,30,47,4.5,0.7,0,0,0,1,1,100.37037037037,24.4902828100506,0,228,.,982.83,.,.,0,2,3,0,0.145192063070437
52,81.3,182.2,18.5854,0.99,39,30,47,4.5,0.7,0,0,0,1,1,100.37037037037,24.4902828100506,0,228,129,983,.,.,1,1,3,1,.
52,81.3,182.2,18.5854,0.99,39,30,47,4.5,0.7,0,0,0,1,1,100.37037037037,24.4902828100506,0,228,129,1007,.,.,1,1,3,1,.
52,81.3,182.2,18.5854,0.99,39,30,47,4.5,0.7,0,0,0,1,1,100.37037037037,24.4902828100506,0,228,.,1020.75,.,.,0,2,3,0,0.113804171884807
21,92.9,168.1,28.6842,0.75,29,27,95,4.3,0.3,1,0,0,0,1,204.724074074074,32.8760995710536,1,229,129,0,19,24,1,1,3,1,.
21,92.9,168.1,28.6842,0.75,29,27,95,4.3,0.3,1,0,0,0,1,204.724074074074,32.8760995710536,1,229,129,480,.,.,1,1,3,1,.
21,92.9,168.1,28.6842,0.75,29,27,95,4.3,0.3,1,0,0,0,1,204.724074074074,32.8760995710536,1,229,.,482.5,.,.,0,2,3,0,0.22392151891479
21,92.9,168.1,28.6842,0.75,29,27,95,4.3,0.3,1,0,0,0,1,204.724074074074,32.8760995710536,1,229,129,503.83,19,24,1,1,3,1,.
21,92.9,168.1,28.6842,0.75,29,27,95,4.3,0.3,1,0,0,0,1,204.724074074074,32.8760995710536,1,229,.,503.83,.,.,0,2,3,0,0.194084355851935
21,92.9,168.1,28.6842,0.75,29,27,95,4.3,0.3,1,0,0,0,1,204.724074074074,32.8760995710536,1,229,.,983.83,.,.,0,2,3,0,0.160764479240667
21,92.9,168.1,28.6842,0.75,29,27,95,4.3,0.3,1,0,0,0,1,204.724074074074,32.8760995710536,1,229,129,984,.,.,1,1,3,1,.
21,92.9,168.1,28.6842,0.75,29,27,95,4.3,0.3,1,0,0,0,1,204.724074074074,32.8760995710536,1,229,129,1008,.,.,1,1,3,1,.
21,92.9,168.1,28.6842,0.75,29,27,95,4.3,0.3,1,0,0,0,1,204.724074074074,32.8760995710536,1,229,.,1020.5,.,.,0,2,3,0,0.148588942391541
51,82,172,21.1393,1.03,25,19,49,4.6,0.7,0,0,0,1,1,98.4088457389428,27.7176852352623,0,230,129,0,18,24,1,1,3,1,.
51,82,172,21.1393,1.03,25,19,49,4.6,0.7,0,0,0,1,1,98.4088457389428,27.7176852352623,0,230,.,472.5,.,.,0,2,3,0,0.171716363459163
51,82,172,21.1393,1.03,25,19,49,4.6,0.7,0,0,0,1,1,98.4088457389428,27.7176852352623,0,230,129,480,.,.,1,1,3,1,.
51,82,172,21.1393,1.03,25,19,49,4.6,0.7,0,0,0,1,1,98.4088457389428,27.7176852352623,0,230,.,503.83,.,.,0,2,3,0,0.208862866713371
51,82,172,21.1393,1.03,25,19,49,4.6,0.7,0,0,0,1,1,98.4088457389428,27.7176852352623,0,230,129,504,18,24,1,1,3,1,.
51,82,172,21.1393,1.03,25,19,49,4.6,0.7,0,0,0,1,1,98.4088457389428,27.7176852352623,0,230,129,960,.,.,1,1,3,1,.
51,82,172,21.1393,1.03,25,19,49,4.6,0.7,0,0,0,1,1,98.4088457389428,27.7176852352623,0,230,.,984.42,.,.,0,2,3,0,0.167289585933323
51,82,172,21.1393,1.03,25,19,49,4.6,0.7,0,0,0,1,1,98.4088457389428,27.7176852352623,0,230,129,1008,.,.,1,1,3,1,.
51,82,172,21.1393,1.03,25,19,49,4.6,0.7,0,0,0,1,1,98.4088457389428,27.7176852352623,0,230,.,1021.5,.,.,0,2,3,0,0.103177462329815
40,57.5,151.7,21.1827,0.63,30,24,45,4.8,0.6,0,0,0,1,2,107.749118165785,24.9859969782153,0,231,129,0,18,24,1,1,3,1,.
40,57.5,151.7,21.1827,0.63,30,24,45,4.8,0.6,0,0,0,1,2,107.749118165785,24.9859969782153,0,231,129,479.75,.,.,1,1,3,1,.
40,57.5,151.7,21.1827,0.63,30,24,45,4.8,0.6,0,0,0,1,2,107.749118165785,24.9859969782153,0,231,.,482.25,.,.,0,2,3,0,0.195153282997482
40,57.5,151.7,21.1827,0.63,30,24,45,4.8,0.6,0,0,0,1,2,107.749118165785,24.9859969782153,0,231,129,503.75,.,.,1,1,3,1,.
40,57.5,151.7,21.1827,0.63,30,24,45,4.8,0.6,0,0,0,1,2,107.749118165785,24.9859969782153,0,231,.,527.08,.,.,0,2,3,0,0.0636781026074729
40,57.5,151.7,21.1827,0.63,30,24,45,4.8,0.6,0,0,0,1,2,107.749118165785,24.9859969782153,0,231,129,527.75,17,24,1,1,3,1,.
40,57.5,151.7,21.1827,0.63,30,24,45,4.8,0.6,0,0,0,1,2,107.749118165785,24.9859969782153,0,231,129,959.75,.,.,1,1,3,1,.
40,57.5,151.7,21.1827,0.63,30,24,45,4.8,0.6,0,0,0,1,2,107.749118165785,24.9859969782153,0,231,.,983.58,.,.,0,2,3,0,0.0958881260874289
40,57.5,151.7,21.1827,0.63,30,24,45,4.8,0.6,0,0,0,1,2,107.749118165785,24.9859969782153,0,231,129,983.75,.,.,1,1,3,1,.
40,57.5,151.7,21.1827,0.63,30,24,45,4.8,0.6,0,0,0,1,2,107.749118165785,24.9859969782153,0,231,129,1007.75,.,.,1,1,3,1,.
40,57.5,151.7,21.1827,0.63,30,24,45,4.8,0.6,0,0,0,1,2,107.749118165785,24.9859969782153,0,231,.,1021.58,.,.,0,2,3,0,0.0662354317212292
18,57.8,152.8,24.1075,0.62,13,16,84,4.3,0.4,1,0,0,0,2,134.27105734767,24.756037389326,0,232,129,0,18,24,1,1,3,1,.
18,57.8,152.8,24.1075,0.62,13,16,84,4.3,0.4,1,0,0,0,2,134.27105734767,24.756037389326,0,232,129,478.5,.,.,1,1,3,1,.
18,57.8,152.8,24.1075,0.62,13,16,84,4.3,0.4,1,0,0,0,2,134.27105734767,24.756037389326,0,232,.,481,.,.,0,2,3,0,0.112011923370625
18,57.8,152.8,24.1075,0.62,13,16,84,4.3,0.4,1,0,0,0,2,134.27105734767,24.756037389326,0,232,129,958.5,.,.,1,1,3,1,.
18,57.8,152.8,24.1075,0.62,13,16,84,4.3,0.4,1,0,0,0,2,134.27105734767,24.756037389326,0,232,.,982.33,.,.,0,2,3,0,0.0446246429276815
18,57.8,152.8,24.1075,0.62,13,16,84,4.3,0.4,1,0,0,0,2,134.27105734767,24.756037389326,0,232,129,982.5,.,.,1,1,3,1,.
18,57.8,152.8,24.1075,0.62,13,16,84,4.3,0.4,1,0,0,0,2,134.27105734767,24.756037389326,0,232,129,1006.5,.,.,1,1,3,1,.
18,57.8,152.8,24.1075,0.62,13,16,84,4.3,0.4,1,0,0,0,2,134.27105734767,24.756037389326,0,232,.,1021.43,.,.,0,2,3,0,0.124538335239563
46,46,151.8,13.3378,0.46,17,20,61,4.4,0.5,1,0,0,0,2,110.972222222222,19.9624705553559,0,233,129,0,18,24,1,1,3,1,.
46,46,151.8,13.3378,0.46,17,20,61,4.4,0.5,1,0,0,0,2,110.972222222222,19.9624705553559,0,233,129,479,.,.,1,1,3,1,.
46,46,151.8,13.3378,0.46,17,20,61,4.4,0.5,1,0,0,0,2,110.972222222222,19.9624705553559,0,233,.,481.5,.,.,0,2,3,0,0.232229434749151
46,46,151.8,13.3378,0.46,17,20,61,4.4,0.5,1,0,0,0,2,110.972222222222,19.9624705553559,0,233,129,503,.,.,1,1,3,1,.
46,46,151.8,13.3378,0.46,17,20,61,4.4,0.5,1,0,0,0,2,110.972222222222,19.9624705553559,0,233,.,525.75,.,.,0,2,3,0,0.128355055607144
46,46,151.8,13.3378,0.46,17,20,61,4.4,0.5,1,0,0,0,2,110.972222222222,19.9624705553559,0,233,129,527,17,24,1,1,3,1,.
46,46,151.8,13.3378,0.46,17,20,61,4.4,0.5,1,0,0,0,2,110.972222222222,19.9624705553559,0,233,129,961.5,.,.,1,1,3,1,.
46,46,151.8,13.3378,0.46,17,20,61,4.4,0.5,1,0,0,0,2,110.972222222222,19.9624705553559,0,233,.,982.83,.,.,0,2,3,0,0.27998648265833
46,46,151.8,13.3378,0.46,17,20,61,4.4,0.5,1,0,0,0,2,110.972222222222,19.9624705553559,0,233,129,985.5,.,.,1,1,3,1,.
46,46,151.8,13.3378,0.46,17,20,61,4.4,0.5,1,0,0,0,2,110.972222222222,19.9624705553559,0,233,129,1008,.,.,1,1,3,1,.
46,46,151.8,13.3378,0.46,17,20,61,4.4,0.5,1,0,0,0,2,110.972222222222,19.9624705553559,0,233,.,1020.25,.,.,0,2,3,0,0.213508751658437
39,45,159.5,13.2076,0.55,13,21,73,4.4,0.4,0,1,0,0,2,97.5568181818182,17.6885054195615,0,234,129,0,18,24,1,1,3,1,.
39,45,159.5,13.2076,0.55,13,21,73,4.4,0.4,0,1,0,0,2,97.5568181818182,17.6885054195615,0,234,129,478.67,.,.,1,1,3,1,.
39,45,159.5,13.2076,0.55,13,21,73,4.4,0.4,0,1,0,0,2,97.5568181818182,17.6885054195615,0,234,.,481.17,.,.,0,2,3,0,0.288535047487128
39,45,159.5,13.2076,0.55,13,21,73,4.4,0.4,0,1,0,0,2,97.5568181818182,17.6885054195615,0,234,129,502.67,.,.,1,1,3,1,.
39,45,159.5,13.2076,0.55,13,21,73,4.4,0.4,0,1,0,0,2,97.5568181818182,17.6885054195615,0,234,.,526.5,.,.,0,2,3,0,0.0755766005235354
39,45,159.5,13.2076,0.55,13,21,73,4.4,0.4,0,1,0,0,2,97.5568181818182,17.6885054195615,0,234,129,526.67,17,24,1,1,3,1,.
39,45,159.5,13.2076,0.55,13,21,73,4.4,0.4,0,1,0,0,2,97.5568181818182,17.6885054195615,0,234,129,959.67,.,.,1,1,3,1,.
39,45,159.5,13.2076,0.55,13,21,73,4.4,0.4,0,1,0,0,2,97.5568181818182,17.6885054195615,0,234,129,983.67,.,.,1,1,3,1,.
39,45,159.5,13.2076,0.55,13,21,73,4.4,0.4,0,1,0,0,2,97.5568181818182,17.6885054195615,0,234,129,1006.67,.,.,1,1,3,1,.
39,45,159.5,13.2076,0.55,13,21,73,4.4,0.4,0,1,0,0,2,97.5568181818182,17.6885054195615,0,234,.,1020,.,.,0,2,3,0,0.159380711521166
58,97.1,170.1,30.773,0.72,22,15,80,4.1,0.5,0,1,0,0,1,153.591820987654,33.5591229836445,1,235,129,0,19,24,1,1,3,1,.
58,97.1,170.1,30.773,0.72,22,15,80,4.1,0.5,0,1,0,0,1,153.591820987654,33.5591229836445,1,235,129,480,.,.,1,1,3,1,.
58,97.1,170.1,30.773,0.72,22,15,80,4.1,0.5,0,1,0,0,1,153.591820987654,33.5591229836445,1,235,.,482.5,.,.,0,2,3,0,0.568221657970322
58,97.1,170.1,30.773,0.72,22,15,80,4.1,0.5,0,1,0,0,1,153.591820987654,33.5591229836445,1,235,129,504,.,.,1,1,3,1,.
58,97.1,170.1,30.773,0.72,22,15,80,4.1,0.5,0,1,0,0,1,153.591820987654,33.5591229836445,1,235,.,526.67,.,.,0,2,3,0,0.202809121945705
58,97.1,170.1,30.773,0.72,22,15,80,4.1,0.5,0,1,0,0,1,153.591820987654,33.5591229836445,1,235,129,528,17,24,1,1,3,1,.
58,97.1,170.1,30.773,0.72,22,15,80,4.1,0.5,0,1,0,0,1,153.591820987654,33.5591229836445,1,235,129,960,.,.,1,1,3,1,.
58,97.1,170.1,30.773,0.72,22,15,80,4.1,0.5,0,1,0,0,1,153.591820987654,33.5591229836445,1,235,129,984,.,.,1,1,3,1,.
58,97.1,170.1,30.773,0.72,22,15,80,4.1,0.5,0,1,0,0,1,153.591820987654,33.5591229836445,1,235,129,1008,.,.,1,1,3,1,.
58,97.1,170.1,30.773,0.72,22,15,80,4.1,0.5,0,1,0,0,1,153.591820987654,33.5591229836445,1,235,.,1020.25,.,.,0,2,3,0,0.254637195215045
55,112.7,167.2,47.4051,0.83,23,28,56,4.1,0.6,0,1,0,0,2,136.254601740295,40.3135802751769,1,236,129,0,20,24,1,1,3,1,.
55,112.7,167.2,47.4051,0.83,23,28,56,4.1,0.6,0,1,0,0,2,136.254601740295,40.3135802751769,1,236,129,527.25,.,.,1,1,3,1,.
55,112.7,167.2,47.4051,0.83,23,28,56,4.1,0.6,0,1,0,0,2,136.254601740295,40.3135802751769,1,236,.,529.47,.,.,0,2,3,0,0.270338889055766
55,112.7,167.2,47.4051,0.83,23,28,56,4.1,0.6,0,1,0,0,2,136.254601740295,40.3135802751769,1,236,129,551.25,.,.,1,1,3,1,.
55,112.7,167.2,47.4051,0.83,23,28,56,4.1,0.6,0,1,0,0,2,136.254601740295,40.3135802751769,1,236,.,574.42,.,.,0,2,3,0,0.12141206525744
55,112.7,167.2,47.4051,0.83,23,28,56,4.1,0.6,0,1,0,0,2,136.254601740295,40.3135802751769,1,236,129,575.25,18,24,1,1,3,1,.
55,112.7,167.2,47.4051,0.83,23,28,56,4.1,0.6,0,1,0,0,2,136.254601740295,40.3135802751769,1,236,129,1031.25,.,.,1,1,3,1,.
55,112.7,167.2,47.4051,0.83,23,28,56,4.1,0.6,0,1,0,0,2,136.254601740295,40.3135802751769,1,236,.,1031.57,.,.,0,2,3,0,0.187285806361526
55,112.7,167.2,47.4051,0.83,23,28,56,4.1,0.6,0,1,0,0,2,136.254601740295,40.3135802751769,1,236,129,1055.25,.,.,1,1,3,1,.
55,112.7,167.2,47.4051,0.83,23,28,56,4.1,0.6,0,1,0,0,2,136.254601740295,40.3135802751769,1,236,.,1067.57,.,.,0,2,3,0,0.251785671298228
25,84.5,158.8,35.0084,0.78,14,16,77,4.2,0.4,0,1,0,0,2,147.077546296296,33.5085559834781,1,237,129,0,22,24,1,1,3,1,.
25,84.5,158.8,35.0084,0.78,14,16,77,4.2,0.4,0,1,0,0,2,147.077546296296,33.5085559834781,1,237,129,552,.,.,1,1,3,1,.
25,84.5,158.8,35.0084,0.78,14,16,77,4.2,0.4,0,1,0,0,2,147.077546296296,33.5085559834781,1,237,.,554.25,.,.,0,2,3,0,0.398710150088421
25,84.5,158.8,35.0084,0.78,14,16,77,4.2,0.4,0,1,0,0,2,147.077546296296,33.5085559834781,1,237,129,576,.,.,1,1,3,1,.
25,84.5,158.8,35.0084,0.78,14,16,77,4.2,0.4,0,1,0,0,2,147.077546296296,33.5085559834781,1,237,.,599.28,.,.,0,2,3,0,0.378648907653822
25,84.5,158.8,35.0084,0.78,14,16,77,4.2,0.4,0,1,0,0,2,147.077546296296,33.5085559834781,1,237,129,600,16,24,1,1,3,1,.
25,84.5,158.8,35.0084,0.78,14,16,77,4.2,0.4,0,1,0,0,2,147.077546296296,33.5085559834781,1,237,129,1008,.,.,1,1,3,1,.
25,84.5,158.8,35.0084,0.78,14,16,77,4.2,0.4,0,1,0,0,2,147.077546296296,33.5085559834781,1,237,.,1031.65,.,.,0,2,3,0,0.180318765038866
25,84.5,158.8,35.0084,0.78,14,16,77,4.2,0.4,0,1,0,0,2,147.077546296296,33.5085559834781,1,237,129,1032,.,.,1,1,3,1,.
25,84.5,158.8,35.0084,0.78,14,16,77,4.2,0.4,0,1,0,0,2,147.077546296296,33.5085559834781,1,237,129,1056,.,.,1,1,3,1,.
25,84.5,158.8,35.0084,0.78,14,16,77,4.2,0.4,0,1,0,0,2,147.077546296296,33.5085559834781,1,237,.,1069,.,.,0,2,3,0,0.183102898282601
22,64.1,157.4,20.6335,0.63,15,18,53,4.6,0.6,0,1,0,0,2,141.737874779541,25.8731063388707,0,238,129,0,17,24,1,1,3,1,.
22,64.1,157.4,20.6335,0.63,15,18,53,4.6,0.6,0,1,0,0,2,141.737874779541,25.8731063388707,0,238,129,432,.,.,1,1,3,1,.
22,64.1,157.4,20.6335,0.63,15,18,53,4.6,0.6,0,1,0,0,2,141.737874779541,25.8731063388707,0,238,.,435.33,.,.,0,2,3,0,0.405127608893307
22,64.1,157.4,20.6335,0.63,15,18,53,4.6,0.6,0,1,0,0,2,141.737874779541,25.8731063388707,0,238,129,456,.,.,1,1,3,1,.
22,64.1,157.4,20.6335,0.63,15,18,53,4.6,0.6,0,1,0,0,2,141.737874779541,25.8731063388707,0,238,.,479.38,.,.,0,2,3,0,0.268871226032058
22,64.1,157.4,20.6335,0.63,15,18,53,4.6,0.6,0,1,0,0,2,141.737874779541,25.8731063388707,0,238,129,480,19,24,1,1,3,1,.
22,64.1,157.4,20.6335,0.63,15,18,53,4.6,0.6,0,1,0,0,2,141.737874779541,25.8731063388707,0,238,129,960,.,.,1,1,3,1,.
22,64.1,157.4,20.6335,0.63,15,18,53,4.6,0.6,0,1,0,0,2,141.737874779541,25.8731063388707,0,238,.,982.97,.,.,0,2,3,0,0.202740302336903
22,64.1,157.4,20.6335,0.63,15,18,53,4.6,0.6,0,1,0,0,2,141.737874779541,25.8731063388707,0,238,129,984,.,.,1,1,3,1,.
22,64.1,157.4,20.6335,0.63,15,18,53,4.6,0.6,0,1,0,0,2,141.737874779541,25.8731063388707,0,238,.,996.92,.,.,0,2,3,0,0.336755350009842
56,120.5,178,42.8522,0.96,25,18,48,4.8,0.7,0,0,0,1,1,146.440972222222,38.0318141648782,1,239,129,0,19,24,1,1,3,1,.
56,120.5,178,42.8522,0.96,25,18,48,4.8,0.7,0,0,0,1,1,146.440972222222,38.0318141648782,1,239,129,502.5,.,.,1,1,3,1,.
56,120.5,178,42.8522,0.96,25,18,48,4.8,0.7,0,0,0,1,1,146.440972222222,38.0318141648782,1,239,.,504.5,.,.,0,2,3,0,0.391469901830336
56,120.5,178,42.8522,0.96,25,18,48,4.8,0.7,0,0,0,1,1,146.440972222222,38.0318141648782,1,239,129,526.5,.,.,1,1,3,1,.
56,120.5,178,42.8522,0.96,25,18,48,4.8,0.7,0,0,0,1,1,146.440972222222,38.0318141648782,1,239,.,549.58,.,.,0,2,3,0,0.0888025230362652
56,120.5,178,42.8522,0.96,25,18,48,4.8,0.7,0,0,0,1,1,146.440972222222,38.0318141648782,1,239,129,550.5,16,24,1,1,3,1,.
56,120.5,178,42.8522,0.96,25,18,48,4.8,0.7,0,0,0,1,1,146.440972222222,38.0318141648782,1,239,129,958.5,.,.,1,1,3,1,.
56,120.5,178,42.8522,0.96,25,18,48,4.8,0.7,0,0,0,1,1,146.440972222222,38.0318141648782,1,239,.,982.08,.,.,0,2,3,0,0.0653202606190476
19,65.9,171.1,19.8753,0.9,20,23,103,5.2,0.8,1,0,0,0,1,123.054012345679,22.5105131611353,0,240,129,0,17,24,1,1,3,1,.
19,65.9,171.1,19.8753,0.9,20,23,103,5.2,0.8,1,0,0,0,1,123.054012345679,22.5105131611353,0,240,129,432,.,.,1,1,3,1,.
19,65.9,171.1,19.8753,0.9,20,23,103,5.2,0.8,1,0,0,0,1,123.054012345679,22.5105131611353,0,240,.,434.25,.,.,0,2,3,0,0.332866260086894
19,65.9,171.1,19.8753,0.9,20,23,103,5.2,0.8,1,0,0,0,1,123.054012345679,22.5105131611353,0,240,129,456,.,.,1,1,3,1,.
19,65.9,171.1,19.8753,0.9,20,23,103,5.2,0.8,1,0,0,0,1,123.054012345679,22.5105131611353,0,240,.,479.12,.,.,0,2,3,0,0.0744701445396722
19,65.9,171.1,19.8753,0.9,20,23,103,5.2,0.8,1,0,0,0,1,123.054012345679,22.5105131611353,0,240,129,480,17,24,1,1,3,1,.
19,65.9,171.1,19.8753,0.9,20,23,103,5.2,0.8,1,0,0,0,1,123.054012345679,22.5105131611353,0,240,129,912,.,.,1,1,3,1,.
19,65.9,171.1,19.8753,0.9,20,23,103,5.2,0.8,1,0,0,0,1,123.054012345679,22.5105131611353,0,240,.,935.55,.,.,0,2,3,0,0.135082591397043
19,65.9,171.1,19.8753,0.9,20,23,103,5.2,0.8,1,0,0,0,1,123.054012345679,22.5105131611353,0,240,129,936,.,.,1,1,3,1,.
19,65.9,171.1,19.8753,0.9,20,23,103,5.2,0.8,1,0,0,0,1,123.054012345679,22.5105131611353,0,240,129,960,.,.,1,1,3,1,.
19,65.9,171.1,19.8753,0.9,20,23,103,5.2,0.8,1,0,0,0,1,123.054012345679,22.5105131611353,0,240,.,974.05,.,.,0,2,3,0,0.167064755493264
26,75.5,168.5,29.6559,0.73,14,14,48,4.3,0.4,0,1,0,0,2,139.192351598174,26.5917635974606,0,241,129,0,15,24,1,1,3,1,.
26,75.5,168.5,29.6559,0.73,14,14,48,4.3,0.4,0,1,0,0,2,139.192351598174,26.5917635974606,0,241,129,384,.,.,1,1,3,1,.
26,75.5,168.5,29.6559,0.73,14,14,48,4.3,0.4,0,1,0,0,2,139.192351598174,26.5917635974606,0,241,.,386.08,.,.,0,2,3,0,0.246007997319893
26,75.5,168.5,29.6559,0.73,14,14,48,4.3,0.4,0,1,0,0,2,139.192351598174,26.5917635974606,0,241,129,408,.,.,1,1,3,1,.
26,75.5,168.5,29.6559,0.73,14,14,48,4.3,0.4,0,1,0,0,2,139.192351598174,26.5917635974606,0,241,.,431.25,.,.,0,2,3,0,0.268892331832597
26,75.5,168.5,29.6559,0.73,14,14,48,4.3,0.4,0,1,0,0,2,139.192351598174,26.5917635974606,0,241,129,432,17,24,1,1,3,1,.
26,75.5,168.5,29.6559,0.73,14,14,48,4.3,0.4,0,1,0,0,2,139.192351598174,26.5917635974606,0,241,129,864,.,.,1,1,3,1,.
26,75.5,168.5,29.6559,0.73,14,14,48,4.3,0.4,0,1,0,0,2,139.192351598174,26.5917635974606,0,241,.,880.08,.,.,0,2,3,0,0.566947661498959
26,75.5,168.5,29.6559,0.73,14,14,48,4.3,0.4,0,1,0,0,2,139.192351598174,26.5917635974606,0,241,.,887.75,.,.,0,2,3,0,0.215933535918658
21,71.5,170.6,24.887,0.83,15,23,60,4.5,0.6,0,1,0,0,2,121.021168005355,24.5667659415978,0,242,129,0,17,24,1,1,3,1,.
21,71.5,170.6,24.887,0.83,15,23,60,4.5,0.6,0,1,0,0,2,121.021168005355,24.5667659415978,0,242,129,432,.,.,1,1,3,1,.
21,71.5,170.6,24.887,0.83,15,23,60,4.5,0.6,0,1,0,0,2,121.021168005355,24.5667659415978,0,242,.,434.17,.,.,0,2,3,0,0.340151496547796
21,71.5,170.6,24.887,0.83,15,23,60,4.5,0.6,0,1,0,0,2,121.021168005355,24.5667659415978,0,242,129,456,.,.,1,1,3,1,.
21,71.5,170.6,24.887,0.83,15,23,60,4.5,0.6,0,1,0,0,2,121.021168005355,24.5667659415978,0,242,.,479.58,.,.,0,2,3,0,0.131789372524893
21,71.5,170.6,24.887,0.83,15,23,60,4.5,0.6,0,1,0,0,2,121.021168005355,24.5667659415978,0,242,129,480,16,24,1,1,3,1,.
21,71.5,170.6,24.887,0.83,15,23,60,4.5,0.6,0,1,0,0,2,121.021168005355,24.5667659415978,0,242,129,888,.,.,1,1,3,1,.
21,71.5,170.6,24.887,0.83,15,23,60,4.5,0.6,0,1,0,0,2,121.021168005355,24.5667659415978,0,242,.,911.88,.,.,0,2,3,0,0.125236873711363
21,71.5,170.6,24.887,0.83,15,23,60,4.5,0.6,0,1,0,0,2,121.021168005355,24.5667659415978,0,242,129,912,.,.,1,1,3,1,.
21,71.5,170.6,24.887,0.83,15,23,60,4.5,0.6,0,1,0,0,2,121.021168005355,24.5667659415978,0,242,129,936,.,.,1,1,3,1,.
21,71.5,170.6,24.887,0.83,15,23,60,4.5,0.6,0,1,0,0,2,121.021168005355,24.5667659415978,0,242,.,949.42,.,.,0,2,3,0,0.230873735176629
20,47.7,150.4,14.3039,0.62,14,16,47,4,0.6,1,0,0,0,2,108.991935483871,21.0873839972838,0,243,129,0,15,24,1,1,3,1,.
20,47.7,150.4,14.3039,0.62,14,16,47,4,0.6,1,0,0,0,2,108.991935483871,21.0873839972838,0,243,129,406.85,.,.,1,1,3,1,.
20,47.7,150.4,14.3039,0.62,14,16,47,4,0.6,1,0,0,0,2,108.991935483871,21.0873839972838,0,243,.,408.78,.,.,0,2,3,0,0.240993439395122
20,47.7,150.4,14.3039,0.62,14,16,47,4,0.6,1,0,0,0,2,108.991935483871,21.0873839972838,0,243,129,430.92,.,.,1,1,3,1,.
20,47.7,150.4,14.3039,0.62,14,16,47,4,0.6,1,0,0,0,2,108.991935483871,21.0873839972838,0,243,.,454.3,.,.,0,2,3,0,0.0110031940604892
20,47.7,150.4,14.3039,0.62,14,16,47,4,0.6,1,0,0,0,2,108.991935483871,21.0873839972838,0,243,129,454.92,17,24,1,1,3,1,.
20,47.7,150.4,14.3039,0.62,14,16,47,4,0.6,1,0,0,0,2,108.991935483871,21.0873839972838,0,243,129,888,.,.,1,1,3,1,.
20,47.7,150.4,14.3039,0.62,14,16,47,4,0.6,1,0,0,0,2,108.991935483871,21.0873839972838,0,243,.,910.62,.,.,0,2,3,0,0.0765074542583744
20,47.7,150.4,14.3039,0.62,14,16,47,4,0.6,1,0,0,0,2,108.991935483871,21.0873839972838,0,243,129,912,.,.,1,1,3,1,.
20,47.7,150.4,14.3039,0.62,14,16,47,4,0.6,1,0,0,0,2,108.991935483871,21.0873839972838,0,243,129,934.75,.,.,1,1,3,1,.
20,47.7,150.4,14.3039,0.62,14,16,47,4,0.6,1,0,0,0,2,108.991935483871,21.0873839972838,0,243,.,948.83,.,.,0,2,3,0,0.25293204851566
19,65.9,158.5,24.7481,0.67,23,23,85,4.3,0.4,1,0,0,0,2,140.501969320066,26.2317268556757,0,244,129,0,17,24,1,1,3,1,.
19,65.9,158.5,24.7481,0.67,23,23,85,4.3,0.4,1,0,0,0,2,140.501969320066,26.2317268556757,0,244,129,454,.,.,1,1,3,1,.
19,65.9,158.5,24.7481,0.67,23,23,85,4.3,0.4,1,0,0,0,2,140.501969320066,26.2317268556757,0,244,.,480.42,.,.,0,2,3,0,0.290069538720548
19,65.9,158.5,24.7481,0.67,23,23,85,4.3,0.4,1,0,0,0,2,140.501969320066,26.2317268556757,0,244,129,502,.,.,1,1,3,1,.
19,65.9,158.5,24.7481,0.67,23,23,85,4.3,0.4,1,0,0,0,2,140.501969320066,26.2317268556757,0,244,.,525.8,.,.,0,2,3,0,0.125368994901329
38,90.8,173.8,27.0181,0.87,24,21,51,4.1,0.3,0,0,0,0,1,147.854406130268,30.0598150593052,1,245,129,0,.,.,1,1,3,1,.
38,90.8,173.8,27.0181,0.87,24,21,51,4.1,0.3,0,0,0,0,1,147.854406130268,30.0598150593052,1,245,258,48,.,.,1,1,3,1,.
38,90.8,173.8,27.0181,0.87,24,21,51,4.1,0.3,0,0,0,0,1,147.854406130268,30.0598150593052,1,245,129,72,15,24,1,1,3,1,.
38,90.8,173.8,27.0181,0.87,24,21,51,4.1,0.3,0,0,0,0,1,147.854406130268,30.0598150593052,1,245,129,456.75,.,.,1,1,3,1,.
38,90.8,173.8,27.0181,0.87,24,21,51,4.1,0.3,0,0,0,0,1,147.854406130268,30.0598150593052,1,245,129,480.02,.,.,1,1,3,1,.
38,90.8,173.8,27.0181,0.87,24,21,51,4.1,0.3,0,0,0,0,1,147.854406130268,30.0598150593052,1,245,.,503,.,.,0,2,3,0,0.110742025049071
38,90.8,173.8,27.0181,0.87,24,21,51,4.1,0.3,0,0,0,0,1,147.854406130268,30.0598150593052,1,245,129,504.02,.,.,1,1,3,1,.
38,90.8,173.8,27.0181,0.87,24,21,51,4.1,0.3,0,0,0,0,1,147.854406130268,30.0598150593052,1,245,129,576,18,24,1,1,3,1,.
38,90.8,173.8,27.0181,0.87,24,21,51,4.1,0.3,0,0,0,0,1,147.854406130268,30.0598150593052,1,245,129,1032,.,.,1,1,3,1,.
38,90.8,173.8,27.0181,0.87,24,21,51,4.1,0.3,0,0,0,0,1,147.854406130268,30.0598150593052,1,245,.,1055.92,.,.,0,2,3,0,0.0974148971112039
38,90.8,173.8,27.0181,0.87,24,21,51,4.1,0.3,0,0,0,0,1,147.854406130268,30.0598150593052,1,245,129,1056,.,.,1,1,3,1,.
38,90.8,173.8,27.0181,0.87,24,21,51,4.1,0.3,0,0,0,0,1,147.854406130268,30.0598150593052,1,245,129,1080.92,.,.,1,1,3,1,.
38,90.8,173.8,27.0181,0.87,24,21,51,4.1,0.3,0,0,0,0,1,147.854406130268,30.0598150593052,1,245,.,1092.05,.,.,0,2,3,0,0.103840040376175
47,76.8,167.8,30.1829,1.01,26,25,52,4.1,0.8,0,1,0,0,2,83.4851485148515,27.2757880500795,0,246,129,0,.,.,1,1,3,1,.
47,76.8,167.8,30.1829,1.01,26,25,52,4.1,0.8,0,1,0,0,2,83.4851485148515,27.2757880500795,0,246,129,48,15,24,1,1,3,1,.
47,76.8,167.8,30.1829,1.01,26,25,52,4.1,0.8,0,1,0,0,2,83.4851485148515,27.2757880500795,0,246,129,432,.,.,1,1,3,1,.
47,76.8,167.8,30.1829,1.01,26,25,52,4.1,0.8,0,1,0,0,2,83.4851485148515,27.2757880500795,0,246,.,434.57,.,.,0,2,3,0,0.461645653773212
47,76.8,167.8,30.1829,1.01,26,25,52,4.1,0.8,0,1,0,0,2,83.4851485148515,27.2757880500795,0,246,129,456,.,.,1,1,3,1,.
47,76.8,167.8,30.1829,1.01,26,25,52,4.1,0.8,0,1,0,0,2,83.4851485148515,27.2757880500795,0,246,.,479.28,.,.,0,2,3,0,0.0442219753634793
47,76.8,167.8,30.1829,1.01,26,25,52,4.1,0.8,0,1,0,0,2,83.4851485148515,27.2757880500795,0,246,129,480,18,24,1,1,3,1,.
47,76.8,167.8,30.1829,1.01,26,25,52,4.1,0.8,0,1,0,0,2,83.4851485148515,27.2757880500795,0,246,129,936,.,.,1,1,3,1,.
47,76.8,167.8,30.1829,1.01,26,25,52,4.1,0.8,0,1,0,0,2,83.4851485148515,27.2757880500795,0,246,.,938.42,.,.,0,2,3,0,0.456573432318746
47,76.8,167.8,30.1829,1.01,26,25,52,4.1,0.8,0,1,0,0,2,83.4851485148515,27.2757880500795,0,246,129,960,.,.,1,1,3,1,.
47,76.8,167.8,30.1829,1.01,26,25,52,4.1,0.8,0,1,0,0,2,83.4851485148515,27.2757880500795,0,246,.,972.78,.,.,0,2,3,0,0.313918411171085
44,92.4,163.8,38.4903,0.75,25,22,76,4.1,0.3,0,1,0,0,2,139.626666666667,34.4384959769575,1,247,129,0,18,24,1,1,3,1,.
44,92.4,163.8,38.4903,0.75,25,22,76,4.1,0.3,0,1,0,0,2,139.626666666667,34.4384959769575,1,247,129,456,.,.,1,1,3,1,.
44,92.4,163.8,38.4903,0.75,25,22,76,4.1,0.3,0,1,0,0,2,139.626666666667,34.4384959769575,1,247,.,457.97,.,.,0,2,3,0,0.238162629737789
44,92.4,163.8,38.4903,0.75,25,22,76,4.1,0.3,0,1,0,0,2,139.626666666667,34.4384959769575,1,247,129,480,.,.,1,1,3,1,.
44,92.4,163.8,38.4903,0.75,25,22,76,4.1,0.3,0,1,0,0,2,139.626666666667,34.4384959769575,1,247,.,502.75,.,.,0,2,3,0,0.368255215690508
44,92.4,163.8,38.4903,0.75,25,22,76,4.1,0.3,0,1,0,0,2,139.626666666667,34.4384959769575,1,247,129,504,17,24,1,1,3,1,.
44,92.4,163.8,38.4903,0.75,25,22,76,4.1,0.3,0,1,0,0,2,139.626666666667,34.4384959769575,1,247,129,936,.,.,1,1,3,1,.
44,92.4,163.8,38.4903,0.75,25,22,76,4.1,0.3,0,1,0,0,2,139.626666666667,34.4384959769575,1,247,129,960,.,.,1,1,3,1,.
44,92.4,163.8,38.4903,0.75,25,22,76,4.1,0.3,0,1,0,0,2,139.626666666667,34.4384959769575,1,247,129,984,.,.,1,1,3,1,.
44,92.4,163.8,38.4903,0.75,25,22,76,4.1,0.3,0,1,0,0,2,139.626666666667,34.4384959769575,1,247,.,999.92,.,.,0,2,3,0,0.322384507548121
49,73.5,152.6,31.363,0.48,25,24,111,4.1,0.4,1,0,0,0,2,164.503038194444,31.562999747496,1,248,129,0,16,24,1,1,3,1,.
49,73.5,152.6,31.363,0.48,25,24,111,4.1,0.4,1,0,0,0,2,164.503038194444,31.562999747496,1,248,129,430.5,.,.,1,1,3,1,.
49,73.5,152.6,31.363,0.48,25,24,111,4.1,0.4,1,0,0,0,2,164.503038194444,31.562999747496,1,248,.,454.37,.,.,0,2,3,0,0.165560478494327
49,73.5,152.6,31.363,0.48,25,24,111,4.1,0.4,1,0,0,0,2,164.503038194444,31.562999747496,1,248,129,454.5,.,.,1,1,3,1,.
49,73.5,152.6,31.363,0.48,25,24,111,4.1,0.4,1,0,0,0,2,164.503038194444,31.562999747496,1,248,129,478.5,.,.,1,1,3,1,.
49,73.5,152.6,31.363,0.48,25,24,111,4.1,0.4,1,0,0,0,2,164.503038194444,31.562999747496,1,248,.,501.67,.,.,0,2,3,0,0.21018066929377
49,73.5,152.6,31.363,0.48,25,24,111,4.1,0.4,1,0,0,0,2,164.503038194444,31.562999747496,1,248,129,502.5,17,24,1,1,3,1,.
49,73.5,152.6,31.363,0.48,25,24,111,4.1,0.4,1,0,0,0,2,164.503038194444,31.562999747496,1,248,129,934.5,.,.,1,1,3,1,.
49,73.5,152.6,31.363,0.48,25,24,111,4.1,0.4,1,0,0,0,2,164.503038194444,31.562999747496,1,248,.,958.42,.,.,0,2,3,0,0.230960899647863
49,73.5,152.6,31.363,0.48,25,24,111,4.1,0.4,1,0,0,0,2,164.503038194444,31.562999747496,1,248,129,958.5,.,.,1,1,3,1,.
49,73.5,152.6,31.363,0.48,25,24,111,4.1,0.4,1,0,0,0,2,164.503038194444,31.562999747496,1,248,.,996.05,.,.,0,2,3,0,0.213501135787994
29,99.7,174.4,34.5698,0.78,34,26,42,4.3,0.3,0,0,0,0,1,197.056623931624,32.7794903627641,1,249,129,0,17,24,1,1,3,1,.
29,99.7,174.4,34.5698,0.78,34,26,42,4.3,0.3,0,0,0,0,1,197.056623931624,32.7794903627641,1,249,129,432,.,.,1,1,3,1,.
29,99.7,174.4,34.5698,0.78,34,26,42,4.3,0.3,0,0,0,0,1,197.056623931624,32.7794903627641,1,249,.,434.17,.,.,0,2,3,0,0.270020262486683
29,99.7,174.4,34.5698,0.78,34,26,42,4.3,0.3,0,0,0,0,1,197.056623931624,32.7794903627641,1,249,129,456,.,.,1,1,3,1,.
29,99.7,174.4,34.5698,0.78,34,26,42,4.3,0.3,0,0,0,0,1,197.056623931624,32.7794903627641,1,249,.,479.05,.,.,0,2,3,0,0.214563390074663
29,99.7,174.4,34.5698,0.78,34,26,42,4.3,0.3,0,0,0,0,1,197.056623931624,32.7794903627641,1,249,129,480,17,24,1,1,3,1,.
29,99.7,174.4,34.5698,0.78,34,26,42,4.3,0.3,0,0,0,0,1,197.056623931624,32.7794903627641,1,249,129,912,.,.,1,1,3,1,.
29,99.7,174.4,34.5698,0.78,34,26,42,4.3,0.3,0,0,0,0,1,197.056623931624,32.7794903627641,1,249,.,935.75,.,.,0,2,3,0,0.144438832855292
29,99.7,174.4,34.5698,0.78,34,26,42,4.3,0.3,0,0,0,0,1,197.056623931624,32.7794903627641,1,249,129,936,.,.,1,1,3,1,.
29,99.7,174.4,34.5698,0.78,34,26,42,4.3,0.3,0,0,0,0,1,197.056623931624,32.7794903627641,1,249,129,960,.,.,1,1,3,1,.
29,99.7,174.4,34.5698,0.78,34,26,42,4.3,0.3,0,0,0,0,1,197.056623931624,32.7794903627641,1,249,.,973.03,.,.,0,2,3,0,0.111012832128142
52,67.4,160.8,23.3251,0.72,24,30,55,4.5,0.6,0,0,1,0,2,97.2515432098766,26.0668052770971,0,250,129,0,16,24,1,1,3,1,.
52,67.4,160.8,23.3251,0.72,24,30,55,4.5,0.6,0,0,1,0,2,97.2515432098766,26.0668052770971,0,250,129,430.75,.,.,1,1,3,1,.
52,67.4,160.8,23.3251,0.72,24,30,55,4.5,0.6,0,0,1,0,2,97.2515432098766,26.0668052770971,0,250,.,433,.,.,0,2,3,0,0.381030472585278
52,67.4,160.8,23.3251,0.72,24,30,55,4.5,0.6,0,0,1,0,2,97.2515432098766,26.0668052770971,0,250,129,454.75,.,.,1,1,3,1,.
52,67.4,160.8,23.3251,0.72,24,30,55,4.5,0.6,0,0,1,0,2,97.2515432098766,26.0668052770971,0,250,.,476.08,.,.,0,2,3,0,0.362544547327891
52,67.4,160.8,23.3251,0.72,24,30,55,4.5,0.6,0,0,1,0,2,97.2515432098766,26.0668052770971,0,250,129,478.75,18,24,1,1,3,1,.
52,67.4,160.8,23.3251,0.72,24,30,55,4.5,0.6,0,0,1,0,2,97.2515432098766,26.0668052770971,0,250,129,935,.,.,1,1,3,1,.
52,67.4,160.8,23.3251,0.72,24,30,55,4.5,0.6,0,0,1,0,2,97.2515432098766,26.0668052770971,0,250,.,958,.,.,0,2,3,0,0.272780147571533
52,67.4,160.8,23.3251,0.72,24,30,55,4.5,0.6,0,0,1,0,2,97.2515432098766,26.0668052770971,0,250,129,959,.,.,1,1,3,1,.
52,67.4,160.8,23.3251,0.72,24,30,55,4.5,0.6,0,0,1,0,2,97.2515432098766,26.0668052770971,0,250,129,982.75,.,.,1,1,3,1,.
52,67.4,160.8,23.3251,0.72,24,30,55,4.5,0.6,0,0,1,0,2,97.2515432098766,26.0668052770971,0,250,.,994.28,.,.,0,2,3,0,0.0925199038986565
46,73.9,159.1,25.4409,0.92,31,27,101,4.1,0.6,1,0,0,0,1,104.870169082126,29.1947041833759,0,251,129,0,16,24,1,1,3,1,.
46,73.9,159.1,25.4409,0.92,31,27,101,4.1,0.6,1,0,0,0,1,104.870169082126,29.1947041833759,0,251,129,429.67,.,.,1,1,3,1,.
46,73.9,159.1,25.4409,0.92,31,27,101,4.1,0.6,1,0,0,0,1,104.870169082126,29.1947041833759,0,251,.,431.92,.,.,0,2,3,0,0.40445795932748
46,73.9,159.1,25.4409,0.92,31,27,101,4.1,0.6,1,0,0,0,1,104.870169082126,29.1947041833759,0,251,129,453.83,.,.,1,1,3,1,.
46,73.9,159.1,25.4409,0.92,31,27,101,4.1,0.6,1,0,0,0,1,104.870169082126,29.1947041833759,0,251,.,476.07,.,.,0,2,3,0,0.158694732090989
46,73.9,159.1,25.4409,0.92,31,27,101,4.1,0.6,1,0,0,0,1,104.870169082126,29.1947041833759,0,251,129,477.83,17,24,1,1,3,1,.
46,73.9,159.1,25.4409,0.92,31,27,101,4.1,0.6,1,0,0,0,1,104.870169082126,29.1947041833759,0,251,129,910.83,.,.,1,1,3,1,.
46,73.9,159.1,25.4409,0.92,31,27,101,4.1,0.6,1,0,0,0,1,104.870169082126,29.1947041833759,0,251,129,934.67,.,.,1,1,3,1,.
46,73.9,159.1,25.4409,0.92,31,27,101,4.1,0.6,1,0,0,0,1,104.870169082126,29.1947041833759,0,251,.,969.62,.,.,0,2,3,0,0.153179329109979
42,75.5,158.9,30.9445,0.67,15,18,85,3.8,0.3,0,1,0,0,2,130.372097844113,29.9019256444063,0,252,129,0,17,24,1,1,3,1,.
42,75.5,158.9,30.9445,0.67,15,18,85,3.8,0.3,0,1,0,0,2,130.372097844113,29.9019256444063,0,252,129,432,.,.,1,1,3,1,.
42,75.5,158.9,30.9445,0.67,15,18,85,3.8,0.3,0,1,0,0,2,130.372097844113,29.9019256444063,0,252,.,434.25,.,.,0,2,3,0,0.186665742783705
42,75.5,158.9,30.9445,0.67,15,18,85,3.8,0.3,0,1,0,0,2,130.372097844113,29.9019256444063,0,252,129,455.83,.,.,1,1,3,1,.
42,75.5,158.9,30.9445,0.67,15,18,85,3.8,0.3,0,1,0,0,2,130.372097844113,29.9019256444063,0,252,.,477.87,.,.,0,2,3,0,0.366815644459117
42,75.5,158.9,30.9445,0.67,15,18,85,3.8,0.3,0,1,0,0,2,130.372097844113,29.9019256444063,0,252,129,479.83,17,24,1,1,3,1,.
42,75.5,158.9,30.9445,0.67,15,18,85,3.8,0.3,0,1,0,0,2,130.372097844113,29.9019256444063,0,252,129,912,.,.,1,1,3,1,.
42,75.5,158.9,30.9445,0.67,15,18,85,3.8,0.3,0,1,0,0,2,130.372097844113,29.9019256444063,0,252,129,936,.,.,1,1,3,1,.
42,75.5,158.9,30.9445,0.67,15,18,85,3.8,0.3,0,1,0,0,2,130.372097844113,29.9019256444063,0,252,129,960,.,.,1,1,3,1,.
42,75.5,158.9,30.9445,0.67,15,18,85,3.8,0.3,0,1,0,0,2,130.372097844113,29.9019256444063,0,252,.,973.2,.,.,0,2,3,0,0.381073701012536
44,112.8,174.6,31.6559,0.84,27,19,58,4.3,0.7,0,1,0,0,1,179.047619047619,37.0016099636676,1,253,129,0,17,24,1,1,3,1,.
44,112.8,174.6,31.6559,0.84,27,19,58,4.3,0.7,0,1,0,0,1,179.047619047619,37.0016099636676,1,253,129,432,.,.,1,1,3,1,.
44,112.8,174.6,31.6559,0.84,27,19,58,4.3,0.7,0,1,0,0,1,179.047619047619,37.0016099636676,1,253,.,434.25,.,.,0,2,3,0,0.58029952927336
44,112.8,174.6,31.6559,0.84,27,19,58,4.3,0.7,0,1,0,0,1,179.047619047619,37.0016099636676,1,253,129,456,.,.,1,1,3,1,.
44,112.8,174.6,31.6559,0.84,27,19,58,4.3,0.7,0,1,0,0,1,179.047619047619,37.0016099636676,1,253,.,477.12,.,.,0,2,3,0,0.16633948415727
44,112.8,174.6,31.6559,0.84,27,19,58,4.3,0.7,0,1,0,0,1,179.047619047619,37.0016099636676,1,253,129,480,18,24,1,1,3,1,.
44,112.8,174.6,31.6559,0.84,27,19,58,4.3,0.7,0,1,0,0,1,179.047619047619,37.0016099636676,1,253,129,936.58,.,.,1,1,3,1,.
44,112.8,174.6,31.6559,0.84,27,19,58,4.3,0.7,0,1,0,0,1,179.047619047619,37.0016099636676,1,253,.,959.83,.,.,0,2,3,0,0.339763213332008
44,112.8,174.6,31.6559,0.84,27,19,58,4.3,0.7,0,1,0,0,1,179.047619047619,37.0016099636676,1,253,129,960.58,.,.,1,1,3,1,.
44,112.8,174.6,31.6559,0.84,27,19,58,4.3,0.7,0,1,0,0,1,179.047619047619,37.0016099636676,1,253,129,984.17,.,.,1,1,3,1,.
44,112.8,174.6,31.6559,0.84,27,19,58,4.3,0.7,0,1,0,0,1,179.047619047619,37.0016099636676,1,253,.,995.45,.,.,0,2,3,0,0.542974884776817
18,61.3,164.1,18.3776,0.82,13,20,38,4.7,0.7,1,0,0,0,2,107.669546070461,22.7637240561317,0,254,129,0,16,24,1,1,3,1,.
18,61.3,164.1,18.3776,0.82,13,20,38,4.7,0.7,1,0,0,0,2,107.669546070461,22.7637240561317,0,254,129,431.67,.,.,1,1,3,1,.
18,61.3,164.1,18.3776,0.82,13,20,38,4.7,0.7,1,0,0,0,2,107.669546070461,22.7637240561317,0,254,.,433.9,.,.,0,2,3,0,0.440499286756562
18,61.3,164.1,18.3776,0.82,13,20,38,4.7,0.7,1,0,0,0,2,107.669546070461,22.7637240561317,0,254,.,476.47,.,.,0,2,3,0,0.0698154883681797
18,61.3,164.1,18.3776,0.82,13,20,38,4.7,0.7,1,0,0,0,2,107.669546070461,22.7637240561317,0,254,129,479.5,17,24,1,1,3,1,.
18,61.3,164.1,18.3776,0.82,13,20,38,4.7,0.7,1,0,0,0,2,107.669546070461,22.7637240561317,0,254,129,912.92,.,.,1,1,3,1,.
18,61.3,164.1,18.3776,0.82,13,20,38,4.7,0.7,1,0,0,0,2,107.669546070461,22.7637240561317,0,254,.,935.17,.,.,0,2,3,0,0.178326494732805
18,61.3,164.1,18.3776,0.82,13,20,38,4.7,0.7,1,0,0,0,2,107.669546070461,22.7637240561317,0,254,129,936.92,.,.,1,1,3,1,.
18,61.3,164.1,18.3776,0.82,13,20,38,4.7,0.7,1,0,0,0,2,107.669546070461,22.7637240561317,0,254,129,959.67,.,.,1,1,3,1,.
18,61.3,164.1,18.3776,0.82,13,20,38,4.7,0.7,1,0,0,0,2,107.669546070461,22.7637240561317,0,254,.,971.37,.,.,0,2,3,0,0.15929341081783
19,80.6,161.8,33.2838,0.53,22,21,65,4.7,0.4,0,0,0,1,2,217.235587002096,30.787753960772,1,255,129,0,19,24,1,1,3,1,.
19,80.6,161.8,33.2838,0.53,22,21,65,4.7,0.4,0,0,0,1,2,217.235587002096,30.787753960772,1,255,129,503,.,.,1,1,3,1,.
19,80.6,161.8,33.2838,0.53,22,21,65,4.7,0.4,0,0,0,1,2,217.235587002096,30.787753960772,1,255,.,505.5,.,.,0,2,3,0,0.258482133682564
19,80.6,161.8,33.2838,0.53,22,21,65,4.7,0.4,0,0,0,1,2,217.235587002096,30.787753960772,1,255,129,527,.,.,1,1,3,1,.
19,80.6,161.8,33.2838,0.53,22,21,65,4.7,0.4,0,0,0,1,2,217.235587002096,30.787753960772,1,255,.,551,.,.,0,2,3,0,0.212035586132491
19,80.6,161.8,33.2838,0.53,22,21,65,4.7,0.4,0,0,0,1,2,217.235587002096,30.787753960772,1,255,129,551.5,.,.,1,1,3,1,.
19,80.6,161.8,33.2838,0.53,22,21,65,4.7,0.4,0,0,0,1,2,217.235587002096,30.787753960772,1,255,129,887,2,24,1,1,3,1,.
46,92.1,184.9,27.8111,1.16,22,20,61,4,0.6,0,0,1,0,1,103.656609195402,26.9392690595329,0,256,129,0,17,24,1,1,3,1,.
46,92.1,184.9,27.8111,1.16,22,20,61,4,0.6,0,0,1,0,1,103.656609195402,26.9392690595329,0,256,129,455.33,.,.,1,1,3,1,.
46,92.1,184.9,27.8111,1.16,22,20,61,4,0.6,0,0,1,0,1,103.656609195402,26.9392690595329,0,256,.,457.5,.,.,0,2,3,0,-0.0128110556508681
46,92.1,184.9,27.8111,1.16,22,20,61,4,0.6,0,0,1,0,1,103.656609195402,26.9392690595329,0,256,129,479.33,.,.,1,1,3,1,.
46,92.1,184.9,27.8111,1.16,22,20,61,4,0.6,0,0,1,0,1,103.656609195402,26.9392690595329,0,256,.,492.25,.,.,0,2,3,0,0.0441439176844992
46,92.1,184.9,27.8111,1.16,22,20,61,4,0.6,0,0,1,0,1,103.656609195402,26.9392690595329,0,256,129,503.33,17,24,1,1,3,1,.
46,92.1,184.9,27.8111,1.16,22,20,61,4,0.6,0,0,1,0,1,103.656609195402,26.9392690595329,0,256,129,958.58,.,.,1,1,3,1,.
46,92.1,184.9,27.8111,1.16,22,20,61,4,0.6,0,0,1,0,1,103.656609195402,26.9392690595329,0,256,.,983.33,.,.,0,2,3,0,0.0568946277015781
46,92.1,184.9,27.8111,1.16,22,20,61,4,0.6,0,0,1,0,1,103.656609195402,26.9392690595329,0,256,129,1007.33,.,.,1,1,3,1,.
46,92.1,184.9,27.8111,1.16,22,20,61,4,0.6,0,0,1,0,1,103.656609195402,26.9392690595329,0,256,.,1020.42,.,.,0,2,3,0,0.101462414505055
45,67.8,166.6,25.9378,0.52,16,19,59,4.4,0.4,0,0,0,1,2,146.229967948718,24.4275381220916,0,257,129,0,19,24,1,1,3,1,.
45,67.8,166.6,25.9378,0.52,16,19,59,4.4,0.4,0,0,0,1,2,146.229967948718,24.4275381220916,0,257,129,501,.,.,1,1,3,1,.
45,67.8,166.6,25.9378,0.52,16,19,59,4.4,0.4,0,0,0,1,2,146.229967948718,24.4275381220916,0,257,.,503,.,.,0,2,3,0,0.251987414648452
45,67.8,166.6,25.9378,0.52,16,19,59,4.4,0.4,0,0,0,1,2,146.229967948718,24.4275381220916,0,257,129,525,.,.,1,1,3,1,.
45,67.8,166.6,25.9378,0.52,16,19,59,4.4,0.4,0,0,0,1,2,146.229967948718,24.4275381220916,0,257,.,547.08,.,.,0,2,3,0,0.11745568078529
45,67.8,166.6,25.9378,0.52,16,19,59,4.4,0.4,0,0,0,1,2,146.229967948718,24.4275381220916,0,257,129,549,17,24,1,1,3,1,.
45,67.8,166.6,25.9378,0.52,16,19,59,4.4,0.4,0,0,0,1,2,146.229967948718,24.4275381220916,0,257,129,1004,.,.,1,1,3,1,.
45,67.8,166.6,25.9378,0.52,16,19,59,4.4,0.4,0,0,0,1,2,146.229967948718,24.4275381220916,0,257,.,1029.08,.,.,0,2,3,0,0.120813435959865
45,67.8,166.6,25.9378,0.52,16,19,59,4.4,0.4,0,0,0,1,2,146.229967948718,24.4275381220916,0,257,129,1053,.,.,1,1,3,1,.
45,67.8,166.6,25.9378,0.52,16,19,59,4.4,0.4,0,0,0,1,2,146.229967948718,24.4275381220916,0,257,.,1066.08,.,.,0,2,3,0,0.237070271549763
53,90.3,173.7,30.8231,0.92,40,32,57,4.5,0.7,0,1,0,0,1,118.600543478261,29.9287179471882,0,258,129,0,16,24,1,1,3,1,.
53,90.3,173.7,30.8231,0.92,40,32,57,4.5,0.7,0,1,0,0,1,118.600543478261,29.9287179471882,0,258,129,431,.,.,1,1,3,1,.
53,90.3,173.7,30.8231,0.92,40,32,57,4.5,0.7,0,1,0,0,1,118.600543478261,29.9287179471882,0,258,.,433,.,.,0,2,3,0,0.349180654143789
53,90.3,173.7,30.8231,0.92,40,32,57,4.5,0.7,0,1,0,0,1,118.600543478261,29.9287179471882,0,258,129,455,.,.,1,1,3,1,.
53,90.3,173.7,30.8231,0.92,40,32,57,4.5,0.7,0,1,0,0,1,118.600543478261,29.9287179471882,0,258,.,478.17,.,.,0,2,3,0,0.181572131317208
53,90.3,173.7,30.8231,0.92,40,32,57,4.5,0.7,0,1,0,0,1,118.600543478261,29.9287179471882,0,258,129,479,18,24,1,1,3,1,.
53,90.3,173.7,30.8231,0.92,40,32,57,4.5,0.7,0,1,0,0,1,118.600543478261,29.9287179471882,0,258,129,935,.,.,1,1,3,1,.
53,90.3,173.7,30.8231,0.92,40,32,57,4.5,0.7,0,1,0,0,1,118.600543478261,29.9287179471882,0,258,.,958.75,.,.,0,2,3,0,0.171214372474042
53,90.3,173.7,30.8231,0.92,40,32,57,4.5,0.7,0,1,0,0,1,118.600543478261,29.9287179471882,0,258,129,959,.,.,1,1,3,1,.
53,90.3,173.7,30.8231,0.92,40,32,57,4.5,0.7,0,1,0,0,1,118.600543478261,29.9287179471882,0,258,129,983,.,.,1,1,3,1,.
53,90.3,173.7,30.8231,0.92,40,32,57,4.5,0.7,0,1,0,0,1,118.600543478261,29.9287179471882,0,258,.,995.33,.,.,0,2,3,0,0.111526621982973
45,79.7,174.7,30.5631,0.77,16,24,76,4.4,0.5,0,1,0,0,2,116.085407647908,26.1139465840369,0,259,129,0,18,24,1,1,3,1,.
45,79.7,174.7,30.5631,0.77,16,24,76,4.4,0.5,0,1,0,0,2,116.085407647908,26.1139465840369,0,259,129,456,.,.,1,1,3,1,.
45,79.7,174.7,30.5631,0.77,16,24,76,4.4,0.5,0,1,0,0,2,116.085407647908,26.1139465840369,0,259,.,458,.,.,0,2,3,0,0.278679696251808
45,79.7,174.7,30.5631,0.77,16,24,76,4.4,0.5,0,1,0,0,2,116.085407647908,26.1139465840369,0,259,129,480,.,.,1,1,3,1,.
45,79.7,174.7,30.5631,0.77,16,24,76,4.4,0.5,0,1,0,0,2,116.085407647908,26.1139465840369,0,259,.,503.25,.,.,0,2,3,0,0.27474062716776
29,54.5,152.6,19.0259,0.53,12,16,45,4.4,0.8,0,0,0,1,2,134.750393081761,23.4038569556263,0,260,129,0,17,24,1,1,3,1,.
29,54.5,152.6,19.0259,0.53,12,16,45,4.4,0.8,0,0,0,1,2,134.750393081761,23.4038569556263,0,260,129,455,.,.,1,1,3,1,.
29,54.5,152.6,19.0259,0.53,12,16,45,4.4,0.8,0,0,0,1,2,134.750393081761,23.4038569556263,0,260,.,457,.,.,0,2,3,0,0.259137506389624
29,54.5,152.6,19.0259,0.53,12,16,45,4.4,0.8,0,0,0,1,2,134.750393081761,23.4038569556263,0,260,129,478.33,.,.,1,1,3,1,.
29,54.5,152.6,19.0259,0.53,12,16,45,4.4,0.8,0,0,0,1,2,134.750393081761,23.4038569556263,0,260,.,502.33,.,.,0,2,3,0,0.179900170406905
31,69.8,159.1,24.5233,0.79,23,19,50,3.8,0.6,0,0,0,0,2,113.694971870605,27.5749709336893,0,261,129,0,18,24,1,1,3,1,.
31,69.8,159.1,24.5233,0.79,23,19,50,3.8,0.6,0,0,0,0,2,113.694971870605,27.5749709336893,0,261,129,479.75,.,.,1,1,3,1,.
31,69.8,159.1,24.5233,0.79,23,19,50,3.8,0.6,0,0,0,0,2,113.694971870605,27.5749709336893,0,261,.,481.75,.,.,0,2,3,0,0.234776716180157
31,69.8,159.1,24.5233,0.79,23,19,50,3.8,0.6,0,0,0,0,2,113.694971870605,27.5749709336893,0,261,129,503.75,.,.,1,1,3,1,.
31,69.8,159.1,24.5233,0.79,23,19,50,3.8,0.6,0,0,0,0,2,113.694971870605,27.5749709336893,0,261,.,527,.,.,0,2,3,0,0.16795566919755
31,69.8,159.1,24.5233,0.79,23,19,50,3.8,0.6,0,0,0,0,2,113.694971870605,27.5749709336893,0,261,129,527.75,17,24,1,1,3,1,.
31,69.8,159.1,24.5233,0.79,23,19,50,3.8,0.6,0,0,0,0,2,113.694971870605,27.5749709336893,0,261,129,959.75,.,.,1,1,3,1,.
31,69.8,159.1,24.5233,0.79,23,19,50,3.8,0.6,0,0,0,0,2,113.694971870605,27.5749709336893,0,261,.,983.5,.,.,0,2,3,0,0.255861849630395
31,69.8,159.1,24.5233,0.79,23,19,50,3.8,0.6,0,0,0,0,2,113.694971870605,27.5749709336893,0,261,129,983.75,.,.,1,1,3,1,.
31,69.8,159.1,24.5233,0.79,23,19,50,3.8,0.6,0,0,0,0,2,113.694971870605,27.5749709336893,0,261,129,1007.75,.,.,1,1,3,1,.
31,69.8,159.1,24.5233,0.79,23,19,50,3.8,0.6,0,0,0,0,2,113.694971870605,27.5749709336893,0,261,.,1019.92,.,.,0,2,3,0,0.0786292539856483
44,77.9,160.1,31.7866,0.65,25,26,52,4.8,0.6,0,1,0,0,2,135.825641025641,30.3916860207217,1,262,129,0,15,24,1,1,3,1,.
44,77.9,160.1,31.7866,0.65,25,26,52,4.8,0.6,0,1,0,0,2,135.825641025641,30.3916860207217,1,262,129,406,.,.,1,1,3,1,.
44,77.9,160.1,31.7866,0.65,25,26,52,4.8,0.6,0,1,0,0,2,135.825641025641,30.3916860207217,1,262,129,454,.,.,1,1,3,1,.
44,77.9,160.1,31.7866,0.65,25,26,52,4.8,0.6,0,1,0,0,2,135.825641025641,30.3916860207217,1,262,.,477.17,.,.,0,2,3,0,-0.0116626481915261
44,77.9,160.1,31.7866,0.65,25,26,52,4.8,0.6,0,1,0,0,2,135.825641025641,30.3916860207217,1,262,129,478,17,24,1,1,3,1,.
44,77.9,160.1,31.7866,0.65,25,26,52,4.8,0.6,0,1,0,0,2,135.825641025641,30.3916860207217,1,262,129,910,.,.,1,1,3,1,.
44,77.9,160.1,31.7866,0.65,25,26,52,4.8,0.6,0,1,0,0,2,135.825641025641,30.3916860207217,1,262,129,934,.,.,1,1,3,1,.
44,77.9,160.1,31.7866,0.65,25,26,52,4.8,0.6,0,1,0,0,2,135.825641025641,30.3916860207217,1,262,129,958,.,.,1,1,3,1,.
44,77.9,160.1,31.7866,0.65,25,26,52,4.8,0.6,0,1,0,0,2,135.825641025641,30.3916860207217,1,262,.,970.75,.,.,0,2,3,0,0.100827025442203
35,67.9,162.9,28.1568,0.8,19,21,44,4.4,0.4,1,0,0,0,2,105.209635416667,25.5874852702381,0,263,129,0,.,.,1,1,3,1,.
35,67.9,162.9,28.1568,0.8,19,21,44,4.4,0.4,1,0,0,0,2,105.209635416667,25.5874852702381,0,263,129,47.5,15,24,1,1,3,1,.
35,67.9,162.9,28.1568,0.8,19,21,44,4.4,0.4,1,0,0,0,2,105.209635416667,25.5874852702381,0,263,129,432,.,.,1,1,3,1,.
35,67.9,162.9,28.1568,0.8,19,21,44,4.4,0.4,1,0,0,0,2,105.209635416667,25.5874852702381,0,263,.,434.65,.,.,0,2,3,0,0.269551096912083
35,67.9,162.9,28.1568,0.8,19,21,44,4.4,0.4,1,0,0,0,2,105.209635416667,25.5874852702381,0,263,129,456,.,.,1,1,3,1,.
35,67.9,162.9,28.1568,0.8,19,21,44,4.4,0.4,1,0,0,0,2,105.209635416667,25.5874852702381,0,263,.,479.33,.,.,0,2,3,0,0.194597957310337
35,67.9,162.9,28.1568,0.8,19,21,44,4.4,0.4,1,0,0,0,2,105.209635416667,25.5874852702381,0,263,129,480,16,24,1,1,3,1,.
35,67.9,162.9,28.1568,0.8,19,21,44,4.4,0.4,1,0,0,0,2,105.209635416667,25.5874852702381,0,263,129,911.5,.,.,1,1,3,1,.
35,67.9,162.9,28.1568,0.8,19,21,44,4.4,0.4,1,0,0,0,2,105.209635416667,25.5874852702381,0,263,.,935.58,.,.,0,2,3,0,0.199175555825249
35,67.9,162.9,28.1568,0.8,19,21,44,4.4,0.4,1,0,0,0,2,105.209635416667,25.5874852702381,0,263,129,961,.,.,1,1,3,1,.
35,67.9,162.9,28.1568,0.8,19,21,44,4.4,0.4,1,0,0,0,2,105.209635416667,25.5874852702381,0,263,.,974.58,.,.,0,2,3,0,0.379608362449304
28,54.8,160,18.2021,0.65,17,17,44,4.3,1.2,0,1,0,0,2,111.473504273504,21.40625,0,264,129,0,17,24,1,1,3,1,.
28,54.8,160,18.2021,0.65,17,17,44,4.3,1.2,0,1,0,0,2,111.473504273504,21.40625,0,264,129,432,.,.,1,1,3,1,.
28,54.8,160,18.2021,0.65,17,17,44,4.3,1.2,0,1,0,0,2,111.473504273504,21.40625,0,264,.,434.45,.,.,0,2,3,0,0.137334139227123
28,54.8,160,18.2021,0.65,17,17,44,4.3,1.2,0,1,0,0,2,111.473504273504,21.40625,0,264,129,456,.,.,1,1,3,1,.
28,54.8,160,18.2021,0.65,17,17,44,4.3,1.2,0,1,0,0,2,111.473504273504,21.40625,0,264,.,479.33,.,.,0,2,3,0,0.248266974552421
28,54.8,160,18.2021,0.65,17,17,44,4.3,1.2,0,1,0,0,2,111.473504273504,21.40625,0,264,129,480,17,24,1,1,3,1,.
28,54.8,160,18.2021,0.65,17,17,44,4.3,1.2,0,1,0,0,2,111.473504273504,21.40625,0,264,129,912,.,.,1,1,3,1,.
28,54.8,160,18.2021,0.65,17,17,44,4.3,1.2,0,1,0,0,2,111.473504273504,21.40625,0,264,.,935.53,.,.,0,2,3,0,0.197397656676171
28,54.8,160,18.2021,0.65,17,17,44,4.3,1.2,0,1,0,0,2,111.473504273504,21.40625,0,264,129,936,.,.,1,1,3,1,.
28,54.8,160,18.2021,0.65,17,17,44,4.3,1.2,0,1,0,0,2,111.473504273504,21.40625,0,264,129,960,.,.,1,1,3,1,.
28,54.8,160,18.2021,0.65,17,17,44,4.3,1.2,0,1,0,0,2,111.473504273504,21.40625,0,264,.,972.67,.,.,0,2,3,0,0.239815500644797
28,72.1,171.4,13.9044,1.01,16,22,58,4.7,0.3,0,0,1,0,1,111.045104510451,24.5422078319938,0,265,129,0,18,24,1,1,3,1,.
28,72.1,171.4,13.9044,1.01,16,22,58,4.7,0.3,0,0,1,0,1,111.045104510451,24.5422078319938,0,265,129,456,.,.,1,1,3,1,.
28,72.1,171.4,13.9044,1.01,16,22,58,4.7,0.3,0,0,1,0,1,111.045104510451,24.5422078319938,0,265,.,458.5,.,.,0,2,3,0,0.274277331707987
28,72.1,171.4,13.9044,1.01,16,22,58,4.7,0.3,0,0,1,0,1,111.045104510451,24.5422078319938,0,265,129,480,.,.,1,1,3,1,.
28,72.1,171.4,13.9044,1.01,16,22,58,4.7,0.3,0,0,1,0,1,111.045104510451,24.5422078319938,0,265,.,503.25,.,.,0,2,3,0,0.37249272070874
28,72.1,171.4,13.9044,1.01,16,22,58,4.7,0.3,0,0,1,0,1,111.045104510451,24.5422078319938,0,265,129,504,17,24,1,1,3,1,.
28,72.1,171.4,13.9044,1.01,16,22,58,4.7,0.3,0,0,1,0,1,111.045104510451,24.5422078319938,0,265,129,936,.,.,1,1,3,1,.
28,72.1,171.4,13.9044,1.01,16,22,58,4.7,0.3,0,0,1,0,1,111.045104510451,24.5422078319938,0,265,.,959.67,.,.,0,2,3,0,0.264034926540819
28,72.1,171.4,13.9044,1.01,16,22,58,4.7,0.3,0,0,1,0,1,111.045104510451,24.5422078319938,0,265,129,960,.,.,1,1,3,1,.
28,72.1,171.4,13.9044,1.01,16,22,58,4.7,0.3,0,0,1,0,1,111.045104510451,24.5422078319938,0,265,129,984,.,.,1,1,3,1,.
28,72.1,171.4,13.9044,1.01,16,22,58,4.7,0.3,0,0,1,0,1,111.045104510451,24.5422078319938,0,265,.,996.83,.,.,0,2,3,0,0.210879454044561
47,71.1,175.3,26.0503,0.67,10,18,64,4.4,0.6,0,1,0,0,2,116.51026119403,23.1369319126628,0,266,129,0,17,24,1,1,3,1,.
47,71.1,175.3,26.0503,0.67,10,18,64,4.4,0.6,0,1,0,0,2,116.51026119403,23.1369319126628,0,266,129,455,.,.,1,1,3,1,.
47,71.1,175.3,26.0503,0.67,10,18,64,4.4,0.6,0,1,0,0,2,116.51026119403,23.1369319126628,0,266,.,457.25,.,.,0,2,3,0,0.354299604948255
47,71.1,175.3,26.0503,0.67,10,18,64,4.4,0.6,0,1,0,0,2,116.51026119403,23.1369319126628,0,266,129,479,.,.,1,1,3,1,.
47,71.1,175.3,26.0503,0.67,10,18,64,4.4,0.6,0,1,0,0,2,116.51026119403,23.1369319126628,0,266,.,499.25,.,.,0,2,3,0,0.265397154140839
47,71.1,175.3,26.0503,0.67,10,18,64,4.4,0.6,0,1,0,0,2,116.51026119403,23.1369319126628,0,266,129,503,17,24,1,1,3,1,.
47,71.1,175.3,26.0503,0.67,10,18,64,4.4,0.6,0,1,0,0,2,116.51026119403,23.1369319126628,0,266,129,935,.,.,1,1,3,1,.
47,71.1,175.3,26.0503,0.67,10,18,64,4.4,0.6,0,1,0,0,2,116.51026119403,23.1369319126628,0,266,.,958.35,.,.,0,2,3,0,0.186330302487863
47,71.1,175.3,26.0503,0.67,10,18,64,4.4,0.6,0,1,0,0,2,116.51026119403,23.1369319126628,0,266,129,959,.,.,1,1,3,1,.
47,71.1,175.3,26.0503,0.67,10,18,64,4.4,0.6,0,1,0,0,2,116.51026119403,23.1369319126628,0,266,129,983,.,.,1,1,3,1,.
47,71.1,175.3,26.0503,0.67,10,18,64,4.4,0.6,0,1,0,0,2,116.51026119403,23.1369319126628,0,266,.,996.73,.,.,0,2,3,0,0.209211945589928
20,91.8,169,22.879,0.84,34,27,84,4.9,0.7,1,0,0,0,1,182.142857142857,32.1417317320822,1,267,129,0,18,24,1,1,3,1,.
20,91.8,169,22.879,0.84,34,27,84,4.9,0.7,1,0,0,0,1,182.142857142857,32.1417317320822,1,267,129,456.05,.,.,1,1,3,1,.
20,91.8,169,22.879,0.84,34,27,84,4.9,0.7,1,0,0,0,1,182.142857142857,32.1417317320822,1,267,.,458.75,.,.,0,2,3,0,0.228906964774814
20,91.8,169,22.879,0.84,34,27,84,4.9,0.7,1,0,0,0,1,182.142857142857,32.1417317320822,1,267,129,480,.,.,1,1,3,1,.
20,91.8,169,22.879,0.84,34,27,84,4.9,0.7,1,0,0,0,1,182.142857142857,32.1417317320822,1,267,.,503.25,.,.,0,2,3,0,0.0969540289314254
20,91.8,169,22.879,0.84,34,27,84,4.9,0.7,1,0,0,0,1,182.142857142857,32.1417317320822,1,267,129,504,18,24,1,1,3,1,.
20,91.8,169,22.879,0.84,34,27,84,4.9,0.7,1,0,0,0,1,182.142857142857,32.1417317320822,1,267,129,960,.,.,1,1,3,1,.
20,91.8,169,22.879,0.84,34,27,84,4.9,0.7,1,0,0,0,1,182.142857142857,32.1417317320822,1,267,.,983.75,.,.,0,2,3,0,0.159098502711528
20,91.8,169,22.879,0.84,34,27,84,4.9,0.7,1,0,0,0,1,182.142857142857,32.1417317320822,1,267,129,984,.,.,1,1,3,1,.
20,91.8,169,22.879,0.84,34,27,84,4.9,0.7,1,0,0,0,1,182.142857142857,32.1417317320822,1,267,129,984.03,.,.,1,1,3,1,.
20,91.8,169,22.879,0.84,34,27,84,4.9,0.7,1,0,0,0,1,182.142857142857,32.1417317320822,1,267,.,997,.,.,0,2,3,0,0.268308192182346
22,85.5,142.3,37.5604,0.61,19,22,73,4.1,0.3,0,0,1,0,2,195.256147540984,42.2237026582167,1,268,129,0,17,24,1,1,3,1,.
22,85.5,142.3,37.5604,0.61,19,22,73,4.1,0.3,0,0,1,0,2,195.256147540984,42.2237026582167,1,268,129,454,.,.,1,1,3,1,.
22,85.5,142.3,37.5604,0.61,19,22,73,4.1,0.3,0,0,1,0,2,195.256147540984,42.2237026582167,1,268,.,480.92,.,.,0,2,3,0,0.0509545602901499
22,85.5,142.3,37.5604,0.61,19,22,73,4.1,0.3,0,0,1,0,2,195.256147540984,42.2237026582167,1,268,129,501.83,.,.,1,1,3,1,.
22,85.5,142.3,37.5604,0.61,19,22,73,4.1,0.3,0,0,1,0,2,195.256147540984,42.2237026582167,1,268,.,525,.,.,0,2,3,0,0.0719973779070602
22,85.5,142.3,37.5604,0.61,19,22,73,4.1,0.3,0,0,1,0,2,195.256147540984,42.2237026582167,1,268,129,525.83,19,24,1,1,3,1,.
22,85.5,142.3,37.5604,0.61,19,22,73,4.1,0.3,0,0,1,0,2,195.256147540984,42.2237026582167,1,268,129,1006.67,.,.,1,1,3,1,.
22,85.5,142.3,37.5604,0.61,19,22,73,4.1,0.3,0,0,1,0,2,195.256147540984,42.2237026582167,1,268,.,1029.53,.,.,0,2,3,0,0.119358889841806
22,85.5,142.3,37.5604,0.61,19,22,73,4.1,0.3,0,0,1,0,2,195.256147540984,42.2237026582167,1,268,129,1030.67,.,.,1,1,3,1,.
22,85.5,142.3,37.5604,0.61,19,22,73,4.1,0.3,0,0,1,0,2,195.256147540984,42.2237026582167,1,268,129,1053.83,.,.,1,1,3,1,.
22,85.5,142.3,37.5604,0.61,19,22,73,4.1,0.3,0,0,1,0,2,195.256147540984,42.2237026582167,1,268,.,1067.25,.,.,0,2,3,0,0.359636704238461
29,49.2,157,16.4721,0.7,17,20,46,4.1,0.4,0,0,0,1,2,92.1035714285714,19.960241794799,0,269,129,0,17,24,1,1,3,1,.
29,49.2,157,16.4721,0.7,17,20,46,4.1,0.4,0,0,0,1,2,92.1035714285714,19.960241794799,0,269,129,453,.,.,1,1,3,1,.
29,49.2,157,16.4721,0.7,17,20,46,4.1,0.4,0,0,0,1,2,92.1035714285714,19.960241794799,0,269,.,455.03,.,.,0,2,3,0,0.183718096605633
29,49.2,157,16.4721,0.7,17,20,46,4.1,0.4,0,0,0,1,2,92.1035714285714,19.960241794799,0,269,129,477.05,.,.,1,1,3,1,.
29,49.2,157,16.4721,0.7,17,20,46,4.1,0.4,0,0,0,1,2,92.1035714285714,19.960241794799,0,269,.,500.12,.,.,0,2,3,0,0.0958992308925986
29,49.2,157,16.4721,0.7,17,20,46,4.1,0.4,0,0,0,1,2,92.1035714285714,19.960241794799,0,269,129,501.05,.,.,1,1,3,1,.
29,49.2,157,16.4721,0.7,17,20,46,4.1,0.4,0,0,0,1,2,92.1035714285714,19.960241794799,0,269,129,552,15,24,1,1,3,1,.
29,49.2,157,16.4721,0.7,17,20,46,4.1,0.4,0,0,0,1,2,92.1035714285714,19.960241794799,0,269,129,936,.,.,1,1,3,1,.
29,49.2,157,16.4721,0.7,17,20,46,4.1,0.4,0,0,0,1,2,92.1035714285714,19.960241794799,0,269,.,957,.,.,0,2,3,0,0.261566784677062
29,49.2,157,16.4721,0.7,17,20,46,4.1,0.4,0,0,0,1,2,92.1035714285714,19.960241794799,0,269,129,960,.,.,1,1,3,1,.
29,49.2,157,16.4721,0.7,17,20,46,4.1,0.4,0,0,0,1,2,92.1035714285714,19.960241794799,0,269,129,981,.,.,1,1,3,1,.
29,49.2,157,16.4721,0.7,17,20,46,4.1,0.4,0,0,0,1,2,92.1035714285714,19.960241794799,0,269,.,994.83,.,.,0,2,3,0,0.153278198636967
48,60.8,163.7,20.9574,0.6,12,18,36,4.5,0.7,0,0,0,1,2,110.059259259259,22.6885227793888,0,270,129,0,17,24,1,1,3,1,.
48,60.8,163.7,20.9574,0.6,12,18,36,4.5,0.7,0,0,0,1,2,110.059259259259,22.6885227793888,0,270,129,453.25,.,.,1,1,3,1,.
48,60.8,163.7,20.9574,0.6,12,18,36,4.5,0.7,0,0,0,1,2,110.059259259259,22.6885227793888,0,270,129,477.75,.,.,1,1,3,1,.
48,60.8,163.7,20.9574,0.6,12,18,36,4.5,0.7,0,0,0,1,2,110.059259259259,22.6885227793888,0,270,.,501.33,.,.,0,2,3,0,0.152695852599387
48,60.8,163.7,20.9574,0.6,12,18,36,4.5,0.7,0,0,0,1,2,110.059259259259,22.6885227793888,0,270,129,501.75,17,24,1,1,3,1,.
48,60.8,163.7,20.9574,0.6,12,18,36,4.5,0.7,0,0,0,1,2,110.059259259259,22.6885227793888,0,270,129,934,.,.,1,1,3,1,.
48,60.8,163.7,20.9574,0.6,12,18,36,4.5,0.7,0,0,0,1,2,110.059259259259,22.6885227793888,0,270,129,958,.,.,1,1,3,1,.
48,60.8,163.7,20.9574,0.6,12,18,36,4.5,0.7,0,0,0,1,2,110.059259259259,22.6885227793888,0,270,129,982,.,.,1,1,3,1,.
48,60.8,163.7,20.9574,0.6,12,18,36,4.5,0.7,0,0,0,1,2,110.059259259259,22.6885227793888,0,270,.,995.33,.,.,0,2,3,0,0.124105734187148
35,71.5,160.9,25.4728,0.8,13,18,70,4.1,0.4,0,1,0,0,2,110.787760416667,27.618109909262,0,271,129,0,17,24,1,1,3,1,.
35,71.5,160.9,25.4728,0.8,13,18,70,4.1,0.4,0,1,0,0,2,110.787760416667,27.618109909262,0,271,129,455,.,.,1,1,3,1,.
35,71.5,160.9,25.4728,0.8,13,18,70,4.1,0.4,0,1,0,0,2,110.787760416667,27.618109909262,0,271,.,457,.,.,0,2,3,0,0.306057460857881
35,71.5,160.9,25.4728,0.8,13,18,70,4.1,0.4,0,1,0,0,2,110.787760416667,27.618109909262,0,271,129,501.67,17,24,1,1,3,1,.
35,71.5,160.9,25.4728,0.8,13,18,70,4.1,0.4,0,1,0,0,2,110.787760416667,27.618109909262,0,271,.,501.67,.,.,0,2,3,0,0.161857690849752
35,71.5,160.9,25.4728,0.8,13,18,70,4.1,0.4,0,1,0,0,2,110.787760416667,27.618109909262,0,271,129,935,.,.,1,1,3,1,.
35,71.5,160.9,25.4728,0.8,13,18,70,4.1,0.4,0,1,0,0,2,110.787760416667,27.618109909262,0,271,.,958.92,.,.,0,2,3,0,0.264957558066788
31,74.2,167.8,17.4668,1.11,41,26,54,4.9,0.2,0,0,0,1,1,101.198698698699,26.3523889754674,0,272,129,0,18,24,1,1,3,1,.
31,74.2,167.8,17.4668,1.11,41,26,54,4.9,0.2,0,0,0,1,1,101.198698698699,26.3523889754674,0,272,129,456,.,.,1,1,3,1,.
31,74.2,167.8,17.4668,1.11,41,26,54,4.9,0.2,0,0,0,1,1,101.198698698699,26.3523889754674,0,272,.,458.92,.,.,0,2,3,0,0.191877269889127
31,74.2,167.8,17.4668,1.11,41,26,54,4.9,0.2,0,0,0,1,1,101.198698698699,26.3523889754674,0,272,129,480,.,.,1,1,3,1,.
31,74.2,167.8,17.4668,1.11,41,26,54,4.9,0.2,0,0,0,1,1,101.198698698699,26.3523889754674,0,272,.,503.57,.,.,0,2,3,0,0.0738029277147327
31,74.2,167.8,17.4668,1.11,41,26,54,4.9,0.2,0,0,0,1,1,101.198698698699,26.3523889754674,0,272,129,504,18,24,1,1,3,1,.
31,74.2,167.8,17.4668,1.11,41,26,54,4.9,0.2,0,0,0,1,1,101.198698698699,26.3523889754674,0,272,129,960,.,.,1,1,3,1,.
31,74.2,167.8,17.4668,1.11,41,26,54,4.9,0.2,0,0,0,1,1,101.198698698699,26.3523889754674,0,272,.,962.95,.,.,0,2,3,0,0.412828173846455
31,74.2,167.8,17.4668,1.11,41,26,54,4.9,0.2,0,0,0,1,1,101.198698698699,26.3523889754674,0,272,129,984,.,.,1,1,3,1,.
19,63.5,172.1,20.6608,0.77,19,21,74,4.6,1.1,0,1,0,0,2,117.802579365079,21.4393682847931,0,273,129,0,18,24,1,1,3,1,.
19,63.5,172.1,20.6608,0.77,19,21,74,4.6,1.1,0,1,0,0,2,117.802579365079,21.4393682847931,0,273,129,456,.,.,1,1,3,1,.
19,63.5,172.1,20.6608,0.77,19,21,74,4.6,1.1,0,1,0,0,2,117.802579365079,21.4393682847931,0,273,.,458.92,.,.,0,2,3,0,0.234849545277411
19,63.5,172.1,20.6608,0.77,19,21,74,4.6,1.1,0,1,0,0,2,117.802579365079,21.4393682847931,0,273,129,480,.,.,1,1,3,1,.
19,63.5,172.1,20.6608,0.77,19,21,74,4.6,1.1,0,1,0,0,2,117.802579365079,21.4393682847931,0,273,.,503.23,.,.,0,2,3,0,0.151044317224551
19,63.5,172.1,20.6608,0.77,19,21,74,4.6,1.1,0,1,0,0,2,117.802579365079,21.4393682847931,0,273,129,504,18,24,1,1,3,1,.
19,63.5,172.1,20.6608,0.77,19,21,74,4.6,1.1,0,1,0,0,2,117.802579365079,21.4393682847931,0,273,129,960,.,.,1,1,3,1,.
19,63.5,172.1,20.6608,0.77,19,21,74,4.6,1.1,0,1,0,0,2,117.802579365079,21.4393682847931,0,273,.,962.17,.,.,0,2,3,0,0.264949287466654
19,63.5,172.1,20.6608,0.77,19,21,74,4.6,1.1,0,1,0,0,2,117.802579365079,21.4393682847931,0,273,129,984,.,.,1,1,3,1,.
19,63.5,172.1,20.6608,0.77,19,21,74,4.6,1.1,0,1,0,0,2,117.802579365079,21.4393682847931,0,273,.,997.88,.,.,0,2,3,0,0.162815144961092
59,65.3,148.9,28.9883,0.57,18,20,100,4,0.5,1,0,0,0,2,109.549342105263,29.4526099387449,0,274,129,0,17,24,1,1,3,1,.
59,65.3,148.9,28.9883,0.57,18,20,100,4,0.5,1,0,0,0,2,109.549342105263,29.4526099387449,0,274,129,432,.,.,1,1,3,1,.
59,65.3,148.9,28.9883,0.57,18,20,100,4,0.5,1,0,0,0,2,109.549342105263,29.4526099387449,0,274,.,434.82,.,.,0,2,3,0,0.144150700027031
59,65.3,148.9,28.9883,0.57,18,20,100,4,0.5,1,0,0,0,2,109.549342105263,29.4526099387449,0,274,129,456,.,.,1,1,3,1,.
59,65.3,148.9,28.9883,0.57,18,20,100,4,0.5,1,0,0,0,2,109.549342105263,29.4526099387449,0,274,.,479.6,.,.,0,2,3,0,0.197339952643858
59,65.3,148.9,28.9883,0.57,18,20,100,4,0.5,1,0,0,0,2,109.549342105263,29.4526099387449,0,274,129,480,17,24,1,1,3,1,.
59,65.3,148.9,28.9883,0.57,18,20,100,4,0.5,1,0,0,0,2,109.549342105263,29.4526099387449,0,274,129,912,.,.,1,1,3,1,.
59,65.3,148.9,28.9883,0.57,18,20,100,4,0.5,1,0,0,0,2,109.549342105263,29.4526099387449,0,274,.,914.97,.,.,0,2,3,0,0.403711387940409
59,65.3,148.9,28.9883,0.57,18,20,100,4,0.5,1,0,0,0,2,109.549342105263,29.4526099387449,0,274,129,936,.,.,1,1,3,1,.
59,65.3,148.9,28.9883,0.57,18,20,100,4,0.5,1,0,0,0,2,109.549342105263,29.4526099387449,0,274,.,949.47,.,.,0,2,3,0,0.379661941541873
46,51.8,151.5,19.0989,0.67,13,18,48,4.4,0.7,0,1,0,0,2,85.7964344941957,22.5685934930127,0,275,129,0,18,24,1,1,3,1,.
46,51.8,151.5,19.0989,0.67,13,18,48,4.4,0.7,0,1,0,0,2,85.7964344941957,22.5685934930127,0,275,129,479,.,.,1,1,3,1,.
46,51.8,151.5,19.0989,0.67,13,18,48,4.4,0.7,0,1,0,0,2,85.7964344941957,22.5685934930127,0,275,.,481.67,.,.,0,2,3,0,0.618563072052551
46,51.8,151.5,19.0989,0.67,13,18,48,4.4,0.7,0,1,0,0,2,85.7964344941957,22.5685934930127,0,275,129,503,.,.,1,1,3,1,.
46,51.8,151.5,19.0989,0.67,13,18,48,4.4,0.7,0,1,0,0,2,85.7964344941957,22.5685934930127,0,275,.,526.43,.,.,0,2,3,0,0.0885522596322057
46,51.8,151.5,19.0989,0.67,13,18,48,4.4,0.7,0,1,0,0,2,85.7964344941957,22.5685934930127,0,275,129,527,14,24,1,1,3,1,.
46,51.8,151.5,19.0989,0.67,13,18,48,4.4,0.7,0,1,0,0,2,85.7964344941957,22.5685934930127,0,275,129,887,.,.,1,1,3,1,.
46,51.8,151.5,19.0989,0.67,13,18,48,4.4,0.7,0,1,0,0,2,85.7964344941957,22.5685934930127,0,275,.,889.48,.,.,0,2,3,0,0.473332686832216
46,51.8,151.5,19.0989,0.67,13,18,48,4.4,0.7,0,1,0,0,2,85.7964344941957,22.5685934930127,0,275,129,911,.,.,1,1,3,1,.
46,51.8,151.5,19.0989,0.67,13,18,48,4.4,0.7,0,1,0,0,2,85.7964344941957,22.5685934930127,0,275,.,925.37,.,.,0,2,3,0,0.112594483010649
40,86.1,157.2,35.3811,0.94,26,22,62,3.9,0.8,1,0,0,0,2,108.133865248227,34.8415981974632,1,276,129,0,16,24,1,1,3,1,.
40,86.1,157.2,35.3811,0.94,26,22,62,3.9,0.8,1,0,0,0,2,108.133865248227,34.8415981974632,1,276,129,431.25,.,.,1,1,3,1,.
40,86.1,157.2,35.3811,0.94,26,22,62,3.9,0.8,1,0,0,0,2,108.133865248227,34.8415981974632,1,276,.,433.25,.,.,0,2,3,0,0.246034543888699
40,86.1,157.2,35.3811,0.94,26,22,62,3.9,0.8,1,0,0,0,2,108.133865248227,34.8415981974632,1,276,129,455,.,.,1,1,3,1,.
40,86.1,157.2,35.3811,0.94,26,22,62,3.9,0.8,1,0,0,0,2,108.133865248227,34.8415981974632,1,276,.,477.92,.,.,0,2,3,0,0.150311278350432
40,86.1,157.2,35.3811,0.94,26,22,62,3.9,0.8,1,0,0,0,2,108.133865248227,34.8415981974632,1,276,129,479,18,24,1,1,3,1,.
40,86.1,157.2,35.3811,0.94,26,22,62,3.9,0.8,1,0,0,0,2,108.133865248227,34.8415981974632,1,276,129,937,.,.,1,1,3,1,.
40,86.1,157.2,35.3811,0.94,26,22,62,3.9,0.8,1,0,0,0,2,108.133865248227,34.8415981974632,1,276,.,958.67,.,.,0,2,3,0,0.156477769695088
40,86.1,157.2,35.3811,0.94,26,22,62,3.9,0.8,1,0,0,0,2,108.133865248227,34.8415981974632,1,276,129,961,.,.,1,1,3,1,.
40,86.1,157.2,35.3811,0.94,26,22,62,3.9,0.8,1,0,0,0,2,108.133865248227,34.8415981974632,1,276,129,983,.,.,1,1,3,1,.
40,86.1,157.2,35.3811,0.94,26,22,62,3.9,0.8,1,0,0,0,2,108.133865248227,34.8415981974632,1,276,.,996.5,.,.,0,2,3,0,0.331602698965042
26,73.2,152.2,32.2593,0.58,14,20,49,4.4,0.7,1,0,0,0,2,169.853448275862,31.5996138976138,1,277,129,0,18,24,1,1,3,1,.
26,73.2,152.2,32.2593,0.58,14,20,49,4.4,0.7,1,0,0,0,2,169.853448275862,31.5996138976138,1,277,129,456,.,.,1,1,3,1,.
26,73.2,152.2,32.2593,0.58,14,20,49,4.4,0.7,1,0,0,0,2,169.853448275862,31.5996138976138,1,277,.,458.5,.,.,0,2,3,0,0.175929307985292
26,73.2,152.2,32.2593,0.58,14,20,49,4.4,0.7,1,0,0,0,2,169.853448275862,31.5996138976138,1,277,129,480,.,.,1,1,3,1,.
26,73.2,152.2,32.2593,0.58,14,20,49,4.4,0.7,1,0,0,0,2,169.853448275862,31.5996138976138,1,277,.,503,.,.,0,2,3,0,0.181771633359481
26,73.2,152.2,32.2593,0.58,14,20,49,4.4,0.7,1,0,0,0,2,169.853448275862,31.5996138976138,1,277,129,504,17,24,1,1,3,1,.
26,73.2,152.2,32.2593,0.58,14,20,49,4.4,0.7,1,0,0,0,2,169.853448275862,31.5996138976138,1,277,129,937,.,.,1,1,3,1,.
26,73.2,152.2,32.2593,0.58,14,20,49,4.4,0.7,1,0,0,0,2,169.853448275862,31.5996138976138,1,277,.,959.67,.,.,0,2,3,0,0.29794045409699
26,73.2,152.2,32.2593,0.58,14,20,49,4.4,0.7,1,0,0,0,2,169.853448275862,31.5996138976138,1,277,129,961,.,.,1,1,3,1,.
26,73.2,152.2,32.2593,0.58,14,20,49,4.4,0.7,1,0,0,0,2,169.853448275862,31.5996138976138,1,277,129,972.42,.,.,1,1,3,1,.
26,73.2,152.2,32.2593,0.58,14,20,49,4.4,0.7,1,0,0,0,2,169.853448275862,31.5996138976138,1,277,.,996.42,.,.,0,2,3,0,0.189721142563631
57,89,160.3,38.621,0.86,23,25,69,4.4,0.3,0,0,1,0,2,101.40423126615,34.635619660423,1,278,129,0,11,24,1,1,4,1,.
57,89,160.3,38.621,0.86,23,25,69,4.4,0.3,0,0,1,0,2,101.40423126615,34.635619660423,1,278,129,311.5,.,.,1,1,4,1,.
57,89,160.3,38.621,0.86,23,25,69,4.4,0.3,0,0,1,0,2,101.40423126615,34.635619660423,1,278,.,323,.,.,0,2,4,0,0.150837017716418
57,89,160.3,38.621,0.86,23,25,69,4.4,0.3,0,0,1,0,2,101.40423126615,34.635619660423,1,278,129,335.5,.,.,1,1,4,1,.
57,89,160.3,38.621,0.86,23,25,69,4.4,0.3,0,0,1,0,2,101.40423126615,34.635619660423,1,278,129,1051.5,17,24,1,1,4,1,.
57,89,160.3,38.621,0.86,23,25,69,4.4,0.3,0,0,1,0,2,101.40423126615,34.635619660423,1,278,129,1488.5,.,.,1,1,4,1,.
57,89,160.3,38.621,0.86,23,25,69,4.4,0.3,0,0,1,0,2,101.40423126615,34.635619660423,1,278,.,1499,.,.,0,2,4,0,0.42521919109174
57,89,160.3,38.621,0.86,23,25,69,4.4,0.3,0,0,1,0,2,101.40423126615,34.635619660423,1,278,129,1512.5,18,24,1,1,4,1,.
57,89,160.3,38.621,0.86,23,25,69,4.4,0.3,0,0,1,0,2,101.40423126615,34.635619660423,1,278,129,1991.5,.,.,1,1,4,1,.
57,89,160.3,38.621,0.86,23,25,69,4.4,0.3,0,0,1,0,2,101.40423126615,34.635619660423,1,278,.,2003,.,.,0,2,4,0,0.228426472802343
38,85.8,173.8,32.3488,0.64,17,13,45,3.9,0.6,0,1,0,0,2,161.43359375,28.4045388996519,0,279,129,0,12,24,1,1,4,1,.
38,85.8,173.8,32.3488,0.64,17,13,45,3.9,0.6,0,1,0,0,2,161.43359375,28.4045388996519,0,279,129,312,.,.,1,1,4,1,.
38,85.8,173.8,32.3488,0.64,17,13,45,3.9,0.6,0,1,0,0,2,161.43359375,28.4045388996519,0,279,.,330.5,.,.,0,2,4,0,0.311199449654274
38,85.8,173.8,32.3488,0.64,17,13,45,3.9,0.6,0,1,0,0,2,161.43359375,28.4045388996519,0,279,129,336,48,24,1,1,4,1,.
38,85.8,173.8,32.3488,0.64,17,13,45,3.9,0.6,0,1,0,0,2,161.43359375,28.4045388996519,0,279,129,1512.5,.,.,1,1,4,1,.
38,85.8,173.8,32.3488,0.64,17,13,45,3.9,0.6,0,1,0,0,2,161.43359375,28.4045388996519,0,279,.,1530,.,.,0,2,4,0,0.243577188773165
38,85.8,173.8,32.3488,0.64,17,13,45,3.9,0.6,0,1,0,0,2,161.43359375,28.4045388996519,0,279,129,1536.5,18,24,1,1,4,1,.
38,85.8,173.8,32.3488,0.64,17,13,45,3.9,0.6,0,1,0,0,2,161.43359375,28.4045388996519,0,279,129,2014.5,.,.,1,1,4,1,.
38,85.8,173.8,32.3488,0.64,17,13,45,3.9,0.6,0,1,0,0,2,161.43359375,28.4045388996519,0,279,.,2036,.,.,0,2,4,0,0.251617263367872
29,95.3,167.5,28.0147,1.1,20,23,65,4.2,0.3,0,0,1,0,1,133.564393939394,33.967476052573,1,280,129,0,12,24,1,1,4,1,.
29,95.3,167.5,28.0147,1.1,20,23,65,4.2,0.3,0,0,1,0,1,133.564393939394,33.967476052573,1,280,129,333.5,.,.,1,1,4,1,.
29,95.3,167.5,28.0147,1.1,20,23,65,4.2,0.3,0,0,1,0,1,133.564393939394,33.967476052573,1,280,.,349.25,.,.,0,2,4,0,0.232386881336018
29,95.3,167.5,28.0147,1.1,20,23,65,4.2,0.3,0,0,1,0,1,133.564393939394,33.967476052573,1,280,129,357.5,.,.,1,1,4,1,.
29,95.3,167.5,28.0147,1.1,20,23,65,4.2,0.3,0,0,1,0,1,133.564393939394,33.967476052573,1,280,129,742.5,.,.,1,1,4,1,.
29,95.3,167.5,28.0147,1.1,20,23,65,4.2,0.3,0,0,1,0,1,133.564393939394,33.967476052573,1,280,129,1270.5,9,24,1,1,4,1,.
29,95.3,167.5,28.0147,1.1,20,23,65,4.2,0.3,0,0,1,0,1,133.564393939394,33.967476052573,1,280,129,1515.5,.,.,1,1,4,1,.
29,95.3,167.5,28.0147,1.1,20,23,65,4.2,0.3,0,0,1,0,1,133.564393939394,33.967476052573,1,280,.,1525.08,.,.,0,2,4,0,0.150115148598244
29,95.3,167.5,28.0147,1.1,20,23,65,4.2,0.3,0,0,1,0,1,133.564393939394,33.967476052573,1,280,129,1539.5,18,24,1,1,4,1,.
29,95.3,167.5,28.0147,1.1,20,23,65,4.2,0.3,0,0,1,0,1,133.564393939394,33.967476052573,1,280,129,2017,.,.,1,1,4,1,.
29,95.3,167.5,28.0147,1.1,20,23,65,4.2,0.3,0,0,1,0,1,133.564393939394,33.967476052573,1,280,.,2033.33,.,.,0,2,4,0,0.173928050914138
42,84.6,155.2,38.8767,0.99,11,15,58,3.9,0.1,1,0,0,0,2,98.8661616161616,35.1226219577001,1,281,129,0,11,24,1,1,4,1,.
42,84.6,155.2,38.8767,0.99,11,15,58,3.9,0.1,1,0,0,0,2,98.8661616161616,35.1226219577001,1,281,129,301,.,.,1,1,4,1,.
42,84.6,155.2,38.8767,0.99,11,15,58,3.9,0.1,1,0,0,0,2,98.8661616161616,35.1226219577001,1,281,.,332.75,.,.,0,2,4,0,0.16960152304709
54,58.8,151.8,14.0454,0.72,19,23,85,4.2,0.8,1,0,0,0,1,97.5462962962963,25.5172449707593,0,282,129,0,12,24,1,1,4,1,.
54,58.8,151.8,14.0454,0.72,19,23,85,4.2,0.8,1,0,0,0,1,97.5462962962963,25.5172449707593,0,282,129,314,.,.,1,1,4,1,.
54,58.8,151.8,14.0454,0.72,19,23,85,4.2,0.8,1,0,0,0,1,97.5462962962963,25.5172449707593,0,282,.,324.33,.,.,0,2,4,0,-0.0545615533868459
50,93,166.3,39.6602,0.74,25,22,68,4.1,0.2,0,1,0,0,2,133.530405405405,33.627799559512,1,283,129,0,14,24,1,1,4,1,.
50,93,166.3,39.6602,0.74,25,22,68,4.1,0.2,0,1,0,0,2,133.530405405405,33.627799559512,1,283,129,383.5,.,.,1,1,4,1,.
50,93,166.3,39.6602,0.74,25,22,68,4.1,0.2,0,1,0,0,2,133.530405405405,33.627799559512,1,283,.,393.83,.,.,0,2,4,0,0.15963329185881
50,93,166.3,39.6602,0.74,25,22,68,4.1,0.2,0,1,0,0,2,133.530405405405,33.627799559512,1,283,129,407.5,.,.,1,1,4,1,.
50,93,166.3,39.6602,0.74,25,22,68,4.1,0.2,0,1,0,0,2,133.530405405405,33.627799559512,1,283,129,475.5,.,.,1,1,4,1,.
50,93,166.3,39.6602,0.74,25,22,68,4.1,0.2,0,1,0,0,2,133.530405405405,33.627799559512,1,283,129,739.5,.,.,1,1,4,1,.
50,93,166.3,39.6602,0.74,25,22,68,4.1,0.2,0,1,0,0,2,133.530405405405,33.627799559512,1,283,258,1027.5,.,.,1,1,4,1,.
50,93,166.3,39.6602,0.74,25,22,68,4.1,0.2,0,1,0,0,2,133.530405405405,33.627799559512,1,283,129,1051.5,18,24,1,1,4,1,.
50,93,166.3,39.6602,0.74,25,22,68,4.1,0.2,0,1,0,0,2,133.530405405405,33.627799559512,1,283,129,1512.5,.,.,1,1,4,1,.
50,93,166.3,39.6602,0.74,25,22,68,4.1,0.2,0,1,0,0,2,133.530405405405,33.627799559512,1,283,.,1513.5,.,.,0,2,4,0,0.47791072103862
45,60.2,162.8,22.651,0.7,17,24,45,3.9,0.6,0,1,0,0,2,96.4513888888889,22.7136897898569,0,284,129,0,.,.,1,1,4,1,.
45,60.2,162.8,22.651,0.7,17,24,45,3.9,0.6,0,1,0,0,2,96.4513888888889,22.7136897898569,0,284,129,404.5,.,.,1,1,4,1,.
45,60.2,162.8,22.651,0.7,17,24,45,3.9,0.6,0,1,0,0,2,96.4513888888889,22.7136897898569,0,284,129,740.5,37,24,1,1,4,1,.
45,60.2,162.8,22.651,0.7,17,24,45,3.9,0.6,0,1,0,0,2,96.4513888888889,22.7136897898569,0,284,129,1660.5,.,.,1,1,4,1,.
45,60.2,162.8,22.651,0.7,17,24,45,3.9,0.6,0,1,0,0,2,96.4513888888889,22.7136897898569,0,284,.,1694.67,.,.,0,2,4,0,0.0910613013115673
35,67.1,164.8,25.4895,0.58,16,18,77,4.6,0.3,0,1,0,0,2,143.406968390805,24.7063224620605,0,285,129,0,.,.,1,1,4,1,.
35,67.1,164.8,25.4895,0.58,16,18,77,4.6,0.3,0,1,0,0,2,143.406968390805,24.7063224620605,0,285,129,408,.,.,1,1,4,1,.
35,67.1,164.8,25.4895,0.58,16,18,77,4.6,0.3,0,1,0,0,2,143.406968390805,24.7063224620605,0,285,129,1440,2,24,1,1,4,1,.
35,67.1,164.8,25.4895,0.58,16,18,77,4.6,0.3,0,1,0,0,2,143.406968390805,24.7063224620605,0,285,129,1516,.,.,1,1,4,1,.
35,67.1,164.8,25.4895,0.58,16,18,77,4.6,0.3,0,1,0,0,2,143.406968390805,24.7063224620605,0,285,.,1527.58,.,.,0,2,4,0,0.284326676373396
25,85.3,167.5,32.6004,0.81,12,16,109,4.3,0.4,0,0,1,0,2,142.971107681756,30.4032078413901,1,286,129,0,11,24,1,1,4,1,.
25,85.3,167.5,32.6004,0.81,12,16,109,4.3,0.4,0,0,1,0,2,142.971107681756,30.4032078413901,1,286,129,310.83,.,.,1,1,4,1,.
25,85.3,167.5,32.6004,0.81,12,16,109,4.3,0.4,0,0,1,0,2,142.971107681756,30.4032078413901,1,286,.,329.58,.,.,0,2,4,0,0.226258479851866
36,61,163.6,22.9809,0.57,12,16,33,4.3,0.4,0,1,0,0,2,131.393762183236,22.7909924020062,0,287,129,0,11,24,1,1,4,1,.
36,61,163.6,22.9809,0.57,12,16,33,4.3,0.4,0,1,0,0,2,131.393762183236,22.7909924020062,0,287,129,309.5,.,.,1,1,4,1,.
36,61,163.6,22.9809,0.57,12,16,33,4.3,0.4,0,1,0,0,2,131.393762183236,22.7909924020062,0,287,.,327.5,.,.,0,2,4,0,0.185832392690487
36,61,163.6,22.9809,0.57,12,16,33,4.3,0.4,0,1,0,0,2,131.393762183236,22.7909924020062,0,287,129,333.5,.,.,1,1,4,1,.
36,61,163.6,22.9809,0.57,12,16,33,4.3,0.4,0,1,0,0,2,131.393762183236,22.7909924020062,0,287,129,1101,24,24,1,1,4,1,.
36,61,163.6,22.9809,0.57,12,16,33,4.3,0.4,0,1,0,0,2,131.393762183236,22.7909924020062,0,287,129,1705,.,.,1,1,4,1,.
36,61,163.6,22.9809,0.57,12,16,33,4.3,0.4,0,1,0,0,2,131.393762183236,22.7909924020062,0,287,129,1729,10,24,1,1,4,1,.
36,61,163.6,22.9809,0.57,12,16,33,4.3,0.4,0,1,0,0,2,131.393762183236,22.7909924020062,0,287,129,1993,.,.,1,1,4,1,.
36,61,163.6,22.9809,0.57,12,16,33,4.3,0.4,0,1,0,0,2,131.393762183236,22.7909924020062,0,287,.,2006.5,.,.,0,2,4,0,0.277233847608847
58,73.8,168.1,18.7241,0.98,35,33,79,4.1,1.2,0,1,0,0,1,85.765306122449,26.1168584321179,0,288,129,0,11,24,1,1,4,1,.
58,73.8,168.1,18.7241,0.98,35,33,79,4.1,1.2,0,1,0,0,1,85.765306122449,26.1168584321179,0,288,129,288,.,.,1,1,4,1,.
58,73.8,168.1,18.7241,0.98,35,33,79,4.1,1.2,0,1,0,0,1,85.765306122449,26.1168584321179,0,288,.,303.92,.,.,0,2,4,0,0.337856698623146
58,73.8,168.1,18.7241,0.98,35,33,79,4.1,1.2,0,1,0,0,1,85.765306122449,26.1168584321179,0,288,129,312,.,.,1,1,4,1,.
58,73.8,168.1,18.7241,0.98,35,33,79,4.1,1.2,0,1,0,0,1,85.765306122449,26.1168584321179,0,288,129,1098.75,16,24,1,1,4,1,.
58,73.8,168.1,18.7241,0.98,35,33,79,4.1,1.2,0,1,0,0,1,85.765306122449,26.1168584321179,0,288,129,1512,.,.,1,1,4,1,.
58,73.8,168.1,18.7241,0.98,35,33,79,4.1,1.2,0,1,0,0,1,85.765306122449,26.1168584321179,0,288,129,1536,17,24,1,1,4,1,.
58,73.8,168.1,18.7241,0.98,35,33,79,4.1,1.2,0,1,0,0,1,85.765306122449,26.1168584321179,0,288,129,1976.75,.,.,1,1,4,1,.
58,73.8,168.1,18.7241,0.98,35,33,79,4.1,1.2,0,1,0,0,1,85.765306122449,26.1168584321179,0,288,.,2005.75,.,.,0,2,4,0,0.283852347600386
26,134.9,167.4,60.0506,0.73,21,21,74,4.1,0.5,0,0,0,0,2,248.702625570776,48.1394409401501,1,289,129,0,11,24,1,1,4,1,.
26,134.9,167.4,60.0506,0.73,21,21,74,4.1,0.5,0,0,0,0,2,248.702625570776,48.1394409401501,1,289,129,290.5,.,.,1,1,4,1,.
26,134.9,167.4,60.0506,0.73,21,21,74,4.1,0.5,0,0,0,0,2,248.702625570776,48.1394409401501,1,289,.,303.17,.,.,0,2,4,0,0.131881312094136
26,134.9,167.4,60.0506,0.73,21,21,74,4.1,0.5,0,0,0,0,2,248.702625570776,48.1394409401501,1,289,129,314.5,47,24,1,1,4,1,.
26,134.9,167.4,60.0506,0.73,21,21,74,4.1,0.5,0,0,0,0,2,248.702625570776,48.1394409401501,1,289,129,1488.5,.,.,1,1,4,1,.
26,134.9,167.4,60.0506,0.73,21,21,74,4.1,0.5,0,0,0,0,2,248.702625570776,48.1394409401501,1,289,.,1502.75,.,.,0,2,4,0,0.162196854973237
26,134.9,167.4,60.0506,0.73,21,21,74,4.1,0.5,0,0,0,0,2,248.702625570776,48.1394409401501,1,289,129,1512.5,17,24,1,1,4,1,.
26,134.9,167.4,60.0506,0.73,21,21,74,4.1,0.5,0,0,0,0,2,248.702625570776,48.1394409401501,1,289,129,1946.17,.,.,1,1,4,1,.
26,134.9,167.4,60.0506,0.73,21,21,74,4.1,0.5,0,0,0,0,2,248.702625570776,48.1394409401501,1,289,.,1959.17,.,.,0,2,4,0,0.263733333288281
39,89.6,155.4,41.2852,0.75,17,22,114,3.7,0.2,0,0,1,0,2,142.447407407407,37.1027398054425,1,290,129,0,13,24,1,1,4,1,.
39,89.6,155.4,41.2852,0.75,17,22,114,3.7,0.2,0,0,1,0,2,142.447407407407,37.1027398054425,1,290,129,337.25,.,.,1,1,4,1,.
39,89.6,155.4,41.2852,0.75,17,22,114,3.7,0.2,0,0,1,0,2,142.447407407407,37.1027398054425,1,290,.,360.25,.,.,0,2,4,0,0.143316781563169
39,89.6,155.4,41.2852,0.75,17,22,114,3.7,0.2,0,0,1,0,2,142.447407407407,37.1027398054425,1,290,129,361.25,46,24,1,1,4,1,.
39,89.6,155.4,41.2852,0.75,17,22,114,3.7,0.2,0,0,1,0,2,142.447407407407,37.1027398054425,1,290,129,1511.75,.,.,1,1,4,1,.
39,89.6,155.4,41.2852,0.75,17,22,114,3.7,0.2,0,0,1,0,2,142.447407407407,37.1027398054425,1,290,.,1532.33,.,.,0,2,4,0,0.0960617046519895
39,89.6,155.4,41.2852,0.75,17,22,114,3.7,0.2,0,0,1,0,2,142.447407407407,37.1027398054425,1,290,129,1535.75,16,24,1,1,4,1,.
39,89.6,155.4,41.2852,0.75,17,22,114,3.7,0.2,0,0,1,0,2,142.447407407407,37.1027398054425,1,290,129,1967,.,.,1,1,4,1,.
39,89.6,155.4,41.2852,0.75,17,22,114,3.7,0.2,0,0,1,0,2,142.447407407407,37.1027398054425,1,290,.,1991.67,.,.,0,2,4,0,0.152992979730029
26,51,161.2,14.0546,0.61,9,21,60,4.3,0.5,0,0,1,0,2,112.520491803279,19.6263753856006,0,291,129,0,12,24,1,1,4,1,.
26,51,161.2,14.0546,0.61,9,21,60,4.3,0.5,0,0,1,0,2,112.520491803279,19.6263753856006,0,291,129,312.75,.,.,1,1,4,1,.
26,51,161.2,14.0546,0.61,9,21,60,4.3,0.5,0,0,1,0,2,112.520491803279,19.6263753856006,0,291,.,333.33,.,.,0,2,4,0,0.232797594081584
26,51,161.2,14.0546,0.61,9,21,60,4.3,0.5,0,0,1,0,2,112.520491803279,19.6263753856006,0,291,129,336.75,.,.,1,1,4,1,.
26,51,161.2,14.0546,0.61,9,21,60,4.3,0.5,0,0,1,0,2,112.520491803279,19.6263753856006,0,291,129,383,.,.,1,1,4,1,.
26,51,161.2,14.0546,0.61,9,21,60,4.3,0.5,0,0,1,0,2,112.520491803279,19.6263753856006,0,291,129,766.5,.,.,1,1,4,1,.
26,94.1,160.5,41.338,0.76,20,21,58,4.4,0.7,1,0,0,0,2,166.635416666667,36.5291485913374,1,292,129,0,10,24,1,1,4,1,.
26,94.1,160.5,41.338,0.76,20,21,58,4.4,0.7,1,0,0,0,2,166.635416666667,36.5291485913374,1,292,129,286.83,.,.,1,1,4,1,.
26,94.1,160.5,41.338,0.76,20,21,58,4.4,0.7,1,0,0,0,2,166.635416666667,36.5291485913374,1,292,.,303.08,.,.,0,2,4,0,0.0339420367764004
26,94.1,160.5,41.338,0.76,20,21,58,4.4,0.7,1,0,0,0,2,166.635416666667,36.5291485913374,1,292,129,310.83,48,24,1,1,4,1,.
26,94.1,160.5,41.338,0.76,20,21,58,4.4,0.7,1,0,0,0,2,166.635416666667,36.5291485913374,1,292,129,1510.33,.,.,1,1,4,1,.
26,94.1,160.5,41.338,0.76,20,21,58,4.4,0.7,1,0,0,0,2,166.635416666667,36.5291485913374,1,292,.,1524.95,.,.,0,2,4,0,0.198114785249649
26,94.1,160.5,41.338,0.76,20,21,58,4.4,0.7,1,0,0,0,2,166.635416666667,36.5291485913374,1,292,129,1534.33,19,24,1,1,4,1,.
26,94.1,160.5,41.338,0.76,20,21,58,4.4,0.7,1,0,0,0,2,166.635416666667,36.5291485913374,1,292,129,2015.08,.,.,1,1,4,1,.
26,94.1,160.5,41.338,0.76,20,21,58,4.4,0.7,1,0,0,0,2,166.635416666667,36.5291485913374,1,292,.,2027.7,.,.,0,2,4,0,0.259185176945885
26,93.9,172.3,30.2078,1.27,34,24,75,4.5,1,0,1,0,0,1,117.066929133858,31.6296974227018,1,293,129,0,12,24,1,1,4,1,.
26,93.9,172.3,30.2078,1.27,34,24,75,4.5,1,0,1,0,0,1,117.066929133858,31.6296974227018,1,293,129,312,.,.,1,1,4,1,.
26,93.9,172.3,30.2078,1.27,34,24,75,4.5,1,0,1,0,0,1,117.066929133858,31.6296974227018,1,293,.,331.83,.,.,0,2,4,0,0.276809479153058
26,93.9,172.3,30.2078,1.27,34,24,75,4.5,1,0,1,0,0,1,117.066929133858,31.6296974227018,1,293,129,336,47,24,1,1,4,1,.
26,93.9,172.3,30.2078,1.27,34,24,75,4.5,1,0,1,0,0,1,117.066929133858,31.6296974227018,1,293,129,1488,.,.,1,1,4,1,.
26,93.9,172.3,30.2078,1.27,34,24,75,4.5,1,0,1,0,0,1,117.066929133858,31.6296974227018,1,293,.,1505.08,.,.,0,2,4,0,0.305604719666532
26,93.9,172.3,30.2078,1.27,34,24,75,4.5,1,0,1,0,0,1,117.066929133858,31.6296974227018,1,293,129,1512,19,24,1,1,4,1,.
26,93.9,172.3,30.2078,1.27,34,24,75,4.5,1,0,1,0,0,1,117.066929133858,31.6296974227018,1,293,129,1992.5,.,.,1,1,4,1,.
26,93.9,172.3,30.2078,1.27,34,24,75,4.5,1,0,1,0,0,1,117.066929133858,31.6296974227018,1,293,.,2012.33,.,.,0,2,4,0,0.181619210849814
36,97.3,169.2,30.0634,0.85,27,21,58,4.7,0.4,1,0,0,0,1,165.346405228758,33.9869445422486,1,294,129,0,15,24,1,1,4,1,.
36,97.3,169.2,30.0634,0.85,27,21,58,4.7,0.4,1,0,0,0,1,165.346405228758,33.9869445422486,1,294,129,384.5,.,.,1,1,4,1,.
36,97.3,169.2,30.0634,0.85,27,21,58,4.7,0.4,1,0,0,0,1,165.346405228758,33.9869445422486,1,294,.,399,.,.,0,2,4,0,0.180518346370723
36,97.3,169.2,30.0634,0.85,27,21,58,4.7,0.4,1,0,0,0,1,165.346405228758,33.9869445422486,1,294,129,408.5,.,.,1,1,4,1,.
36,97.3,169.2,30.0634,0.85,27,21,58,4.7,0.4,1,0,0,0,1,165.346405228758,33.9869445422486,1,294,129,791,49,24,1,1,4,1,.
36,97.3,169.2,30.0634,0.85,27,21,58,4.7,0.4,1,0,0,0,1,165.346405228758,33.9869445422486,1,294,129,1994,.,.,1,1,4,1,.
36,97.3,169.2,30.0634,0.85,27,21,58,4.7,0.4,1,0,0,0,1,165.346405228758,33.9869445422486,1,294,.,2013,.,.,0,2,4,0,0.244711210675406
20,102.9,181.9,31.2471,0.67,27,24,82,4.5,0.5,0,1,0,0,1,255.970149253731,31.0992543734649,1,295,129,0,11,24,1,1,4,1,.
20,102.9,181.9,31.2471,0.67,27,24,82,4.5,0.5,0,1,0,0,1,255.970149253731,31.0992543734649,1,295,129,310,.,.,1,1,4,1,.
20,102.9,181.9,31.2471,0.67,27,24,82,4.5,0.5,0,1,0,0,1,255.970149253731,31.0992543734649,1,295,.,330,.,.,0,2,4,0,0.0240329062760235
26,108,174.6,42.3107,0.76,21,25,50,4,0.5,0,0,1,0,2,191.25,35.4270733694689,1,296,129,0,11,24,1,1,4,1,.
26,108,174.6,42.3107,0.76,21,25,50,4,0.5,0,0,1,0,2,191.25,35.4270733694689,1,296,129,308.5,.,.,1,1,4,1,.
26,108,174.6,42.3107,0.76,21,25,50,4,0.5,0,0,1,0,2,191.25,35.4270733694689,1,296,.,330.67,.,.,0,2,4,0,0.184045676291965
26,108,174.6,42.3107,0.76,21,25,50,4,0.5,0,0,1,0,2,191.25,35.4270733694689,1,296,129,332.5,.,.,1,1,4,1,.
26,108,174.6,42.3107,0.76,21,25,50,4,0.5,0,0,1,0,2,191.25,35.4270733694689,1,296,129,1099,15,24,1,1,4,1,.
26,108,174.6,42.3107,0.76,21,25,50,4,0.5,0,0,1,0,2,191.25,35.4270733694689,1,296,129,1506.25,.,.,1,1,4,1,.
26,108,174.6,42.3107,0.76,21,25,50,4,0.5,0,0,1,0,2,191.25,35.4270733694689,1,296,.,1528,.,.,0,2,4,0,0.170927510211777
24,76.4,163.3,27.4342,1.09,12,17,95,4.5,0.6,0,1,0,0,2,95.986748216106,28.6497600582595,0,297,129,0,22,24,1,1,4,1,.
24,76.4,163.3,27.4342,1.09,12,17,95,4.5,0.6,0,1,0,0,2,95.986748216106,28.6497600582595,0,297,129,552,.,.,1,1,4,1,.
24,76.4,163.3,27.4342,1.09,12,17,95,4.5,0.6,0,1,0,0,2,95.986748216106,28.6497600582595,0,297,.,572.5,.,.,0,2,4,0,0.0932845488196128
24,76.4,163.3,27.4342,1.09,12,17,95,4.5,0.6,0,1,0,0,2,95.986748216106,28.6497600582595,0,297,129,576,40,24,1,1,4,1,.
24,76.4,163.3,27.4342,1.09,12,17,95,4.5,0.6,0,1,0,0,2,95.986748216106,28.6497600582595,0,297,129,1560,.,.,1,1,4,1,.
24,76.4,163.3,27.4342,1.09,12,17,95,4.5,0.6,0,1,0,0,2,95.986748216106,28.6497600582595,0,297,.,1579,.,.,0,2,4,0,0.143945754250221
51,69.4,158.3,21.5932,0.52,22,20,81,4.1,0.7,1,0,0,0,2,140.227297008547,27.694762218119,0,298,129,0,19,24,1,1,4,1,.
51,69.4,158.3,21.5932,0.52,22,20,81,4.1,0.7,1,0,0,0,2,140.227297008547,27.694762218119,0,298,129,481,.,.,1,1,4,1,.
51,69.4,158.3,21.5932,0.52,22,20,81,4.1,0.7,1,0,0,0,2,140.227297008547,27.694762218119,0,298,.,495.75,.,.,0,2,4,0,0.0370553790909208
51,69.4,158.3,21.5932,0.52,22,20,81,4.1,0.7,1,0,0,0,2,140.227297008547,27.694762218119,0,298,129,505,40,24,1,1,4,1,.
51,69.4,158.3,21.5932,0.52,22,20,81,4.1,0.7,1,0,0,0,2,140.227297008547,27.694762218119,0,298,129,1489.5,.,.,1,1,4,1,.
51,69.4,158.3,21.5932,0.52,22,20,81,4.1,0.7,1,0,0,0,2,140.227297008547,27.694762218119,0,298,.,1504,.,.,0,2,4,0,0.218235489056652
51,69.4,158.3,21.5932,0.52,22,20,81,4.1,0.7,1,0,0,0,2,140.227297008547,27.694762218119,0,298,129,1513.5,9,24,1,1,4,1,.
51,69.4,158.3,21.5932,0.52,22,20,81,4.1,0.7,1,0,0,0,2,140.227297008547,27.694762218119,0,298,129,1776.25,.,.,1,1,4,1,.
51,69.4,158.3,21.5932,0.52,22,20,81,4.1,0.7,1,0,0,0,2,140.227297008547,27.694762218119,0,298,.,1796,.,.,0,2,4,0,0.113885525534934
56,98.9,163.9,44.6895,0.68,13,17,77,3.8,0.5,0,1,0,0,2,144.229166666667,36.8161511598949,1,299,129,0,.,.,1,1,4,1,.
56,98.9,163.9,44.6895,0.68,13,17,77,3.8,0.5,0,1,0,0,2,144.229166666667,36.8161511598949,1,299,129,1053,17,24,1,1,4,1,.
56,98.9,163.9,44.6895,0.68,13,17,77,3.8,0.5,0,1,0,0,2,144.229166666667,36.8161511598949,1,299,129,1488,.,.,1,1,4,1,.
56,98.9,163.9,44.6895,0.68,13,17,77,3.8,0.5,0,1,0,0,2,144.229166666667,36.8161511598949,1,299,.,1512,.,.,0,2,4,0,0.191292361509865
56,98.9,163.9,44.6895,0.68,13,17,77,3.8,0.5,0,1,0,0,2,144.229166666667,36.8161511598949,1,299,129,2112,.,.,1,1,4,1,.
56,98.9,163.9,44.6895,0.68,13,17,77,3.8,0.5,0,1,0,0,2,144.229166666667,36.8161511598949,1,299,.,2129.58,.,.,0,2,4,0,0.0428565055491865
30,77.8,161.2,30.4982,0.8,16,23,57,4.3,1.1,0,0,1,0,2,126.289930555556,29.9398432352887,0,300,129,0,12,24,1,1,4,1,.
30,77.8,161.2,30.4982,0.8,16,23,57,4.3,1.1,0,0,1,0,2,126.289930555556,29.9398432352887,0,300,129,312,.,.,1,1,4,1,.
30,77.8,161.2,30.4982,0.8,16,23,57,4.3,1.1,0,0,1,0,2,126.289930555556,29.9398432352887,0,300,.,330.5,.,.,0,2,4,0,0.182342811448925
30,77.8,161.2,30.4982,0.8,16,23,57,4.3,1.1,0,0,1,0,2,126.289930555556,29.9398432352887,0,300,129,336,11,24,1,1,4,1,.
30,77.8,161.2,30.4982,0.8,16,23,57,4.3,1.1,0,0,1,0,2,126.289930555556,29.9398432352887,0,300,129,647,.,.,1,1,4,1,.
30,77.8,161.2,30.4982,0.8,16,23,57,4.3,1.1,0,0,1,0,2,126.289930555556,29.9398432352887,0,300,129,790,7,24,1,1,4,1,.
24,83.9,171.4,19.7364,1.1,44,28,68,4.9,0.7,0,1,0,0,1,122.883838383838,28.5588243703783,0,301,129,0,15,24,1,1,4,1,.
24,83.9,171.4,19.7364,1.1,44,28,68,4.9,0.7,0,1,0,0,1,122.883838383838,28.5588243703783,0,301,129,405.5,.,.,1,1,4,1,.
24,83.9,171.4,19.7364,1.1,44,28,68,4.9,0.7,0,1,0,0,1,122.883838383838,28.5588243703783,0,301,.,433,.,.,0,2,4,0,0.163001545850742
24,83.9,171.4,19.7364,1.1,44,28,68,4.9,0.7,0,1,0,0,1,122.883838383838,28.5588243703783,0,301,258,694.5,.,.,1,1,4,1,.
24,83.9,171.4,19.7364,1.1,44,28,68,4.9,0.7,0,1,0,0,1,122.883838383838,28.5588243703783,0,301,129,718.5,31,24,1,1,4,1,.
24,83.9,171.4,19.7364,1.1,44,28,68,4.9,0.7,0,1,0,0,1,122.883838383838,28.5588243703783,0,301,129,1491,.,.,1,1,4,1,.
24,83.9,171.4,19.7364,1.1,44,28,68,4.9,0.7,0,1,0,0,1,122.883838383838,28.5588243703783,0,301,.,1509.5,.,.,0,2,4,0,0.205048128442219
24,83.9,171.4,19.7364,1.1,44,28,68,4.9,0.7,0,1,0,0,1,122.883838383838,28.5588243703783,0,301,129,1515,18,24,1,1,4,1,.
24,83.9,171.4,19.7364,1.1,44,28,68,4.9,0.7,0,1,0,0,1,122.883838383838,28.5588243703783,0,301,129,1994,.,.,1,1,4,1,.
24,83.9,171.4,19.7364,1.1,44,28,68,4.9,0.7,0,1,0,0,1,122.883838383838,28.5588243703783,0,301,.,2013.5,.,.,0,2,4,0,0.199662131817135
23,63.3,160.3,23.6896,0.71,13,23,63,4.5,0.2,1,0,0,0,2,123.145246478873,24.6340980281436,0,302,129,0,12,24,1,1,4,1,.
23,63.3,160.3,23.6896,0.71,13,23,63,4.5,0.2,1,0,0,0,2,123.145246478873,24.6340980281436,0,302,129,312.5,.,.,1,1,4,1,.
23,63.3,160.3,23.6896,0.71,13,23,63,4.5,0.2,1,0,0,0,2,123.145246478873,24.6340980281436,0,302,.,336.5,.,.,0,2,4,0,0.144941830453918
23,63.3,160.3,23.6896,0.71,13,23,63,4.5,0.2,1,0,0,0,2,123.145246478873,24.6340980281436,0,302,129,359,.,.,1,1,4,1,.
23,63.3,160.3,23.6896,0.71,13,23,63,4.5,0.2,1,0,0,0,2,123.145246478873,24.6340980281436,0,302,129,478,.,.,1,1,4,1,.
33,91.7,182.2,26.4612,1.11,22,27,86,4.3,0.6,0,0,1,0,1,122.771521521522,27.6231111153953,0,303,129,0,.,.,1,1,4,1,.
33,91.7,182.2,26.4612,1.11,22,27,86,4.3,0.6,0,0,1,0,1,122.771521521522,27.6231111153953,0,303,129,358.25,44,24,1,1,4,1,.
33,91.7,182.2,26.4612,1.11,22,27,86,4.3,0.6,0,0,1,0,1,122.771521521522,27.6231111153953,0,303,129,1438.25,.,.,1,1,4,1,.
33,91.7,182.2,26.4612,1.11,22,27,86,4.3,0.6,0,0,1,0,1,122.771521521522,27.6231111153953,0,303,.,1462.25,.,.,0,2,4,0,0.140214933269502
33,91.7,182.2,26.4612,1.11,22,27,86,4.3,0.6,0,0,1,0,1,122.771521521522,27.6231111153953,0,303,129,1942.25,.,.,1,1,4,1,.
33,91.7,182.2,26.4612,1.11,22,27,86,4.3,0.6,0,0,1,0,1,122.771521521522,27.6231111153953,0,303,.,1965.25,.,.,0,2,4,0,0.0399218055358071
20,88.1,153.8,36.4798,0.78,28,24,51,4.2,0.4,0,0,1,0,2,160.010683760684,37.244593404029,1,304,129,0,11,24,1,1,4,1,.
20,88.1,153.8,36.4798,0.78,28,24,51,4.2,0.4,0,0,1,0,2,160.010683760684,37.244593404029,1,304,129,288,.,.,1,1,4,1,.
20,88.1,153.8,36.4798,0.78,28,24,51,4.2,0.4,0,0,1,0,2,160.010683760684,37.244593404029,1,304,.,312.5,.,.,0,2,4,0,0.152630048433653
20,88.1,153.8,36.4798,0.78,28,24,51,4.2,0.4,0,0,1,0,2,160.010683760684,37.244593404029,1,304,129,1541,.,.,1,1,4,1,.
20,88.1,153.8,36.4798,0.78,28,24,51,4.2,0.4,0,0,1,0,2,160.010683760684,37.244593404029,1,304,.,1556.5,.,.,0,2,4,0,0.0784627996776185
23,121.6,174,46.2155,0.93,29,23,76,4.7,0.4,1,0,0,0,1,212.47311827957,40.1638261329106,1,305,129,0,12,24,1,1,4,1,.
23,121.6,174,46.2155,0.93,29,23,76,4.7,0.4,1,0,0,0,1,212.47311827957,40.1638261329106,1,305,129,312,.,.,1,1,4,1,.
23,121.6,174,46.2155,0.93,29,23,76,4.7,0.4,1,0,0,0,1,212.47311827957,40.1638261329106,1,305,.,332.5,.,.,0,2,4,0,0.209789735721661
41,47.9,149.2,16.9172,0.61,13,17,51,4.5,0.9,0,0,0,1,2,91.7756147540983,21.5178000273128,0,306,129,0,.,.,1,1,4,1,.
41,47.9,149.2,16.9172,0.61,13,17,51,4.5,0.9,0,0,0,1,2,91.7756147540983,21.5178000273128,0,306,129,405.58,.,.,1,1,4,1,.
41,47.9,149.2,16.9172,0.61,13,17,51,4.5,0.9,0,0,0,1,2,91.7756147540983,21.5178000273128,0,306,129,693.58,.,.,1,1,4,1,.
41,47.9,149.2,16.9172,0.61,13,17,51,4.5,0.9,0,0,0,1,2,91.7756147540983,21.5178000273128,0,306,129,1053.58,18,24,1,1,4,1,.
41,47.9,149.2,16.9172,0.61,13,17,51,4.5,0.9,0,0,0,1,2,91.7756147540983,21.5178000273128,0,306,129,1512.08,.,.,1,1,4,1,.
41,47.9,149.2,16.9172,0.61,13,17,51,4.5,0.9,0,0,0,1,2,91.7756147540983,21.5178000273128,0,306,.,1525.42,.,.,0,2,4,0,0.346860410005478
35,65.3,170.8,13.9142,0.94,13,15,70,4.8,0.5,0,1,0,0,1,101.307624113475,22.3839871879953,0,307,129,0,12,24,1,1,4,1,.
35,65.3,170.8,13.9142,0.94,13,15,70,4.8,0.5,0,1,0,0,1,101.307624113475,22.3839871879953,0,307,129,312,.,.,1,1,4,1,.
35,65.3,170.8,13.9142,0.94,13,15,70,4.8,0.5,0,1,0,0,1,101.307624113475,22.3839871879953,0,307,.,329,.,.,0,2,4,0,0.301151985328111
35,65.3,170.8,13.9142,0.94,13,15,70,4.8,0.5,0,1,0,0,1,101.307624113475,22.3839871879953,0,307,129,336,31,24,1,1,4,1,.
35,65.3,170.8,13.9142,0.94,13,15,70,4.8,0.5,0,1,0,0,1,101.307624113475,22.3839871879953,0,307,129,1104,.,.,1,1,4,1,.
35,65.3,170.8,13.9142,0.94,13,15,70,4.8,0.5,0,1,0,0,1,101.307624113475,22.3839871879953,0,307,129,1126,1,24,1,1,4,1,.
30,75.9,154.5,28.9947,0.67,21,24,52,4.4,0.2,0,0,1,0,2,147.11131840796,31.7969020014453,1,308,129,0,11,24,1,1,4,1,.
30,75.9,154.5,28.9947,0.67,21,24,52,4.4,0.2,0,0,1,0,2,147.11131840796,31.7969020014453,1,308,129,288.5,.,.,1,1,4,1,.
30,75.9,154.5,28.9947,0.67,21,24,52,4.4,0.2,0,0,1,0,2,147.11131840796,31.7969020014453,1,308,.,307.92,.,.,0,2,4,0,0.132651773136578
30,75.9,154.5,28.9947,0.67,21,24,52,4.4,0.2,0,0,1,0,2,147.11131840796,31.7969020014453,1,308,129,312.5,47,24,1,1,4,1,.
30,75.9,154.5,28.9947,0.67,21,24,52,4.4,0.2,0,0,1,0,2,147.11131840796,31.7969020014453,1,308,129,1464.5,.,.,1,1,4,1,.
30,75.9,154.5,28.9947,0.67,21,24,52,4.4,0.2,0,0,1,0,2,147.11131840796,31.7969020014453,1,308,.,1479.98,.,.,0,2,4,0,0.340660004057876
30,75.9,154.5,28.9947,0.67,21,24,52,4.4,0.2,0,0,1,0,2,147.11131840796,31.7969020014453,1,308,129,1488.5,19,24,1,1,4,1,.
30,75.9,154.5,28.9947,0.67,21,24,52,4.4,0.2,0,0,1,0,2,147.11131840796,31.7969020014453,1,308,129,1968.5,.,.,1,1,4,1,.
30,75.9,154.5,28.9947,0.67,21,24,52,4.4,0.2,0,0,1,0,2,147.11131840796,31.7969020014453,1,308,.,1983.67,.,.,0,2,4,0,0.525393782633444
39,97.3,158.5,38.9562,0.6,22,19,58,3.6,0.6,0,0,1,0,2,193.361226851852,38.7306073301555,1,309,129,0,12,24,1,1,4,1,.
39,97.3,158.5,38.9562,0.6,22,19,58,3.6,0.6,0,0,1,0,2,193.361226851852,38.7306073301555,1,309,129,314.5,.,.,1,1,4,1,.
39,97.3,158.5,38.9562,0.6,22,19,58,3.6,0.6,0,0,1,0,2,193.361226851852,38.7306073301555,1,309,.,328.42,.,.,0,2,4,0,0.229715496953374
39,97.3,158.5,38.9562,0.6,22,19,58,3.6,0.6,0,0,1,0,2,193.361226851852,38.7306073301555,1,309,129,338.5,.,.,1,1,4,1,.
39,97.3,158.5,38.9562,0.6,22,19,58,3.6,0.6,0,0,1,0,2,193.361226851852,38.7306073301555,1,309,129,1080.5,16,24,1,1,4,1,.
39,97.3,158.5,38.9562,0.6,22,19,58,3.6,0.6,0,0,1,0,2,193.361226851852,38.7306073301555,1,309,129,1491.5,.,.,1,1,4,1,.
39,97.3,158.5,38.9562,0.6,22,19,58,3.6,0.6,0,0,1,0,2,193.361226851852,38.7306073301555,1,309,.,1508.1,.,.,0,2,4,0,0.0550689415687222
39,97.3,158.5,38.9562,0.6,22,19,58,3.6,0.6,0,0,1,0,2,193.361226851852,38.7306073301555,1,309,129,1515.5,.,.,1,1,4,1,.
39,97.3,158.5,38.9562,0.6,22,19,58,3.6,0.6,0,0,1,0,2,193.361226851852,38.7306073301555,1,309,129,1608.5,17,24,1,1,4,1,.
39,97.3,158.5,38.9562,0.6,22,19,58,3.6,0.6,0,0,1,0,2,193.361226851852,38.7306073301555,1,309,129,2043.5,.,.,1,1,4,1,.
54,79.9,157.3,32.3743,0.95,13,16,64,3.5,0.5,0,0,0,0,2,85.3902046783626,32.2915828897451,1,310,129,0,13,24,1,1,4,1,.
54,79.9,157.3,32.3743,0.95,13,16,64,3.5,0.5,0,0,0,0,2,85.3902046783626,32.2915828897451,1,310,129,337.75,.,.,1,1,4,1,.
54,79.9,157.3,32.3743,0.95,13,16,64,3.5,0.5,0,0,0,0,2,85.3902046783626,32.2915828897451,1,310,.,356.5,.,.,0,2,4,0,0.253092391930914
54,79.9,157.3,32.3743,0.95,13,16,64,3.5,0.5,0,0,0,0,2,85.3902046783626,32.2915828897451,1,310,129,361.75,45,24,1,1,4,1,.
54,79.9,157.3,32.3743,0.95,13,16,64,3.5,0.5,0,0,0,0,2,85.3902046783626,32.2915828897451,1,310,129,1488.5,.,.,1,1,4,1,.
54,79.9,157.3,32.3743,0.95,13,16,64,3.5,0.5,0,0,0,0,2,85.3902046783626,32.2915828897451,1,310,.,1507.17,.,.,0,2,4,0,0.187778481628885
54,79.9,157.3,32.3743,0.95,13,16,64,3.5,0.5,0,0,0,0,2,85.3902046783626,32.2915828897451,1,310,129,1512.5,19,24,1,1,4,1,.
54,79.9,157.3,32.3743,0.95,13,16,64,3.5,0.5,0,0,0,0,2,85.3902046783626,32.2915828897451,1,310,129,1993,.,.,1,1,4,1,.
54,79.9,157.3,32.3743,0.95,13,16,64,3.5,0.5,0,0,0,0,2,85.3902046783626,32.2915828897451,1,310,.,2005.92,.,.,0,2,4,0,0.255913660978657
30,80.7,162.7,29.2687,0.59,20,21,65,4.3,0.3,0,0,0,1,2,177.623587570621,30.4858584526859,1,311,129,0,12,24,1,1,4,1,.
30,80.7,162.7,29.2687,0.59,20,21,65,4.3,0.3,0,0,0,1,2,177.623587570621,30.4858584526859,1,311,129,312.17,.,.,1,1,4,1,.
30,80.7,162.7,29.2687,0.59,20,21,65,4.3,0.3,0,0,0,1,2,177.623587570621,30.4858584526859,1,311,.,326.57,.,.,0,2,4,0,0.457598956873706
30,80.7,162.7,29.2687,0.59,20,21,65,4.3,0.3,0,0,0,1,2,177.623587570621,30.4858584526859,1,311,129,336.17,47,24,1,1,4,1,.
30,80.7,162.7,29.2687,0.59,20,21,65,4.3,0.3,0,0,0,1,2,177.623587570621,30.4858584526859,1,311,129,1488.42,.,.,1,1,4,1,.
30,80.7,162.7,29.2687,0.59,20,21,65,4.3,0.3,0,0,0,1,2,177.623587570621,30.4858584526859,1,311,.,1503.2,.,.,0,2,4,0,0.399728199128999
30,80.7,162.7,29.2687,0.59,20,21,65,4.3,0.3,0,0,0,1,2,177.623587570621,30.4858584526859,1,311,129,1512.42,19,24,1,1,4,1,.
30,80.7,162.7,29.2687,0.59,20,21,65,4.3,0.3,0,0,0,1,2,177.623587570621,30.4858584526859,1,311,129,1996.42,.,.,1,1,4,1,.
30,80.7,162.7,29.2687,0.59,20,21,65,4.3,0.3,0,0,0,1,2,177.623587570621,30.4858584526859,1,311,.,2006.13,.,.,0,2,4,0,0.553457462655999
35,70.5,171.9,13.1664,0.98,29,29,42,4.4,1.1,0,0,1,0,1,104.910714285714,23.8581828998758,0,312,129,0,11,24,1,1,4,1,.
35,70.5,171.9,13.1664,0.98,29,29,42,4.4,1.1,0,0,1,0,1,104.910714285714,23.8581828998758,0,312,129,311.25,.,.,1,1,4,1,.
35,70.5,171.9,13.1664,0.98,29,29,42,4.4,1.1,0,0,1,0,1,104.910714285714,23.8581828998758,0,312,.,326.33,.,.,0,2,4,0,-0.058610581965254
58,97.9,160.3,44.1063,0.76,19,23,66,4.1,0.5,0,0,1,0,2,124.700840643275,38.0991816264653,1,313,129,0,11,24,1,1,4,1,.
58,97.9,160.3,44.1063,0.76,19,23,66,4.1,0.5,0,0,1,0,2,124.700840643275,38.0991816264653,1,313,129,311.5,.,.,1,1,4,1,.
58,97.9,160.3,44.1063,0.76,19,23,66,4.1,0.5,0,0,1,0,2,124.700840643275,38.0991816264653,1,313,.,331.42,.,.,0,2,4,0,0.126826268440286
58,97.9,160.3,44.1063,0.76,19,23,66,4.1,0.5,0,0,1,0,2,124.700840643275,38.0991816264653,1,313,129,335.5,46,24,1,1,4,1,.
58,97.9,160.3,44.1063,0.76,19,23,66,4.1,0.5,0,0,1,0,2,124.700840643275,38.0991816264653,1,313,129,1486,.,.,1,1,4,1,.
58,97.9,160.3,44.1063,0.76,19,23,66,4.1,0.5,0,0,1,0,2,124.700840643275,38.0991816264653,1,313,.,1507.25,.,.,0,2,4,0,0.210165903257093
58,97.9,160.3,44.1063,0.76,19,23,66,4.1,0.5,0,0,1,0,2,124.700840643275,38.0991816264653,1,313,129,1510,.,.,1,1,4,1,.
58,97.9,160.3,44.1063,0.76,19,23,66,4.1,0.5,0,0,1,0,2,124.700840643275,38.0991816264653,1,313,129,1581.5,19,24,1,1,4,1,.
58,97.9,160.3,44.1063,0.76,19,23,66,4.1,0.5,0,0,1,0,2,124.700840643275,38.0991816264653,1,313,129,2062,.,.,1,1,4,1,.
58,97.9,160.3,44.1063,0.76,19,23,66,4.1,0.5,0,0,1,0,2,124.700840643275,38.0991816264653,1,313,.,2078.6,.,.,0,2,4,0,0.195956903226044
52,76.7,171.9,19.7366,1.01,40,30,70,4.4,0.7,0,0,1,0,1,92.8162816281628,25.9563493392975,0,314,129,0,10,24,1,1,4,1,.
52,76.7,171.9,19.7366,1.01,40,30,70,4.4,0.7,0,0,1,0,1,92.8162816281628,25.9563493392975,0,314,129,287,.,.,1,1,4,1,.
52,76.7,171.9,19.7366,1.01,40,30,70,4.4,0.7,0,0,1,0,1,92.8162816281628,25.9563493392975,0,314,129,311,47,24,1,1,4,1,.
52,76.7,171.9,19.7366,1.01,40,30,70,4.4,0.7,0,0,1,0,1,92.8162816281628,25.9563493392975,0,314,129,1464,.,.,1,1,4,1,.
52,76.7,171.9,19.7366,1.01,40,30,70,4.4,0.7,0,0,1,0,1,92.8162816281628,25.9563493392975,0,314,.,1476.5,.,.,0,2,4,0,0.251445313763398
52,76.7,171.9,19.7366,1.01,40,30,70,4.4,0.7,0,0,1,0,1,92.8162816281628,25.9563493392975,0,314,129,1488,19,24,1,1,4,1,.
52,76.7,171.9,19.7366,1.01,40,30,70,4.4,0.7,0,0,1,0,1,92.8162816281628,25.9563493392975,0,314,129,1969,.,.,1,1,4,1,.
52,76.7,171.9,19.7366,1.01,40,30,70,4.4,0.7,0,0,1,0,1,92.8162816281628,25.9563493392975,0,314,.,1982.58,.,.,0,2,4,0,0.161290229244533
32,79.9,179.5,17.2822,1.16,34,30,40,4.9,1.4,0,0,1,0,1,103.318965517241,24.7980695370148,0,315,129,0,12,24,1,1,4,1,.
32,79.9,179.5,17.2822,1.16,34,30,40,4.9,1.4,0,0,1,0,1,103.318965517241,24.7980695370148,0,315,129,313,.,.,1,1,4,1,.
32,79.9,179.5,17.2822,1.16,34,30,40,4.9,1.4,0,0,1,0,1,103.318965517241,24.7980695370148,0,315,.,328.5,.,.,0,2,4,0,0.306794184318582
32,79.9,179.5,17.2822,1.16,34,30,40,4.9,1.4,0,0,1,0,1,103.318965517241,24.7980695370148,0,315,129,337,46,24,1,1,4,1,.
32,79.9,179.5,17.2822,1.16,34,30,40,4.9,1.4,0,0,1,0,1,103.318965517241,24.7980695370148,0,315,129,1488.5,.,.,1,1,4,1,.
32,79.9,179.5,17.2822,1.16,34,30,40,4.9,1.4,0,0,1,0,1,103.318965517241,24.7980695370148,0,315,.,1503,.,.,0,2,4,0,0.11510489202726
32,79.9,179.5,17.2822,1.16,34,30,40,4.9,1.4,0,0,1,0,1,103.318965517241,24.7980695370148,0,315,129,1512.5,19,24,1,1,4,1,.
32,79.9,179.5,17.2822,1.16,34,30,40,4.9,1.4,0,0,1,0,1,103.318965517241,24.7980695370148,0,315,129,1993,.,.,1,1,4,1,.
32,79.9,179.5,17.2822,1.16,34,30,40,4.9,1.4,0,0,1,0,1,103.318965517241,24.7980695370148,0,315,.,2006.5,.,.,0,2,4,0,0.37410488751099
35,49.8,143.9,21.662,0.46,21,25,61,4.3,0.2,0,0,0,1,2,134.198369565217,24.049594320046,0,316,129,0,11,24,1,1,4,1,.
35,49.8,143.9,21.662,0.46,21,25,61,4.3,0.2,0,0,0,1,2,134.198369565217,24.049594320046,0,316,129,310.83,.,.,1,1,4,1,.
35,49.8,143.9,21.662,0.46,21,25,61,4.3,0.2,0,0,0,1,2,134.198369565217,24.049594320046,0,316,.,322.83,.,.,0,2,4,0,0.37828196385217
35,49.8,143.9,21.662,0.46,21,25,61,4.3,0.2,0,0,0,1,2,134.198369565217,24.049594320046,0,316,129,334.83,46,24,1,1,4,1,.
35,49.8,143.9,21.662,0.46,21,25,61,4.3,0.2,0,0,0,1,2,134.198369565217,24.049594320046,0,316,129,1463.33,.,.,1,1,4,1,.
35,49.8,143.9,21.662,0.46,21,25,61,4.3,0.2,0,0,0,1,2,134.198369565217,24.049594320046,0,316,.,1474.83,.,.,0,2,4,0,0.269228577706451
35,49.8,143.9,21.662,0.46,21,25,61,4.3,0.2,0,0,0,1,2,134.198369565217,24.049594320046,0,316,129,1487.33,20,24,1,1,4,1,.
35,49.8,143.9,21.662,0.46,21,25,61,4.3,0.2,0,0,0,1,2,134.198369565217,24.049594320046,0,316,129,1991.33,.,.,1,1,4,1,.
35,49.8,143.9,21.662,0.46,21,25,61,4.3,0.2,0,0,0,1,2,134.198369565217,24.049594320046,0,316,.,2002.83,.,.,0,2,4,0,0.472586665498261
43,90.1,156.8,37.1891,0.75,28,27,45,4.8,0.7,1,0,0,0,2,137.569351851852,36.6465144731362,1,317,129,0,12,24,1,1,4,1,.
43,90.1,156.8,37.1891,0.75,28,27,45,4.8,0.7,1,0,0,0,2,137.569351851852,36.6465144731362,1,317,129,312,.,.,1,1,4,1,.
43,90.1,156.8,37.1891,0.75,28,27,45,4.8,0.7,1,0,0,0,2,137.569351851852,36.6465144731362,1,317,.,327,.,.,0,2,4,0,0.127762242615041
43,90.1,156.8,37.1891,0.75,28,27,45,4.8,0.7,1,0,0,0,2,137.569351851852,36.6465144731362,1,317,129,336,47,24,1,1,4,1,.
43,90.1,156.8,37.1891,0.75,28,27,45,4.8,0.7,1,0,0,0,2,137.569351851852,36.6465144731362,1,317,129,1488,.,.,1,1,4,1,.
43,90.1,156.8,37.1891,0.75,28,27,45,4.8,0.7,1,0,0,0,2,137.569351851852,36.6465144731362,1,317,.,1502,.,.,0,2,4,0,0.219698842371667
43,90.1,156.8,37.1891,0.75,28,27,45,4.8,0.7,1,0,0,0,2,137.569351851852,36.6465144731362,1,317,129,1512,19,24,1,1,4,1,.
43,90.1,156.8,37.1891,0.75,28,27,45,4.8,0.7,1,0,0,0,2,137.569351851852,36.6465144731362,1,317,129,1992.5,.,.,1,1,4,1,.
43,90.1,156.8,37.1891,0.75,28,27,45,4.8,0.7,1,0,0,0,2,137.569351851852,36.6465144731362,1,317,.,2008,.,.,0,2,4,0,0.105306583592349
37,100.3,174.6,44.7557,0.66,18,20,93,4.4,0.4,0,1,0,0,2,184.79093013468,32.9012542496087,1,318,129,0,11,24,1,1,4,1,.
37,100.3,174.6,44.7557,0.66,18,20,93,4.4,0.4,0,1,0,0,2,184.79093013468,32.9012542496087,1,318,129,288.5,.,.,1,1,4,1,.
37,100.3,174.6,44.7557,0.66,18,20,93,4.4,0.4,0,1,0,0,2,184.79093013468,32.9012542496087,1,318,.,302.5,.,.,0,2,4,0,0.25143587754087
37,100.3,174.6,44.7557,0.66,18,20,93,4.4,0.4,0,1,0,0,2,184.79093013468,32.9012542496087,1,318,129,312.5,46,24,1,1,4,1,.
37,100.3,174.6,44.7557,0.66,18,20,93,4.4,0.4,0,1,0,0,2,184.79093013468,32.9012542496087,1,318,129,1464,.,.,1,1,4,1,.
37,100.3,174.6,44.7557,0.66,18,20,93,4.4,0.4,0,1,0,0,2,184.79093013468,32.9012542496087,1,318,.,1478.5,.,.,0,2,4,0,0.498154633858411
37,100.3,174.6,44.7557,0.66,18,20,93,4.4,0.4,0,1,0,0,2,184.79093013468,32.9012542496087,1,318,129,1488,19,24,1,1,4,1,.
37,100.3,174.6,44.7557,0.66,18,20,93,4.4,0.4,0,1,0,0,2,184.79093013468,32.9012542496087,1,318,129,1968,.,.,1,1,4,1,.
37,100.3,174.6,44.7557,0.66,18,20,93,4.4,0.4,0,1,0,0,2,184.79093013468,32.9012542496087,1,318,.,1983,.,.,0,2,4,0,0.383940420023715
43,82.8,175.9,23.2891,0.88,17,21,61,4.3,0.6,1,0,0,0,1,126.761363636364,26.7607732312115,0,319,129,0,12,24,1,1,4,1,.
43,82.8,175.9,23.2891,0.88,17,21,61,4.3,0.6,1,0,0,0,1,126.761363636364,26.7607732312115,0,319,129,312,.,.,1,1,4,1,.
43,82.8,175.9,23.2891,0.88,17,21,61,4.3,0.6,1,0,0,0,1,126.761363636364,26.7607732312115,0,319,.,326.5,.,.,0,2,4,0,0.347879309047232
43,82.8,175.9,23.2891,0.88,17,21,61,4.3,0.6,1,0,0,0,1,126.761363636364,26.7607732312115,0,319,129,336,46,24,1,1,4,1,.
43,82.8,175.9,23.2891,0.88,17,21,61,4.3,0.6,1,0,0,0,1,126.761363636364,26.7607732312115,0,319,129,1487,.,.,1,1,4,1,.
43,82.8,175.9,23.2891,0.88,17,21,61,4.3,0.6,1,0,0,0,1,126.761363636364,26.7607732312115,0,319,.,1501.5,.,.,0,2,4,0,0.225448885882671
43,82.8,175.9,23.2891,0.88,17,21,61,4.3,0.6,1,0,0,0,1,126.761363636364,26.7607732312115,0,319,129,1511,19,24,1,1,4,1,.
43,82.8,175.9,23.2891,0.88,17,21,61,4.3,0.6,1,0,0,0,1,126.761363636364,26.7607732312115,0,319,129,1991,.,.,1,1,4,1,.
43,82.8,175.9,23.2891,0.88,17,21,61,4.3,0.6,1,0,0,0,1,126.761363636364,26.7607732312115,0,319,.,2005.5,.,.,0,2,4,0,0.389793558171043
47,93,173.4,33.7903,1.11,18,17,59,4.3,0.5,0,1,0,0,2,91.9876126126126,30.9303448633677,1,320,129,0,13,24,1,1,4,1,.
47,93,173.4,33.7903,1.11,18,17,59,4.3,0.5,0,1,0,0,2,91.9876126126126,30.9303448633677,1,320,129,336,.,.,1,1,4,1,.
47,93,173.4,33.7903,1.11,18,17,59,4.3,0.5,0,1,0,0,2,91.9876126126126,30.9303448633677,1,320,.,348,.,.,0,2,4,0,0.357963382039543
47,93,173.4,33.7903,1.11,18,17,59,4.3,0.5,0,1,0,0,2,91.9876126126126,30.9303448633677,1,320,129,360,21,24,1,1,4,1,.
47,93,173.4,33.7903,1.11,18,17,59,4.3,0.5,0,1,0,0,2,91.9876126126126,30.9303448633677,1,320,129,889,.,.,1,1,4,1,.
47,93,173.4,33.7903,1.11,18,17,59,4.3,0.5,0,1,0,0,2,91.9876126126126,30.9303448633677,1,320,129,1102,6,24,1,1,4,1,.
33,133.7,167.1,43.3574,0.96,36,33,70,4.5,0.3,1,0,0,0,1,206.97193287037,47.8826863440512,1,321,129,0,13,24,1,1,4,1,.
33,133.7,167.1,43.3574,0.96,36,33,70,4.5,0.3,1,0,0,0,1,206.97193287037,47.8826863440512,1,321,129,336.5,.,.,1,1,4,1,.
33,133.7,167.1,43.3574,0.96,36,33,70,4.5,0.3,1,0,0,0,1,206.97193287037,47.8826863440512,1,321,.,348,.,.,0,2,4,0,0.121998305172666
33,133.7,167.1,43.3574,0.96,36,33,70,4.5,0.3,1,0,0,0,1,206.97193287037,47.8826863440512,1,321,129,360.5,45,24,1,1,4,1,.
33,133.7,167.1,43.3574,0.96,36,33,70,4.5,0.3,1,0,0,0,1,206.97193287037,47.8826863440512,1,321,129,1488,.,.,1,1,4,1,.
33,133.7,167.1,43.3574,0.96,36,33,70,4.5,0.3,1,0,0,0,1,206.97193287037,47.8826863440512,1,321,.,1500.5,.,.,0,2,4,0,0.187153563632196
33,133.7,167.1,43.3574,0.96,36,33,70,4.5,0.3,1,0,0,0,1,206.97193287037,47.8826863440512,1,321,129,1512,20,24,1,1,4,1,.
33,133.7,167.1,43.3574,0.96,36,33,70,4.5,0.3,1,0,0,0,1,206.97193287037,47.8826863440512,1,321,129,2016,.,.,1,1,4,1,.
33,133.7,167.1,43.3574,0.96,36,33,70,4.5,0.3,1,0,0,0,1,206.97193287037,47.8826863440512,1,321,.,2027.5,.,.,0,2,4,0,0.151293337992182
26,66.8,171.3,19.4233,0.89,25,22,55,4.7,0.9,0,1,0,0,1,118.838951310861,22.7646897850952,0,322,129,0,13,24,1,1,4,1,.
26,66.8,171.3,19.4233,0.89,25,22,55,4.7,0.9,0,1,0,0,1,118.838951310861,22.7646897850952,0,322,129,336,.,.,1,1,4,1,.
26,66.8,171.3,19.4233,0.89,25,22,55,4.7,0.9,0,1,0,0,1,118.838951310861,22.7646897850952,0,322,.,349,.,.,0,2,4,0,0.332307926582445
26,66.8,171.3,19.4233,0.89,25,22,55,4.7,0.9,0,1,0,0,1,118.838951310861,22.7646897850952,0,322,129,360,47,24,1,1,4,1,.
26,66.8,171.3,19.4233,0.89,25,22,55,4.7,0.9,0,1,0,0,1,118.838951310861,22.7646897850952,0,322,129,1512,.,.,1,1,4,1,.
26,66.8,171.3,19.4233,0.89,25,22,55,4.7,0.9,0,1,0,0,1,118.838951310861,22.7646897850952,0,322,.,1525,.,.,0,2,4,0,0.10331348624567
26,66.8,171.3,19.4233,0.89,25,22,55,4.7,0.9,0,1,0,0,1,118.838951310861,22.7646897850952,0,322,129,1536,18,24,1,1,4,1,.
26,66.8,171.3,19.4233,0.89,25,22,55,4.7,0.9,0,1,0,0,1,118.838951310861,22.7646897850952,0,322,129,1994.5,.,.,1,1,4,1,.
26,66.8,171.3,19.4233,0.89,25,22,55,4.7,0.9,0,1,0,0,1,118.838951310861,22.7646897850952,0,322,.,2004.5,.,.,0,2,4,0,0.219675947395087
39,72.6,171,26.4202,0.89,10,22,56,3.8,0.2,0,0,1,0,2,97.2645131086142,24.828152251975,0,323,129,0,10,24,1,1,4,1,.
39,72.6,171,26.4202,0.89,10,22,56,3.8,0.2,0,0,1,0,2,97.2645131086142,24.828152251975,0,323,129,287.5,.,.,1,1,4,1,.
39,72.6,171,26.4202,0.89,10,22,56,3.8,0.2,0,0,1,0,2,97.2645131086142,24.828152251975,0,323,.,300.5,.,.,0,2,4,0,0.207449393461051
39,72.6,171,26.4202,0.89,10,22,56,3.8,0.2,0,0,1,0,2,97.2645131086142,24.828152251975,0,323,129,311.5,.,.,1,1,4,1,.
39,72.6,171,26.4202,0.89,10,22,56,3.8,0.2,0,0,1,0,2,97.2645131086142,24.828152251975,0,323,129,355.5,46,24,1,1,4,1,.
39,72.6,171,26.4202,0.89,10,22,56,3.8,0.2,0,0,1,0,2,97.2645131086142,24.828152251975,0,323,129,1487.5,.,.,1,1,4,1,.
39,72.6,171,26.4202,0.89,10,22,56,3.8,0.2,0,0,1,0,2,97.2645131086142,24.828152251975,0,323,129,1511.5,18,24,1,1,4,1,.
39,72.6,171,26.4202,0.89,10,22,56,3.8,0.2,0,0,1,0,2,97.2645131086142,24.828152251975,0,323,129,1968,.,.,1,1,4,1,.
44,60.7,167,22.0631,0.72,12,21,59,4.7,0.6,0,0,0,1,2,95.5462962962963,21.76485352648,0,324,129,0,14,24,1,1,4,1,.
44,60.7,167,22.0631,0.72,12,21,59,4.7,0.6,0,0,0,1,2,95.5462962962963,21.76485352648,0,324,129,360,.,.,1,1,4,1,.
44,60.7,167,22.0631,0.72,12,21,59,4.7,0.6,0,0,0,1,2,95.5462962962963,21.76485352648,0,324,.,373,.,.,0,2,4,0,0.169668916749764
44,60.7,167,22.0631,0.72,12,21,59,4.7,0.6,0,0,0,1,2,95.5462962962963,21.76485352648,0,324,129,384,45,24,1,1,4,1,.
44,60.7,167,22.0631,0.72,12,21,59,4.7,0.6,0,0,0,1,2,95.5462962962963,21.76485352648,0,324,129,1488,.,.,1,1,4,1,.
44,60.7,167,22.0631,0.72,12,21,59,4.7,0.6,0,0,0,1,2,95.5462962962963,21.76485352648,0,324,.,1502,.,.,0,2,4,0,0.0943414048658452
44,60.7,167,22.0631,0.72,12,21,59,4.7,0.6,0,0,0,1,2,95.5462962962963,21.76485352648,0,324,129,1512,19,24,1,1,4,1,.
44,60.7,167,22.0631,0.72,12,21,59,4.7,0.6,0,0,0,1,2,95.5462962962963,21.76485352648,0,324,129,1993,.,.,1,1,4,1,.
44,60.7,167,22.0631,0.72,12,21,59,4.7,0.6,0,0,0,1,2,95.5462962962963,21.76485352648,0,324,.,2004,.,.,0,2,4,0,0.138220138357722
37,87.8,168.8,24.3054,0.79,18,18,75,4.5,0.5,0,1,0,0,1,158.990857946554,30.8141101951888,1,325,129,0,11,24,1,1,4,1,.
37,87.8,168.8,24.3054,0.79,18,18,75,4.5,0.5,0,1,0,0,1,158.990857946554,30.8141101951888,1,325,129,288,.,.,1,1,4,1,.
37,87.8,168.8,24.3054,0.79,18,18,75,4.5,0.5,0,1,0,0,1,158.990857946554,30.8141101951888,1,325,.,301,.,.,0,2,4,0,0.242909335629959
37,87.8,168.8,24.3054,0.79,18,18,75,4.5,0.5,0,1,0,0,1,158.990857946554,30.8141101951888,1,325,129,312,48,24,1,1,4,1,.
37,87.8,168.8,24.3054,0.79,18,18,75,4.5,0.5,0,1,0,0,1,158.990857946554,30.8141101951888,1,325,129,1488,.,.,1,1,4,1,.
37,87.8,168.8,24.3054,0.79,18,18,75,4.5,0.5,0,1,0,0,1,158.990857946554,30.8141101951888,1,325,.,1503,.,.,0,2,4,0,0.233531316537798
37,87.8,168.8,24.3054,0.79,18,18,75,4.5,0.5,0,1,0,0,1,158.990857946554,30.8141101951888,1,325,129,1512,20,24,1,1,4,1,.
37,87.8,168.8,24.3054,0.79,18,18,75,4.5,0.5,0,1,0,0,1,158.990857946554,30.8141101951888,1,325,129,2016,.,.,1,1,4,1,.
37,87.8,168.8,24.3054,0.79,18,18,75,4.5,0.5,0,1,0,0,1,158.990857946554,30.8141101951888,1,325,.,2030,.,.,0,2,4,0,0.247088694877241
43,58.5,154.5,21.8304,0.53,12,17,47,4.3,0.4,1,0,0,0,2,126.397405660377,24.5074936374776,0,326,129,0,11,24,1,1,4,1,.
43,58.5,154.5,21.8304,0.53,12,17,47,4.3,0.4,1,0,0,0,2,126.397405660377,24.5074936374776,0,326,129,289,.,.,1,1,4,1,.
43,58.5,154.5,21.8304,0.53,12,17,47,4.3,0.4,1,0,0,0,2,126.397405660377,24.5074936374776,0,326,.,303,.,.,0,2,4,0,0.298274912040567
43,58.5,154.5,21.8304,0.53,12,17,47,4.3,0.4,1,0,0,0,2,126.397405660377,24.5074936374776,0,326,129,313,50,24,1,1,4,1,.
43,58.5,154.5,21.8304,0.53,12,17,47,4.3,0.4,1,0,0,0,2,126.397405660377,24.5074936374776,0,326,129,1559.5,.,.,1,1,4,1,.
43,58.5,154.5,21.8304,0.53,12,17,47,4.3,0.4,1,0,0,0,2,126.397405660377,24.5074936374776,0,326,129,1583.5,17,24,1,1,4,1,.
43,58.5,154.5,21.8304,0.53,12,17,47,4.3,0.4,1,0,0,0,2,126.397405660377,24.5074936374776,0,326,129,2039,.,.,1,1,4,1,.
54,59.5,161.7,13.1574,0.75,28,28,63,4.1,0.4,0,0,0,1,1,94.7592592592592,22.7560524406536,0,327,129,0,12,24,1,1,4,1,.
54,59.5,161.7,13.1574,0.75,28,28,63,4.1,0.4,0,0,0,1,1,94.7592592592592,22.7560524406536,0,327,129,314.17,.,.,1,1,4,1,.
54,59.5,161.7,13.1574,0.75,28,28,63,4.1,0.4,0,0,0,1,1,94.7592592592592,22.7560524406536,0,327,.,325.67,.,.,0,2,4,0,0.486412981583103
54,59.5,161.7,13.1574,0.75,28,28,63,4.1,0.4,0,0,0,1,1,94.7592592592592,22.7560524406536,0,327,129,338.17,46,24,1,1,4,1,.
54,59.5,161.7,13.1574,0.75,28,28,63,4.1,0.4,0,0,0,1,1,94.7592592592592,22.7560524406536,0,327,129,1488.67,.,.,1,1,4,1,.
54,59.5,161.7,13.1574,0.75,28,28,63,4.1,0.4,0,0,0,1,1,94.7592592592592,22.7560524406536,0,327,.,1501.33,.,.,0,2,4,0,0.253012463465582
54,59.5,161.7,13.1574,0.75,28,28,63,4.1,0.4,0,0,0,1,1,94.7592592592592,22.7560524406536,0,327,129,1512.67,19,24,1,1,4,1,.
54,59.5,161.7,13.1574,0.75,28,28,63,4.1,0.4,0,0,0,1,1,94.7592592592592,22.7560524406536,0,327,129,1992.67,.,.,1,1,4,1,.
54,59.5,161.7,13.1574,0.75,28,28,63,4.1,0.4,0,0,0,1,1,94.7592592592592,22.7560524406536,0,327,.,2004.92,.,.,0,2,4,0,0.0471080280910375
25,57,173.1,10.6395,0.83,15,24,61,4.8,0.4,0,1,0,0,1,109.68875502008,19.0230749899628,0,328,129,0,11,24,1,1,4,1,.
25,57,173.1,10.6395,0.83,15,24,61,4.8,0.4,0,1,0,0,1,109.68875502008,19.0230749899628,0,328,129,288.5,.,.,1,1,4,1,.
25,57,173.1,10.6395,0.83,15,24,61,4.8,0.4,0,1,0,0,1,109.68875502008,19.0230749899628,0,328,.,301.17,.,.,0,2,4,0,0.232620348366798
25,57,173.1,10.6395,0.83,15,24,61,4.8,0.4,0,1,0,0,1,109.68875502008,19.0230749899628,0,328,129,312.5,.,.,1,1,4,1,.
25,57,173.1,10.6395,0.83,15,24,61,4.8,0.4,0,1,0,0,1,109.68875502008,19.0230749899628,0,328,129,692.5,31,24,1,1,4,1,.
25,57,173.1,10.6395,0.83,15,24,61,4.8,0.4,0,1,0,0,1,109.68875502008,19.0230749899628,0,328,129,1465,.,.,1,1,4,1,.
25,57,173.1,10.6395,0.83,15,24,61,4.8,0.4,0,1,0,0,1,109.68875502008,19.0230749899628,0,328,.,1478.75,.,.,0,2,4,0,0.149291818534909
25,57,173.1,10.6395,0.83,15,24,61,4.8,0.4,0,1,0,0,1,109.68875502008,19.0230749899628,0,328,129,1489,19,24,1,1,4,1,.
25,57,173.1,10.6395,0.83,15,24,61,4.8,0.4,0,1,0,0,1,109.68875502008,19.0230749899628,0,328,129,1970,.,.,1,1,4,1,.
25,57,173.1,10.6395,0.83,15,24,61,4.8,0.4,0,1,0,0,1,109.68875502008,19.0230749899628,0,328,.,1982.08,.,.,0,2,4,0,0.410005739960069
38,73.7,167.7,21.2098,0.63,23,23,78,4.7,0.5,1,0,0,0,1,165.727513227513,26.206037771541,0,329,129,0,11,24,1,1,4,1,.
38,73.7,167.7,21.2098,0.63,23,23,78,4.7,0.5,1,0,0,0,1,165.727513227513,26.206037771541,0,329,129,291,.,.,1,1,4,1,.
38,73.7,167.7,21.2098,0.63,23,23,78,4.7,0.5,1,0,0,0,1,165.727513227513,26.206037771541,0,329,.,300,.,.,0,2,4,0,0.262186573276356
38,73.7,167.7,21.2098,0.63,23,23,78,4.7,0.5,1,0,0,0,1,165.727513227513,26.206037771541,0,329,129,1463.75,.,.,1,1,4,1,.
38,73.7,167.7,21.2098,0.63,23,23,78,4.7,0.5,1,0,0,0,1,165.727513227513,26.206037771541,0,329,.,1475.25,.,.,0,2,4,0,0.126171290438353
38,73.7,167.7,21.2098,0.63,23,23,78,4.7,0.5,1,0,0,0,1,165.727513227513,26.206037771541,0,329,129,1487.75,19,24,1,1,4,1,.
38,73.7,167.7,21.2098,0.63,23,23,78,4.7,0.5,1,0,0,0,1,165.727513227513,26.206037771541,0,329,129,1968.5,.,.,1,1,4,1,.
38,73.7,167.7,21.2098,0.63,23,23,78,4.7,0.5,1,0,0,0,1,165.727513227513,26.206037771541,0,329,.,1979.75,.,.,0,2,4,0,0.295705729835428
40,62.3,151.1,24.3667,0.66,19,20,66,4.3,0.5,1,0,0,0,2,111.43728956229,27.2872090441111,0,330,129,0,14,24,1,1,4,1,.
40,62.3,151.1,24.3667,0.66,19,20,66,4.3,0.5,1,0,0,0,2,111.43728956229,27.2872090441111,0,330,129,361,.,.,1,1,4,1,.
40,62.3,151.1,24.3667,0.66,19,20,66,4.3,0.5,1,0,0,0,2,111.43728956229,27.2872090441111,0,330,.,371.5,.,.,0,2,4,0,0.233237780068675
40,62.3,151.1,24.3667,0.66,19,20,66,4.3,0.5,1,0,0,0,2,111.43728956229,27.2872090441111,0,330,129,385,48,24,1,1,4,1,.
40,62.3,151.1,24.3667,0.66,19,20,66,4.3,0.5,1,0,0,0,2,111.43728956229,27.2872090441111,0,330,129,1561,.,.,1,1,4,1,.
40,62.3,151.1,24.3667,0.66,19,20,66,4.3,0.5,1,0,0,0,2,111.43728956229,27.2872090441111,0,330,.,1572.25,.,.,0,2,4,0,0.128085214763758
40,62.3,151.1,24.3667,0.66,19,20,66,4.3,0.5,1,0,0,0,2,111.43728956229,27.2872090441111,0,330,129,1585,22,24,1,1,4,1,.
40,62.3,151.1,24.3667,0.66,19,20,66,4.3,0.5,1,0,0,0,2,111.43728956229,27.2872090441111,0,330,129,2137,.,.,1,1,4,1,.
40,62.3,151.1,24.3667,0.66,19,20,66,4.3,0.5,1,0,0,0,2,111.43728956229,27.2872090441111,0,330,.,2146.58,.,.,0,2,4,0,0.180904832155924
44,72.1,163.1,17.1662,0.82,32,27,65,4.7,0.6,1,0,0,0,1,117.235772357724,27.1036226754696,0,331,129,0,13,24,1,1,4,1,.
44,72.1,163.1,17.1662,0.82,32,27,65,4.7,0.6,1,0,0,0,1,117.235772357724,27.1036226754696,0,331,129,336,.,.,1,1,4,1,.
44,72.1,163.1,17.1662,0.82,32,27,65,4.7,0.6,1,0,0,0,1,117.235772357724,27.1036226754696,0,331,.,348.75,.,.,0,2,4,0,0.178211496911778
44,72.1,163.1,17.1662,0.82,32,27,65,4.7,0.6,1,0,0,0,1,117.235772357724,27.1036226754696,0,331,129,360,13,24,1,1,4,1,.
44,72.1,163.1,17.1662,0.82,32,27,65,4.7,0.6,1,0,0,0,1,117.235772357724,27.1036226754696,0,331,129,719.83,.,.,1,1,4,1,.
44,72.1,163.1,17.1662,0.82,32,27,65,4.7,0.6,1,0,0,0,1,117.235772357724,27.1036226754696,0,331,.,733,.,.,0,2,4,0,0.165408385603625
22,58.7,162.6,19.8762,0.59,18,26,53,4.2,0.7,0,0,0,1,2,138.597222222222,22.2022515428106,0,332,129,0,12,24,1,1,4,1,.
22,58.7,162.6,19.8762,0.59,18,26,53,4.2,0.7,0,0,0,1,2,138.597222222222,22.2022515428106,0,332,129,315.5,.,.,1,1,4,1,.
22,58.7,162.6,19.8762,0.59,18,26,53,4.2,0.7,0,0,0,1,2,138.597222222222,22.2022515428106,0,332,.,326.75,.,.,0,2,4,0,0.319111502797326
22,58.7,162.6,19.8762,0.59,18,26,53,4.2,0.7,0,0,0,1,2,138.597222222222,22.2022515428106,0,332,129,339.5,46,24,1,1,4,1,.
22,58.7,162.6,19.8762,0.59,18,26,53,4.2,0.7,0,0,0,1,2,138.597222222222,22.2022515428106,0,332,129,1491,.,.,1,1,4,1,.
22,58.7,162.6,19.8762,0.59,18,26,53,4.2,0.7,0,0,0,1,2,138.597222222222,22.2022515428106,0,332,.,1502.67,.,.,0,2,4,0,0.0523304396941395
22,58.7,162.6,19.8762,0.59,18,26,53,4.2,0.7,0,0,0,1,2,138.597222222222,22.2022515428106,0,332,129,1515,19,24,1,1,4,1,.
22,58.7,162.6,19.8762,0.59,18,26,53,4.2,0.7,0,0,0,1,2,138.597222222222,22.2022515428106,0,332,129,1995.5,.,.,1,1,4,1,.
22,58.7,162.6,19.8762,0.59,18,26,53,4.2,0.7,0,0,0,1,2,138.597222222222,22.2022515428106,0,332,.,2007.33,.,.,0,2,4,0,0.22296359370624
38,89.5,169.1,22.4748,0.79,32,21,51,4.3,0.7,0,1,0,0,1,160.495780590717,31.2993861473463,1,333,129,0,12,24,1,1,4,1,.
38,89.5,169.1,22.4748,0.79,32,21,51,4.3,0.7,0,1,0,0,1,160.495780590717,31.2993861473463,1,333,129,312,.,.,1,1,4,1,.
38,89.5,169.1,22.4748,0.79,32,21,51,4.3,0.7,0,1,0,0,1,160.495780590717,31.2993861473463,1,333,.,323.25,.,.,0,2,4,0,0.262526284470624
38,89.5,169.1,22.4748,0.79,32,21,51,4.3,0.7,0,1,0,0,1,160.495780590717,31.2993861473463,1,333,129,336,.,.,1,1,4,1,.
38,89.5,169.1,22.4748,0.79,32,21,51,4.3,0.7,0,1,0,0,1,160.495780590717,31.2993861473463,1,333,258,356,.,.,1,1,4,1,.
38,89.5,169.1,22.4748,0.79,32,21,51,4.3,0.7,0,1,0,0,1,160.495780590717,31.2993861473463,1,333,129,380,.,.,1,1,4,1,.
38,89.5,169.1,22.4748,0.79,32,21,51,4.3,0.7,0,1,0,0,1,160.495780590717,31.2993861473463,1,333,258,692,.,.,1,1,4,1,.
38,89.5,169.1,22.4748,0.79,32,21,51,4.3,0.7,0,1,0,0,1,160.495780590717,31.2993861473463,1,333,129,716,30,24,1,1,4,1,.
38,89.5,169.1,22.4748,0.79,32,21,51,4.3,0.7,0,1,0,0,1,160.495780590717,31.2993861473463,1,333,129,1466,.,.,1,1,4,1,.
38,89.5,169.1,22.4748,0.79,32,21,51,4.3,0.7,0,1,0,0,1,160.495780590717,31.2993861473463,1,333,.,1498.92,.,.,0,2,4,0,0.41676152389192
21,53.8,157.8,17.444,0.48,12,17,45,3.8,0.1,1,0,0,0,2,157.461516203704,21.60569683593,0,334,129,0,12,24,1,1,4,1,.
21,53.8,157.8,17.444,0.48,12,17,45,3.8,0.1,1,0,0,0,2,157.461516203704,21.60569683593,0,334,129,312.33,.,.,1,1,4,1,.
21,53.8,157.8,17.444,0.48,12,17,45,3.8,0.1,1,0,0,0,2,157.461516203704,21.60569683593,0,334,.,326.42,.,.,0,2,4,0,0.139857341618549
21,53.8,157.8,17.444,0.48,12,17,45,3.8,0.1,1,0,0,0,2,157.461516203704,21.60569683593,0,334,129,336.33,68,24,1,1,4,1,.
21,53.8,157.8,17.444,0.48,12,17,45,3.8,0.1,1,0,0,0,2,157.461516203704,21.60569683593,0,334,129,1993.33,.,.,1,1,4,1,.
21,53.8,157.8,17.444,0.48,12,17,45,3.8,0.1,1,0,0,0,2,157.461516203704,21.60569683593,0,334,.,2005.83,.,.,0,2,4,0,0.447547496702508
40,103.2,168.2,45.5935,0.7,13,16,61,3.9,0.4,0,0,1,0,2,174.047619047619,36.4777224328096,1,335,129,0,12,24,1,1,4,1,.
40,103.2,168.2,45.5935,0.7,13,16,61,3.9,0.4,0,0,1,0,2,174.047619047619,36.4777224328096,1,335,129,312,.,.,1,1,4,1,.
40,103.2,168.2,45.5935,0.7,13,16,61,3.9,0.4,0,0,1,0,2,174.047619047619,36.4777224328096,1,335,.,322.83,.,.,0,2,4,0,0.107087858295399
40,103.2,168.2,45.5935,0.7,13,16,61,3.9,0.4,0,0,1,0,2,174.047619047619,36.4777224328096,1,335,129,336,.,.,1,1,4,1,.
40,103.2,168.2,45.5935,0.7,13,16,61,3.9,0.4,0,0,1,0,2,174.047619047619,36.4777224328096,1,335,129,403,.,.,1,1,4,1,.
40,103.2,168.2,45.5935,0.7,13,16,61,3.9,0.4,0,0,1,0,2,174.047619047619,36.4777224328096,1,335,129,739,.,.,1,1,4,1,.
40,103.2,168.2,45.5935,0.7,13,16,61,3.9,0.4,0,0,1,0,2,174.047619047619,36.4777224328096,1,335,129,1099,15,24,1,1,4,1,.
40,103.2,168.2,45.5935,0.7,13,16,61,3.9,0.4,0,0,1,0,2,174.047619047619,36.4777224328096,1,335,129,1489,.,.,1,1,4,1,.
40,103.2,168.2,45.5935,0.7,13,16,61,3.9,0.4,0,0,1,0,2,174.047619047619,36.4777224328096,1,335,129,1513,.,.,1,1,4,1,.
40,103.2,168.2,45.5935,0.7,13,16,61,3.9,0.4,0,0,1,0,2,174.047619047619,36.4777224328096,1,335,.,1521,.,.,0,2,4,0,0.247406397509542
40,103.2,168.2,45.5935,0.7,13,16,61,3.9,0.4,0,0,1,0,2,174.047619047619,36.4777224328096,1,335,129,1627,13,24,1,1,4,1,.
40,103.2,168.2,45.5935,0.7,13,16,61,3.9,0.4,0,0,1,0,2,174.047619047619,36.4777224328096,1,335,129,1969,.,.,1,1,4,1,.
55,119,173,46.0341,0.87,22,19,61,4.2,0.9,1,0,0,0,1,161.478288633461,39.7607671489191,1,336,129,0,11,24,1,1,4,1,.
55,119,173,46.0341,0.87,22,19,61,4.2,0.9,1,0,0,0,1,161.478288633461,39.7607671489191,1,336,129,311.5,.,.,1,1,4,1,.
55,119,173,46.0341,0.87,22,19,61,4.2,0.9,1,0,0,0,1,161.478288633461,39.7607671489191,1,336,.,323.93,.,.,0,2,4,0,0.0248919907633077
55,119,173,46.0341,0.87,22,19,61,4.2,0.9,1,0,0,0,1,161.478288633461,39.7607671489191,1,336,129,335.5,47,24,1,1,4,1,.
55,119,173,46.0341,0.87,22,19,61,4.2,0.9,1,0,0,0,1,161.478288633461,39.7607671489191,1,336,129,1487.67,.,.,1,1,4,1,.
55,119,173,46.0341,0.87,22,19,61,4.2,0.9,1,0,0,0,1,161.478288633461,39.7607671489191,1,336,.,1499.05,.,.,0,2,4,0,0.0499566544416969
55,119,173,46.0341,0.87,22,19,61,4.2,0.9,1,0,0,0,1,161.478288633461,39.7607671489191,1,336,129,1511.67,19,24,1,1,4,1,.
55,119,173,46.0341,0.87,22,19,61,4.2,0.9,1,0,0,0,1,161.478288633461,39.7607671489191,1,336,129,1991.67,.,.,1,1,4,1,.
55,119,173,46.0341,0.87,22,19,61,4.2,0.9,1,0,0,0,1,161.478288633461,39.7607671489191,1,336,.,2003.63,.,.,0,2,4,0,0.262112183972092
38,90.8,173.8,27.0181,0.87,24,21,51,4.1,0.3,0,0,0,0,1,147.854406130268,30.0598150593052,1,337,129,0,12,24,1,1,4,1,.
38,90.8,173.8,27.0181,0.87,24,21,51,4.1,0.3,0,0,0,0,1,147.854406130268,30.0598150593052,1,337,129,313,.,.,1,1,4,1,.
38,90.8,173.8,27.0181,0.87,24,21,51,4.1,0.3,0,0,0,0,1,147.854406130268,30.0598150593052,1,337,.,324.95,.,.,0,2,4,0,0.458930867272782
38,90.8,173.8,27.0181,0.87,24,21,51,4.1,0.3,0,0,0,0,1,147.854406130268,30.0598150593052,1,337,129,337,46,24,1,1,4,1,.
38,90.8,173.8,27.0181,0.87,24,21,51,4.1,0.3,0,0,0,0,1,147.854406130268,30.0598150593052,1,337,129,1488,.,.,1,1,4,1,.
38,90.8,173.8,27.0181,0.87,24,21,51,4.1,0.3,0,0,0,0,1,147.854406130268,30.0598150593052,1,337,.,1500.68,.,.,0,2,4,0,0.308038612209358
38,90.8,173.8,27.0181,0.87,24,21,51,4.1,0.3,0,0,0,0,1,147.854406130268,30.0598150593052,1,337,129,1512,.,.,1,1,4,1,.
38,90.8,173.8,27.0181,0.87,24,21,51,4.1,0.3,0,0,0,0,1,147.854406130268,30.0598150593052,1,337,129,1581,16,24,1,1,4,1,.
38,90.8,173.8,27.0181,0.87,24,21,51,4.1,0.3,0,0,0,0,1,147.854406130268,30.0598150593052,1,337,129,1993,.,.,1,1,4,1,.
38,90.8,173.8,27.0181,0.87,24,21,51,4.1,0.3,0,0,0,0,1,147.854406130268,30.0598150593052,1,337,.,2004.23,.,.,0,2,4,0,0.200937367071683
50,82.2,171.2,19.7165,1.06,33,29,68,4.3,0.5,1,0,0,0,1,96.9339622641509,28.0455716656477,0,338,129,0,11,24,1,1,4,1,.
50,82.2,171.2,19.7165,1.06,33,29,68,4.3,0.5,1,0,0,0,1,96.9339622641509,28.0455716656477,0,338,129,291.25,.,.,1,1,4,1,.
50,82.2,171.2,19.7165,1.06,33,29,68,4.3,0.5,1,0,0,0,1,96.9339622641509,28.0455716656477,0,338,.,304.73,.,.,0,2,4,0,0.278083061341067
50,82.2,171.2,19.7165,1.06,33,29,68,4.3,0.5,1,0,0,0,1,96.9339622641509,28.0455716656477,0,338,129,315.25,.,.,1,1,4,1,.
50,82.2,171.2,19.7165,1.06,33,29,68,4.3,0.5,1,0,0,0,1,96.9339622641509,28.0455716656477,0,338,129,384,.,.,1,1,4,1,.
50,82.2,171.2,19.7165,1.06,33,29,68,4.3,0.5,1,0,0,0,1,96.9339622641509,28.0455716656477,0,338,129,744,.,.,1,1,4,1,.
50,82.2,171.2,19.7165,1.06,33,29,68,4.3,0.5,1,0,0,0,1,96.9339622641509,28.0455716656477,0,338,129,1104,15,24,1,1,4,1,.
50,82.2,171.2,19.7165,1.06,33,29,68,4.3,0.5,1,0,0,0,1,96.9339622641509,28.0455716656477,0,338,129,1491,.,.,1,1,4,1,.
50,82.2,171.2,19.7165,1.06,33,29,68,4.3,0.5,1,0,0,0,1,96.9339622641509,28.0455716656477,0,338,129,1515,.,.,1,1,4,1,.
50,82.2,171.2,19.7165,1.06,33,29,68,4.3,0.5,1,0,0,0,1,96.9339622641509,28.0455716656477,0,338,129,1560,16,24,1,1,4,1,.
50,82.2,171.2,19.7165,1.06,33,29,68,4.3,0.5,1,0,0,0,1,96.9339622641509,28.0455716656477,0,338,129,1972.33,.,.,1,1,4,1,.
50,82.2,171.2,19.7165,1.06,33,29,68,4.3,0.5,1,0,0,0,1,96.9339622641509,28.0455716656477,0,338,.,1984.07,.,.,0,2,4,0,0.451028994153685
41,105.9,179.8,25.9516,0.94,37,31,70,4.2,0.4,1,0,0,0,1,154.906914893617,32.7579401658746,1,339,129,0,11,24,1,1,4,1,.
41,105.9,179.8,25.9516,0.94,37,31,70,4.2,0.4,1,0,0,0,1,154.906914893617,32.7579401658746,1,339,129,288,.,.,1,1,4,1,.
41,105.9,179.8,25.9516,0.94,37,31,70,4.2,0.4,1,0,0,0,1,154.906914893617,32.7579401658746,1,339,129,312,46,24,1,1,4,1,.
41,105.9,179.8,25.9516,0.94,37,31,70,4.2,0.4,1,0,0,0,1,154.906914893617,32.7579401658746,1,339,129,1463.5,.,.,1,1,4,1,.
41,105.9,179.8,25.9516,0.94,37,31,70,4.2,0.4,1,0,0,0,1,154.906914893617,32.7579401658746,1,339,129,1487.5,20,24,1,1,4,1,.
41,105.9,179.8,25.9516,0.94,37,31,70,4.2,0.4,1,0,0,0,1,154.906914893617,32.7579401658746,1,339,129,1991.5,.,.,1,1,4,1,.
41,105.9,179.8,25.9516,0.94,37,31,70,4.2,0.4,1,0,0,0,1,154.906914893617,32.7579401658746,1,339,.,2004.95,.,.,0,2,4,0,0.389217488714896
27,59.7,155.6,19.6249,0.81,17,29,36,4.2,0.9,0,1,0,0,2,98.3227880658436,24.6578465645879,0,340,129,0,12,24,1,1,4,1,.
27,59.7,155.6,19.6249,0.81,17,29,36,4.2,0.9,0,1,0,0,2,98.3227880658436,24.6578465645879,0,340,129,312,.,.,1,1,4,1,.
27,59.7,155.6,19.6249,0.81,17,29,36,4.2,0.9,0,1,0,0,2,98.3227880658436,24.6578465645879,0,340,.,327.2,.,.,0,2,4,0,0.302497634465318
27,59.7,155.6,19.6249,0.81,17,29,36,4.2,0.9,0,1,0,0,2,98.3227880658436,24.6578465645879,0,340,129,336,46,24,1,1,4,1,.
27,59.7,155.6,19.6249,0.81,17,29,36,4.2,0.9,0,1,0,0,2,98.3227880658436,24.6578465645879,0,340,129,1487.58,.,.,1,1,4,1,.
27,59.7,155.6,19.6249,0.81,17,29,36,4.2,0.9,0,1,0,0,2,98.3227880658436,24.6578465645879,0,340,.,1503.28,.,.,0,2,4,0,0.297272960995628
27,59.7,155.6,19.6249,0.81,17,29,36,4.2,0.9,0,1,0,0,2,98.3227880658436,24.6578465645879,0,340,129,1511.58,22,24,1,1,4,1,.
27,59.7,155.6,19.6249,0.81,17,29,36,4.2,0.9,0,1,0,0,2,98.3227880658436,24.6578465645879,0,340,129,2063.92,.,.,1,1,4,1,.
27,59.7,155.6,19.6249,0.81,17,29,36,4.2,0.9,0,1,0,0,2,98.3227880658436,24.6578465645879,0,340,.,2078.62,.,.,0,2,4,0,0.226381164703437
39,52.7,160.8,11.4088,0.71,21,33,52,5.3,0.9,0,1,0,0,2,88.5034233176839,20.3816118412911,0,341,129,0,12,24,1,1,4,1,.
39,52.7,160.8,11.4088,0.71,21,33,52,5.3,0.9,0,1,0,0,2,88.5034233176839,20.3816118412911,0,341,129,317.5,.,.,1,1,4,1,.
39,52.7,160.8,11.4088,0.71,21,33,52,5.3,0.9,0,1,0,0,2,88.5034233176839,20.3816118412911,0,341,.,327.27,.,.,0,2,4,0,0.39227299888785
40,61.2,164,20.2073,0.75,17,21,7,4,0.8,0,0,1,0,2,96.3333333333333,22.7543129089828,0,342,129,0,11,24,1,1,4,1,.
40,61.2,164,20.2073,0.75,17,21,7,4,0.8,0,0,1,0,2,96.3333333333333,22.7543129089828,0,342,129,311.67,.,.,1,1,4,1,.
40,61.2,164,20.2073,0.75,17,21,7,4,0.8,0,0,1,0,2,96.3333333333333,22.7543129089828,0,342,.,324.9,.,.,0,2,4,0,0.161772171079693
40,61.2,164,20.2073,0.75,17,21,7,4,0.8,0,0,1,0,2,96.3333333333333,22.7543129089828,0,342,129,335.67,.,.,1,1,4,1,.
40,61.2,164,20.2073,0.75,17,21,7,4,0.8,0,0,1,0,2,96.3333333333333,22.7543129089828,0,342,129,1220.17,22,24,1,1,4,1,.
40,61.2,164,20.2073,0.75,17,21,7,4,0.8,0,0,1,0,2,96.3333333333333,22.7543129089828,0,342,129,1776.67,.,.,1,1,4,1,.
40,61.2,164,20.2073,0.75,17,21,7,4,0.8,0,0,1,0,2,96.3333333333333,22.7543129089828,0,342,129,1920.67,.,.,1,1,4,1,.
40,61.2,164,20.2073,0.75,17,21,7,4,0.8,0,0,1,0,2,96.3333333333333,22.7543129089828,0,342,129,1967.92,.,.,1,1,4,1,.
40,61.2,164,20.2073,0.75,17,21,7,4,0.8,0,0,1,0,2,96.3333333333333,22.7543129089828,0,342,.,1979.93,.,.,0,2,4,0,0.198055243125666
35,67.7,157.8,26.8589,0.57,25,20,65,4.1,0.5,1,0,0,0,2,147.227704678363,27.1878378400086,0,343,129,0,11,24,1,1,4,1,.
35,67.7,157.8,26.8589,0.57,25,20,65,4.1,0.5,1,0,0,0,2,147.227704678363,27.1878378400086,0,343,129,311.5,.,.,1,1,4,1,.
35,67.7,157.8,26.8589,0.57,25,20,65,4.1,0.5,1,0,0,0,2,147.227704678363,27.1878378400086,0,343,.,323,.,.,0,2,4,0,0.533319339020602
35,67.7,157.8,26.8589,0.57,25,20,65,4.1,0.5,1,0,0,0,2,147.227704678363,27.1878378400086,0,343,129,335.5,.,.,1,1,4,1,.
35,67.7,157.8,26.8589,0.57,25,20,65,4.1,0.5,1,0,0,0,2,147.227704678363,27.1878378400086,0,343,129,427.5,42,24,1,1,4,1,.
35,67.7,157.8,26.8589,0.57,25,20,65,4.1,0.5,1,0,0,0,2,147.227704678363,27.1878378400086,0,343,129,1463.5,.,.,1,1,4,1,.
35,67.7,157.8,26.8589,0.57,25,20,65,4.1,0.5,1,0,0,0,2,147.227704678363,27.1878378400086,0,343,.,1475,.,.,0,2,4,0,0.647387048616538
35,67.7,157.8,26.8589,0.57,25,20,65,4.1,0.5,1,0,0,0,2,147.227704678363,27.1878378400086,0,343,129,1487.5,20,24,1,1,4,1,.
35,67.7,157.8,26.8589,0.57,25,20,65,4.1,0.5,1,0,0,0,2,147.227704678363,27.1878378400086,0,343,129,1992,.,.,1,1,4,1,.
35,67.7,157.8,26.8589,0.57,25,20,65,4.1,0.5,1,0,0,0,2,147.227704678363,27.1878378400086,0,343,.,2003.25,.,.,0,2,4,0,0.515071932920091
35,73.3,178.4,18.8587,1.31,14,16,117,4.1,0.7,0,0,1,0,1,81.5998727735369,23.0310784451728,0,344,129,0,12,24,1,1,4,1,.
35,73.3,178.4,18.8587,1.31,14,16,117,4.1,0.7,0,0,1,0,1,81.5998727735369,23.0310784451728,0,344,129,312.33,.,.,1,1,4,1,.
35,73.3,178.4,18.8587,1.31,14,16,117,4.1,0.7,0,0,1,0,1,81.5998727735369,23.0310784451728,0,344,.,323.33,.,.,0,2,4,0,0.210000129279856
35,73.3,178.4,18.8587,1.31,14,16,117,4.1,0.7,0,0,1,0,1,81.5998727735369,23.0310784451728,0,344,129,336.33,46,24,1,1,4,1,.
35,73.3,178.4,18.8587,1.31,14,16,117,4.1,0.7,0,0,1,0,1,81.5998727735369,23.0310784451728,0,344,129,1486.83,.,.,1,1,4,1,.
35,73.3,178.4,18.8587,1.31,14,16,117,4.1,0.7,0,0,1,0,1,81.5998727735369,23.0310784451728,0,344,.,1498.33,.,.,0,2,4,0,0.178480306466307
56,102.9,173.7,36.4542,1.29,17,18,89,4.5,0.8,0,1,0,0,1,93.062015503876,34.1048181258657,1,345,129,0,13,24,1,1,4,1,.
56,102.9,173.7,36.4542,1.29,17,18,89,4.5,0.8,0,1,0,0,1,93.062015503876,34.1048181258657,1,345,129,336.5,.,.,1,1,4,1,.
56,102.9,173.7,36.4542,1.29,17,18,89,4.5,0.8,0,1,0,0,1,93.062015503876,34.1048181258657,1,345,.,348,.,.,0,2,4,0,0.407922033562044
24,62.8,155.2,20.9963,0.66,16,23,67,3.9,0.7,1,0,0,0,2,130.304713804714,26.0721118078436,0,346,129,0,11,24,1,1,4,1,.
24,62.8,155.2,20.9963,0.66,16,23,67,3.9,0.7,1,0,0,0,2,130.304713804714,26.0721118078436,0,346,129,310.5,.,.,1,1,4,1,.
24,62.8,155.2,20.9963,0.66,16,23,67,3.9,0.7,1,0,0,0,2,130.304713804714,26.0721118078436,0,346,.,321.75,.,.,0,2,4,0,0.260940201183278
24,62.8,155.2,20.9963,0.66,16,23,67,3.9,0.7,1,0,0,0,2,130.304713804714,26.0721118078436,0,346,129,334.5,45,24,1,1,4,1,.
24,62.8,155.2,20.9963,0.66,16,23,67,3.9,0.7,1,0,0,0,2,130.304713804714,26.0721118078436,0,346,129,1439,.,.,1,1,4,1,.
24,62.8,155.2,20.9963,0.66,16,23,67,3.9,0.7,1,0,0,0,2,130.304713804714,26.0721118078436,0,346,.,1454.75,.,.,0,2,4,0,0.293375940865845
24,62.8,155.2,20.9963,0.66,16,23,67,3.9,0.7,1,0,0,0,2,130.304713804714,26.0721118078436,0,346,129,1463,18,24,1,1,4,1,.
24,62.8,155.2,20.9963,0.66,16,23,67,3.9,0.7,1,0,0,0,2,130.304713804714,26.0721118078436,0,346,129,1919.25,.,.,1,1,4,1,.
24,62.8,155.2,20.9963,0.66,16,23,67,3.9,0.7,1,0,0,0,2,130.304713804714,26.0721118078436,0,346,.,1930,.,.,0,2,4,0,0.337815905855885
31,74.8,170.1,23.0246,0.92,16,19,36,4.9,0.8,0,1,0,0,2,104.62288647343,25.8519299606242,0,347,129,0,10,24,1,1,4,1,.
31,74.8,170.1,23.0246,0.92,16,19,36,4.9,0.8,0,1,0,0,2,104.62288647343,25.8519299606242,0,347,129,287.5,.,.,1,1,4,1,.
31,74.8,170.1,23.0246,0.92,16,19,36,4.9,0.8,0,1,0,0,2,104.62288647343,25.8519299606242,0,347,.,296.25,.,.,0,2,4,0,0.337738371475148
31,74.8,170.1,23.0246,0.92,16,19,36,4.9,0.8,0,1,0,0,2,104.62288647343,25.8519299606242,0,347,129,311.5,46,24,1,1,4,1,.
31,74.8,170.1,23.0246,0.92,16,19,36,4.9,0.8,0,1,0,0,2,104.62288647343,25.8519299606242,0,347,129,1463.17,.,.,1,1,4,1,.
31,74.8,170.1,23.0246,0.92,16,19,36,4.9,0.8,0,1,0,0,2,104.62288647343,25.8519299606242,0,347,.,1472.5,.,.,0,2,4,0,0.51977973928882
31,74.8,170.1,23.0246,0.92,16,19,36,4.9,0.8,0,1,0,0,2,104.62288647343,25.8519299606242,0,347,129,1487.17,18,24,1,1,4,1,.
31,74.8,170.1,23.0246,0.92,16,19,36,4.9,0.8,0,1,0,0,2,104.62288647343,25.8519299606242,0,347,129,1966.5,.,.,1,1,4,1,.
31,74.8,170.1,23.0246,0.92,16,19,36,4.9,0.8,0,1,0,0,2,104.62288647343,25.8519299606242,0,347,.,1976.5,.,.,0,2,4,0,0.417290431683024
38,109.3,189.9,43.8956,0.95,26,22,75,4.7,0.9,0,1,0,0,1,162.991228070175,30.3089040239299,1,348,129,0,11,24,1,1,4,1,.
38,109.3,189.9,43.8956,0.95,26,22,75,4.7,0.9,0,1,0,0,1,162.991228070175,30.3089040239299,1,348,129,310.83,.,.,1,1,4,1,.
38,109.3,189.9,43.8956,0.95,26,22,75,4.7,0.9,0,1,0,0,1,162.991228070175,30.3089040239299,1,348,.,320.25,.,.,0,2,4,0,0.165209850505135
38,109.3,189.9,43.8956,0.95,26,22,75,4.7,0.9,0,1,0,0,1,162.991228070175,30.3089040239299,1,348,129,334.83,47,24,1,1,4,1,.
38,109.3,189.9,43.8956,0.95,26,22,75,4.7,0.9,0,1,0,0,1,162.991228070175,30.3089040239299,1,348,129,1487,.,.,1,1,4,1,.
38,109.3,189.9,43.8956,0.95,26,22,75,4.7,0.9,0,1,0,0,1,162.991228070175,30.3089040239299,1,348,.,1496.25,.,.,0,2,4,0,0.122958420801773
38,109.3,189.9,43.8956,0.95,26,22,75,4.7,0.9,0,1,0,0,1,162.991228070175,30.3089040239299,1,348,129,1511,23,24,1,1,4,1,.
38,109.3,189.9,43.8956,0.95,26,22,75,4.7,0.9,0,1,0,0,1,162.991228070175,30.3089040239299,1,348,129,2087.25,.,.,1,1,4,1,.
38,109.3,189.9,43.8956,0.95,26,22,75,4.7,0.9,0,1,0,0,1,162.991228070175,30.3089040239299,1,348,.,2096.5,.,.,0,2,4,0,0.145768135893937
18,61.2,163.8,18.6508,1,14,18,50,4.2,0.3,0,1,0,0,2,88.145,22.809912919803,0,349,129,0,15,24,1,1,4,1,.
18,61.2,163.8,18.6508,1,14,18,50,4.2,0.3,0,1,0,0,2,88.145,22.809912919803,0,349,129,407,.,.,1,1,4,1,.
18,61.2,163.8,18.6508,1,14,18,50,4.2,0.3,0,1,0,0,2,88.145,22.809912919803,0,349,.,420.33,.,.,0,2,4,0,0.598967594924589
18,61.2,163.8,18.6508,1,14,18,50,4.2,0.3,0,1,0,0,2,88.145,22.809912919803,0,349,129,431,40,24,1,1,4,1,.
18,61.2,163.8,18.6508,1,14,18,50,4.2,0.3,0,1,0,0,2,88.145,22.809912919803,0,349,129,1417,.,.,1,1,4,1,.
18,61.2,163.8,18.6508,1,14,18,50,4.2,0.3,0,1,0,0,2,88.145,22.809912919803,0,349,129,1441,20,24,1,1,4,1,.
18,61.2,163.8,18.6508,1,14,18,50,4.2,0.3,0,1,0,0,2,88.145,22.809912919803,0,349,129,1945,.,.,1,1,4,1,.
33,77.5,169.5,19.1483,0.76,31,25,87,4.7,0.5,1,0,0,0,1,151.544225146199,26.9750524273196,0,350,129,0,18,24,1,1,4,1,.
33,77.5,169.5,19.1483,0.76,31,25,87,4.7,0.5,1,0,0,0,1,151.544225146199,26.9750524273196,0,350,129,457.5,.,.,1,1,4,1,.
33,77.5,169.5,19.1483,0.76,31,25,87,4.7,0.5,1,0,0,0,1,151.544225146199,26.9750524273196,0,350,.,468.5,.,.,0,2,4,0,0.213357624334343
33,77.5,169.5,19.1483,0.76,31,25,87,4.7,0.5,1,0,0,0,1,151.544225146199,26.9750524273196,0,350,129,481.5,37,24,1,1,4,1,.
33,77.5,169.5,19.1483,0.76,31,25,87,4.7,0.5,1,0,0,0,1,151.544225146199,26.9750524273196,0,350,129,1416.5,.,.,1,1,4,1,.
33,77.5,169.5,19.1483,0.76,31,25,87,4.7,0.5,1,0,0,0,1,151.544225146199,26.9750524273196,0,350,129,1440.5,20,24,1,1,4,1,.
33,77.5,169.5,19.1483,0.76,31,25,87,4.7,0.5,1,0,0,0,1,151.544225146199,26.9750524273196,0,350,129,1944.5,.,.,1,1,4,1,.
46,76.3,163.9,28.0555,0.56,23,19,42,3.9,0.8,0,0,0,1,2,151.199652777778,28.4031580738117,0,351,129,0,10,24,1,1,4,1,.
46,76.3,163.9,28.0555,0.56,23,19,42,3.9,0.8,0,0,0,1,2,151.199652777778,28.4031580738117,0,351,129,287.75,.,.,1,1,4,1,.
46,76.3,163.9,28.0555,0.56,23,19,42,3.9,0.8,0,0,0,1,2,151.199652777778,28.4031580738117,0,351,.,300.5,.,.,0,2,4,0,0.138425928056194
46,76.3,163.9,28.0555,0.56,23,19,42,3.9,0.8,0,0,0,1,2,151.199652777778,28.4031580738117,0,351,129,311.75,.,.,1,1,4,1,.
46,76.3,163.9,28.0555,0.56,23,19,42,3.9,0.8,0,0,0,1,2,151.199652777778,28.4031580738117,0,351,129,1077.5,16,24,1,1,4,1,.
46,76.3,163.9,28.0555,0.56,23,19,42,3.9,0.8,0,0,0,1,2,151.199652777778,28.4031580738117,0,351,129,1487.5,.,.,1,1,4,1,.
46,76.3,163.9,28.0555,0.56,23,19,42,3.9,0.8,0,0,0,1,2,151.199652777778,28.4031580738117,0,351,.,1500,.,.,0,2,4,0,0.220050857506036
46,76.3,163.9,28.0555,0.56,23,19,42,3.9,0.8,0,0,0,1,2,151.199652777778,28.4031580738117,0,351,129,1511.5,.,.,1,1,4,1,.
46,76.3,163.9,28.0555,0.56,23,19,42,3.9,0.8,0,0,0,1,2,151.199652777778,28.4031580738117,0,351,129,1629.5,16,24,1,1,4,1,.
46,76.3,163.9,28.0555,0.56,23,19,42,3.9,0.8,0,0,0,1,2,151.199652777778,28.4031580738117,0,351,129,2039.5,.,.,1,1,4,1,.
24,76.1,174.5,15.5359,1.11,28,31,50,4.7,1.4,0,1,0,0,1,110.455455455455,24.9915846339521,0,352,129,0,12,24,1,1,4,1,.
24,76.1,174.5,15.5359,1.11,28,31,50,4.7,1.4,0,1,0,0,1,110.455455455455,24.9915846339521,0,352,129,315.5,.,.,1,1,4,1,.
24,76.1,174.5,15.5359,1.11,28,31,50,4.7,1.4,0,1,0,0,1,110.455455455455,24.9915846339521,0,352,.,334.5,.,.,0,2,4,0,0.144214363770891
24,76.1,174.5,15.5359,1.11,28,31,50,4.7,1.4,0,1,0,0,1,110.455455455455,24.9915846339521,0,352,129,339.5,.,.,1,1,4,1,.
24,76.1,174.5,15.5359,1.11,28,31,50,4.7,1.4,0,1,0,0,1,110.455455455455,24.9915846339521,0,352,129,1128,16,24,1,1,4,1,.
24,76.1,174.5,15.5359,1.11,28,31,50,4.7,1.4,0,1,0,0,1,110.455455455455,24.9915846339521,0,352,129,1540.25,.,.,1,1,4,1,.
24,76.1,174.5,15.5359,1.11,28,31,50,4.7,1.4,0,1,0,0,1,110.455455455455,24.9915846339521,0,352,.,1552.5,.,.,0,2,4,0,0.220662491727874
24,76.1,174.5,15.5359,1.11,28,31,50,4.7,1.4,0,1,0,0,1,110.455455455455,24.9915846339521,0,352,129,1564.25,18,24,1,1,4,1,.
24,76.1,174.5,15.5359,1.11,28,31,50,4.7,1.4,0,1,0,0,1,110.455455455455,24.9915846339521,0,352,129,2042.5,.,.,1,1,4,1,.
24,76.1,174.5,15.5359,1.11,28,31,50,4.7,1.4,0,1,0,0,1,110.455455455455,24.9915846339521,0,352,.,2056.5,.,.,0,2,4,0,0.150859225793171
19,62,153,19.1093,0.84,15,18,78,4.1,0.4,0,1,0,0,2,105.434854497354,26.4855397496689,0,353,129,0,.,.,1,1,4,1,.
19,62,153,19.1093,0.84,15,18,78,4.1,0.4,0,1,0,0,2,105.434854497354,26.4855397496689,0,353,129,1053.75,17,24,1,1,4,1,.
19,62,153,19.1093,0.84,15,18,78,4.1,0.4,0,1,0,0,2,105.434854497354,26.4855397496689,0,353,129,1489.25,.,.,1,1,4,1,.
19,62,153,19.1093,0.84,15,18,78,4.1,0.4,0,1,0,0,2,105.434854497354,26.4855397496689,0,353,.,1507.92,.,.,0,2,4,0,0.200457569970725
19,62,153,19.1093,0.84,15,18,78,4.1,0.4,0,1,0,0,2,105.434854497354,26.4855397496689,0,353,129,1513.25,19,24,1,1,4,1,.
19,62,153,19.1093,0.84,15,18,78,4.1,0.4,0,1,0,0,2,105.434854497354,26.4855397496689,0,353,129,1994,.,.,1,1,4,1,.
19,62,153,19.1093,0.84,15,18,78,4.1,0.4,0,1,0,0,2,105.434854497354,26.4855397496689,0,353,.,2006.5,.,.,0,2,4,0,0.108945376455181
59,74.2,158.7,36.1104,0.7,16,18,65,3.7,0.4,1,0,0,0,2,101.3625,29.461174182641,0,354,129,0,10,24,1,1,4,1,.
59,74.2,158.7,36.1104,0.7,16,18,65,3.7,0.4,1,0,0,0,2,101.3625,29.461174182641,0,354,129,287.67,.,.,1,1,4,1,.
59,74.2,158.7,36.1104,0.7,16,18,65,3.7,0.4,1,0,0,0,2,101.3625,29.461174182641,0,354,.,310.67,.,.,0,2,4,0,0.169253060856051
59,74.2,158.7,36.1104,0.7,16,18,65,3.7,0.4,1,0,0,0,2,101.3625,29.461174182641,0,354,129,311.67,46,24,1,1,4,1,.
59,74.2,158.7,36.1104,0.7,16,18,65,3.7,0.4,1,0,0,0,2,101.3625,29.461174182641,0,354,129,1463.5,.,.,1,1,4,1,.
59,74.2,158.7,36.1104,0.7,16,18,65,3.7,0.4,1,0,0,0,2,101.3625,29.461174182641,0,354,.,1486.08,.,.,0,2,4,0,0.307615647262446
19,65.1,160.3,21.008,0.74,14,19,54,4.8,0.3,0,1,0,0,2,125.666948198198,25.334593706669,0,355,129,0,11,24,1,1,4,1,.
19,65.1,160.3,21.008,0.74,14,19,54,4.8,0.3,0,1,0,0,2,125.666948198198,25.334593706669,0,355,129,294,.,.,1,1,4,1,.
19,65.1,160.3,21.008,0.74,14,19,54,4.8,0.3,0,1,0,0,2,125.666948198198,25.334593706669,0,355,.,326.5,.,.,0,2,4,0,0.088764588263261
19,65.1,160.3,21.008,0.74,14,19,54,4.8,0.3,0,1,0,0,2,125.666948198198,25.334593706669,0,355,129,1512.25,.,.,1,1,4,1,.
19,65.1,160.3,21.008,0.74,14,19,54,4.8,0.3,0,1,0,0,2,125.666948198198,25.334593706669,0,355,.,1526,.,.,0,2,4,0,0.0497881204104644
19,65.1,160.3,21.008,0.74,14,19,54,4.8,0.3,0,1,0,0,2,125.666948198198,25.334593706669,0,355,129,1536.25,19,24,1,1,4,1,.
19,65.1,160.3,21.008,0.74,14,19,54,4.8,0.3,0,1,0,0,2,125.666948198198,25.334593706669,0,355,129,2017.25,.,.,1,1,4,1,.
19,65.1,160.3,21.008,0.74,14,19,54,4.8,0.3,0,1,0,0,2,125.666948198198,25.334593706669,0,355,.,2031,.,.,0,2,4,0,0.0445565650744888
53,108.5,157.6,48.9623,1.32,31,23,67,4.2,0.4,0,0,1,0,2,84.4231376262626,43.6834883661007,1,356,129,0,11,24,1,1,4,1,.
53,108.5,157.6,48.9623,1.32,31,23,67,4.2,0.4,0,0,1,0,2,84.4231376262626,43.6834883661007,1,356,129,311.75,.,.,1,1,4,1,.
53,108.5,157.6,48.9623,1.32,31,23,67,4.2,0.4,0,0,1,0,2,84.4231376262626,43.6834883661007,1,356,.,333.75,.,.,0,2,4,0,0.3323499877319
53,108.5,157.6,48.9623,1.32,31,23,67,4.2,0.4,0,0,1,0,2,84.4231376262626,43.6834883661007,1,356,129,335.75,.,.,1,1,4,1,.
53,108.5,157.6,48.9623,1.32,31,23,67,4.2,0.4,0,0,1,0,2,84.4231376262626,43.6834883661007,1,356,258,717.5,.,.,1,1,4,1,.
53,108.5,157.6,48.9623,1.32,31,23,67,4.2,0.4,0,0,1,0,2,84.4231376262626,43.6834883661007,1,356,129,741.5,.,.,1,1,4,1,.
53,108.5,157.6,48.9623,1.32,31,23,67,4.2,0.4,0,0,1,0,2,84.4231376262626,43.6834883661007,1,356,258,1053.5,.,.,1,1,4,1,.
53,108.5,157.6,48.9623,1.32,31,23,67,4.2,0.4,0,0,1,0,2,84.4231376262626,43.6834883661007,1,356,129,1077.5,17,24,1,1,4,1,.
53,108.5,157.6,48.9623,1.32,31,23,67,4.2,0.4,0,0,1,0,2,84.4231376262626,43.6834883661007,1,356,129,1512,.,.,1,1,4,1,.
53,108.5,157.6,48.9623,1.32,31,23,67,4.2,0.4,0,0,1,0,2,84.4231376262626,43.6834883661007,1,356,.,1557.33,.,.,0,2,4,0,0.381758144708432
53,108.5,157.6,48.9623,1.32,31,23,67,4.2,0.4,0,0,1,0,2,84.4231376262626,43.6834883661007,1,356,129,1560,17,24,1,1,4,1,.
53,108.5,157.6,48.9623,1.32,31,23,67,4.2,0.4,0,0,1,0,2,84.4231376262626,43.6834883661007,1,356,129,1992.5,.,.,1,1,4,1,.
53,108.5,157.6,48.9623,1.32,31,23,67,4.2,0.4,0,0,1,0,2,84.4231376262626,43.6834883661007,1,356,.,2013.17,.,.,0,2,4,0,0.263452564426849
55,63.8,164.5,27.2313,0.65,18,17,45,4.2,0.4,0,1,0,0,2,98.4946581196581,23.5770179506841,0,357,129,0,12,24,1,1,4,1,.
55,63.8,164.5,27.2313,0.65,18,17,45,4.2,0.4,0,1,0,0,2,98.4946581196581,23.5770179506841,0,357,129,312,.,.,1,1,4,1,.
55,63.8,164.5,27.2313,0.65,18,17,45,4.2,0.4,0,1,0,0,2,98.4946581196581,23.5770179506841,0,357,.,327,.,.,0,2,4,0,0.199098239008783
55,63.8,164.5,27.2313,0.65,18,17,45,4.2,0.4,0,1,0,0,2,98.4946581196581,23.5770179506841,0,357,129,336,.,.,1,1,4,1,.
55,63.8,164.5,27.2313,0.65,18,17,45,4.2,0.4,0,1,0,0,2,98.4946581196581,23.5770179506841,0,357,129,380.5,49,24,1,1,4,1,.
55,63.8,164.5,27.2313,0.65,18,17,45,4.2,0.4,0,1,0,0,2,98.4946581196581,23.5770179506841,0,357,129,1584.5,.,.,1,1,4,1,.
55,63.8,164.5,27.2313,0.65,18,17,45,4.2,0.4,0,1,0,0,2,98.4946581196581,23.5770179506841,0,357,.,1604.17,.,.,0,2,4,0,0.148622419161862
51,121.3,156.3,55.9751,0.96,19,24,90,3.8,0.3,0,1,0,0,2,132.759620949074,49.6526971893626,1,358,129,0,12,24,1,1,4,1,.
51,121.3,156.3,55.9751,0.96,19,24,90,3.8,0.3,0,1,0,0,2,132.759620949074,49.6526971893626,1,358,129,312.25,.,.,1,1,4,1,.
51,121.3,156.3,55.9751,0.96,19,24,90,3.8,0.3,0,1,0,0,2,132.759620949074,49.6526971893626,1,358,.,331.58,.,.,0,2,4,0,0.000808885605017663
51,121.3,156.3,55.9751,0.96,19,24,90,3.8,0.3,0,1,0,0,2,132.759620949074,49.6526971893626,1,358,129,336.25,.,.,1,1,4,1,.
51,121.3,156.3,55.9751,0.96,19,24,90,3.8,0.3,0,1,0,0,2,132.759620949074,49.6526971893626,1,358,129,1052,17,24,1,1,4,1,.
51,121.3,156.3,55.9751,0.96,19,24,90,3.8,0.3,0,1,0,0,2,132.759620949074,49.6526971893626,1,358,129,1487.5,.,.,1,1,4,1,.
51,121.3,156.3,55.9751,0.96,19,24,90,3.8,0.3,0,1,0,0,2,132.759620949074,49.6526971893626,1,358,.,1499.75,.,.,0,2,4,0,0.206459327427307
51,121.3,156.3,55.9751,0.96,19,24,90,3.8,0.3,0,1,0,0,2,132.759620949074,49.6526971893626,1,358,129,1511.5,16,24,1,1,4,1,.
51,121.3,156.3,55.9751,0.96,19,24,90,3.8,0.3,0,1,0,0,2,132.759620949074,49.6526971893626,1,358,129,1920.5,.,.,1,1,4,1,.
51,121.3,156.3,55.9751,0.96,19,24,90,3.8,0.3,0,1,0,0,2,132.759620949074,49.6526971893626,1,358,.,1930.5,.,.,0,2,4,0,0.323980599481787
22,62.2,157.9,23.0688,0.44,14,17,81,4.6,0.6,0,1,0,0,2,196.927398989899,24.947447920197,0,359,129,0,12,24,1,1,4,1,.
22,62.2,157.9,23.0688,0.44,14,17,81,4.6,0.6,0,1,0,0,2,196.927398989899,24.947447920197,0,359,129,312,.,.,1,1,4,1,.
22,62.2,157.9,23.0688,0.44,14,17,81,4.6,0.6,0,1,0,0,2,196.927398989899,24.947447920197,0,359,.,325,.,.,0,2,4,0,0.241623067335828
22,62.2,157.9,23.0688,0.44,14,17,81,4.6,0.6,0,1,0,0,2,196.927398989899,24.947447920197,0,359,129,336,.,.,1,1,4,1,.
22,62.2,157.9,23.0688,0.44,14,17,81,4.6,0.6,0,1,0,0,2,196.927398989899,24.947447920197,0,359,129,382,46,24,1,1,4,1,.
22,62.2,157.9,23.0688,0.44,14,17,81,4.6,0.6,0,1,0,0,2,196.927398989899,24.947447920197,0,359,129,1511.5,.,.,1,1,4,1,.
22,62.2,157.9,23.0688,0.44,14,17,81,4.6,0.6,0,1,0,0,2,196.927398989899,24.947447920197,0,359,.,1525.67,.,.,0,2,4,0,0.311369573185189
31,84.9,176.1,23.3076,1.1,18,16,54,4.2,0.8,1,0,0,0,1,116.844696969697,27.3771968265669,0,360,129,0,66,24,1,1,4,1,.
31,84.9,176.1,23.3076,1.1,18,16,54,4.2,0.8,1,0,0,0,1,116.844696969697,27.3771968265669,0,360,129,1631.75,.,.,1,1,4,1,.
31,84.9,176.1,23.3076,1.1,18,16,54,4.2,0.8,1,0,0,0,1,116.844696969697,27.3771968265669,0,360,.,1644.92,.,.,0,2,4,0,0.17596572773423
31,84.9,176.1,23.3076,1.1,18,16,54,4.2,0.8,1,0,0,0,1,116.844696969697,27.3771968265669,0,360,129,1655.75,19,24,1,1,4,1,.
31,84.9,176.1,23.3076,1.1,18,16,54,4.2,0.8,1,0,0,0,1,116.844696969697,27.3771968265669,0,360,129,2136.25,.,.,1,1,4,1,.
31,84.9,176.1,23.3076,1.1,18,16,54,4.2,0.8,1,0,0,0,1,116.844696969697,27.3771968265669,0,360,.,2149,.,.,0,2,4,0,0.241435182229989
43,89.1,168.1,39.5423,0.53,18,16,89,3.8,0.2,0,0,0,1,2,192.512971698113,31.531329082679,1,361,129,0,12,24,1,1,4,1,.
43,89.1,168.1,39.5423,0.53,18,16,89,3.8,0.2,0,0,0,1,2,192.512971698113,31.531329082679,1,361,129,312,.,.,1,1,4,1,.
43,89.1,168.1,39.5423,0.53,18,16,89,3.8,0.2,0,0,0,1,2,192.512971698113,31.531329082679,1,361,.,325.33,.,.,0,2,4,0,0.438591026732916
43,89.1,168.1,39.5423,0.53,18,16,89,3.8,0.2,0,0,0,1,2,192.512971698113,31.531329082679,1,361,129,336,.,.,1,1,4,1,.
43,89.1,168.1,39.5423,0.53,18,16,89,3.8,0.2,0,0,0,1,2,192.512971698113,31.531329082679,1,361,129,718,38,24,1,1,4,1,.
43,89.1,168.1,39.5423,0.53,18,16,89,3.8,0.2,0,0,0,1,2,192.512971698113,31.531329082679,1,361,129,1655.5,.,.,1,1,4,1,.
43,89.1,168.1,39.5423,0.53,18,16,89,3.8,0.2,0,0,0,1,2,192.512971698113,31.531329082679,1,361,.,1670.33,.,.,0,2,4,0,0.217296092115917
43,89.1,168.1,39.5423,0.53,18,16,89,3.8,0.2,0,0,0,1,2,192.512971698113,31.531329082679,1,361,129,1679.5,.,.,1,1,4,1,.
43,89.1,168.1,39.5423,0.53,18,16,89,3.8,0.2,0,0,0,1,2,192.512971698113,31.531329082679,1,361,129,1726,26,24,1,1,4,1,.
43,89.1,168.1,39.5423,0.53,18,16,89,3.8,0.2,0,0,0,1,2,192.512971698113,31.531329082679,1,361,129,2376,.,.,1,1,4,1,.
43,89.1,168.1,39.5423,0.53,18,16,89,3.8,0.2,0,0,0,1,2,192.512971698113,31.531329082679,1,361,.,2390.5,.,.,0,2,4,0,0.0933120755987464
19,66.2,148.1,24.1607,0.65,16,21,52,4.9,0.4,0,0,0,0,2,145.484401709402,30.1819901055959,1,362,129,0,18,24,1,1,4,1,.
19,66.2,148.1,24.1607,0.65,16,21,52,4.9,0.4,0,0,0,0,2,145.484401709402,30.1819901055959,1,362,129,458.17,.,.,1,1,4,1,.
19,66.2,148.1,24.1607,0.65,16,21,52,4.9,0.4,0,0,0,0,2,145.484401709402,30.1819901055959,1,362,.,470.83,.,.,0,2,4,0,0.182316677430431
19,66.2,148.1,24.1607,0.65,16,21,52,4.9,0.4,0,0,0,0,2,145.484401709402,30.1819901055959,1,362,129,482.17,.,.,1,1,4,1,.
19,66.2,148.1,24.1607,0.65,16,21,52,4.9,0.4,0,0,0,0,2,145.484401709402,30.1819901055959,1,362,129,526,.,.,1,1,4,1,.
19,66.2,148.1,24.1607,0.65,16,21,52,4.9,0.4,0,0,0,0,2,145.484401709402,30.1819901055959,1,362,129,862,.,.,1,1,4,1,.
19,66.2,148.1,24.1607,0.65,16,21,52,4.9,0.4,0,0,0,0,2,145.484401709402,30.1819901055959,1,362,129,1222,16,24,1,1,4,1,.
19,66.2,148.1,24.1607,0.65,16,21,52,4.9,0.4,0,0,0,0,2,145.484401709402,30.1819901055959,1,362,129,1632,.,.,1,1,4,1,.
19,66.2,148.1,24.1607,0.65,16,21,52,4.9,0.4,0,0,0,0,2,145.484401709402,30.1819901055959,1,362,.,1646,.,.,0,2,4,0,0.142383921660396
19,66.2,148.1,24.1607,0.65,16,21,52,4.9,0.4,0,0,0,0,2,145.484401709402,30.1819901055959,1,362,129,1656,18,24,1,1,4,1,.
19,66.2,148.1,24.1607,0.65,16,21,52,4.9,0.4,0,0,0,0,2,145.484401709402,30.1819901055959,1,362,129,2112,.,.,1,1,4,1,.
19,66.2,148.1,24.1607,0.65,16,21,52,4.9,0.4,0,0,0,0,2,145.484401709402,30.1819901055959,1,362,.,2125.5,.,.,0,2,4,0,0.179337338375202
21,73.9,156,27.9082,0.67,19,29,53,4.5,0.3,0,0,1,0,2,154.954083747927,30.3665351742275,1,363,129,0,57,24,1,1,4,1,.
21,73.9,156,27.9082,0.67,19,29,53,4.5,0.3,0,0,1,0,2,154.954083747927,30.3665351742275,1,363,129,1405.83,.,.,1,1,4,1,.
21,73.9,156,27.9082,0.67,19,29,53,4.5,0.3,0,0,1,0,2,154.954083747927,30.3665351742275,1,363,.,1429.83,.,.,0,2,4,0,0.0947840950780227
21,73.9,156,27.9082,0.67,19,29,53,4.5,0.3,0,0,1,0,2,154.954083747927,30.3665351742275,1,363,129,1824,.,.,1,1,4,1,.
21,73.9,156,27.9082,0.67,19,29,53,4.5,0.3,0,0,1,0,2,154.954083747927,30.3665351742275,1,363,.,1837.42,.,.,0,2,4,0,0.099602517776413
26,65.9,164.6,21.9883,0.6,18,16,54,4,1.2,0,1,0,0,2,147.817361111111,24.3234823844838,0,364,129,0,55,24,1,1,4,1,.
26,65.9,164.6,21.9883,0.6,18,16,54,4,1.2,0,1,0,0,2,147.817361111111,24.3234823844838,0,364,129,1345,.,.,1,1,4,1,.
26,65.9,164.6,21.9883,0.6,18,16,54,4,1.2,0,1,0,0,2,147.817361111111,24.3234823844838,0,364,.,1358.25,.,.,0,2,4,0,0.242606045945342
57,108.7,170.2,50.0396,0.77,18,17,60,4.3,0.1,0,0,1,0,2,138.325847763348,37.524112780844,1,365,129,0,12,24,1,1,4,1,.
57,108.7,170.2,50.0396,0.77,18,17,60,4.3,0.1,0,0,1,0,2,138.325847763348,37.524112780844,1,365,129,312.5,.,.,1,1,4,1,.
57,108.7,170.2,50.0396,0.77,18,17,60,4.3,0.1,0,0,1,0,2,138.325847763348,37.524112780844,1,365,.,323.5,.,.,0,2,4,0,0.550180891720397
57,108.7,170.2,50.0396,0.77,18,17,60,4.3,0.1,0,0,1,0,2,138.325847763348,37.524112780844,1,365,129,336.5,46,24,1,1,4,1,.
57,108.7,170.2,50.0396,0.77,18,17,60,4.3,0.1,0,0,1,0,2,138.325847763348,37.524112780844,1,365,129,1487.5,.,.,1,1,4,1,.
57,108.7,170.2,50.0396,0.77,18,17,60,4.3,0.1,0,0,1,0,2,138.325847763348,37.524112780844,1,365,.,1499.33,.,.,0,2,4,0,0.348140905398183
57,108.7,170.2,50.0396,0.77,18,17,60,4.3,0.1,0,0,1,0,2,138.325847763348,37.524112780844,1,365,129,1511.5,18,24,1,1,4,1,.
57,108.7,170.2,50.0396,0.77,18,17,60,4.3,0.1,0,0,1,0,2,138.325847763348,37.524112780844,1,365,129,1991.25,.,.,1,1,4,1,.
57,108.7,170.2,50.0396,0.77,18,17,60,4.3,0.1,0,0,1,0,2,138.325847763348,37.524112780844,1,365,.,2003.5,.,.,0,2,4,0,0.373838993560986
46,73.2,173.3,17.1131,0.87,20,25,38,4.4,0.4,0,0,0,1,1,109.846743295019,24.3732787620505,0,366,129,0,11,24,1,1,4,1,.
46,73.2,173.3,17.1131,0.87,20,25,38,4.4,0.4,0,0,0,1,1,109.846743295019,24.3732787620505,0,366,129,291,.,.,1,1,4,1,.
46,73.2,173.3,17.1131,0.87,20,25,38,4.4,0.4,0,0,0,1,1,109.846743295019,24.3732787620505,0,366,.,302,.,.,0,2,4,0,0.225635253575387
46,73.2,173.3,17.1131,0.87,20,25,38,4.4,0.4,0,0,0,1,1,109.846743295019,24.3732787620505,0,366,129,315,47,24,1,1,4,1,.
46,73.2,173.3,17.1131,0.87,20,25,38,4.4,0.4,0,0,0,1,1,109.846743295019,24.3732787620505,0,366,129,1467,.,.,1,1,4,1,.
46,73.2,173.3,17.1131,0.87,20,25,38,4.4,0.4,0,0,0,1,1,109.846743295019,24.3732787620505,0,366,.,1478.08,.,.,0,2,4,0,0.124420157608419
46,73.2,173.3,17.1131,0.87,20,25,38,4.4,0.4,0,0,0,1,1,109.846743295019,24.3732787620505,0,366,129,1491,18,24,1,1,4,1,.
46,73.2,173.3,17.1131,0.87,20,25,38,4.4,0.4,0,0,0,1,1,109.846743295019,24.3732787620505,0,366,129,1970.5,.,.,1,1,4,1,.
46,73.2,173.3,17.1131,0.87,20,25,38,4.4,0.4,0,0,0,1,1,109.846743295019,24.3732787620505,0,366,.,1982.05,.,.,0,2,4,0,0.159514528578016
36,69.8,152.9,25.6209,0.53,14,20,72,4,0.4,1,0,0,0,2,161.696016771488,29.8566070147628,0,367,129,0,10,24,1,1,4,1,.
36,69.8,152.9,25.6209,0.53,14,20,72,4,0.4,1,0,0,0,2,161.696016771488,29.8566070147628,0,367,129,287,.,.,1,1,4,1,.
36,69.8,152.9,25.6209,0.53,14,20,72,4,0.4,1,0,0,0,2,161.696016771488,29.8566070147628,0,367,.,311,.,.,0,2,4,0,0.251482107266335
36,69.8,152.9,25.6209,0.53,14,20,72,4,0.4,1,0,0,0,2,161.696016771488,29.8566070147628,0,367,129,1512,.,.,1,1,4,1,.
36,69.8,152.9,25.6209,0.53,14,20,72,4,0.4,1,0,0,0,2,161.696016771488,29.8566070147628,0,367,.,1521,.,.,0,2,4,0,0.211300747325489
29,51.2,160.3,10.6881,0.75,17,19,53,5,0.4,0,0,0,0,2,89.4577777777778,19.9252104113894,0,368,129,0,11,24,1,1,4,1,.
29,51.2,160.3,10.6881,0.75,17,19,53,5,0.4,0,0,0,0,2,89.4577777777778,19.9252104113894,0,368,129,292.5,.,.,1,1,4,1,.
29,51.2,160.3,10.6881,0.75,17,19,53,5,0.4,0,0,0,0,2,89.4577777777778,19.9252104113894,0,368,129,316.5,.,.,1,1,4,1,.
29,51.2,160.3,10.6881,0.75,17,19,53,5,0.4,0,0,0,0,2,89.4577777777778,19.9252104113894,0,368,.,325.25,.,.,0,2,4,0,0.32439595511904
29,51.2,160.3,10.6881,0.75,17,19,53,5,0.4,0,0,0,0,2,89.4577777777778,19.9252104113894,0,368,129,718.5,.,.,1,1,4,1,.
29,51.2,160.3,10.6881,0.75,17,19,53,5,0.4,0,0,0,0,2,89.4577777777778,19.9252104113894,0,368,258,982.5,.,.,1,1,4,1,.
29,51.2,160.3,10.6881,0.75,17,19,53,5,0.4,0,0,0,0,2,89.4577777777778,19.9252104113894,0,368,129,1006.5,19,24,1,1,4,1,.
29,51.2,160.3,10.6881,0.75,17,19,53,5,0.4,0,0,0,0,2,89.4577777777778,19.9252104113894,0,368,129,1491.5,.,.,1,1,4,1,.
29,51.2,160.3,10.6881,0.75,17,19,53,5,0.4,0,0,0,0,2,89.4577777777778,19.9252104113894,0,368,.,1501,.,.,0,2,4,0,0.134451285035472
29,51.2,160.3,10.6881,0.75,17,19,53,5,0.4,0,0,0,0,2,89.4577777777778,19.9252104113894,0,368,129,1515.5,18,24,1,1,4,1,.
29,51.2,160.3,10.6881,0.75,17,19,53,5,0.4,0,0,0,0,2,89.4577777777778,19.9252104113894,0,368,129,1995,.,.,1,1,4,1,.
29,51.2,160.3,10.6881,0.75,17,19,53,5,0.4,0,0,0,0,2,89.4577777777778,19.9252104113894,0,368,.,2005.25,.,.,0,2,4,0,0.517402050742724
29,113.4,164.6,49.7585,0.94,15,18,62,3.8,0.4,0,0,1,0,2,158.086436170213,41.855582737488,1,369,129,0,12,24,1,1,4,1,.
29,113.4,164.6,49.7585,0.94,15,18,62,3.8,0.4,0,0,1,0,2,158.086436170213,41.855582737488,1,369,129,335.5,.,.,1,1,4,1,.
29,113.4,164.6,49.7585,0.94,15,18,62,3.8,0.4,0,0,1,0,2,158.086436170213,41.855582737488,1,369,.,348.33,.,.,0,2,4,0,0.076820100783631
29,113.4,164.6,49.7585,0.94,15,18,62,3.8,0.4,0,0,1,0,2,158.086436170213,41.855582737488,1,369,129,359.5,68,24,1,1,4,1,.
29,113.4,164.6,49.7585,0.94,15,18,62,3.8,0.4,0,0,1,0,2,158.086436170213,41.855582737488,1,369,129,2015.5,.,.,1,1,4,1,.
29,113.4,164.6,49.7585,0.94,15,18,62,3.8,0.4,0,0,1,0,2,158.086436170213,41.855582737488,1,369,.,2027.42,.,.,0,2,4,0,0.04761342308275
38,77.6,179,23.5814,0.66,23,23,45,4.8,1.1,0,0,0,1,1,166.565656565657,24.2189694453981,0,370,129,0,12,24,1,1,4,1,.
38,77.6,179,23.5814,0.66,23,23,45,4.8,1.1,0,0,0,1,1,166.565656565657,24.2189694453981,0,370,129,313.17,.,.,1,1,4,1,.
38,77.6,179,23.5814,0.66,23,23,45,4.8,1.1,0,0,0,1,1,166.565656565657,24.2189694453981,0,370,.,322.42,.,.,0,2,4,0,0.12689597699611
38,77.6,179,23.5814,0.66,23,23,45,4.8,1.1,0,0,0,1,1,166.565656565657,24.2189694453981,0,370,129,337.17,.,.,1,1,4,1,.
38,77.6,179,23.5814,0.66,23,23,45,4.8,1.1,0,0,0,1,1,166.565656565657,24.2189694453981,0,370,129,715.42,.,.,1,1,4,1,.
38,77.6,179,23.5814,0.66,23,23,45,4.8,1.1,0,0,0,1,1,166.565656565657,24.2189694453981,0,370,129,1051.42,17,24,1,1,4,1,.
38,77.6,179,23.5814,0.66,23,23,45,4.8,1.1,0,0,0,1,1,166.565656565657,24.2189694453981,0,370,129,1490.5,.,.,1,1,4,1,.
38,77.6,179,23.5814,0.66,23,23,45,4.8,1.1,0,0,0,1,1,166.565656565657,24.2189694453981,0,370,.,1499.17,.,.,0,2,4,0,0.271362270213727
38,77.6,179,23.5814,0.66,23,23,45,4.8,1.1,0,0,0,1,1,166.565656565657,24.2189694453981,0,370,129,1559.92,.,.,1,1,4,1,.
22,68.1,179.6,11.506,1,8,16,59,4.7,0.5,0,0,1,0,1,111.608333333333,21.1122464670314,0,371,129,0,14,24,1,1,4,1,.
22,68.1,179.6,11.506,1,8,16,59,4.7,0.5,0,0,1,0,1,111.608333333333,21.1122464670314,0,371,129,362.5,.,.,1,1,4,1,.
22,68.1,179.6,11.506,1,8,16,59,4.7,0.5,0,0,1,0,1,111.608333333333,21.1122464670314,0,371,.,372.33,.,.,0,2,4,0,0.352736722676162
22,68.1,179.6,11.506,1,8,16,59,4.7,0.5,0,0,1,0,1,111.608333333333,21.1122464670314,0,371,129,386.5,.,.,1,1,4,1,.
22,68.1,179.6,11.506,1,8,16,59,4.7,0.5,0,0,1,0,1,111.608333333333,21.1122464670314,0,371,129,742,.,.,1,1,4,1,.
22,68.1,179.6,11.506,1,8,16,59,4.7,0.5,0,0,1,0,1,111.608333333333,21.1122464670314,0,371,129,1174,20,24,1,1,4,1,.
22,68.1,179.6,11.506,1,8,16,59,4.7,0.5,0,0,1,0,1,111.608333333333,21.1122464670314,0,371,129,1681.5,.,.,1,1,4,1,.
22,68.1,179.6,11.506,1,8,16,59,4.7,0.5,0,0,1,0,1,111.608333333333,21.1122464670314,0,371,.,1692.5,.,.,0,2,4,0,0.134907841741021
56,70.8,160.4,27.278,0.8,17,24,66,4.6,0.7,0,0,0,1,2,87.7625,27.5184855815573,0,372,129,0,11,24,1,1,4,1,.
56,70.8,160.4,27.278,0.8,17,24,66,4.6,0.7,0,0,0,1,2,87.7625,27.5184855815573,0,372,129,288.5,.,.,1,1,4,1,.
56,70.8,160.4,27.278,0.8,17,24,66,4.6,0.7,0,0,0,1,2,87.7625,27.5184855815573,0,372,.,300.17,.,.,0,2,4,0,0.189405605647552
56,70.8,160.4,27.278,0.8,17,24,66,4.6,0.7,0,0,0,1,2,87.7625,27.5184855815573,0,372,129,312.5,67,24,1,1,4,1,.
56,70.8,160.4,27.278,0.8,17,24,66,4.6,0.7,0,0,0,1,2,87.7625,27.5184855815573,0,372,129,1945.08,.,.,1,1,4,1,.
56,70.8,160.4,27.278,0.8,17,24,66,4.6,0.7,0,0,0,1,2,87.7625,27.5184855815573,0,372,.,1956.42,.,.,0,2,4,0,0.206667374322508
30,68.8,169.2,20.215,1.16,27,26,57,4.8,0.5,0,0,0,1,1,90.6130268199234,24.0318785663587,0,373,129,0,16,24,1,1,4,1,.
30,68.8,169.2,20.215,1.16,27,26,57,4.8,0.5,0,0,0,1,1,90.6130268199234,24.0318785663587,0,373,129,408.25,.,.,1,1,4,1,.
30,68.8,169.2,20.215,1.16,27,26,57,4.8,0.5,0,0,0,1,1,90.6130268199234,24.0318785663587,0,373,.,419,.,.,0,2,4,0,0.328470846536062
30,68.8,169.2,20.215,1.16,27,26,57,4.8,0.5,0,0,0,1,1,90.6130268199234,24.0318785663587,0,373,129,432.25,21,24,1,1,4,1,.
30,68.8,169.2,20.215,1.16,27,26,57,4.8,0.5,0,0,0,1,1,90.6130268199234,24.0318785663587,0,373,129,983.75,.,.,1,1,4,1,.
19,94.3,180.1,28.5096,0.82,20,24,74,4.6,0.8,0,1,0,0,1,193.263888888889,29.0726263803717,0,374,129,0,12,24,1,1,4,1,.
19,94.3,180.1,28.5096,0.82,20,24,74,4.6,0.8,0,1,0,0,1,193.263888888889,29.0726263803717,0,374,129,312.5,.,.,1,1,4,1,.
19,94.3,180.1,28.5096,0.82,20,24,74,4.6,0.8,0,1,0,0,1,193.263888888889,29.0726263803717,0,374,.,324.33,.,.,0,2,4,0,0.22983803200721
19,94.3,180.1,28.5096,0.82,20,24,74,4.6,0.8,0,1,0,0,1,193.263888888889,29.0726263803717,0,374,129,336.5,.,.,1,1,4,1,.
19,94.3,180.1,28.5096,0.82,20,24,74,4.6,0.8,0,1,0,0,1,193.263888888889,29.0726263803717,0,374,129,381,43,24,1,1,4,1,.
19,94.3,180.1,28.5096,0.82,20,24,74,4.6,0.8,0,1,0,0,1,193.263888888889,29.0726263803717,0,374,129,1439.5,.,.,1,1,4,1,.
19,94.3,180.1,28.5096,0.82,20,24,74,4.6,0.8,0,1,0,0,1,193.263888888889,29.0726263803717,0,374,.,1451.42,.,.,0,2,4,0,0.121481990239631
19,94.3,180.1,28.5096,0.82,20,24,74,4.6,0.8,0,1,0,0,1,193.263888888889,29.0726263803717,0,374,129,1463.5,.,.,1,1,4,1,.
19,94.3,180.1,28.5096,0.82,20,24,74,4.6,0.8,0,1,0,0,1,193.263888888889,29.0726263803717,0,374,129,1509,19,24,1,1,4,1,.
19,94.3,180.1,28.5096,0.82,20,24,74,4.6,0.8,0,1,0,0,1,193.263888888889,29.0726263803717,0,374,129,1991.5,.,.,1,1,4,1,.
19,94.3,180.1,28.5096,0.82,20,24,74,4.6,0.8,0,1,0,0,1,193.263888888889,29.0726263803717,0,374,.,2003.25,.,.,0,2,4,0,0.119368612803153
22,92.6,171,28.5143,0.92,21,23,52,4.3,0.5,0,0,1,0,1,164.957729468599,31.6678636161554,1,375,129,0,12,24,1,1,4,1,.
22,92.6,171,28.5143,0.92,21,23,52,4.3,0.5,0,0,1,0,1,164.957729468599,31.6678636161554,1,375,129,312.5,.,.,1,1,4,1,.
22,92.6,171,28.5143,0.92,21,23,52,4.3,0.5,0,0,1,0,1,164.957729468599,31.6678636161554,1,375,.,328,.,.,0,2,4,0,0.211890748273481
22,92.6,171,28.5143,0.92,21,23,52,4.3,0.5,0,0,1,0,1,164.957729468599,31.6678636161554,1,375,129,336.5,45,24,1,1,4,1,.
22,92.6,171,28.5143,0.92,21,23,52,4.3,0.5,0,0,1,0,1,164.957729468599,31.6678636161554,1,375,129,1443.5,.,.,1,1,4,1,.
22,92.6,171,28.5143,0.92,21,23,52,4.3,0.5,0,0,1,0,1,164.957729468599,31.6678636161554,1,375,.,1454,.,.,0,2,4,0,0.32014917856156
22,92.6,171,28.5143,0.92,21,23,52,4.3,0.5,0,0,1,0,1,164.957729468599,31.6678636161554,1,375,129,1467.5,18,24,1,1,4,1,.
22,92.6,171,28.5143,0.92,21,23,52,4.3,0.5,0,0,1,0,1,164.957729468599,31.6678636161554,1,375,129,1945.33,.,.,1,1,4,1,.
22,92.6,171,28.5143,0.92,21,23,52,4.3,0.5,0,0,1,0,1,164.957729468599,31.6678636161554,1,375,.,1958.33,.,.,0,2,4,0,0.223584423900538
51,87.9,176.3,27.7775,1.03,18,22,102,4.6,0.9,0,0,1,0,1,105.489482200647,28.280315516949,0,376,129,0,12,24,1,1,4,1,.
51,87.9,176.3,27.7775,1.03,18,22,102,4.6,0.9,0,0,1,0,1,105.489482200647,28.280315516949,0,376,129,312.25,.,.,1,1,4,1,.
51,87.9,176.3,27.7775,1.03,18,22,102,4.6,0.9,0,0,1,0,1,105.489482200647,28.280315516949,0,376,.,326.75,.,.,0,2,4,0,0.249017401138569
51,87.9,176.3,27.7775,1.03,18,22,102,4.6,0.9,0,0,1,0,1,105.489482200647,28.280315516949,0,376,129,336.25,.,.,1,1,4,1,.
51,87.9,176.3,27.7775,1.03,18,22,102,4.6,0.9,0,0,1,0,1,105.489482200647,28.280315516949,0,376,129,694,32,24,1,1,4,1,.
51,87.9,176.3,27.7775,1.03,18,22,102,4.6,0.9,0,0,1,0,1,105.489482200647,28.280315516949,0,376,129,1487,.,.,1,1,4,1,.
51,87.9,176.3,27.7775,1.03,18,22,102,4.6,0.9,0,0,1,0,1,105.489482200647,28.280315516949,0,376,.,1501.17,.,.,0,2,4,0,0.260191994620822
51,87.9,176.3,27.7775,1.03,18,22,102,4.6,0.9,0,0,1,0,1,105.489482200647,28.280315516949,0,376,129,1511,19,24,1,1,4,1,.
51,87.9,176.3,27.7775,1.03,18,22,102,4.6,0.9,0,0,1,0,1,105.489482200647,28.280315516949,0,376,129,1992,.,.,1,1,4,1,.
51,87.9,176.3,27.7775,1.03,18,22,102,4.6,0.9,0,0,1,0,1,105.489482200647,28.280315516949,0,376,.,2004.75,.,.,0,2,4,0,0.225277402425442
19,63.5,172.1,20.6608,0.77,19,21,74,4.6,1.1,0,1,0,0,2,117.802579365079,21.4393682847931,0,377,129,0,12,24,1,1,4,1,.
19,63.5,172.1,20.6608,0.77,19,21,74,4.6,1.1,0,1,0,0,2,117.802579365079,21.4393682847931,0,377,129,314,.,.,1,1,4,1,.
19,63.5,172.1,20.6608,0.77,19,21,74,4.6,1.1,0,1,0,0,2,117.802579365079,21.4393682847931,0,377,.,327.5,.,.,0,2,4,0,0.240899258351107
19,63.5,172.1,20.6608,0.77,19,21,74,4.6,1.1,0,1,0,0,2,117.802579365079,21.4393682847931,0,377,129,338,.,.,1,1,4,1,.
19,63.5,172.1,20.6608,0.77,19,21,74,4.6,1.1,0,1,0,0,2,117.802579365079,21.4393682847931,0,377,129,720.5,35,24,1,1,4,1,.
19,63.5,172.1,20.6608,0.77,19,21,74,4.6,1.1,0,1,0,0,2,117.802579365079,21.4393682847931,0,377,129,1586,.,.,1,1,4,1,.
19,63.5,172.1,20.6608,0.77,19,21,74,4.6,1.1,0,1,0,0,2,117.802579365079,21.4393682847931,0,377,.,1599.67,.,.,0,2,4,0,0.225088193781179
19,63.5,172.1,20.6608,0.77,19,21,74,4.6,1.1,0,1,0,0,2,117.802579365079,21.4393682847931,0,377,129,1610,.,.,1,1,4,1,.
19,63.5,172.1,20.6608,0.77,19,21,74,4.6,1.1,0,1,0,0,2,117.802579365079,21.4393682847931,0,377,129,1656.5,17,24,1,1,4,1,.
19,63.5,172.1,20.6608,0.77,19,21,74,4.6,1.1,0,1,0,0,2,117.802579365079,21.4393682847931,0,377,129,2090,.,.,1,1,4,1,.
19,63.5,172.1,20.6608,0.77,19,21,74,4.6,1.1,0,1,0,0,2,117.802579365079,21.4393682847931,0,377,.,2103.5,.,.,0,2,4,0,0.359657583071668
21,66.4,157.5,28.9466,0.57,15,15,58,3.6,0.5,0,0,1,0,2,163.653996101365,26.7674477198287,0,378,129,0,10,24,1,1,4,1,.
21,66.4,157.5,28.9466,0.57,15,15,58,3.6,0.5,0,0,1,0,2,163.653996101365,26.7674477198287,0,378,129,264,.,.,1,1,4,1,.
21,66.4,157.5,28.9466,0.57,15,15,58,3.6,0.5,0,0,1,0,2,163.653996101365,26.7674477198287,0,378,.,306,.,.,0,2,4,0,0.0413936594605354
21,66.4,157.5,28.9466,0.57,15,15,58,3.6,0.5,0,0,1,0,2,163.653996101365,26.7674477198287,0,378,129,312,.,.,1,1,4,1,.
21,66.4,157.5,28.9466,0.57,15,15,58,3.6,0.5,0,0,1,0,2,163.653996101365,26.7674477198287,0,378,129,1630.5,16,24,1,1,4,1,.
21,66.4,157.5,28.9466,0.57,15,15,58,3.6,0.5,0,0,1,0,2,163.653996101365,26.7674477198287,0,378,129,2041.5,.,.,1,1,4,1,.
21,66.4,157.5,28.9466,0.57,15,15,58,3.6,0.5,0,0,1,0,2,163.653996101365,26.7674477198287,0,378,.,2054,.,.,0,2,4,0,0.153027431523092
48,87.4,174.7,26.916,1.09,27,25,81,4.2,0.8,0,0,0,1,1,102.456676860347,28.6368749240255,0,379,129,0,12,24,1,1,4,1,.
48,87.4,174.7,26.916,1.09,27,25,81,4.2,0.8,0,0,0,1,1,102.456676860347,28.6368749240255,0,379,129,312.5,.,.,1,1,4,1,.
48,87.4,174.7,26.916,1.09,27,25,81,4.2,0.8,0,0,0,1,1,102.456676860347,28.6368749240255,0,379,.,322.5,.,.,0,2,4,0,0.157633276309618
48,87.4,174.7,26.916,1.09,27,25,81,4.2,0.8,0,0,0,1,1,102.456676860347,28.6368749240255,0,379,129,336.5,68,24,1,1,4,1,.
48,87.4,174.7,26.916,1.09,27,25,81,4.2,0.8,0,0,0,1,1,102.456676860347,28.6368749240255,0,379,129,2016,.,.,1,1,4,1,.
48,87.4,174.7,26.916,1.09,27,25,81,4.2,0.8,0,0,0,1,1,102.456676860347,28.6368749240255,0,379,.,2026.67,.,.,0,2,4,0,0.208361276956426
18,104.5,171.1,40.1086,0.6,42,26,107,4.3,0.6,0,0,0,1,1,295.115740740741,35.6957302782798,1,380,129,0,60,24,1,1,4,1,.
18,104.5,171.1,40.1086,0.6,42,26,107,4.3,0.6,0,0,0,1,1,295.115740740741,35.6957302782798,1,380,129,1467,.,.,1,1,4,1,.
18,104.5,171.1,40.1086,0.6,42,26,107,4.3,0.6,0,0,0,1,1,295.115740740741,35.6957302782798,1,380,.,1488.25,.,.,0,2,4,0,0.141912512102707
18,104.5,171.1,40.1086,0.6,42,26,107,4.3,0.6,0,0,0,1,1,295.115740740741,35.6957302782798,1,380,129,1491,20,24,1,1,4,1,.
18,104.5,171.1,40.1086,0.6,42,26,107,4.3,0.6,0,0,0,1,1,295.115740740741,35.6957302782798,1,380,129,1995.5,.,.,1,1,4,1,.
49,128.2,180.5,35.9282,1.35,32,24,66,4.4,0.7,0,0,1,0,1,120.022633744856,39.3489921041121,1,381,129,0,13,24,1,1,4,1,.
49,128.2,180.5,35.9282,1.35,32,24,66,4.4,0.7,0,0,1,0,1,120.022633744856,39.3489921041121,1,381,129,337,.,.,1,1,4,1,.
49,128.2,180.5,35.9282,1.35,32,24,66,4.4,0.7,0,0,1,0,1,120.022633744856,39.3489921041121,1,381,.,347.58,.,.,0,2,4,0,0.170661003761127
49,128.2,180.5,35.9282,1.35,32,24,66,4.4,0.7,0,0,1,0,1,120.022633744856,39.3489921041121,1,381,129,361,46,24,1,1,4,1,.
49,128.2,180.5,35.9282,1.35,32,24,66,4.4,0.7,0,0,1,0,1,120.022633744856,39.3489921041121,1,381,129,1489,.,.,1,1,4,1,.
49,128.2,180.5,35.9282,1.35,32,24,66,4.4,0.7,0,0,1,0,1,120.022633744856,39.3489921041121,1,381,.,1500.25,.,.,0,2,4,0,0.440574226564268
49,128.2,180.5,35.9282,1.35,32,24,66,4.4,0.7,0,0,1,0,1,120.022633744856,39.3489921041121,1,381,129,1513,14,24,1,1,4,1,.
49,128.2,180.5,35.9282,1.35,32,24,66,4.4,0.7,0,0,1,0,1,120.022633744856,39.3489921041121,1,381,129,1896,.,.,1,1,4,1,.
49,128.2,180.5,35.9282,1.35,32,24,66,4.4,0.7,0,0,1,0,1,120.022633744856,39.3489921041121,1,381,.,1908.42,.,.,0,2,4,0,0.473547282583869
36,163.2,160.4,86.8902,0.66,14,14,80,3.6,0.3,0,1,0,0,2,303.59595959596,63.4324413405389,1,382,129,0,8,24,1,1,4,1,.
36,163.2,160.4,86.8902,0.66,14,14,80,3.6,0.3,0,1,0,0,2,303.59595959596,63.4324413405389,1,382,129,216,.,.,1,1,4,1,.
36,163.2,160.4,86.8902,0.66,14,14,80,3.6,0.3,0,1,0,0,2,303.59595959596,63.4324413405389,1,382,.,229,.,.,0,2,4,0,0.21300996858714
36,163.2,160.4,86.8902,0.66,14,14,80,3.6,0.3,0,1,0,0,2,303.59595959596,63.4324413405389,1,382,129,240,46,24,1,1,4,1,.
36,163.2,160.4,86.8902,0.66,14,14,80,3.6,0.3,0,1,0,0,2,303.59595959596,63.4324413405389,1,382,129,1391.5,.,.,1,1,4,1,.
36,163.2,160.4,86.8902,0.66,14,14,80,3.6,0.3,0,1,0,0,2,303.59595959596,63.4324413405389,1,382,.,1404.75,.,.,0,2,4,0,0.140553455142023
36,163.2,160.4,86.8902,0.66,14,14,80,3.6,0.3,0,1,0,0,2,303.59595959596,63.4324413405389,1,382,129,1415.5,.,.,1,1,4,1,.
36,163.2,160.4,86.8902,0.66,14,14,80,3.6,0.3,0,1,0,0,2,303.59595959596,63.4324413405389,1,382,129,1437.5,17,24,1,1,4,1,.
36,163.2,160.4,86.8902,0.66,14,14,80,3.6,0.3,0,1,0,0,2,303.59595959596,63.4324413405389,1,382,129,1871.5,.,.,1,1,4,1,.
36,163.2,160.4,86.8902,0.66,14,14,80,3.6,0.3,0,1,0,0,2,303.59595959596,63.4324413405389,1,382,.,1883.75,.,.,0,2,4,0,0.264426591532055
31,85.3,162.8,33.0585,0.63,21,20,48,4.4,0.4,0,1,0,0,2,174.22938712522,32.184015599249,1,383,129,0,10,24,1,1,4,1,.
31,85.3,162.8,33.0585,0.63,21,20,48,4.4,0.4,0,1,0,0,2,174.22938712522,32.184015599249,1,383,129,265,.,.,1,1,4,1,.
31,85.3,162.8,33.0585,0.63,21,20,48,4.4,0.4,0,1,0,0,2,174.22938712522,32.184015599249,1,383,.,277,.,.,0,2,4,0,0.0974574302179168
31,85.3,162.8,33.0585,0.63,21,20,48,4.4,0.4,0,1,0,0,2,174.22938712522,32.184015599249,1,383,129,289,.,.,1,1,4,1,.
31,85.3,162.8,33.0585,0.63,21,20,48,4.4,0.4,0,1,0,0,2,174.22938712522,32.184015599249,1,383,258,1053.5,.,.,1,1,4,1,.
31,85.3,162.8,33.0585,0.63,21,20,48,4.4,0.4,0,1,0,0,2,174.22938712522,32.184015599249,1,383,129,1077.5,9,24,1,1,4,1,.
31,85.3,162.8,33.0585,0.63,21,20,48,4.4,0.4,0,1,0,0,2,174.22938712522,32.184015599249,1,383,129,1318.5,.,.,1,1,4,1,.
31,85.3,162.8,33.0585,0.63,21,20,48,4.4,0.4,0,1,0,0,2,174.22938712522,32.184015599249,1,383,.,1332.33,.,.,0,2,4,0,0.182092212954338
31,85.3,162.8,33.0585,0.63,21,20,48,4.4,0.4,0,1,0,0,2,174.22938712522,32.184015599249,1,383,129,1342.5,.,.,1,1,4,1,.
31,85.3,162.8,33.0585,0.63,21,20,48,4.4,0.4,0,1,0,0,2,174.22938712522,32.184015599249,1,383,129,1437.5,22,24,1,1,4,1,.
31,85.3,162.8,33.0585,0.63,21,20,48,4.4,0.4,0,1,0,0,2,174.22938712522,32.184015599249,1,383,129,1992,.,.,1,1,4,1,.
31,85.3,162.8,33.0585,0.63,21,20,48,4.4,0.4,0,1,0,0,2,174.22938712522,32.184015599249,1,383,.,2004.75,.,.,0,2,4,0,0.168150891280604
43,72.1,158.8,32.5168,0.48,20,28,117,4.5,0.6,1,0,0,0,2,172.009403935185,28.5913240995121,0,384,129,0,13,24,1,1,4,1,.
43,72.1,158.8,32.5168,0.48,20,28,117,4.5,0.6,1,0,0,0,2,172.009403935185,28.5913240995121,0,384,129,337.5,.,.,1,1,4,1,.
43,72.1,158.8,32.5168,0.48,20,28,117,4.5,0.6,1,0,0,0,2,172.009403935185,28.5913240995121,0,384,.,354.25,.,.,0,2,4,0,0.0266024679049952
43,72.1,158.8,32.5168,0.48,20,28,117,4.5,0.6,1,0,0,0,2,172.009403935185,28.5913240995121,0,384,129,361.5,.,.,1,1,4,1,.
43,72.1,158.8,32.5168,0.48,20,28,117,4.5,0.6,1,0,0,0,2,172.009403935185,28.5913240995121,0,384,129,1078,15,24,1,1,4,1,.
43,72.1,158.8,32.5168,0.48,20,28,117,4.5,0.6,1,0,0,0,2,172.009403935185,28.5913240995121,0,384,129,1466.5,.,.,1,1,4,1,.
43,72.1,158.8,32.5168,0.48,20,28,117,4.5,0.6,1,0,0,0,2,172.009403935185,28.5913240995121,0,384,.,1476,.,.,0,2,4,0,0.208833164821796
43,72.1,158.8,32.5168,0.48,20,28,117,4.5,0.6,1,0,0,0,2,172.009403935185,28.5913240995121,0,384,129,1490.5,.,.,1,1,4,1,.
43,72.1,158.8,32.5168,0.48,20,28,117,4.5,0.6,1,0,0,0,2,172.009403935185,28.5913240995121,0,384,129,1534,18,24,1,1,4,1,.
43,72.1,158.8,32.5168,0.48,20,28,117,4.5,0.6,1,0,0,0,2,172.009403935185,28.5913240995121,0,384,129,1993,.,.,1,1,4,1,.
43,72.1,158.8,32.5168,0.48,20,28,117,4.5,0.6,1,0,0,0,2,172.009403935185,28.5913240995121,0,384,.,2004.08,.,.,0,2,4,0,0.252574082620833
32,84.1,164.3,33.9321,0.58,18,23,49,4.5,0.6,1,0,0,0,2,184.875,31.1545059751083,1,385,129,0,64,24,1,1,4,1,.
32,84.1,164.3,33.9321,0.58,18,23,49,4.5,0.6,1,0,0,0,2,184.875,31.1545059751083,1,385,129,1562,.,.,1,1,4,1,.
32,84.1,164.3,33.9321,0.58,18,23,49,4.5,0.6,1,0,0,0,2,184.875,31.1545059751083,1,385,.,1572.5,.,.,0,2,4,0,0.111338688909672
32,84.1,164.3,33.9321,0.58,18,23,49,4.5,0.6,1,0,0,0,2,184.875,31.1545059751083,1,385,129,1586,9,24,1,1,4,1,.
32,84.1,164.3,33.9321,0.58,18,23,49,4.5,0.6,1,0,0,0,2,184.875,31.1545059751083,1,385,129,1849.5,.,.,1,1,4,1,.
32,84.1,164.3,33.9321,0.58,18,23,49,4.5,0.6,1,0,0,0,2,184.875,31.1545059751083,1,385,.,1860.5,.,.,0,2,4,0,0.197096444886492
21,73,187.6,11.5297,0.91,11,18,85,4.7,0.8,0,1,0,0,1,132.58547008547,20.7423134101045,0,386,129,0,62,24,1,1,4,1,.
21,73,187.6,11.5297,0.91,11,18,85,4.7,0.8,0,1,0,0,1,132.58547008547,20.7423134101045,0,386,129,1535.25,.,.,1,1,4,1,.
21,73,187.6,11.5297,0.91,11,18,85,4.7,0.8,0,1,0,0,1,132.58547008547,20.7423134101045,0,386,.,1548.08,.,.,0,2,4,0,0.110659910522326
21,73,187.6,11.5297,0.91,11,18,85,4.7,0.8,0,1,0,0,1,132.58547008547,20.7423134101045,0,386,129,1559.25,18,24,1,1,4,1,.
21,73,187.6,11.5297,0.91,11,18,85,4.7,0.8,0,1,0,0,1,132.58547008547,20.7423134101045,0,386,129,2015.75,.,.,1,1,4,1,.
21,73,187.6,11.5297,0.91,11,18,85,4.7,0.8,0,1,0,0,1,132.58547008547,20.7423134101045,0,386,.,2028.08,.,.,0,2,4,0,0.142467623573377
23,88.1,163.2,33.8891,0.77,32,25,54,3.7,0.2,0,1,0,0,2,158.036525974026,33.0777225105729,1,387,129,0,12,24,1,1,4,1,.
23,88.1,163.2,33.8891,0.77,32,25,54,3.7,0.2,0,1,0,0,2,158.036525974026,33.0777225105729,1,387,129,313,.,.,1,1,4,1,.
23,88.1,163.2,33.8891,0.77,32,25,54,3.7,0.2,0,1,0,0,2,158.036525974026,33.0777225105729,1,387,.,323.33,.,.,0,2,4,0,0.379661875369945
23,88.1,163.2,33.8891,0.77,32,25,54,3.7,0.2,0,1,0,0,2,158.036525974026,33.0777225105729,1,387,129,337,47,24,1,1,4,1,.
23,88.1,163.2,33.8891,0.77,32,25,54,3.7,0.2,0,1,0,0,2,158.036525974026,33.0777225105729,1,387,129,1490,.,.,1,1,4,1,.
23,88.1,163.2,33.8891,0.77,32,25,54,3.7,0.2,0,1,0,0,2,158.036525974026,33.0777225105729,1,387,.,1499.25,.,.,0,2,4,0,0.390173530096709
23,88.1,163.2,33.8891,0.77,32,25,54,3.7,0.2,0,1,0,0,2,158.036525974026,33.0777225105729,1,387,129,1514,18,24,1,1,4,1,.
23,88.1,163.2,33.8891,0.77,32,25,54,3.7,0.2,0,1,0,0,2,158.036525974026,33.0777225105729,1,387,129,1979,.,.,1,1,4,1,.
23,88.1,163.2,33.8891,0.77,32,25,54,3.7,0.2,0,1,0,0,2,158.036525974026,33.0777225105729,1,387,.,2003,.,.,0,2,4,0,0.236536715678946
20,50.9,174.7,8.1094,0.87,14,24,71,4.8,1.3,1,0,0,0,1,97.5095785440613,16.6775392864176,0,388,129,0,12,24,1,1,4,1,.
20,50.9,174.7,8.1094,0.87,14,24,71,4.8,1.3,1,0,0,0,1,97.5095785440613,16.6775392864176,0,388,129,312.5,.,.,1,1,4,1,.
20,50.9,174.7,8.1094,0.87,14,24,71,4.8,1.3,1,0,0,0,1,97.5095785440613,16.6775392864176,0,388,.,323.5,.,.,0,2,4,0,0.0943995841250012
20,50.9,174.7,8.1094,0.87,14,24,71,4.8,1.3,1,0,0,0,1,97.5095785440613,16.6775392864176,0,388,129,336.5,.,.,1,1,4,1,.
20,50.9,174.7,8.1094,0.87,14,24,71,4.8,1.3,1,0,0,0,1,97.5095785440613,16.6775392864176,0,388,129,381.5,45,24,1,1,4,1,.
20,50.9,174.7,8.1094,0.87,14,24,71,4.8,1.3,1,0,0,0,1,97.5095785440613,16.6775392864176,0,388,129,1487.5,.,.,1,1,4,1,.
20,50.9,174.7,8.1094,0.87,14,24,71,4.8,1.3,1,0,0,0,1,97.5095785440613,16.6775392864176,0,388,.,1499.67,.,.,0,2,4,0,0.178111662784927
59,79.1,157.1,29.7128,0.83,14,16,79,4.6,0.5,0,1,0,0,2,91.1317771084337,32.0497106814676,1,389,129,0,13,24,1,1,4,1,.
59,79.1,157.1,29.7128,0.83,14,16,79,4.6,0.5,0,1,0,0,2,91.1317771084337,32.0497106814676,1,389,129,336.5,.,.,1,1,4,1,.
59,79.1,157.1,29.7128,0.83,14,16,79,4.6,0.5,0,1,0,0,2,91.1317771084337,32.0497106814676,1,389,.,345.75,.,.,0,2,4,0,0.445514721660153
59,79.1,157.1,29.7128,0.83,14,16,79,4.6,0.5,0,1,0,0,2,91.1317771084337,32.0497106814676,1,389,129,360.5,.,.,1,1,4,1,.
59,79.1,157.1,29.7128,0.83,14,16,79,4.6,0.5,0,1,0,0,2,91.1317771084337,32.0497106814676,1,389,129,379.5,.,.,1,1,4,1,.
59,79.1,157.1,29.7128,0.83,14,16,79,4.6,0.5,0,1,0,0,2,91.1317771084337,32.0497106814676,1,389,129,739.5,29,24,1,1,4,1,.
59,79.1,157.1,29.7128,0.83,14,16,79,4.6,0.5,0,1,0,0,2,91.1317771084337,32.0497106814676,1,389,129,1464.5,.,.,1,1,4,1,.
59,79.1,157.1,29.7128,0.83,14,16,79,4.6,0.5,0,1,0,0,2,91.1317771084337,32.0497106814676,1,389,.,1473.5,.,.,0,2,4,0,0.283700967953884
49,95.3,160.1,43.1955,0.83,28,27,63,4.1,0.4,0,0,0,1,2,123.350987282463,37.1800728854272,1,390,129,0,12,24,1,1,4,1,.
49,95.3,160.1,43.1955,0.83,28,27,63,4.1,0.4,0,0,0,1,2,123.350987282463,37.1800728854272,1,390,129,312,.,.,1,1,4,1,.
49,95.3,160.1,43.1955,0.83,28,27,63,4.1,0.4,0,0,0,1,2,123.350987282463,37.1800728854272,1,390,.,325,.,.,0,2,4,0,0.183040079336552
49,95.3,160.1,43.1955,0.83,28,27,63,4.1,0.4,0,0,0,1,2,123.350987282463,37.1800728854272,1,390,129,336,.,.,1,1,4,1,.
49,95.3,160.1,43.1955,0.83,28,27,63,4.1,0.4,0,0,0,1,2,123.350987282463,37.1800728854272,1,390,129,383,.,.,1,1,4,1,.
49,95.3,160.1,43.1955,0.83,28,27,63,4.1,0.4,0,0,0,1,2,123.350987282463,37.1800728854272,1,390,129,1055,18,24,1,1,4,1,.
49,95.3,160.1,43.1955,0.83,28,27,63,4.1,0.4,0,0,0,1,2,123.350987282463,37.1800728854272,1,390,129,1513,.,.,1,1,4,1,.
49,95.3,160.1,43.1955,0.83,28,27,63,4.1,0.4,0,0,0,1,2,123.350987282463,37.1800728854272,1,390,.,1526,.,.,0,2,4,0,0.456016943540274
49,95.3,160.1,43.1955,0.83,28,27,63,4.1,0.4,0,0,0,1,2,123.350987282463,37.1800728854272,1,390,129,1537,18,24,1,1,4,1,.
49,95.3,160.1,43.1955,0.83,28,27,63,4.1,0.4,0,0,0,1,2,123.350987282463,37.1800728854272,1,390,129,1993,.,.,1,1,4,1,.
49,95.3,160.1,43.1955,0.83,28,27,63,4.1,0.4,0,0,0,1,2,123.350987282463,37.1800728854272,1,390,.,2005.17,.,.,0,2,4,0,0.487229507280118
46,52.9,163.7,14.64,0.65,14,17,45,4.2,0.3,0,1,0,0,2,90.3143162393162,19.7405074840406,0,391,129,0,12,24,1,1,4,1,.
46,52.9,163.7,14.64,0.65,14,17,45,4.2,0.3,0,1,0,0,2,90.3143162393162,19.7405074840406,0,391,129,312,.,.,1,1,4,1,.
46,52.9,163.7,14.64,0.65,14,17,45,4.2,0.3,0,1,0,0,2,90.3143162393162,19.7405074840406,0,391,.,334.58,.,.,0,2,4,0,0.185765071093593
46,52.9,163.7,14.64,0.65,14,17,45,4.2,0.3,0,1,0,0,2,90.3143162393162,19.7405074840406,0,391,129,336,47,24,1,1,4,1,.
46,52.9,163.7,14.64,0.65,14,17,45,4.2,0.3,0,1,0,0,2,90.3143162393162,19.7405074840406,0,391,129,1511.75,.,.,1,1,4,1,.
46,52.9,163.7,14.64,0.65,14,17,45,4.2,0.3,0,1,0,0,2,90.3143162393162,19.7405074840406,0,391,.,1534.5,.,.,0,2,4,0,0.267239396404136
46,52.9,163.7,14.64,0.65,14,17,45,4.2,0.3,0,1,0,0,2,90.3143162393162,19.7405074840406,0,391,129,1535.75,18,24,1,1,4,1,.
46,52.9,163.7,14.64,0.65,14,17,45,4.2,0.3,0,1,0,0,2,90.3143162393162,19.7405074840406,0,391,129,1991.75,.,.,1,1,4,1,.
46,52.9,163.7,14.64,0.65,14,17,45,4.2,0.3,0,1,0,0,2,90.3143162393162,19.7405074840406,0,391,.,2005.67,.,.,0,2,4,0,0.473967485507486
19,56.8,176.7,15.7277,0.82,13,18,60,4.6,0.7,1,0,0,0,2,98.9478319783198,18.1917817344903,0,392,129,0,11,24,1,1,4,1,.
19,56.8,176.7,15.7277,0.82,13,18,60,4.6,0.7,1,0,0,0,2,98.9478319783198,18.1917817344903,0,392,129,300.33,.,.,1,1,4,1,.
19,56.8,176.7,15.7277,0.82,13,18,60,4.6,0.7,1,0,0,0,2,98.9478319783198,18.1917817344903,0,392,.,324.33,.,.,0,2,4,0,0.025890668256964
19,56.8,176.7,15.7277,0.82,13,18,60,4.6,0.7,1,0,0,0,2,98.9478319783198,18.1917817344903,0,392,129,1488.5,.,.,1,1,4,1,.
19,56.8,176.7,15.7277,0.82,13,18,60,4.6,0.7,1,0,0,0,2,98.9478319783198,18.1917817344903,0,392,.,1512.5,.,.,0,2,4,0,0.0740085183368236
19,56.8,176.7,15.7277,0.82,13,18,60,4.6,0.7,1,0,0,0,2,98.9478319783198,18.1917817344903,0,392,129,1993.5,.,.,1,1,4,1,.
19,56.8,176.7,15.7277,0.82,13,18,60,4.6,0.7,1,0,0,0,2,98.9478319783198,18.1917817344903,0,392,.,2005.25,.,.,0,2,4,0,0.11194492767699
19,79.8,177,12.2817,1.08,20,24,57,4.3,0.6,0,0,1,0,1,124.174382716049,25.4716077755434,0,393,129,0,25,24,1,1,4,1,.
19,79.8,177,12.2817,1.08,20,24,57,4.3,0.6,0,0,1,0,1,124.174382716049,25.4716077755434,0,393,129,647.5,.,.,1,1,4,1,.
19,79.8,177,12.2817,1.08,20,24,57,4.3,0.6,0,0,1,0,1,124.174382716049,25.4716077755434,0,393,.,665.83,.,.,0,2,4,0,0.416410347143053
19,79.8,177,12.2817,1.08,20,24,57,4.3,0.6,0,0,1,0,1,124.174382716049,25.4716077755434,0,393,129,671.5,33,24,1,1,4,1,.
19,79.8,177,12.2817,1.08,20,24,57,4.3,0.6,0,0,1,0,1,124.174382716049,25.4716077755434,0,393,129,1487.5,.,.,1,1,4,1,.
19,79.8,177,12.2817,1.08,20,24,57,4.3,0.6,0,0,1,0,1,124.174382716049,25.4716077755434,0,393,.,1499.08,.,.,0,2,4,0,0.308984593671415
19,79.8,177,12.2817,1.08,20,24,57,4.3,0.6,0,0,1,0,1,124.174382716049,25.4716077755434,0,393,129,1511.5,19,24,1,1,4,1,.
19,79.8,177,12.2817,1.08,20,24,57,4.3,0.6,0,0,1,0,1,124.174382716049,25.4716077755434,0,393,129,1991.5,.,.,1,1,4,1,.
19,79.8,177,12.2817,1.08,20,24,57,4.3,0.6,0,0,1,0,1,124.174382716049,25.4716077755434,0,393,.,2003.08,.,.,0,2,4,0,0.265249535571732
41,86.7,159.3,38.8779,0.82,13,18,79,4.4,0.3,0,1,0,0,2,123.573932926829,34.165481514583,1,394,129,0,11,24,1,1,4,1,.
41,86.7,159.3,38.8779,0.82,13,18,79,4.4,0.3,0,1,0,0,2,123.573932926829,34.165481514583,1,394,129,288,.,.,1,1,4,1,.
41,86.7,159.3,38.8779,0.82,13,18,79,4.4,0.3,0,1,0,0,2,123.573932926829,34.165481514583,1,394,.,299.92,.,.,0,2,4,0,0.369259083546101
41,86.7,159.3,38.8779,0.82,13,18,79,4.4,0.3,0,1,0,0,2,123.573932926829,34.165481514583,1,394,129,312,.,.,1,1,4,1,.
41,86.7,159.3,38.8779,0.82,13,18,79,4.4,0.3,0,1,0,0,2,123.573932926829,34.165481514583,1,394,129,1029,17,24,1,1,4,1,.
41,86.7,159.3,38.8779,0.82,13,18,79,4.4,0.3,0,1,0,0,2,123.573932926829,34.165481514583,1,394,129,1464,.,.,1,1,4,1,.
41,86.7,159.3,38.8779,0.82,13,18,79,4.4,0.3,0,1,0,0,2,123.573932926829,34.165481514583,1,394,.,1479.25,.,.,0,2,4,0,0.165521771917567
41,86.7,159.3,38.8779,0.82,13,18,79,4.4,0.3,0,1,0,0,2,123.573932926829,34.165481514583,1,394,129,1488,19,24,1,1,4,1,.
41,86.7,159.3,38.8779,0.82,13,18,79,4.4,0.3,0,1,0,0,2,123.573932926829,34.165481514583,1,394,129,1968,.,.,1,1,4,1,.
41,86.7,159.3,38.8779,0.82,13,18,79,4.4,0.3,0,1,0,0,2,123.573932926829,34.165481514583,1,394,.,1983,.,.,0,2,4,0,0.402045147187723
29,61.4,160.6,22.7003,0.83,14,20,48,3.8,0.5,1,0,0,0,2,96.9392570281124,23.805498992725,0,395,129,0,13,24,1,1,4,1,.
29,61.4,160.6,22.7003,0.83,14,20,48,3.8,0.5,1,0,0,0,2,96.9392570281124,23.805498992725,0,395,129,336,.,.,1,1,4,1,.
29,61.4,160.6,22.7003,0.83,14,20,48,3.8,0.5,1,0,0,0,2,96.9392570281124,23.805498992725,0,395,.,346,.,.,0,2,4,0,0.382285842752942
19,69,170.1,23.3087,0.93,16,23,43,4.6,0.6,0,1,0,0,2,105.983422939068,23.8473685465651,0,396,129,0,11,24,1,1,4,1,.
19,69,170.1,23.3087,0.93,16,23,43,4.6,0.6,0,1,0,0,2,105.983422939068,23.8473685465651,0,396,129,311.5,.,.,1,1,4,1,.
19,69,170.1,23.3087,0.93,16,23,43,4.6,0.6,0,1,0,0,2,105.983422939068,23.8473685465651,0,396,.,321.75,.,.,0,2,4,0,0.165697456053494
19,69,170.1,23.3087,0.93,16,23,43,4.6,0.6,0,1,0,0,2,105.983422939068,23.8473685465651,0,396,129,335.5,.,.,1,1,4,1,.
19,69,170.1,23.3087,0.93,16,23,43,4.6,0.6,0,1,0,0,2,105.983422939068,23.8473685465651,0,396,129,379.5,62,24,1,1,4,1,.
19,69,170.1,23.3087,0.93,16,23,43,4.6,0.6,0,1,0,0,2,105.983422939068,23.8473685465651,0,396,129,1894.5,.,.,1,1,4,1,.
19,69,170.1,23.3087,0.93,16,23,43,4.6,0.6,0,1,0,0,2,105.983422939068,23.8473685465651,0,396,.,1905.75,.,.,0,2,4,0,0.0731061507603684
25,62.2,171.2,12.7856,0.77,23,24,61,4.9,0.2,1,0,0,0,1,129.022366522367,21.2218316010132,0,397,129,0,12,24,1,1,4,1,.
25,62.2,171.2,12.7856,0.77,23,24,61,4.9,0.2,1,0,0,0,1,129.022366522367,21.2218316010132,0,397,129,312.5,.,.,1,1,4,1,.
25,62.2,171.2,12.7856,0.77,23,24,61,4.9,0.2,1,0,0,0,1,129.022366522367,21.2218316010132,0,397,.,334,.,.,0,2,4,0,0.257909587728693
25,62.2,171.2,12.7856,0.77,23,24,61,4.9,0.2,1,0,0,0,1,129.022366522367,21.2218316010132,0,397,129,336.5,47,24,1,1,4,1,.
25,62.2,171.2,12.7856,0.77,23,24,61,4.9,0.2,1,0,0,0,1,129.022366522367,21.2218316010132,0,397,129,1489,.,.,1,1,4,1,.
25,62.2,171.2,12.7856,0.77,23,24,61,4.9,0.2,1,0,0,0,1,129.022366522367,21.2218316010132,0,397,.,1509.5,.,.,0,2,4,0,0.589669294389419
25,62.2,171.2,12.7856,0.77,23,24,61,4.9,0.2,1,0,0,0,1,129.022366522367,21.2218316010132,0,397,129,1513,18,24,1,1,4,1,.
25,62.2,171.2,12.7856,0.77,23,24,61,4.9,0.2,1,0,0,0,1,129.022366522367,21.2218316010132,0,397,129,1969.5,.,.,1,1,4,1,.
25,62.2,171.2,12.7856,0.77,23,24,61,4.9,0.2,1,0,0,0,1,129.022366522367,21.2218316010132,0,397,.,1989.67,.,.,0,2,4,0,0.326908318974854
55,71.7,166.1,28.5762,0.76,14,21,68,4.6,0.7,0,1,0,0,2,94.6696820175438,25.9884208355368,0,398,129,0,58,24,1,1,4,1,.
55,71.7,166.1,28.5762,0.76,14,21,68,4.6,0.7,0,1,0,0,2,94.6696820175438,25.9884208355368,0,398,129,1417.25,.,.,1,1,4,1,.
55,71.7,166.1,28.5762,0.76,14,21,68,4.6,0.7,0,1,0,0,2,94.6696820175438,25.9884208355368,0,398,.,1437.08,.,.,0,2,4,0,0.254797682389429
55,71.7,166.1,28.5762,0.76,14,21,68,4.6,0.7,0,1,0,0,2,94.6696820175438,25.9884208355368,0,398,129,1441.25,20,24,1,1,4,1,.
55,71.7,166.1,28.5762,0.76,14,21,68,4.6,0.7,0,1,0,0,2,94.6696820175438,25.9884208355368,0,398,129,1956.5,.,.,1,1,4,1,.
55,71.7,166.1,28.5762,0.76,14,21,68,4.6,0.7,0,1,0,0,2,94.6696820175438,25.9884208355368,0,398,.,1980.5,.,.,0,2,4,0,0.360838591585529
35,74.2,187.3,21.2816,0.87,21,22,59,4.6,0.8,0,1,0,0,1,124.377394636015,21.150875580687,0,399,129,0,17,24,1,1,4,1,.
35,74.2,187.3,21.2816,0.87,21,22,59,4.6,0.8,0,1,0,0,1,124.377394636015,21.150875580687,0,399,129,434,.,.,1,1,4,1,.
35,74.2,187.3,21.2816,0.87,21,22,59,4.6,0.8,0,1,0,0,1,124.377394636015,21.150875580687,0,399,.,452.08,.,.,0,2,4,0,0.0927616680225992
35,74.2,187.3,21.2816,0.87,21,22,59,4.6,0.8,0,1,0,0,1,124.377394636015,21.150875580687,0,399,129,458,.,.,1,1,4,1,.
35,74.2,187.3,21.2816,0.87,21,22,59,4.6,0.8,0,1,0,0,1,124.377394636015,21.150875580687,0,399,129,1005,17,24,1,1,4,1,.
35,74.2,187.3,21.2816,0.87,21,22,59,4.6,0.8,0,1,0,0,1,124.377394636015,21.150875580687,0,399,129,1442.25,.,.,1,1,4,1,.
35,74.2,187.3,21.2816,0.87,21,22,59,4.6,0.8,0,1,0,0,1,124.377394636015,21.150875580687,0,399,.,1460.58,.,.,0,2,4,0,0.334704908364766
35,74.2,187.3,21.2816,0.87,21,22,59,4.6,0.8,0,1,0,0,1,124.377394636015,21.150875580687,0,399,129,1466.25,18,24,1,1,4,1,.
35,74.2,187.3,21.2816,0.87,21,22,59,4.6,0.8,0,1,0,0,1,124.377394636015,21.150875580687,0,399,129,1945,.,.,1,1,4,1,.
35,74.2,187.3,21.2816,0.87,21,22,59,4.6,0.8,0,1,0,0,1,124.377394636015,21.150875580687,0,399,.,1963.83,.,.,0,2,4,0,0.244415679205591
28,68.3,158.4,28.2504,0.55,31,34,67,4.3,0.1,0,0,0,1,2,164.19595959596,27.2213932251811,0,400,129,0,.,.,1,1,4,1,.
28,68.3,158.4,28.2504,0.55,31,34,67,4.3,0.1,0,0,0,1,2,164.19595959596,27.2213932251811,0,400,258,1029.5,.,.,1,1,4,1,.
28,68.3,158.4,28.2504,0.55,31,34,67,4.3,0.1,0,0,0,1,2,164.19595959596,27.2213932251811,0,400,129,1053.5,17,24,1,1,4,1,.
28,68.3,158.4,28.2504,0.55,31,34,67,4.3,0.1,0,0,0,1,2,164.19595959596,27.2213932251811,0,400,129,1488,.,.,1,1,4,1,.
28,68.3,158.4,28.2504,0.55,31,34,67,4.3,0.1,0,0,0,1,2,164.19595959596,27.2213932251811,0,400,.,1527.05,.,.,0,2,4,0,0.0813984659717492
28,68.3,158.4,28.2504,0.55,31,34,67,4.3,0.1,0,0,0,1,2,164.19595959596,27.2213932251811,0,400,129,1536,18,24,1,1,4,1,.
28,68.3,158.4,28.2504,0.55,31,34,67,4.3,0.1,0,0,0,1,2,164.19595959596,27.2213932251811,0,400,129,2015,.,.,1,1,4,1,.
28,68.3,158.4,28.2504,0.55,31,34,67,4.3,0.1,0,0,0,1,2,164.19595959596,27.2213932251811,0,400,.,2029.6,.,.,0,2,4,0,0.376286203402461
59,59.7,147.9,23.7853,0.53,18,20,92,4.2,0.2,1,0,0,0,2,107.713443396226,27.2921646800988,0,401,129,0,12,24,1,1,4,1,.
59,59.7,147.9,23.7853,0.53,18,20,92,4.2,0.2,1,0,0,0,2,107.713443396226,27.2921646800988,0,401,129,335.62,.,.,1,1,4,1,.
59,59.7,147.9,23.7853,0.53,18,20,92,4.2,0.2,1,0,0,0,2,107.713443396226,27.2921646800988,0,401,.,356.37,.,.,0,2,4,0,0.174645116449771
59,59.7,147.9,23.7853,0.53,18,20,92,4.2,0.2,1,0,0,0,2,107.713443396226,27.2921646800988,0,401,129,359.62,45,24,1,1,4,1,.
59,59.7,147.9,23.7853,0.53,18,20,92,4.2,0.2,1,0,0,0,2,107.713443396226,27.2921646800988,0,401,129,1487.2,.,.,1,1,4,1,.
59,59.7,147.9,23.7853,0.53,18,20,92,4.2,0.2,1,0,0,0,2,107.713443396226,27.2921646800988,0,401,.,1507.7,.,.,0,2,4,0,0.240481124610663
44,96.8,186.2,24.4875,1.04,15,16,53,4.4,0.4,0,1,0,0,1,124.102564102564,27.9200379343325,0,402,129,0,12,24,1,1,4,1,.
44,96.8,186.2,24.4875,1.04,15,16,53,4.4,0.4,0,1,0,0,1,124.102564102564,27.9200379343325,0,402,129,312.5,.,.,1,1,4,1,.
44,96.8,186.2,24.4875,1.04,15,16,53,4.4,0.4,0,1,0,0,1,124.102564102564,27.9200379343325,0,402,.,324.57,.,.,0,2,4,0,0.280647454479336
44,96.8,186.2,24.4875,1.04,15,16,53,4.4,0.4,0,1,0,0,1,124.102564102564,27.9200379343325,0,402,129,336.5,47,24,1,1,4,1,.
44,96.8,186.2,24.4875,1.04,15,16,53,4.4,0.4,0,1,0,0,1,124.102564102564,27.9200379343325,0,402,129,1488.5,.,.,1,1,4,1,.
44,96.8,186.2,24.4875,1.04,15,16,53,4.4,0.4,0,1,0,0,1,124.102564102564,27.9200379343325,0,402,129,1512.5,.,.,1,1,4,1,.
44,96.8,186.2,24.4875,1.04,15,16,53,4.4,0.4,0,1,0,0,1,124.102564102564,27.9200379343325,0,402,129,1605,15,24,1,1,4,1,.
44,96.8,186.2,24.4875,1.04,15,16,53,4.4,0.4,0,1,0,0,1,124.102564102564,27.9200379343325,0,402,129,1992,.,.,1,1,4,1,.
23,81.3,160.3,31.9169,0.68,15,16,64,4.1,0.9,0,0,1,0,2,165.140625,31.6390548133977,1,403,129,0,11,24,1,1,4,1,.
23,81.3,160.3,31.9169,0.68,15,16,64,4.1,0.9,0,0,1,0,2,165.140625,31.6390548133977,1,403,129,299.5,.,.,1,1,4,1,.
23,81.3,160.3,31.9169,0.68,15,16,64,4.1,0.9,0,0,1,0,2,165.140625,31.6390548133977,1,403,.,323.5,.,.,0,2,4,0,0.109296990851644
23,81.3,160.3,31.9169,0.68,15,16,64,4.1,0.9,0,0,1,0,2,165.140625,31.6390548133977,1,403,129,1656,.,.,1,1,4,1,.
23,81.3,160.3,31.9169,0.68,15,16,64,4.1,0.9,0,0,1,0,2,165.140625,31.6390548133977,1,403,.,1668.17,.,.,0,2,4,0,0.1106406659165
32,65.5,167.7,20.5655,0.75,21,27,60,4.6,0.6,0,1,0,0,2,111.35,23.2903049394292,0,404,129,0,11,24,1,1,4,1,.
32,65.5,167.7,20.5655,0.75,21,27,60,4.6,0.6,0,1,0,0,2,111.35,23.2903049394292,0,404,129,311.75,.,.,1,1,4,1,.
32,65.5,167.7,20.5655,0.75,21,27,60,4.6,0.6,0,1,0,0,2,111.35,23.2903049394292,0,404,.,328,.,.,0,2,4,0,0.184416611715805
32,65.5,167.7,20.5655,0.75,21,27,60,4.6,0.6,0,1,0,0,2,111.35,23.2903049394292,0,404,129,335.75,18,24,1,1,4,1,.
32,65.5,167.7,20.5655,0.75,21,27,60,4.6,0.6,0,1,0,0,2,111.35,23.2903049394292,0,404,129,792,.,.,1,1,4,1,.
42,77.8,157.9,31.2765,0.52,13,18,57,4.2,0.4,0,1,0,0,2,173.096688034188,31.2043641188317,1,405,129,0,12,24,1,1,4,1,.
42,77.8,157.9,31.2765,0.52,13,18,57,4.2,0.4,0,1,0,0,2,173.096688034188,31.2043641188317,1,405,129,313,.,.,1,1,4,1,.
42,77.8,157.9,31.2765,0.52,13,18,57,4.2,0.4,0,1,0,0,2,173.096688034188,31.2043641188317,1,405,.,330.25,.,.,0,2,4,0,0.216635981802429
42,77.8,157.9,31.2765,0.52,13,18,57,4.2,0.4,0,1,0,0,2,173.096688034188,31.2043641188317,1,405,129,337,47,24,1,1,4,1,.
42,77.8,157.9,31.2765,0.52,13,18,57,4.2,0.4,0,1,0,0,2,173.096688034188,31.2043641188317,1,405,129,1489,.,.,1,1,4,1,.
42,77.8,157.9,31.2765,0.52,13,18,57,4.2,0.4,0,1,0,0,2,173.096688034188,31.2043641188317,1,405,.,1501.5,.,.,0,2,4,0,0.302095781421521
42,77.8,157.9,31.2765,0.52,13,18,57,4.2,0.4,0,1,0,0,2,173.096688034188,31.2043641188317,1,405,129,1513,19,24,1,1,4,1,.
42,77.8,157.9,31.2765,0.52,13,18,57,4.2,0.4,0,1,0,0,2,173.096688034188,31.2043641188317,1,405,129,1993,.,.,1,1,4,1,.
42,77.8,157.9,31.2765,0.52,13,18,57,4.2,0.4,0,1,0,0,2,173.096688034188,31.2043641188317,1,405,.,2006.5,.,.,0,2,4,0,0.223629849892289
21,72.7,170.7,18.3945,0.97,16,21,73,4.8,0.7,0,1,0,0,1,123.87313860252,24.949817234867,0,406,129,0,11,24,1,1,4,1,.
21,72.7,170.7,18.3945,0.97,16,21,73,4.8,0.7,0,1,0,0,1,123.87313860252,24.949817234867,0,406,129,310.75,.,.,1,1,4,1,.
21,72.7,170.7,18.3945,0.97,16,21,73,4.8,0.7,0,1,0,0,1,123.87313860252,24.949817234867,0,406,.,331.75,.,.,0,2,4,0,0.181489562186612
21,72.7,170.7,18.3945,0.97,16,21,73,4.8,0.7,0,1,0,0,1,123.87313860252,24.949817234867,0,406,129,334.75,41,24,1,1,4,1,.
21,72.7,170.7,18.3945,0.97,16,21,73,4.8,0.7,0,1,0,0,1,123.87313860252,24.949817234867,0,406,129,1342.75,.,.,1,1,4,1,.
21,72.7,170.7,18.3945,0.97,16,21,73,4.8,0.7,0,1,0,0,1,123.87313860252,24.949817234867,0,406,.,1362.75,.,.,0,2,4,0,0.294062989740147
21,72.7,170.7,18.3945,0.97,16,21,73,4.8,0.7,0,1,0,0,1,123.87313860252,24.949817234867,0,406,129,1366.75,25,24,1,1,4,1,.
21,72.7,170.7,18.3945,0.97,16,21,73,4.8,0.7,0,1,0,0,1,123.87313860252,24.949817234867,0,406,129,1991.75,.,.,1,1,4,1,.
21,72.7,170.7,18.3945,0.97,16,21,73,4.8,0.7,0,1,0,0,1,123.87313860252,24.949817234867,0,406,.,2011.75,.,.,0,2,4,0,0.332152673786947
43,51.7,153,20.0486,0.62,27,23,47,4.2,0.4,0,0,0,1,2,95.4898073476702,22.0855226622239,0,407,129,0,.,.,1,1,4,1,.
43,51.7,153,20.0486,0.62,27,23,47,4.2,0.4,0,0,0,1,2,95.4898073476702,22.0855226622239,0,407,129,1055.17,33,24,1,1,4,1,.
43,51.7,153,20.0486,0.62,27,23,47,4.2,0.4,0,0,0,1,2,95.4898073476702,22.0855226622239,0,407,129,1872.92,.,.,1,1,4,1,.
43,51.7,153,20.0486,0.62,27,23,47,4.2,0.4,0,0,0,1,2,95.4898073476702,22.0855226622239,0,407,.,1887.5,.,.,0,2,4,0,-0.0668175017136184
20,44,157.5,14.7904,0.66,15,21,47,4.6,0.9,0,0,1,0,2,94.4444444444444,17.737465356513,0,408,129,0,12,24,1,1,4,1,.
20,44,157.5,14.7904,0.66,15,21,47,4.6,0.9,0,0,1,0,2,94.4444444444444,17.737465356513,0,408,129,312.5,.,.,1,1,4,1,.
20,44,157.5,14.7904,0.66,15,21,47,4.6,0.9,0,0,1,0,2,94.4444444444444,17.737465356513,0,408,.,330.42,.,.,0,2,4,0,0.29827214989285
20,44,157.5,14.7904,0.66,15,21,47,4.6,0.9,0,0,1,0,2,94.4444444444444,17.737465356513,0,408,129,336.5,.,.,1,1,4,1,.
20,44,157.5,14.7904,0.66,15,21,47,4.6,0.9,0,0,1,0,2,94.4444444444444,17.737465356513,0,408,258,1055.25,.,.,1,1,4,1,.
20,44,157.5,14.7904,0.66,15,21,47,4.6,0.9,0,0,1,0,2,94.4444444444444,17.737465356513,0,408,129,1079.25,46,24,1,1,4,1,.
20,44,157.5,14.7904,0.66,15,21,47,4.6,0.9,0,0,1,0,2,94.4444444444444,17.737465356513,0,408,129,2209.25,.,.,1,1,4,1,.
47,95.5,174.6,27.1092,1.04,39,31,51,4.8,0.4,0,1,0,0,1,118.609775641026,31.32671765541,1,409,129,0,12,24,1,1,4,1,.
47,95.5,174.6,27.1092,1.04,39,31,51,4.8,0.4,0,1,0,0,1,118.609775641026,31.32671765541,1,409,129,335.5,.,.,1,1,4,1,.
47,95.5,174.6,27.1092,1.04,39,31,51,4.8,0.4,0,1,0,0,1,118.609775641026,31.32671765541,1,409,.,346.75,.,.,0,2,4,0,0.124754343223141
47,95.5,174.6,27.1092,1.04,39,31,51,4.8,0.4,0,1,0,0,1,118.609775641026,31.32671765541,1,409,129,359.5,45,24,1,1,4,1,.
47,95.5,174.6,27.1092,1.04,39,31,51,4.8,0.4,0,1,0,0,1,118.609775641026,31.32671765541,1,409,129,1486.5,.,.,1,1,4,1,.
47,95.5,174.6,27.1092,1.04,39,31,51,4.8,0.4,0,1,0,0,1,118.609775641026,31.32671765541,1,409,.,1510.5,.,.,0,2,4,0,0.116133927460362
47,95.5,174.6,27.1092,1.04,39,31,51,4.8,0.4,0,1,0,0,1,118.609775641026,31.32671765541,1,409,129,1989.83,.,.,1,1,4,1,.
47,95.5,174.6,27.1092,1.04,39,31,51,4.8,0.4,0,1,0,0,1,118.609775641026,31.32671765541,1,409,.,2003.17,.,.,0,2,4,0,0.125354122699822
33,67.3,167,14.4861,0.82,25,33,58,4.5,1.3,0,0,1,0,1,121.969850948509,24.1313779626376,0,410,129,0,12,24,1,1,4,1,.
33,67.3,167,14.4861,0.82,25,33,58,4.5,1.3,0,0,1,0,1,121.969850948509,24.1313779626376,0,410,129,312.25,.,.,1,1,4,1,.
33,67.3,167,14.4861,0.82,25,33,58,4.5,1.3,0,0,1,0,1,121.969850948509,24.1313779626376,0,410,.,327.5,.,.,0,2,4,0,0.172708180984077
33,67.3,167,14.4861,0.82,25,33,58,4.5,1.3,0,0,1,0,1,121.969850948509,24.1313779626376,0,410,129,336.25,.,.,1,1,4,1,.
33,67.3,167,14.4861,0.82,25,33,58,4.5,1.3,0,0,1,0,1,121.969850948509,24.1313779626376,0,410,129,719,3,24,1,1,4,1,.
33,67.3,167,14.4861,0.82,25,33,58,4.5,1.3,0,0,1,0,1,121.969850948509,24.1313779626376,0,410,129,816.5,.,.,1,1,4,1,.
33,67.3,167,14.4861,0.82,25,33,58,4.5,1.3,0,0,1,0,1,121.969850948509,24.1313779626376,0,410,.,833,.,.,0,2,4,0,0.0808590462251687
49,78.5,161.9,32.9661,0.56,19,22,67,4.3,0.8,0,1,0,0,2,150.594618055556,29.948560962108,0,411,129,0,11,24,1,1,4,1,.
49,78.5,161.9,32.9661,0.56,19,22,67,4.3,0.8,0,1,0,0,2,150.594618055556,29.948560962108,0,411,129,307.5,.,.,1,1,4,1,.
49,78.5,161.9,32.9661,0.56,19,22,67,4.3,0.8,0,1,0,0,2,150.594618055556,29.948560962108,0,411,.,337.5,.,.,0,2,4,0,0.167583973676152
49,78.5,161.9,32.9661,0.56,19,22,67,4.3,0.8,0,1,0,0,2,150.594618055556,29.948560962108,0,411,129,649.5,.,.,1,1,4,1,.
49,78.5,161.9,32.9661,0.56,19,22,67,4.3,0.8,0,1,0,0,2,150.594618055556,29.948560962108,0,411,.,668,.,.,0,2,4,0,0.0977906850917506
21,55.3,150.3,20.0863,0.64,25,32,67,4.4,0.1,1,0,0,0,2,121.388780381944,24.4797608154726,0,412,129,0,12,24,1,1,4,1,.
21,55.3,150.3,20.0863,0.64,25,32,67,4.4,0.1,1,0,0,0,2,121.388780381944,24.4797608154726,0,412,129,312,.,.,1,1,4,1,.
21,55.3,150.3,20.0863,0.64,25,32,67,4.4,0.1,1,0,0,0,2,121.388780381944,24.4797608154726,0,412,.,323.25,.,.,0,2,4,0,0.17443817913793
21,55.3,150.3,20.0863,0.64,25,32,67,4.4,0.1,1,0,0,0,2,121.388780381944,24.4797608154726,0,412,129,336,.,.,1,1,4,1,.
21,55.3,150.3,20.0863,0.64,25,32,67,4.4,0.1,1,0,0,0,2,121.388780381944,24.4797608154726,0,412,129,1125,14,24,1,1,4,1,.
21,55.3,150.3,20.0863,0.64,25,32,67,4.4,0.1,1,0,0,0,2,121.388780381944,24.4797608154726,0,412,129,1486.5,.,.,1,1,4,1,.
21,55.3,150.3,20.0863,0.64,25,32,67,4.4,0.1,1,0,0,0,2,121.388780381944,24.4797608154726,0,412,.,1499.5,.,.,0,2,4,0,0.46220326619754
21,55.3,150.3,20.0863,0.64,25,32,67,4.4,0.1,1,0,0,0,2,121.388780381944,24.4797608154726,0,412,129,1510.5,18,24,1,1,4,1,.
21,55.3,150.3,20.0863,0.64,25,32,67,4.4,0.1,1,0,0,0,2,121.388780381944,24.4797608154726,0,412,129,1989,.,.,1,1,4,1,.
21,55.3,150.3,20.0863,0.64,25,32,67,4.4,0.1,1,0,0,0,2,121.388780381944,24.4797608154726,0,412,.,2003.5,.,.,0,2,4,0,0.325179456508046
55,78.6,164.9,32.8309,0.84,18,21,65,4.6,0.5,0,1,0,0,2,93.8963293650794,28.9055498287916,0,413,129,0,12,24,1,1,4,1,.
55,78.6,164.9,32.8309,0.84,18,21,65,4.6,0.5,0,1,0,0,2,93.8963293650794,28.9055498287916,0,413,129,312,.,.,1,1,4,1,.
55,78.6,164.9,32.8309,0.84,18,21,65,4.6,0.5,0,1,0,0,2,93.8963293650794,28.9055498287916,0,413,.,326.5,.,.,0,2,4,0,0.148735481017989
55,78.6,164.9,32.8309,0.84,18,21,65,4.6,0.5,0,1,0,0,2,93.8963293650794,28.9055498287916,0,413,129,336,.,.,1,1,4,1,.
55,78.6,164.9,32.8309,0.84,18,21,65,4.6,0.5,0,1,0,0,2,93.8963293650794,28.9055498287916,0,413,129,1055,17,24,1,1,4,1,.
55,78.6,164.9,32.8309,0.84,18,21,65,4.6,0.5,0,1,0,0,2,93.8963293650794,28.9055498287916,0,413,129,1492,.,.,1,1,4,1,.
55,78.6,164.9,32.8309,0.84,18,21,65,4.6,0.5,0,1,0,0,2,93.8963293650794,28.9055498287916,0,413,.,1504.5,.,.,0,2,4,0,0.260696676057895
55,78.6,164.9,32.8309,0.84,18,21,65,4.6,0.5,0,1,0,0,2,93.8963293650794,28.9055498287916,0,413,129,1516,.,.,1,1,4,1,.
55,78.6,164.9,32.8309,0.84,18,21,65,4.6,0.5,0,1,0,0,2,93.8963293650794,28.9055498287916,0,413,129,1655,16,24,1,1,4,1,.
55,78.6,164.9,32.8309,0.84,18,21,65,4.6,0.5,0,1,0,0,2,93.8963293650794,28.9055498287916,0,413,129,2064,.,.,1,1,4,1,.
22,55.4,174.5,9.2457,0.8,15,19,119,4.2,0.3,0,1,0,0,1,113.493055555556,18.1936108898942,0,414,129,0,12,24,1,1,4,1,.
22,55.4,174.5,9.2457,0.8,15,19,119,4.2,0.3,0,1,0,0,1,113.493055555556,18.1936108898942,0,414,129,315.5,.,.,1,1,4,1,.
22,55.4,174.5,9.2457,0.8,15,19,119,4.2,0.3,0,1,0,0,1,113.493055555556,18.1936108898942,0,414,.,326.75,.,.,0,2,4,0,0.156319774291798
22,55.4,174.5,9.2457,0.8,15,19,119,4.2,0.3,0,1,0,0,1,113.493055555556,18.1936108898942,0,414,129,339.5,.,.,1,1,4,1,.
22,55.4,174.5,9.2457,0.8,15,19,119,4.2,0.3,0,1,0,0,1,113.493055555556,18.1936108898942,0,414,129,1055.5,16,24,1,1,4,1,.
22,55.4,174.5,9.2457,0.8,15,19,119,4.2,0.3,0,1,0,0,1,113.493055555556,18.1936108898942,0,414,129,1467,.,.,1,1,4,1,.
22,55.4,174.5,9.2457,0.8,15,19,119,4.2,0.3,0,1,0,0,1,113.493055555556,18.1936108898942,0,414,.,1484,.,.,0,2,4,0,0.15813995222211
22,55.4,174.5,9.2457,0.8,15,19,119,4.2,0.3,0,1,0,0,1,113.493055555556,18.1936108898942,0,414,129,1491,15,24,1,1,4,1,.
22,55.4,174.5,9.2457,0.8,15,19,119,4.2,0.3,0,1,0,0,1,113.493055555556,18.1936108898942,0,414,129,1895.5,.,.,1,1,4,1,.
22,55.4,174.5,9.2457,0.8,15,19,119,4.2,0.3,0,1,0,0,1,113.493055555556,18.1936108898942,0,414,.,1912.75,.,.,0,2,4,0,0.0548315951490734
39,63.9,160.4,17.8722,0.95,23,26,59,4.1,1.8,0,1,0,0,1,94.3552631578947,24.8365992748801,0,415,129,0,10,24,1,1,4,1,.
39,63.9,160.4,17.8722,0.95,23,26,59,4.1,1.8,0,1,0,0,1,94.3552631578947,24.8365992748801,0,415,129,285,.,.,1,1,4,1,.
39,63.9,160.4,17.8722,0.95,23,26,59,4.1,1.8,0,1,0,0,1,94.3552631578947,24.8365992748801,0,415,.,301.75,.,.,0,2,4,0,0.0900344829599686
39,63.9,160.4,17.8722,0.95,23,26,59,4.1,1.8,0,1,0,0,1,94.3552631578947,24.8365992748801,0,415,129,309,47,24,1,1,4,1,.
39,63.9,160.4,17.8722,0.95,23,26,59,4.1,1.8,0,1,0,0,1,94.3552631578947,24.8365992748801,0,415,129,1462.5,.,.,1,1,4,1,.
39,63.9,160.4,17.8722,0.95,23,26,59,4.1,1.8,0,1,0,0,1,94.3552631578947,24.8365992748801,0,415,.,1477.75,.,.,0,2,4,0,0.105924951843479
39,63.9,160.4,17.8722,0.95,23,26,59,4.1,1.8,0,1,0,0,1,94.3552631578947,24.8365992748801,0,415,129,1486.5,18,24,1,1,4,1,.
39,63.9,160.4,17.8722,0.95,23,26,59,4.1,1.8,0,1,0,0,1,94.3552631578947,24.8365992748801,0,415,129,1943,.,.,1,1,4,1,.
39,63.9,160.4,17.8722,0.95,23,26,59,4.1,1.8,0,1,0,0,1,94.3552631578947,24.8365992748801,0,415,.,1958.25,.,.,0,2,4,0,0.171703909120859
20,90.6,172.6,25.1347,0.78,15,21,87,4.5,1.1,1,0,0,0,1,193.589743589744,30.4121143602916,1,416,129,0,82,24,1,1,4,1,.
20,90.6,172.6,25.1347,0.78,15,21,87,4.5,1.1,1,0,0,0,1,193.589743589744,30.4121143602916,1,416,129,1992.5,.,.,1,1,4,1,.
20,90.6,172.6,25.1347,0.78,15,21,87,4.5,1.1,1,0,0,0,1,193.589743589744,30.4121143602916,1,416,.,2011,.,.,0,2,4,0,0.136209926432371
19,60.3,157.1,20.768,0.77,15,26,71,4.4,0.4,1,0,0,0,2,111.866071428571,24.4323331743678,0,417,129,0,12,24,1,1,4,1,.
19,60.3,157.1,20.768,0.77,15,26,71,4.4,0.4,1,0,0,0,2,111.866071428571,24.4323331743678,0,417,129,312.17,.,.,1,1,4,1,.
19,60.3,157.1,20.768,0.77,15,26,71,4.4,0.4,1,0,0,0,2,111.866071428571,24.4323331743678,0,417,.,327.67,.,.,0,2,4,0,0.293571335917288
19,60.3,157.1,20.768,0.77,15,26,71,4.4,0.4,1,0,0,0,2,111.866071428571,24.4323331743678,0,417,129,336.17,47,24,1,1,4,1,.
19,60.3,157.1,20.768,0.77,15,26,71,4.4,0.4,1,0,0,0,2,111.866071428571,24.4323331743678,0,417,129,1489.17,.,.,1,1,4,1,.
19,60.3,157.1,20.768,0.77,15,26,71,4.4,0.4,1,0,0,0,2,111.866071428571,24.4323331743678,0,417,.,1504,.,.,0,2,4,0,0.271926819408989
19,60.3,157.1,20.768,0.77,15,26,71,4.4,0.4,1,0,0,0,2,111.866071428571,24.4323331743678,0,417,129,1513.17,19,24,1,1,4,1,.
19,60.3,157.1,20.768,0.77,15,26,71,4.4,0.4,1,0,0,0,2,111.866071428571,24.4323331743678,0,417,129,1993.17,.,.,1,1,4,1,.
19,60.3,157.1,20.768,0.77,15,26,71,4.4,0.4,1,0,0,0,2,111.866071428571,24.4323331743678,0,417,.,2007.92,.,.,0,2,4,0,0.192931893626083
50,110.5,187.5,29.6888,1.12,22,27,63,4.2,0.9,0,0,1,0,1,123.325892857143,31.4311111111111,1,418,129,0,11,24,1,1,4,1,.
50,110.5,187.5,29.6888,1.12,22,27,63,4.2,0.9,0,0,1,0,1,123.325892857143,31.4311111111111,1,418,129,311.33,.,.,1,1,4,1,.
50,110.5,187.5,29.6888,1.12,22,27,63,4.2,0.9,0,0,1,0,1,123.325892857143,31.4311111111111,1,418,129,335.33,.,.,1,1,4,1,.
50,110.5,187.5,29.6888,1.12,22,27,63,4.2,0.9,0,0,1,0,1,123.325892857143,31.4311111111111,1,418,129,718.83,31,24,1,1,4,1,.
50,110.5,187.5,29.6888,1.12,22,27,63,4.2,0.9,0,0,1,0,1,123.325892857143,31.4311111111111,1,418,129,1487.33,.,.,1,1,4,1,.
50,110.5,187.5,29.6888,1.12,22,27,63,4.2,0.9,0,0,1,0,1,123.325892857143,31.4311111111111,1,418,.,1506.5,.,.,0,2,4,0,0.120868047750396
33,64.3,169.3,12.8088,0.84,20,28,64,4.4,0.5,0,1,0,0,1,113.758267195767,22.4335010670741,0,419,129,0,11,24,1,1,4,1,.
33,64.3,169.3,12.8088,0.84,20,28,64,4.4,0.5,0,1,0,0,1,113.758267195767,22.4335010670741,0,419,129,311.75,.,.,1,1,4,1,.
33,64.3,169.3,12.8088,0.84,20,28,64,4.4,0.5,0,1,0,0,1,113.758267195767,22.4335010670741,0,419,.,326.67,.,.,0,2,4,0,0.406483949644009
33,64.3,169.3,12.8088,0.84,20,28,64,4.4,0.5,0,1,0,0,1,113.758267195767,22.4335010670741,0,419,129,335.75,47,24,1,1,4,1,.
33,64.3,169.3,12.8088,0.84,20,28,64,4.4,0.5,0,1,0,0,1,113.758267195767,22.4335010670741,0,419,129,1488.92,.,.,1,1,4,1,.
33,64.3,169.3,12.8088,0.84,20,28,64,4.4,0.5,0,1,0,0,1,113.758267195767,22.4335010670741,0,419,.,1502.08,.,.,0,2,4,0,0.227943796867419
33,64.3,169.3,12.8088,0.84,20,28,64,4.4,0.5,0,1,0,0,1,113.758267195767,22.4335010670741,0,419,129,1512.92,18,24,1,1,4,1,.
33,64.3,169.3,12.8088,0.84,20,28,64,4.4,0.5,0,1,0,0,1,113.758267195767,22.4335010670741,0,419,129,1982.17,.,.,1,1,4,1,.
33,64.3,169.3,12.8088,0.84,20,28,64,4.4,0.5,0,1,0,0,1,113.758267195767,22.4335010670741,0,419,.,2006.17,.,.,0,2,4,0,0.386164163557696
49,78.4,163.4,32.3174,0.69,17,27,86,4.4,0.6,1,0,0,0,2,122.066022544283,29.3637797776443,0,420,129,0,10,24,1,1,4,1,.
49,78.4,163.4,32.3174,0.69,17,27,86,4.4,0.6,1,0,0,0,2,122.066022544283,29.3637797776443,0,420,129,287.75,.,.,1,1,4,1,.
49,78.4,163.4,32.3174,0.69,17,27,86,4.4,0.6,1,0,0,0,2,122.066022544283,29.3637797776443,0,420,.,302.17,.,.,0,2,4,0,0.245258062424398
49,78.4,163.4,32.3174,0.69,17,27,86,4.4,0.6,1,0,0,0,2,122.066022544283,29.3637797776443,0,420,129,311.75,47,24,1,1,4,1,.
49,78.4,163.4,32.3174,0.69,17,27,86,4.4,0.6,1,0,0,0,2,122.066022544283,29.3637797776443,0,420,129,1486.75,.,.,1,1,4,1,.
49,78.4,163.4,32.3174,0.69,17,27,86,4.4,0.6,1,0,0,0,2,122.066022544283,29.3637797776443,0,420,.,1502,.,.,0,2,4,0,0.159575397102707
18,78.6,171.2,26.1826,0.88,18,18,68,5,0.7,0,1,0,0,1,151.344696969697,26.8172984540135,0,421,129,0,12,24,1,1,4,1,.
18,78.6,171.2,26.1826,0.88,18,18,68,5,0.7,0,1,0,0,1,151.344696969697,26.8172984540135,0,421,129,312.92,.,.,1,1,4,1,.
18,78.6,171.2,26.1826,0.88,18,18,68,5,0.7,0,1,0,0,1,151.344696969697,26.8172984540135,0,421,.,324.67,.,.,0,2,4,0,0.157499475386093
18,78.6,171.2,26.1826,0.88,18,18,68,5,0.7,0,1,0,0,1,151.344696969697,26.8172984540135,0,421,129,336.92,45,24,1,1,4,1,.
18,78.6,171.2,26.1826,0.88,18,18,68,5,0.7,0,1,0,0,1,151.344696969697,26.8172984540135,0,421,129,1464,.,.,1,1,4,1,.
18,78.6,171.2,26.1826,0.88,18,18,68,5,0.7,0,1,0,0,1,151.344696969697,26.8172984540135,0,421,.,1475,.,.,0,2,4,0,0.26737850888337
18,78.6,171.2,26.1826,0.88,18,18,68,5,0.7,0,1,0,0,1,151.344696969697,26.8172984540135,0,421,129,1488,18,24,1,1,4,1,.
18,78.6,171.2,26.1826,0.88,18,18,68,5,0.7,0,1,0,0,1,151.344696969697,26.8172984540135,0,421,129,1954.75,.,.,1,1,4,1,.
18,78.6,171.2,26.1826,0.88,18,18,68,5,0.7,0,1,0,0,1,151.344696969697,26.8172984540135,0,421,.,1979,.,.,0,2,4,0,0.191107670732831
33,73.6,166.9,23.5735,1.15,22,20,64,4,0.5,0,0,1,0,2,80.8444444444444,26.421966706168,0,422,129,0,7,24,1,1,4,1,.
33,73.6,166.9,23.5735,1.15,22,20,64,4,0.5,0,0,1,0,2,80.8444444444444,26.421966706168,0,422,129,198,.,.,1,1,4,1,.
33,73.6,166.9,23.5735,1.15,22,20,64,4,0.5,0,0,1,0,2,80.8444444444444,26.421966706168,0,422,.,205.75,.,.,0,2,4,0,0.305827076618451
33,73.6,166.9,23.5735,1.15,22,20,64,4,0.5,0,0,1,0,2,80.8444444444444,26.421966706168,0,422,129,1056,17,24,1,1,4,1,.
33,73.6,166.9,23.5735,1.15,22,20,64,4,0.5,0,0,1,0,2,80.8444444444444,26.421966706168,0,422,129,1492,.,.,1,1,4,1,.
33,73.6,166.9,23.5735,1.15,22,20,64,4,0.5,0,0,1,0,2,80.8444444444444,26.421966706168,0,422,.,1505,.,.,0,2,4,0,0.359297972599483
36,70,165.9,16.4997,1.02,28,30,51,4.6,1.2,0,0,0,1,1,99.1285403050109,25.4334495641978,0,423,129,0,13,24,1,1,4,1,.
36,70,165.9,16.4997,1.02,28,30,51,4.6,1.2,0,0,0,1,1,99.1285403050109,25.4334495641978,0,423,129,336.5,.,.,1,1,4,1,.
36,70,165.9,16.4997,1.02,28,30,51,4.6,1.2,0,0,0,1,1,99.1285403050109,25.4334495641978,0,423,.,349.25,.,.,0,2,4,0,0.0767390755010044
36,70,165.9,16.4997,1.02,28,30,51,4.6,1.2,0,0,0,1,1,99.1285403050109,25.4334495641978,0,423,129,360.5,68,24,1,1,4,1,.
36,70,165.9,16.4997,1.02,28,30,51,4.6,1.2,0,0,0,1,1,99.1285403050109,25.4334495641978,0,423,129,2017.5,.,.,1,1,4,1,.
36,70,165.9,16.4997,1.02,28,30,51,4.6,1.2,0,0,0,1,1,99.1285403050109,25.4334495641978,0,423,.,2028.75,.,.,0,2,4,0,0.229969585607951
36,51.2,154.7,9.0647,0.77,24,28,83,4.3,0.6,1,0,0,0,1,96.0461760461761,21.3938690686856,0,424,129,0,10,24,1,1,4,1,.
36,51.2,154.7,9.0647,0.77,24,28,83,4.3,0.6,1,0,0,0,1,96.0461760461761,21.3938690686856,0,424,129,287.5,.,.,1,1,4,1,.
36,51.2,154.7,9.0647,0.77,24,28,83,4.3,0.6,1,0,0,0,1,96.0461760461761,21.3938690686856,0,424,.,301,.,.,0,2,4,0,0.143209866862795
36,51.2,154.7,9.0647,0.77,24,28,83,4.3,0.6,1,0,0,0,1,96.0461760461761,21.3938690686856,0,424,129,311.5,47,24,1,1,4,1,.
36,51.2,154.7,9.0647,0.77,24,28,83,4.3,0.6,1,0,0,0,1,96.0461760461761,21.3938690686856,0,424,129,1464.5,.,.,1,1,4,1,.
36,51.2,154.7,9.0647,0.77,24,28,83,4.3,0.6,1,0,0,0,1,96.0461760461761,21.3938690686856,0,424,.,1477.5,.,.,0,2,4,0,0.139781620125057
36,51.2,154.7,9.0647,0.77,24,28,83,4.3,0.6,1,0,0,0,1,96.0461760461761,21.3938690686856,0,424,129,1488.5,19,24,1,1,4,1,.
36,51.2,154.7,9.0647,0.77,24,28,83,4.3,0.6,1,0,0,0,1,96.0461760461761,21.3938690686856,0,424,129,1969.5,.,.,1,1,4,1,.
36,51.2,154.7,9.0647,0.77,24,28,83,4.3,0.6,1,0,0,0,1,96.0461760461761,21.3938690686856,0,424,.,1981.5,.,.,0,2,4,0,0.189779522350656
50,99.3,150.8,44.1844,0.71,20,15,72,4.1,0.2,1,0,0,0,2,148.600352112676,43.6663172188645,1,425,129,0,12,24,1,1,4,1,.
50,99.3,150.8,44.1844,0.71,20,15,72,4.1,0.2,1,0,0,0,2,148.600352112676,43.6663172188645,1,425,129,312.17,.,.,1,1,4,1,.
50,99.3,150.8,44.1844,0.71,20,15,72,4.1,0.2,1,0,0,0,2,148.600352112676,43.6663172188645,1,425,.,323.67,.,.,0,2,4,0,0.146793906793235
50,99.3,150.8,44.1844,0.71,20,15,72,4.1,0.2,1,0,0,0,2,148.600352112676,43.6663172188645,1,425,129,336.17,47,24,1,1,4,1,.
50,99.3,150.8,44.1844,0.71,20,15,72,4.1,0.2,1,0,0,0,2,148.600352112676,43.6663172188645,1,425,129,1488.82,.,.,1,1,4,1,.
50,99.3,150.8,44.1844,0.71,20,15,72,4.1,0.2,1,0,0,0,2,148.600352112676,43.6663172188645,1,425,.,1499,.,.,0,2,4,0,0.183745498125072
50,99.3,150.8,44.1844,0.71,20,15,72,4.1,0.2,1,0,0,0,2,148.600352112676,43.6663172188645,1,425,129,1512.82,19,24,1,1,4,1,.
50,99.3,150.8,44.1844,0.71,20,15,72,4.1,0.2,1,0,0,0,2,148.600352112676,43.6663172188645,1,425,129,2016,.,.,1,1,4,1,.
50,99.3,150.8,44.1844,0.71,20,15,72,4.1,0.2,1,0,0,0,2,148.600352112676,43.6663172188645,1,425,.,2027.83,.,.,0,2,4,0,0.190630590274722
35,69.6,179.6,14.6914,1.09,9,19,74,5.2,1.2,0,1,0,0,1,93.1192660550459,21.5772739222524,0,426,129,0,12,24,1,1,4,1,.
35,69.6,179.6,14.6914,1.09,9,19,74,5.2,1.2,0,1,0,0,1,93.1192660550459,21.5772739222524,0,426,129,312.5,.,.,1,1,4,1,.
35,69.6,179.6,14.6914,1.09,9,19,74,5.2,1.2,0,1,0,0,1,93.1192660550459,21.5772739222524,0,426,.,323,.,.,0,2,4,0,0.221882237397453
35,69.6,179.6,14.6914,1.09,9,19,74,5.2,1.2,0,1,0,0,1,93.1192660550459,21.5772739222524,0,426,129,336.5,47,24,1,1,4,1,.
35,69.6,179.6,14.6914,1.09,9,19,74,5.2,1.2,0,1,0,0,1,93.1192660550459,21.5772739222524,0,426,129,1489.5,.,.,1,1,4,1,.
35,69.6,179.6,14.6914,1.09,9,19,74,5.2,1.2,0,1,0,0,1,93.1192660550459,21.5772739222524,0,426,129,1513.5,20,24,1,1,4,1,.
35,69.6,179.6,14.6914,1.09,9,19,74,5.2,1.2,0,1,0,0,1,93.1192660550459,21.5772739222524,0,426,129,2040.5,.,.,1,1,4,1,.
35,69.6,179.6,14.6914,1.09,9,19,74,5.2,1.2,0,1,0,0,1,93.1192660550459,21.5772739222524,0,426,.,2051.17,.,.,0,2,4,0,0.136395206155449
48,53.1,158,11.2536,0.81,32,30,60,4.4,0.4,0,0,0,1,1,83.7654320987654,21.2706297067778,0,427,129,0,12,24,1,1,4,1,.
48,53.1,158,11.2536,0.81,32,30,60,4.4,0.4,0,0,0,1,1,83.7654320987654,21.2706297067778,0,427,129,315.03,.,.,1,1,4,1,.
48,53.1,158,11.2536,0.81,32,30,60,4.4,0.4,0,0,0,1,1,83.7654320987654,21.2706297067778,0,427,.,327.33,.,.,0,2,4,0,0.288172367207049
23,87.3,172.7,25.3088,1.03,26,26,48,4.6,0,1,0,0,0,1,137.730582524272,29.2704614104339,0,428,129,0,12,24,1,1,4,1,.
23,87.3,172.7,25.3088,1.03,26,26,48,4.6,0,1,0,0,0,1,137.730582524272,29.2704614104339,0,428,129,335.45,.,.,1,1,4,1,.
23,87.3,172.7,25.3088,1.03,26,26,48,4.6,0,1,0,0,0,1,137.730582524272,29.2704614104339,0,428,.,344.95,.,.,0,2,4,0,0.413388231479408
47,118.1,163.6,53.2456,0.89,23,26,58,3.9,0.5,0,0,1,0,2,145.68984082397,44.1248557815891,1,429,129,0,12,24,1,1,4,1,.
47,118.1,163.6,53.2456,0.89,23,26,58,3.9,0.5,0,0,1,0,2,145.68984082397,44.1248557815891,1,429,129,312.5,.,.,1,1,4,1,.
47,118.1,163.6,53.2456,0.89,23,26,58,3.9,0.5,0,0,1,0,2,145.68984082397,44.1248557815891,1,429,.,323.17,.,.,0,2,4,0,0.219764849440088
47,118.1,163.6,53.2456,0.89,23,26,58,3.9,0.5,0,0,1,0,2,145.68984082397,44.1248557815891,1,429,129,336.5,47,24,1,1,4,1,.
47,118.1,163.6,53.2456,0.89,23,26,58,3.9,0.5,0,0,1,0,2,145.68984082397,44.1248557815891,1,429,129,1488.5,.,.,1,1,4,1,.
47,118.1,163.6,53.2456,0.89,23,26,58,3.9,0.5,0,0,1,0,2,145.68984082397,44.1248557815891,1,429,.,1499.97,.,.,0,2,4,0,0.206597699406421
47,118.1,163.6,53.2456,0.89,23,26,58,3.9,0.5,0,0,1,0,2,145.68984082397,44.1248557815891,1,429,129,1512.5,.,.,1,1,4,1,.
47,118.1,163.6,53.2456,0.89,23,26,58,3.9,0.5,0,0,1,0,2,145.68984082397,44.1248557815891,1,429,129,1556,16,24,1,1,4,1,.
47,118.1,163.6,53.2456,0.89,23,26,58,3.9,0.5,0,0,1,0,2,145.68984082397,44.1248557815891,1,429,129,1969,.,.,1,1,4,1,.
47,118.1,163.6,53.2456,0.89,23,26,58,3.9,0.5,0,0,1,0,2,145.68984082397,44.1248557815891,1,429,.,2003,.,.,0,2,4,0,0.19745626086751
33,65,173.3,13.8357,0.82,17,27,96,4.9,1.3,0,1,0,0,1,117.801490514905,21.6429387914383,0,430,129,0,12,24,1,1,4,1,.
33,65,173.3,13.8357,0.82,17,27,96,4.9,1.3,0,1,0,0,1,117.801490514905,21.6429387914383,0,430,129,316.75,.,.,1,1,4,1,.
33,65,173.3,13.8357,0.82,17,27,96,4.9,1.3,0,1,0,0,1,117.801490514905,21.6429387914383,0,430,.,330.75,.,.,0,2,4,0,0.0812912502265372
33,65,173.3,13.8357,0.82,17,27,96,4.9,1.3,0,1,0,0,1,117.801490514905,21.6429387914383,0,430,129,340.75,.,.,1,1,4,1,.
33,65,173.3,13.8357,0.82,17,27,96,4.9,1.3,0,1,0,0,1,117.801490514905,21.6429387914383,0,430,129,383.75,.,.,1,1,4,1,.
33,65,173.3,13.8357,0.82,17,27,96,4.9,1.3,0,1,0,0,1,117.801490514905,21.6429387914383,0,430,129,719.75,.,.,1,1,4,1,.
33,65,173.3,13.8357,0.82,17,27,96,4.9,1.3,0,1,0,0,1,117.801490514905,21.6429387914383,0,430,129,1607.75,15,24,1,1,4,1,.
33,65,173.3,13.8357,0.82,17,27,96,4.9,1.3,0,1,0,0,1,117.801490514905,21.6429387914383,0,430,129,1997.25,.,.,1,1,4,1,.
39,62.9,181.3,13.0041,0.87,22,26,59,4.3,0.9,0,0,0,1,1,101.419220945083,19.1361707396693,0,431,129,0,68,24,1,1,4,1,.
39,62.9,181.3,13.0041,0.87,22,26,59,4.3,0.9,0,0,0,1,1,101.419220945083,19.1361707396693,0,431,129,1657.75,.,.,1,1,4,1,.
39,62.9,181.3,13.0041,0.87,22,26,59,4.3,0.9,0,0,0,1,1,101.419220945083,19.1361707396693,0,431,.,1676.08,.,.,0,2,4,0,0.458248829587651
39,62.9,181.3,13.0041,0.87,22,26,59,4.3,0.9,0,0,0,1,1,101.419220945083,19.1361707396693,0,431,129,1681.75,.,.,1,1,4,1,.
39,62.9,181.3,13.0041,0.87,22,26,59,4.3,0.9,0,0,0,1,1,101.419220945083,19.1361707396693,0,431,129,1727.75,10,24,1,1,4,1,.
39,62.9,181.3,13.0041,0.87,22,26,59,4.3,0.9,0,0,0,1,1,101.419220945083,19.1361707396693,0,431,129,1993.75,.,.,1,1,4,1,.
39,62.9,181.3,13.0041,0.87,22,26,59,4.3,0.9,0,0,0,1,1,101.419220945083,19.1361707396693,0,431,.,2007.75,.,.,0,2,4,0,0.619891220468402
48,74.8,157.3,31.5857,0.63,31,25,82,4.2,0.8,1,0,0,0,2,128.954144620811,30.2304180244422,1,432,129,0,11,24,1,1,4,1,.
48,74.8,157.3,31.5857,0.63,31,25,82,4.2,0.8,1,0,0,0,2,128.954144620811,30.2304180244422,1,432,129,288,.,.,1,1,4,1,.
48,74.8,157.3,31.5857,0.63,31,25,82,4.2,0.8,1,0,0,0,2,128.954144620811,30.2304180244422,1,432,.,303.5,.,.,0,2,4,0,0.195104101209992
48,74.8,157.3,31.5857,0.63,31,25,82,4.2,0.8,1,0,0,0,2,128.954144620811,30.2304180244422,1,432,129,312,49,24,1,1,4,1,.
48,74.8,157.3,31.5857,0.63,31,25,82,4.2,0.8,1,0,0,0,2,128.954144620811,30.2304180244422,1,432,129,1514,.,.,1,1,4,1,.
48,74.8,157.3,31.5857,0.63,31,25,82,4.2,0.8,1,0,0,0,2,128.954144620811,30.2304180244422,1,432,.,1527.42,.,.,0,2,4,0,0.194011354578187
48,74.8,157.3,31.5857,0.63,31,25,82,4.2,0.8,1,0,0,0,2,128.954144620811,30.2304180244422,1,432,129,1538,17,24,1,1,4,1,.
48,74.8,157.3,31.5857,0.63,31,25,82,4.2,0.8,1,0,0,0,2,128.954144620811,30.2304180244422,1,432,129,1990,.,.,1,1,4,1,.
48,74.8,157.3,31.5857,0.63,31,25,82,4.2,0.8,1,0,0,0,2,128.954144620811,30.2304180244422,1,432,.,2006.83,.,.,0,2,4,0,0.169936036682861
44,69.4,152,27.7323,0.97,13,22,41,4,0.4,1,0,0,0,2,81.085910652921,30.0380886426593,1,433,129,0,8,24,1,1,4,1,.
44,69.4,152,27.7323,0.97,13,22,41,4,0.4,1,0,0,0,2,81.085910652921,30.0380886426593,1,433,129,239.5,.,.,1,1,4,1,.
44,69.4,152,27.7323,0.97,13,22,41,4,0.4,1,0,0,0,2,81.085910652921,30.0380886426593,1,433,.,249.92,.,.,0,2,4,0,0.268568621383183
44,69.4,152,27.7323,0.97,13,22,41,4,0.4,1,0,0,0,2,81.085910652921,30.0380886426593,1,433,129,263.5,46,24,1,1,4,1,.
44,69.4,152,27.7323,0.97,13,22,41,4,0.4,1,0,0,0,2,81.085910652921,30.0380886426593,1,433,129,1392.17,.,.,1,1,4,1,.
44,69.4,152,27.7323,0.97,13,22,41,4,0.4,1,0,0,0,2,81.085910652921,30.0380886426593,1,433,.,1403.33,.,.,0,2,4,0,0.455221701261792
44,69.4,152,27.7323,0.97,13,22,41,4,0.4,1,0,0,0,2,81.085910652921,30.0380886426593,1,433,129,1416.17,19,24,1,1,4,1,.
44,69.4,152,27.7323,0.97,13,22,41,4,0.4,1,0,0,0,2,81.085910652921,30.0380886426593,1,433,129,1920,.,.,1,1,4,1,.
44,69.4,152,27.7323,0.97,13,22,41,4,0.4,1,0,0,0,2,81.085910652921,30.0380886426593,1,433,.,1931.75,.,.,0,2,4,0,0.440596267970864
24,75,168.4,27.8659,0.66,21,29,79,4.3,1,1,0,0,0,2,155.618686868687,26.4470410345236,0,434,129,0,11,24,1,1,4,1,.
24,75,168.4,27.8659,0.66,21,29,79,4.3,1,1,0,0,0,2,155.618686868687,26.4470410345236,0,434,129,310,.,.,1,1,4,1,.
24,75,168.4,27.8659,0.66,21,29,79,4.3,1,1,0,0,0,2,155.618686868687,26.4470410345236,0,434,.,327.08,.,.,0,2,4,0,0.153254398769396
24,75,168.4,27.8659,0.66,21,29,79,4.3,1,1,0,0,0,2,155.618686868687,26.4470410345236,0,434,129,334,47,24,1,1,4,1,.
24,75,168.4,27.8659,0.66,21,29,79,4.3,1,1,0,0,0,2,155.618686868687,26.4470410345236,0,434,129,1489,.,.,1,1,4,1,.
24,75,168.4,27.8659,0.66,21,29,79,4.3,1,1,0,0,0,2,155.618686868687,26.4470410345236,0,434,.,1503,.,.,0,2,4,0,0.341862707360313
24,75,168.4,27.8659,0.66,21,29,79,4.3,1,1,0,0,0,2,155.618686868687,26.4470410345236,0,434,129,1513,17,24,1,1,4,1,.
24,75,168.4,27.8659,0.66,21,29,79,4.3,1,1,0,0,0,2,155.618686868687,26.4470410345236,0,434,129,1965,.,.,1,1,4,1,.
24,75,168.4,27.8659,0.66,21,29,79,4.3,1,1,0,0,0,2,155.618686868687,26.4470410345236,0,434,.,1986.25,.,.,0,2,4,0,0.387774251787887
30,84.8,164.3,25.7947,0.55,25,25,80,4.6,1,1,0,0,0,1,235.555555555556,31.4138181532602,1,435,129,0,11,24,1,1,4,1,.
30,84.8,164.3,25.7947,0.55,25,25,80,4.6,1,1,0,0,0,1,235.555555555556,31.4138181532602,1,435,129,311,.,.,1,1,4,1,.
30,84.8,164.3,25.7947,0.55,25,25,80,4.6,1,1,0,0,0,1,235.555555555556,31.4138181532602,1,435,.,328.67,.,.,0,2,4,0,0.130771427515706
30,84.8,164.3,25.7947,0.55,25,25,80,4.6,1,1,0,0,0,1,235.555555555556,31.4138181532602,1,435,129,335,47,24,1,1,4,1,.
30,84.8,164.3,25.7947,0.55,25,25,80,4.6,1,1,0,0,0,1,235.555555555556,31.4138181532602,1,435,129,1487,.,.,1,1,4,1,.
30,84.8,164.3,25.7947,0.55,25,25,80,4.6,1,1,0,0,0,1,235.555555555556,31.4138181532602,1,435,.,1504.33,.,.,0,2,4,0,0.223018721172629
30,84.8,164.3,25.7947,0.55,25,25,80,4.6,1,1,0,0,0,1,235.555555555556,31.4138181532602,1,435,129,1511,19,24,1,1,4,1,.
30,84.8,164.3,25.7947,0.55,25,25,80,4.6,1,1,0,0,0,1,235.555555555556,31.4138181532602,1,435,129,1991,.,.,1,1,4,1,.
30,84.8,164.3,25.7947,0.55,25,25,80,4.6,1,1,0,0,0,1,235.555555555556,31.4138181532602,1,435,.,2012,.,.,0,2,4,0,0.210211102558805
18,52.1,156.8,15.8774,0.64,16,19,53,4.3,0.2,0,0,0,0,2,117.247612847222,21.1907148063307,0,436,129,0,12,24,1,1,4,1,.
18,52.1,156.8,15.8774,0.64,16,19,53,4.3,0.2,0,0,0,0,2,117.247612847222,21.1907148063307,0,436,129,335.5,.,.,1,1,4,1,.
18,52.1,156.8,15.8774,0.64,16,19,53,4.3,0.2,0,0,0,0,2,117.247612847222,21.1907148063307,0,436,.,349.75,.,.,0,2,4,0,0.308841622485135
18,52.1,156.8,15.8774,0.64,16,19,53,4.3,0.2,0,0,0,0,2,117.247612847222,21.1907148063307,0,436,129,359.5,64,24,1,1,4,1,.
18,52.1,156.8,15.8774,0.64,16,19,53,4.3,0.2,0,0,0,0,2,117.247612847222,21.1907148063307,0,436,129,1919.5,.,.,1,1,4,1,.
18,52.1,156.8,15.8774,0.64,16,19,53,4.3,0.2,0,0,0,0,2,117.247612847222,21.1907148063307,0,436,.,1935.75,.,.,0,2,4,0,0.242444633412998
46,82.9,177.3,23.6577,0.98,9,20,50,4.3,0.3,0,1,0,0,1,110.439342403628,26.3716351908953,0,437,129,0,11,24,1,1,4,1,.
46,82.9,177.3,23.6577,0.98,9,20,50,4.3,0.3,0,1,0,0,1,110.439342403628,26.3716351908953,0,437,129,311,.,.,1,1,4,1,.
46,82.9,177.3,23.6577,0.98,9,20,50,4.3,0.3,0,1,0,0,1,110.439342403628,26.3716351908953,0,437,.,327.25,.,.,0,2,4,0,0.15933503015394
46,82.9,177.3,23.6577,0.98,9,20,50,4.3,0.3,0,1,0,0,1,110.439342403628,26.3716351908953,0,437,129,335,.,.,1,1,4,1,.
46,82.9,177.3,23.6577,0.98,9,20,50,4.3,0.3,0,1,0,0,1,110.439342403628,26.3716351908953,0,437,129,694.5,31,24,1,1,4,1,.
46,82.9,177.3,23.6577,0.98,9,20,50,4.3,0.3,0,1,0,0,1,110.439342403628,26.3716351908953,0,437,129,1463.5,.,.,1,1,4,1,.
46,82.9,177.3,23.6577,0.98,9,20,50,4.3,0.3,0,1,0,0,1,110.439342403628,26.3716351908953,0,437,.,1477.42,.,.,0,2,4,0,0.15149040105507
46,82.9,177.3,23.6577,0.98,9,20,50,4.3,0.3,0,1,0,0,1,110.439342403628,26.3716351908953,0,437,129,1487.5,20,24,1,1,4,1,.
46,82.9,177.3,23.6577,0.98,9,20,50,4.3,0.3,0,1,0,0,1,110.439342403628,26.3716351908953,0,437,129,1992.5,.,.,1,1,4,1,.
46,82.9,177.3,23.6577,0.98,9,20,50,4.3,0.3,0,1,0,0,1,110.439342403628,26.3716351908953,0,437,.,2007.25,.,.,0,2,4,0,0.162992794795242
54,71.3,149.1,32.4932,0.41,27,25,102,4.3,0.6,1,0,0,0,2,176.559281842818,32.0726055415885,1,438,129,0,11,24,1,1,4,1,.
54,71.3,149.1,32.4932,0.41,27,25,102,4.3,0.6,1,0,0,0,2,176.559281842818,32.0726055415885,1,438,129,310.25,.,.,1,1,4,1,.
54,71.3,149.1,32.4932,0.41,27,25,102,4.3,0.6,1,0,0,0,2,176.559281842818,32.0726055415885,1,438,.,330.75,.,.,0,2,4,0,0.123265747548631
54,71.3,149.1,32.4932,0.41,27,25,102,4.3,0.6,1,0,0,0,2,176.559281842818,32.0726055415885,1,438,129,334.25,26,24,1,1,4,1,.
54,71.3,149.1,32.4932,0.41,27,25,102,4.3,0.6,1,0,0,0,2,176.559281842818,32.0726055415885,1,438,129,984.5,.,.,1,1,4,1,.
54,71.3,149.1,32.4932,0.41,27,25,102,4.3,0.6,1,0,0,0,2,176.559281842818,32.0726055415885,1,438,.,1000,.,.,0,2,4,0,0.116276932214979
28,76.1,162.8,30.3443,1.12,11,13,34,4.8,1.1,1,0,0,0,2,89.8402777777777,28.7128204818622,0,439,129,0,9,24,1,1,4,1,.
28,76.1,162.8,30.3443,1.12,11,13,34,4.8,1.1,1,0,0,0,2,89.8402777777777,28.7128204818622,0,439,129,263.25,.,.,1,1,4,1,.
28,76.1,162.8,30.3443,1.12,11,13,34,4.8,1.1,1,0,0,0,2,89.8402777777777,28.7128204818622,0,439,.,284.75,.,.,0,2,4,0,0.0458774470718456
28,76.1,162.8,30.3443,1.12,11,13,34,4.8,1.1,1,0,0,0,2,89.8402777777777,28.7128204818622,0,439,129,287.25,47,24,1,1,4,1,.
28,76.1,162.8,30.3443,1.12,11,13,34,4.8,1.1,1,0,0,0,2,89.8402777777777,28.7128204818622,0,439,129,1442.25,.,.,1,1,4,1,.
28,76.1,162.8,30.3443,1.12,11,13,34,4.8,1.1,1,0,0,0,2,89.8402777777777,28.7128204818622,0,439,.,1455.25,.,.,0,2,4,0,0.197286478547841
28,76.1,162.8,30.3443,1.12,11,13,34,4.8,1.1,1,0,0,0,2,89.8402777777777,28.7128204818622,0,439,129,1466.25,17,24,1,1,4,1,.
28,76.1,162.8,30.3443,1.12,11,13,34,4.8,1.1,1,0,0,0,2,89.8402777777777,28.7128204818622,0,439,129,1919.75,.,.,1,1,4,1,.
28,76.1,162.8,30.3443,1.12,11,13,34,4.8,1.1,1,0,0,0,2,89.8402777777777,28.7128204818622,0,439,.,1936.42,.,.,0,2,4,0,0.178728480689182
48,74.6,147,35.8189,0.6,16,20,71,4,0.2,0,0,0,1,2,135.039814814815,34.5226525984543,1,440,129,0,12,24,1,1,4,1,.
48,74.6,147,35.8189,0.6,16,20,71,4,0.2,0,0,0,1,2,135.039814814815,34.5226525984543,1,440,129,312.5,.,.,1,1,4,1,.
48,74.6,147,35.8189,0.6,16,20,71,4,0.2,0,0,0,1,2,135.039814814815,34.5226525984543,1,440,.,324.25,.,.,0,2,4,0,0.19873096234593
48,74.6,147,35.8189,0.6,16,20,71,4,0.2,0,0,0,1,2,135.039814814815,34.5226525984543,1,440,129,336.5,.,.,1,1,4,1,.
48,74.6,147,35.8189,0.6,16,20,71,4,0.2,0,0,0,1,2,135.039814814815,34.5226525984543,1,440,129,741,30,24,1,1,4,1,.
48,74.6,147,35.8189,0.6,16,20,71,4,0.2,0,0,0,1,2,135.039814814815,34.5226525984543,1,440,129,1488,.,.,1,1,4,1,.
48,74.6,147,35.8189,0.6,16,20,71,4,0.2,0,0,0,1,2,135.039814814815,34.5226525984543,1,440,.,1500.5,.,.,0,2,4,0,0.385663609644616
48,74.6,147,35.8189,0.6,16,20,71,4,0.2,0,0,0,1,2,135.039814814815,34.5226525984543,1,440,129,1512,.,.,1,1,4,1,.
48,74.6,147,35.8189,0.6,16,20,71,4,0.2,0,0,0,1,2,135.039814814815,34.5226525984543,1,440,129,1557,19,24,1,1,4,1,.
48,74.6,147,35.8189,0.6,16,20,71,4,0.2,0,0,0,1,2,135.039814814815,34.5226525984543,1,440,129,2043,.,.,1,1,4,1,.
48,74.6,147,35.8189,0.6,16,20,71,4,0.2,0,0,0,1,2,135.039814814815,34.5226525984543,1,440,.,2076.5,.,.,0,2,4,0,0.209242769300683
22,74.2,173.6,28.1608,0.83,15,20,74,4.4,0.5,0,0,1,0,2,124.535809906292,24.6209305782667,0,441,129,0,11,24,1,1,4,1,.
22,74.2,173.6,28.1608,0.83,15,20,74,4.4,0.5,0,0,1,0,2,124.535809906292,24.6209305782667,0,441,129,311,.,.,1,1,4,1,.
22,74.2,173.6,28.1608,0.83,15,20,74,4.4,0.5,0,0,1,0,2,124.535809906292,24.6209305782667,0,441,.,328.25,.,.,0,2,4,0,0.208741060140681
22,74.2,173.6,28.1608,0.83,15,20,74,4.4,0.5,0,0,1,0,2,124.535809906292,24.6209305782667,0,441,129,335,11,24,1,1,4,1,.
22,74.2,173.6,28.1608,0.83,15,20,74,4.4,0.5,0,0,1,0,2,124.535809906292,24.6209305782667,0,441,129,646.75,.,.,1,1,4,1,.
22,74.2,173.6,28.1608,0.83,15,20,74,4.4,0.5,0,0,1,0,2,124.535809906292,24.6209305782667,0,441,.,664.5,.,.,0,2,4,0,0.153291328523072
46,80.9,174.9,23.2239,0.72,17,19,54,4.4,0.4,1,0,0,0,1,146.693672839506,26.4465425150237,0,442,129,0,12,24,1,1,4,1,.
46,80.9,174.9,23.2239,0.72,17,19,54,4.4,0.4,1,0,0,0,1,146.693672839506,26.4465425150237,0,442,129,316.33,.,.,1,1,4,1,.
46,80.9,174.9,23.2239,0.72,17,19,54,4.4,0.4,1,0,0,0,1,146.693672839506,26.4465425150237,0,442,.,327.08,.,.,0,2,4,0,0.168281852998371
46,80.9,174.9,23.2239,0.72,17,19,54,4.4,0.4,1,0,0,0,1,146.693672839506,26.4465425150237,0,442,129,340.33,46,24,1,1,4,1,.
46,80.9,174.9,23.2239,0.72,17,19,54,4.4,0.4,1,0,0,0,1,146.693672839506,26.4465425150237,0,442,129,1489.33,.,.,1,1,4,1,.
46,80.9,174.9,23.2239,0.72,17,19,54,4.4,0.4,1,0,0,0,1,146.693672839506,26.4465425150237,0,442,.,1504.08,.,.,0,2,4,0,0.142916278907388
46,80.9,174.9,23.2239,0.72,17,19,54,4.4,0.4,1,0,0,0,1,146.693672839506,26.4465425150237,0,442,129,1513.33,18,24,1,1,4,1,.
46,80.9,174.9,23.2239,0.72,17,19,54,4.4,0.4,1,0,0,0,1,146.693672839506,26.4465425150237,0,442,129,1992.83,.,.,1,1,4,1,.
46,80.9,174.9,23.2239,0.72,17,19,54,4.4,0.4,1,0,0,0,1,146.693672839506,26.4465425150237,0,442,.,2012.33,.,.,0,2,4,0,0.157025992302055
30,139.8,178.5,60.8807,0.87,13,15,92,4.5,0.4,0,0,1,0,1,245.498084291188,43.8763740790434,1,443,129,0,12,24,1,1,4,1,.
30,139.8,178.5,60.8807,0.87,13,15,92,4.5,0.4,0,0,1,0,1,245.498084291188,43.8763740790434,1,443,129,312.5,.,.,1,1,4,1,.
30,139.8,178.5,60.8807,0.87,13,15,92,4.5,0.4,0,0,1,0,1,245.498084291188,43.8763740790434,1,443,.,326,.,.,0,2,4,0,0.187383525420408
30,139.8,178.5,60.8807,0.87,13,15,92,4.5,0.4,0,0,1,0,1,245.498084291188,43.8763740790434,1,443,129,336.5,42,24,1,1,4,1,.
30,139.8,178.5,60.8807,0.87,13,15,92,4.5,0.4,0,0,1,0,1,245.498084291188,43.8763740790434,1,443,129,1369.5,.,.,1,1,4,1,.
30,139.8,178.5,60.8807,0.87,13,15,92,4.5,0.4,0,0,1,0,1,245.498084291188,43.8763740790434,1,443,.,1381,.,.,0,2,4,0,0.159184884112511
25,75.7,163,29.5842,0.61,12,19,52,4.4,0.5,0,0,1,0,2,168.480760473588,28.4918514057736,0,444,129,0,.,.,1,1,4,1,.
25,75.7,163,29.5842,0.61,12,19,52,4.4,0.5,0,0,1,0,2,168.480760473588,28.4918514057736,0,444,129,1483,31,24,1,1,4,1,.
25,75.7,163,29.5842,0.61,12,19,52,4.4,0.5,0,0,1,0,2,168.480760473588,28.4918514057736,0,444,129,2256.5,.,.,1,1,4,1,.
25,75.7,163,29.5842,0.61,12,19,52,4.4,0.5,0,0,1,0,2,168.480760473588,28.4918514057736,0,444,.,2275.5,.,.,0,2,4,0,0.288339511197873
41,60.7,149.7,27.0893,0.55,18,21,55,4,0.5,1,0,0,0,2,128.9875,27.0860134876745,0,445,129,0,7,24,1,1,4,1,.
41,60.7,149.7,27.0893,0.55,18,21,55,4,0.5,1,0,0,0,2,128.9875,27.0860134876745,0,445,129,215,.,.,1,1,4,1,.
41,60.7,149.7,27.0893,0.55,18,21,55,4,0.5,1,0,0,0,2,128.9875,27.0860134876745,0,445,.,227,.,.,0,2,4,0,0.149986850393702
41,60.7,149.7,27.0893,0.55,18,21,55,4,0.5,1,0,0,0,2,128.9875,27.0860134876745,0,445,129,239,45,24,1,1,4,1,.
41,60.7,149.7,27.0893,0.55,18,21,55,4,0.5,1,0,0,0,2,128.9875,27.0860134876745,0,445,129,1343.5,.,.,1,1,4,1,.
41,60.7,149.7,27.0893,0.55,18,21,55,4,0.5,1,0,0,0,2,128.9875,27.0860134876745,0,445,.,1363.5,.,.,0,2,4,0,0.177422080668945
41,60.7,149.7,27.0893,0.55,18,21,55,4,0.5,1,0,0,0,2,128.9875,27.0860134876745,0,445,129,1367.5,.,.,1,1,4,1,.
41,60.7,149.7,27.0893,0.55,18,21,55,4,0.5,1,0,0,0,2,128.9875,27.0860134876745,0,445,129,1458.5,23,24,1,1,4,1,.
41,60.7,149.7,27.0893,0.55,18,21,55,4,0.5,1,0,0,0,2,128.9875,27.0860134876745,0,445,129,2039,.,.,1,1,4,1,.
33,100.1,173.9,26.8281,1.64,33,31,54,4.8,0.5,0,0,0,1,1,90.707147696477,33.1005273929185,1,446,129,0,12,24,1,1,4,1,.
33,100.1,173.9,26.8281,1.64,33,31,54,4.8,0.5,0,0,0,1,1,90.707147696477,33.1005273929185,1,446,129,312.5,.,.,1,1,4,1,.
33,100.1,173.9,26.8281,1.64,33,31,54,4.8,0.5,0,0,0,1,1,90.707147696477,33.1005273929185,1,446,.,330.5,.,.,0,2,4,0,0.0500683667770858
33,100.1,173.9,26.8281,1.64,33,31,54,4.8,0.5,0,0,0,1,1,90.707147696477,33.1005273929185,1,446,129,336.5,.,.,1,1,4,1,.
33,100.1,173.9,26.8281,1.64,33,31,54,4.8,0.5,0,0,0,1,1,90.707147696477,33.1005273929185,1,446,129,380.5,.,.,1,1,4,1,.
33,100.1,173.9,26.8281,1.64,33,31,54,4.8,0.5,0,0,0,1,1,90.707147696477,33.1005273929185,1,446,129,716.5,.,.,1,1,4,1,.
33,100.1,173.9,26.8281,1.64,33,31,54,4.8,0.5,0,0,0,1,1,90.707147696477,33.1005273929185,1,446,129,1220.5,.,.,1,1,4,1,.
33,100.1,173.9,26.8281,1.64,33,31,54,4.8,0.5,0,0,0,1,1,90.707147696477,33.1005273929185,1,446,129,1724.5,15,24,1,1,4,1,.
33,100.1,173.9,26.8281,1.64,33,31,54,4.8,0.5,0,0,0,1,1,90.707147696477,33.1005273929185,1,446,129,2111.5,.,.,1,1,4,1,.
33,100.1,173.9,26.8281,1.64,33,31,54,4.8,0.5,0,0,0,1,1,90.707147696477,33.1005273929185,1,446,.,2130.5,.,.,0,2,4,0,0.0755913072770345
31,184.5,170.7,76.5755,1.01,23,25,69,4.4,0.9,0,0,1,0,1,276.54702970297,63.31831196469,1,447,129,0,12,24,1,1,4,1,.
31,184.5,170.7,76.5755,1.01,23,25,69,4.4,0.9,0,0,1,0,1,276.54702970297,63.31831196469,1,447,129,316,.,.,1,1,4,1,.
31,184.5,170.7,76.5755,1.01,23,25,69,4.4,0.9,0,0,1,0,1,276.54702970297,63.31831196469,1,447,.,330,.,.,0,2,4,0,0.100654472160666
31,184.5,170.7,76.5755,1.01,23,25,69,4.4,0.9,0,0,1,0,1,276.54702970297,63.31831196469,1,447,129,340,.,.,1,1,4,1,.
31,184.5,170.7,76.5755,1.01,23,25,69,4.4,0.9,0,0,1,0,1,276.54702970297,63.31831196469,1,447,129,672,.,.,1,1,4,1,.
31,184.5,170.7,76.5755,1.01,23,25,69,4.4,0.9,0,0,1,0,1,276.54702970297,63.31831196469,1,447,129,1008,38,24,1,1,4,1,.
31,184.5,170.7,76.5755,1.01,23,25,69,4.4,0.9,0,0,1,0,1,276.54702970297,63.31831196469,1,447,129,1948,.,.,1,1,4,1,.
31,184.5,170.7,76.5755,1.01,23,25,69,4.4,0.9,0,0,1,0,1,276.54702970297,63.31831196469,1,447,.,1962,.,.,0,2,4,0,0.0958478594041032
59,57.8,161.3,14.6455,0.81,28,25,97,4.6,0.7,1,0,0,0,1,80.2777777777778,22.2156540415387,0,448,129,0,11,24,1,1,4,1,.
59,57.8,161.3,14.6455,0.81,28,25,97,4.6,0.7,1,0,0,0,1,80.2777777777778,22.2156540415387,0,448,129,306.5,.,.,1,1,4,1,.
59,57.8,161.3,14.6455,0.81,28,25,97,4.6,0.7,1,0,0,0,1,80.2777777777778,22.2156540415387,0,448,.,331.5,.,.,0,2,4,0,0.0969859334909914
59,57.8,161.3,14.6455,0.81,28,25,97,4.6,0.7,1,0,0,0,1,80.2777777777778,22.2156540415387,0,448,129,427.5,.,.,1,1,4,1,.
59,57.8,161.3,14.6455,0.81,28,25,97,4.6,0.7,1,0,0,0,1,80.2777777777778,22.2156540415387,0,448,129,691.5,.,.,1,1,4,1,.
59,57.8,161.3,14.6455,0.81,28,25,97,4.6,0.7,1,0,0,0,1,80.2777777777778,22.2156540415387,0,448,129,1171.5,17,24,1,1,4,1,.
59,57.8,161.3,14.6455,0.81,28,25,97,4.6,0.7,1,0,0,0,1,80.2777777777778,22.2156540415387,0,448,129,1608.5,.,.,1,1,4,1,.
59,57.8,161.3,14.6455,0.81,28,25,97,4.6,0.7,1,0,0,0,1,80.2777777777778,22.2156540415387,0,448,.,1622.5,.,.,0,2,4,0,0.296561240641014
59,57.8,161.3,14.6455,0.81,28,25,97,4.6,0.7,1,0,0,0,1,80.2777777777778,22.2156540415387,0,448,129,1632.5,.,.,1,1,4,1,.
59,57.8,161.3,14.6455,0.81,28,25,97,4.6,0.7,1,0,0,0,1,80.2777777777778,22.2156540415387,0,448,129,1723.5,15,24,1,1,4,1,.
59,57.8,161.3,14.6455,0.81,28,25,97,4.6,0.7,1,0,0,0,1,80.2777777777778,22.2156540415387,0,448,129,2112.5,.,.,1,1,4,1,.
47,75,169.2,28.9171,0.75,15,16,54,4.3,0.9,0,0,1,0,2,109.791666666667,26.1975420418155,0,449,129,0,.,.,1,1,4,1,.
47,75,169.2,28.9171,0.75,15,16,54,4.3,0.9,0,0,1,0,2,109.791666666667,26.1975420418155,0,449,258,331.5,.,.,1,1,4,1,.
47,75,169.2,28.9171,0.75,15,16,54,4.3,0.9,0,0,1,0,2,109.791666666667,26.1975420418155,0,449,129,355.5,.,.,1,1,4,1,.
47,75,169.2,28.9171,0.75,15,16,54,4.3,0.9,0,0,1,0,2,109.791666666667,26.1975420418155,0,449,129,1027.5,40,24,1,1,4,1,.
47,75,169.2,28.9171,0.75,15,16,54,4.3,0.9,0,0,1,0,2,109.791666666667,26.1975420418155,0,449,129,2015.5,.,.,1,1,4,1,.
47,75,169.2,28.9171,0.75,15,16,54,4.3,0.9,0,0,1,0,2,109.791666666667,26.1975420418155,0,449,.,2037,.,.,0,2,4,0,0.0759807465528881
35,92.9,165,25.1261,0.5,38,23,79,4.5,1,1,0,0,0,1,270.958333333333,34.1230486685032,1,450,129,0,12,24,1,1,4,1,.
35,92.9,165,25.1261,0.5,38,23,79,4.5,1,1,0,0,0,1,270.958333333333,34.1230486685032,1,450,129,312,.,.,1,1,4,1,.
35,92.9,165,25.1261,0.5,38,23,79,4.5,1,1,0,0,0,1,270.958333333333,34.1230486685032,1,450,.,323.25,.,.,0,2,4,0,0.144735025327812
35,92.9,165,25.1261,0.5,38,23,79,4.5,1,1,0,0,0,1,270.958333333333,34.1230486685032,1,450,129,336,.,.,1,1,4,1,.
35,92.9,165,25.1261,0.5,38,23,79,4.5,1,1,0,0,0,1,270.958333333333,34.1230486685032,1,450,258,355,.,.,1,1,4,1,.
35,92.9,165,25.1261,0.5,38,23,79,4.5,1,1,0,0,0,1,270.958333333333,34.1230486685032,1,450,129,379,18,24,1,1,4,1,.
35,92.9,165,25.1261,0.5,38,23,79,4.5,1,1,0,0,0,1,270.958333333333,34.1230486685032,1,450,129,838,.,.,1,1,4,1,.
48,102.4,178.5,38.9159,1.14,16,19,62,4.3,0.7,0,1,0,0,1,114.775828460039,32.1383455342921,1,451,129,0,12,24,1,1,4,1,.
48,102.4,178.5,38.9159,1.14,16,19,62,4.3,0.7,0,1,0,0,1,114.775828460039,32.1383455342921,1,451,129,312.75,.,.,1,1,4,1,.
48,102.4,178.5,38.9159,1.14,16,19,62,4.3,0.7,0,1,0,0,1,114.775828460039,32.1383455342921,1,451,.,324.25,.,.,0,2,4,0,0.447143901001529
48,102.4,178.5,38.9159,1.14,16,19,62,4.3,0.7,0,1,0,0,1,114.775828460039,32.1383455342921,1,451,129,336.75,46,24,1,1,4,1,.
48,102.4,178.5,38.9159,1.14,16,19,62,4.3,0.7,0,1,0,0,1,114.775828460039,32.1383455342921,1,451,129,1488.25,.,.,1,1,4,1,.
48,102.4,178.5,38.9159,1.14,16,19,62,4.3,0.7,0,1,0,0,1,114.775828460039,32.1383455342921,1,451,.,1500.25,.,.,0,2,4,0,0.179744459317897
48,102.4,178.5,38.9159,1.14,16,19,62,4.3,0.7,0,1,0,0,1,114.775828460039,32.1383455342921,1,451,129,1512.25,19,24,1,1,4,1,.
48,102.4,178.5,38.9159,1.14,16,19,62,4.3,0.7,0,1,0,0,1,114.775828460039,32.1383455342921,1,451,129,1992.75,.,.,1,1,4,1,.
48,102.4,178.5,38.9159,1.14,16,19,62,4.3,0.7,0,1,0,0,1,114.775828460039,32.1383455342921,1,451,.,2006.75,.,.,0,2,4,0,0.299045883435063
21,68.1,162.3,26.729,0.58,21,16,66,4.6,0.8,0,1,0,0,2,164.95007183908,25.8529479763519,0,452,129,0,.,.,1,1,4,1,.
21,68.1,162.3,26.729,0.58,21,16,66,4.6,0.8,0,1,0,0,2,164.95007183908,25.8529479763519,0,452,129,451,.,.,1,1,4,1,.
21,68.1,162.3,26.729,0.58,21,16,66,4.6,0.8,0,1,0,0,2,164.95007183908,25.8529479763519,0,452,129,787,.,.,1,1,4,1,.
21,68.1,162.3,26.729,0.58,21,16,66,4.6,0.8,0,1,0,0,2,164.95007183908,25.8529479763519,0,452,258,1099,.,.,1,1,4,1,.
21,68.1,162.3,26.729,0.58,21,16,66,4.6,0.8,0,1,0,0,2,164.95007183908,25.8529479763519,0,452,129,1123,17,24,1,1,4,1,.
21,68.1,162.3,26.729,0.58,21,16,66,4.6,0.8,0,1,0,0,2,164.95007183908,25.8529479763519,0,452,129,1558,.,.,1,1,4,1,.
21,68.1,162.3,26.729,0.58,21,16,66,4.6,0.8,0,1,0,0,2,164.95007183908,25.8529479763519,0,452,.,1577,.,.,0,2,4,0,0.0603175520233092
20,55.2,175.8,8.1278,0.95,15,26,80,4.4,2.3,0,0,1,0,1,96.8421052631579,17.8608176371691,0,453,129,0,10,24,1,1,4,1,.
20,55.2,175.8,8.1278,0.95,15,26,80,4.4,2.3,0,0,1,0,1,96.8421052631579,17.8608176371691,0,453,129,268.5,.,.,1,1,4,1,.
20,55.2,175.8,8.1278,0.95,15,26,80,4.4,2.3,0,0,1,0,1,96.8421052631579,17.8608176371691,0,453,.,283.5,.,.,0,2,4,0,0.0242890013904484
20,55.2,175.8,8.1278,0.95,15,26,80,4.4,2.3,0,0,1,0,1,96.8421052631579,17.8608176371691,0,453,129,292.5,.,.,1,1,4,1,.
20,55.2,175.8,8.1278,0.95,15,26,80,4.4,2.3,0,0,1,0,1,96.8421052631579,17.8608176371691,0,453,129,360,39,24,1,1,4,1,.
20,55.2,175.8,8.1278,0.95,15,26,80,4.4,2.3,0,0,1,0,1,96.8421052631579,17.8608176371691,0,453,129,1324.5,.,.,1,1,4,1,.
20,55.2,175.8,8.1278,0.95,15,26,80,4.4,2.3,0,0,1,0,1,96.8421052631579,17.8608176371691,0,453,.,1536.5,.,.,0,2,4,0,0.0327391073919803
20,55.2,175.8,8.1278,0.95,15,26,80,4.4,2.3,0,0,1,0,1,96.8421052631579,17.8608176371691,0,453,129,1540.5,19,24,1,1,4,1,.
20,55.2,175.8,8.1278,0.95,15,26,80,4.4,2.3,0,0,1,0,1,96.8421052631579,17.8608176371691,0,453,129,2021,.,.,1,1,4,1,.
20,55.2,175.8,8.1278,0.95,15,26,80,4.4,2.3,0,0,1,0,1,96.8421052631579,17.8608176371691,0,453,.,2035,.,.,0,2,4,0,0.193449064514791
43,57.7,156.5,21.7874,0.76,13,23,66,3.6,0.4,0,1,0,0,2,86.9401498538012,23.5584725780604,0,454,129,0,10,24,1,1,4,1,.
43,57.7,156.5,21.7874,0.76,13,23,66,3.6,0.4,0,1,0,0,2,86.9401498538012,23.5584725780604,0,454,129,264.5,.,.,1,1,4,1,.
43,57.7,156.5,21.7874,0.76,13,23,66,3.6,0.4,0,1,0,0,2,86.9401498538012,23.5584725780604,0,454,.,284.5,.,.,0,2,4,0,0.115188161823721
43,57.7,156.5,21.7874,0.76,13,23,66,3.6,0.4,0,1,0,0,2,86.9401498538012,23.5584725780604,0,454,129,288.5,.,.,1,1,4,1,.
43,57.7,156.5,21.7874,0.76,13,23,66,3.6,0.4,0,1,0,0,2,86.9401498538012,23.5584725780604,0,454,129,669,.,.,1,1,4,1,.
43,57.7,156.5,21.7874,0.76,13,23,66,3.6,0.4,0,1,0,0,2,86.9401498538012,23.5584725780604,0,454,129,1533,19,24,1,1,4,1,.
43,57.7,156.5,21.7874,0.76,13,23,66,3.6,0.4,0,1,0,0,2,86.9401498538012,23.5584725780604,0,454,129,2016,.,.,1,1,4,1,.
43,57.7,156.5,21.7874,0.76,13,23,66,3.6,0.4,0,1,0,0,2,86.9401498538012,23.5584725780604,0,454,.,2036,.,.,0,2,4,0,0.207245665529491
35,59.5,156.8,20.3913,0.55,17,21,47,4.1,0.2,0,0,0,0,2,134.100378787879,24.200528425656,0,455,129,0,.,.,1,1,4,1,.
35,59.5,156.8,20.3913,0.55,17,21,47,4.1,0.2,0,0,0,0,2,134.100378787879,24.200528425656,0,455,129,504,.,.,1,1,4,1,.
35,59.5,156.8,20.3913,0.55,17,21,47,4.1,0.2,0,0,0,0,2,134.100378787879,24.200528425656,0,455,129,888,.,.,1,1,4,1,.
35,59.5,156.8,20.3913,0.55,17,21,47,4.1,0.2,0,0,0,0,2,134.100378787879,24.200528425656,0,455,129,1248,13,24,1,1,4,1,.
35,59.5,156.8,20.3913,0.55,17,21,47,4.1,0.2,0,0,0,0,2,134.100378787879,24.200528425656,0,455,129,1588,.,.,1,1,4,1,.
35,59.5,156.8,20.3913,0.55,17,21,47,4.1,0.2,0,0,0,0,2,134.100378787879,24.200528425656,0,455,129,1684,.,.,1,1,4,1,.
35,59.5,156.8,20.3913,0.55,17,21,47,4.1,0.2,0,0,0,0,2,134.100378787879,24.200528425656,0,455,129,1752,13,24,1,1,4,1,.
35,59.5,156.8,20.3913,0.55,17,21,47,4.1,0.2,0,0,0,0,2,134.100378787879,24.200528425656,0,455,129,2092,.,.,1,1,4,1,.
35,59.5,156.8,20.3913,0.55,17,21,47,4.1,0.2,0,0,0,0,2,134.100378787879,24.200528425656,0,455,.,2112.5,.,.,0,2,4,0,0.123845747317197
18,78.5,174.7,20.3823,1,18,18,103,4.6,0.8,0,1,0,0,1,133.013888888889,25.7207629466361,0,456,129,0,12,24,1,1,4,1,.
18,78.5,174.7,20.3823,1,18,18,103,4.6,0.8,0,1,0,0,1,133.013888888889,25.7207629466361,0,456,129,313.25,.,.,1,1,4,1,.
18,78.5,174.7,20.3823,1,18,18,103,4.6,0.8,0,1,0,0,1,133.013888888889,25.7207629466361,0,456,.,325.25,.,.,0,2,4,0,0.216305520074472
18,78.5,174.7,20.3823,1,18,18,103,4.6,0.8,0,1,0,0,1,133.013888888889,25.7207629466361,0,456,129,337.25,.,.,1,1,4,1,.
18,78.5,174.7,20.3823,1,18,18,103,4.6,0.8,0,1,0,0,1,133.013888888889,25.7207629466361,0,456,129,380.75,46,24,1,1,4,1,.
18,78.5,174.7,20.3823,1,18,18,103,4.6,0.8,0,1,0,0,1,133.013888888889,25.7207629466361,0,456,129,1512.75,.,.,1,1,4,1,.
18,78.5,174.7,20.3823,1,18,18,103,4.6,0.8,0,1,0,0,1,133.013888888889,25.7207629466361,0,456,.,1531.25,.,.,0,2,4,0,0.284020414809619
18,78.5,174.7,20.3823,1,18,18,103,4.6,0.8,0,1,0,0,1,133.013888888889,25.7207629466361,0,456,129,1536.75,.,.,1,1,4,1,.
18,78.5,174.7,20.3823,1,18,18,103,4.6,0.8,0,1,0,0,1,133.013888888889,25.7207629466361,0,456,129,1580.75,16,24,1,1,4,1,.
18,78.5,174.7,20.3823,1,18,18,103,4.6,0.8,0,1,0,0,1,133.013888888889,25.7207629466361,0,456,129,1993,.,.,1,1,4,1,.
18,78.5,174.7,20.3823,1,18,18,103,4.6,0.8,0,1,0,0,1,133.013888888889,25.7207629466361,0,456,.,2035.25,.,.,0,2,4,0,0.14268058613062
31,51.7,156,19.5876,0.72,11,20,50,4.4,0.5,0,0,0,1,2,92.399787808642,21.2442472057857,0,457,129,0,11,24,1,1,4,1,.
31,51.7,156,19.5876,0.72,11,20,50,4.4,0.5,0,0,0,1,2,92.399787808642,21.2442472057857,0,457,129,289,.,.,1,1,4,1,.
31,51.7,156,19.5876,0.72,11,20,50,4.4,0.5,0,0,0,1,2,92.399787808642,21.2442472057857,0,457,.,327,.,.,0,2,4,0,0.140030275837475
31,51.7,156,19.5876,0.72,11,20,50,4.4,0.5,0,0,0,1,2,92.399787808642,21.2442472057857,0,457,129,337,.,.,1,1,4,1,.
31,51.7,156,19.5876,0.72,11,20,50,4.4,0.5,0,0,0,1,2,92.399787808642,21.2442472057857,0,457,129,692,52,24,1,1,4,1,.
31,51.7,156,19.5876,0.72,11,20,50,4.4,0.5,0,0,0,1,2,92.399787808642,21.2442472057857,0,457,129,1969,.,.,1,1,4,1,.
31,51.7,156,19.5876,0.72,11,20,50,4.4,0.5,0,0,0,1,2,92.399787808642,21.2442472057857,0,457,.,1983,.,.,0,2,4,0,0.223258472742933
18,50.7,152.8,18.3482,0.72,16,19,74,4.5,0.3,1,0,0,0,2,101.419560185185,21.7150708588032,0,458,129,0,49,24,1,1,4,1,.
18,50.7,152.8,18.3482,0.72,16,19,74,4.5,0.3,1,0,0,0,2,101.419560185185,21.7150708588032,0,458,129,1204.5,.,.,1,1,4,1,.
18,50.7,152.8,18.3482,0.72,16,19,74,4.5,0.3,1,0,0,0,2,101.419560185185,21.7150708588032,0,458,.,1219,.,.,0,2,4,0,0.461447329289129
50,90,162.1,35.5661,0.83,23,19,72,4,0.3,0,0,1,0,2,115.210843373494,34.2512542619026,1,459,129,0,11,24,1,1,4,1,.
50,90,162.1,35.5661,0.83,23,19,72,4,0.3,0,0,1,0,2,115.210843373494,34.2512542619026,1,459,129,310.92,.,.,1,1,4,1,.
50,90,162.1,35.5661,0.83,23,19,72,4,0.3,0,0,1,0,2,115.210843373494,34.2512542619026,1,459,.,324.92,.,.,0,2,4,0,0.155874421902847
50,90,162.1,35.5661,0.83,23,19,72,4,0.3,0,0,1,0,2,115.210843373494,34.2512542619026,1,459,129,334.92,52,24,1,1,4,1,.
50,90,162.1,35.5661,0.83,23,19,72,4,0.3,0,0,1,0,2,115.210843373494,34.2512542619026,1,459,129,1607.75,.,.,1,1,4,1,.
50,90,162.1,35.5661,0.83,23,19,72,4,0.3,0,0,1,0,2,115.210843373494,34.2512542619026,1,459,.,1621.75,.,.,0,2,4,0,0.557200191984437
50,90,162.1,35.5661,0.83,23,19,72,4,0.3,0,0,1,0,2,115.210843373494,34.2512542619026,1,459,129,1631.75,14,24,1,1,4,1,.
50,90,162.1,35.5661,0.83,23,19,72,4,0.3,0,0,1,0,2,115.210843373494,34.2512542619026,1,459,129,1991.75,.,.,1,1,4,1,.
50,90,162.1,35.5661,0.83,23,19,72,4,0.3,0,0,1,0,2,115.210843373494,34.2512542619026,1,459,.,2004.42,.,.,0,2,4,0,0.454160731664948
22,102.9,175,31.0754,0.84,24,20,51,4.6,0.3,0,0,1,0,1,200.763888888889,33.6,1,460,129,0,10,24,1,1,4,1,.
22,102.9,175,31.0754,0.84,24,20,51,4.6,0.3,0,0,1,0,1,200.763888888889,33.6,1,460,129,282,.,.,1,1,4,1,.
22,102.9,175,31.0754,0.84,24,20,51,4.6,0.3,0,0,1,0,1,200.763888888889,33.6,1,460,.,306,.,.,0,2,4,0,0.139208096119004
22,102.9,175,31.0754,0.84,24,20,51,4.6,0.3,0,0,1,0,1,200.763888888889,33.6,1,460,129,1559.75,.,.,1,1,4,1,.
22,102.9,175,31.0754,0.84,24,20,51,4.6,0.3,0,0,1,0,1,200.763888888889,33.6,1,460,.,1573.5,.,.,0,2,4,0,0.0281586291003185
42,147.7,170.5,58.3375,0.81,31,22,80,3.7,0.7,0,0,1,0,1,248.192729766804,50.8079565879206,1,461,129,0,12,24,1,1,4,1,.
42,147.7,170.5,58.3375,0.81,31,22,80,3.7,0.7,0,0,1,0,1,248.192729766804,50.8079565879206,1,461,129,312.5,.,.,1,1,4,1,.
42,147.7,170.5,58.3375,0.81,31,22,80,3.7,0.7,0,0,1,0,1,248.192729766804,50.8079565879206,1,461,.,324,.,.,0,2,4,0,0.325830711326995
42,147.7,170.5,58.3375,0.81,31,22,80,3.7,0.7,0,0,1,0,1,248.192729766804,50.8079565879206,1,461,129,336.5,.,.,1,1,4,1,.
42,147.7,170.5,58.3375,0.81,31,22,80,3.7,0.7,0,0,1,0,1,248.192729766804,50.8079565879206,1,461,129,428.5,.,.,1,1,4,1,.
42,147.7,170.5,58.3375,0.81,31,22,80,3.7,0.7,0,0,1,0,1,248.192729766804,50.8079565879206,1,461,129,764.5,.,.,1,1,4,1,.
42,147.7,170.5,58.3375,0.81,31,22,80,3.7,0.7,0,0,1,0,1,248.192729766804,50.8079565879206,1,461,129,1100.5,22,24,1,1,4,1,.
42,147.7,170.5,58.3375,0.81,31,22,80,3.7,0.7,0,0,1,0,1,248.192729766804,50.8079565879206,1,461,129,1657.5,.,.,1,1,4,1,.
42,147.7,170.5,58.3375,0.81,31,22,80,3.7,0.7,0,0,1,0,1,248.192729766804,50.8079565879206,1,461,.,1668,.,.,0,2,4,0,0.414361661200596
42,147.7,170.5,58.3375,0.81,31,22,80,3.7,0.7,0,0,1,0,1,248.192729766804,50.8079565879206,1,461,129,1681.5,.,.,1,1,4,1,.
42,147.7,170.5,58.3375,0.81,31,22,80,3.7,0.7,0,0,1,0,1,248.192729766804,50.8079565879206,1,461,129,1748.5,16,24,1,1,4,1,.
42,147.7,170.5,58.3375,0.81,31,22,80,3.7,0.7,0,0,1,0,1,248.192729766804,50.8079565879206,1,461,129,2161.5,.,.,1,1,4,1,.
42,147.7,170.5,58.3375,0.81,31,22,80,3.7,0.7,0,0,1,0,1,248.192729766804,50.8079565879206,1,461,.,2172,.,.,0,2,4,0,0.178596851334458
32,64.4,155,21.8717,0.78,14,20,76,4.3,0.8,0,1,0,0,2,105.269230769231,26.8054110301769,0,462,129,0,12,24,1,1,4,1,.
32,64.4,155,21.8717,0.78,14,20,76,4.3,0.8,0,1,0,0,2,105.269230769231,26.8054110301769,0,462,129,316,.,.,1,1,4,1,.
32,64.4,155,21.8717,0.78,14,20,76,4.3,0.8,0,1,0,0,2,105.269230769231,26.8054110301769,0,462,.,330.5,.,.,0,2,4,0,0.281370027404512
32,64.4,155,21.8717,0.78,14,20,76,4.3,0.8,0,1,0,0,2,105.269230769231,26.8054110301769,0,462,129,340,27,24,1,1,4,1,.
32,64.4,155,21.8717,0.78,14,20,76,4.3,0.8,0,1,0,0,2,105.269230769231,26.8054110301769,0,462,129,1012.5,.,.,1,1,4,1,.
32,64.4,155,21.8717,0.78,14,20,76,4.3,0.8,0,1,0,0,2,105.269230769231,26.8054110301769,0,462,.,1025,.,.,0,2,4,0,0.19841070612341
24,64.8,173.2,12.4272,1.11,24,28,53,4.8,1.1,0,0,1,0,1,94.054054054054,21.6012672743468,0,463,129,0,12,24,1,1,4,1,.
24,64.8,173.2,12.4272,1.11,24,28,53,4.8,1.1,0,0,1,0,1,94.054054054054,21.6012672743468,0,463,129,312,.,.,1,1,4,1,.
24,64.8,173.2,12.4272,1.11,24,28,53,4.8,1.1,0,0,1,0,1,94.054054054054,21.6012672743468,0,463,.,329.83,.,.,0,2,4,0,0.325767891272781
24,64.8,173.2,12.4272,1.11,24,28,53,4.8,1.1,0,0,1,0,1,94.054054054054,21.6012672743468,0,463,129,336,.,.,1,1,4,1,.
24,64.8,173.2,12.4272,1.11,24,28,53,4.8,1.1,0,0,1,0,1,94.054054054054,21.6012672743468,0,463,129,714.33,31,24,1,1,4,1,.
24,64.8,173.2,12.4272,1.11,24,28,53,4.8,1.1,0,0,1,0,1,94.054054054054,21.6012672743468,0,463,129,1487.83,.,.,1,1,4,1,.
24,64.8,173.2,12.4272,1.11,24,28,53,4.8,1.1,0,0,1,0,1,94.054054054054,21.6012672743468,0,463,.,1507.83,.,.,0,2,4,0,0.305224858418298
24,64.8,173.2,12.4272,1.11,24,28,53,4.8,1.1,0,0,1,0,1,94.054054054054,21.6012672743468,0,463,129,1511.83,19,24,1,1,4,1,.
24,64.8,173.2,12.4272,1.11,24,28,53,4.8,1.1,0,0,1,0,1,94.054054054054,21.6012672743468,0,463,129,1991.83,.,.,1,1,4,1,.
24,64.8,173.2,12.4272,1.11,24,28,53,4.8,1.1,0,0,1,0,1,94.054054054054,21.6012672743468,0,463,.,2011.83,.,.,0,2,4,0,0.269258935338786
18,54.1,152.1,20.6515,0.65,14,19,61,4.8,0.7,1,0,0,0,2,119.875427350427,23.3850787636253,0,464,129,0,66,24,1,1,4,1,.
18,54.1,152.1,20.6515,0.65,14,19,61,4.8,0.7,1,0,0,0,2,119.875427350427,23.3850787636253,0,464,129,1631.25,.,.,1,1,4,1,.
18,54.1,152.1,20.6515,0.65,14,19,61,4.8,0.7,1,0,0,0,2,119.875427350427,23.3850787636253,0,464,.,1651.75,.,.,0,2,4,0,0.0842116219792206
18,54.1,152.1,20.6515,0.65,14,19,61,4.8,0.7,1,0,0,0,2,119.875427350427,23.3850787636253,0,464,129,1655.25,20,24,1,1,4,1,.
18,54.1,152.1,20.6515,0.65,14,19,61,4.8,0.7,1,0,0,0,2,119.875427350427,23.3850787636253,0,464,129,2160.25,.,.,1,1,4,1,.
18,54.1,152.1,20.6515,0.65,14,19,61,4.8,0.7,1,0,0,0,2,119.875427350427,23.3850787636253,0,464,.,2179.75,.,.,0,2,4,0,0.233896932735761
46,72.8,139,32.5414,0.44,18,20,109,4.2,0.4,1,0,0,0,2,183.608585858586,37.6792091506651,1,465,129,0,9,24,1,1,4,1,.
46,72.8,139,32.5414,0.44,18,20,109,4.2,0.4,1,0,0,0,2,183.608585858586,37.6792091506651,1,465,129,263.5,.,.,1,1,4,1,.
46,72.8,139,32.5414,0.44,18,20,109,4.2,0.4,1,0,0,0,2,183.608585858586,37.6792091506651,1,465,.,276,.,.,0,2,4,0,0.385071740797915
25,76.3,159.2,33.195,0.79,21,25,78,4.1,0.2,0,0,0,1,2,131.123857243319,30.104984722608,1,466,129,0,13,24,1,1,4,1,.
25,76.3,159.2,33.195,0.79,21,25,78,4.1,0.2,0,0,0,1,2,131.123857243319,30.104984722608,1,466,129,336.25,.,.,1,1,4,1,.
25,76.3,159.2,33.195,0.79,21,25,78,4.1,0.2,0,0,0,1,2,131.123857243319,30.104984722608,1,466,.,352.25,.,.,0,2,4,0,0.0827168444407894
25,76.3,159.2,33.195,0.79,21,25,78,4.1,0.2,0,0,0,1,2,131.123857243319,30.104984722608,1,466,129,360.25,46,24,1,1,4,1,.
25,76.3,159.2,33.195,0.79,21,25,78,4.1,0.2,0,0,0,1,2,131.123857243319,30.104984722608,1,466,129,1488.25,.,.,1,1,4,1,.
25,76.3,159.2,33.195,0.79,21,25,78,4.1,0.2,0,0,0,1,2,131.123857243319,30.104984722608,1,466,.,1505,.,.,0,2,4,0,0.186576526558707
25,76.3,159.2,33.195,0.79,21,25,78,4.1,0.2,0,0,0,1,2,131.123857243319,30.104984722608,1,466,129,1512.25,.,.,1,1,4,1,.
25,76.3,159.2,33.195,0.79,21,25,78,4.1,0.2,0,0,0,1,2,131.123857243319,30.104984722608,1,466,129,1602.75,21,24,1,1,4,1,.
25,76.3,159.2,33.195,0.79,21,25,78,4.1,0.2,0,0,0,1,2,131.123857243319,30.104984722608,1,466,129,2137.75,.,.,1,1,4,1,.
59,73.9,172.8,19.9041,0.83,17,17,56,4.3,0.9,0,0,0,1,1,100.165662650602,24.7489604766804,0,467,129,0,61,24,1,1,4,1,.
59,73.9,172.8,19.9041,0.83,17,17,56,4.3,0.9,0,0,0,1,1,100.165662650602,24.7489604766804,0,467,129,1492.5,.,.,1,1,4,1,.
59,73.9,172.8,19.9041,0.83,17,17,56,4.3,0.9,0,0,0,1,1,100.165662650602,24.7489604766804,0,467,.,1504.25,.,.,0,2,4,0,0.191547118221434
59,73.9,172.8,19.9041,0.83,17,17,56,4.3,0.9,0,0,0,1,1,100.165662650602,24.7489604766804,0,467,129,1516.5,.,.,1,1,4,1,.
59,73.9,172.8,19.9041,0.83,17,17,56,4.3,0.9,0,0,0,1,1,100.165662650602,24.7489604766804,0,467,129,1560,22,24,1,1,4,1,.
59,73.9,172.8,19.9041,0.83,17,17,56,4.3,0.9,0,0,0,1,1,100.165662650602,24.7489604766804,0,467,129,2116.5,.,.,1,1,4,1,.
59,73.9,172.8,19.9041,0.83,17,17,56,4.3,0.9,0,0,0,1,1,100.165662650602,24.7489604766804,0,467,.,2128,.,.,0,2,4,0,0.251320524435853
33,116.6,180.7,34.4519,0.87,32,25,71,4.5,0.6,0,1,0,0,1,199.173052362708,35.7093746908735,1,468,129,0,12,24,1,1,4,1,.
33,116.6,180.7,34.4519,0.87,32,25,71,4.5,0.6,0,1,0,0,1,199.173052362708,35.7093746908735,1,468,129,312.75,.,.,1,1,4,1,.
33,116.6,180.7,34.4519,0.87,32,25,71,4.5,0.6,0,1,0,0,1,199.173052362708,35.7093746908735,1,468,.,324.5,.,.,0,2,4,0,0.179669784361036
33,116.6,180.7,34.4519,0.87,32,25,71,4.5,0.6,0,1,0,0,1,199.173052362708,35.7093746908735,1,468,129,336.75,45,24,1,1,4,1,.
33,116.6,180.7,34.4519,0.87,32,25,71,4.5,0.6,0,1,0,0,1,199.173052362708,35.7093746908735,1,468,129,1464.5,.,.,1,1,4,1,.
33,116.6,180.7,34.4519,0.87,32,25,71,4.5,0.6,0,1,0,0,1,199.173052362708,35.7093746908735,1,468,.,1475.75,.,.,0,2,4,0,0.169661073694174
52,69,154.8,27.2247,0.63,29,28,99,4.6,0.7,0,0,1,0,2,113.783068783069,28.7943432886645,0,469,129,0,11,24,1,1,4,1,.
52,69,154.8,27.2247,0.63,29,28,99,4.6,0.7,0,0,1,0,2,113.783068783069,28.7943432886645,0,469,129,311.17,.,.,1,1,4,1,.
52,69,154.8,27.2247,0.63,29,28,99,4.6,0.7,0,0,1,0,2,113.783068783069,28.7943432886645,0,469,.,321.17,.,.,0,2,4,0,0.475842912170375
52,69,154.8,27.2247,0.63,29,28,99,4.6,0.7,0,0,1,0,2,113.783068783069,28.7943432886645,0,469,129,335.17,47,24,1,1,4,1,.
52,69,154.8,27.2247,0.63,29,28,99,4.6,0.7,0,0,1,0,2,113.783068783069,28.7943432886645,0,469,129,1487.17,.,.,1,1,4,1,.
52,69,154.8,27.2247,0.63,29,28,99,4.6,0.7,0,0,1,0,2,113.783068783069,28.7943432886645,0,469,.,1497,.,.,0,2,4,0,0.385667145962951
52,69,154.8,27.2247,0.63,29,28,99,4.6,0.7,0,0,1,0,2,113.783068783069,28.7943432886645,0,469,129,1511.17,20,24,1,1,4,1,.
52,69,154.8,27.2247,0.63,29,28,99,4.6,0.7,0,0,1,0,2,113.783068783069,28.7943432886645,0,469,129,2015.17,.,.,1,1,4,1,.
52,69,154.8,27.2247,0.63,29,28,99,4.6,0.7,0,0,1,0,2,113.783068783069,28.7943432886645,0,469,.,2025.17,.,.,0,2,4,0,0.227133369474829
41,62.1,177.1,18.1505,0.66,17,25,35,4.4,0.8,0,1,0,0,2,109.96875,19.7995116120469,0,470,129,0,11,24,1,1,4,1,.
41,62.1,177.1,18.1505,0.66,17,25,35,4.4,0.8,0,1,0,0,2,109.96875,19.7995116120469,0,470,129,288.5,.,.,1,1,4,1,.
41,62.1,177.1,18.1505,0.66,17,25,35,4.4,0.8,0,1,0,0,2,109.96875,19.7995116120469,0,470,.,298,.,.,0,2,4,0,0.216833574240896
41,62.1,177.1,18.1505,0.66,17,25,35,4.4,0.8,0,1,0,0,2,109.96875,19.7995116120469,0,470,129,312.5,45,24,1,1,4,1,.
41,62.1,177.1,18.1505,0.66,17,25,35,4.4,0.8,0,1,0,0,2,109.96875,19.7995116120469,0,470,129,1440.25,.,.,1,1,4,1,.
41,62.1,177.1,18.1505,0.66,17,25,35,4.4,0.8,0,1,0,0,2,109.96875,19.7995116120469,0,470,.,1449.92,.,.,0,2,4,0,0.212201272913997
41,62.1,177.1,18.1505,0.66,17,25,35,4.4,0.8,0,1,0,0,2,109.96875,19.7995116120469,0,470,129,1464.25,.,.,1,1,4,1,.
41,62.1,177.1,18.1505,0.66,17,25,35,4.4,0.8,0,1,0,0,2,109.96875,19.7995116120469,0,470,129,1507,16,24,1,1,4,1,.
41,62.1,177.1,18.1505,0.66,17,25,35,4.4,0.8,0,1,0,0,2,109.96875,19.7995116120469,0,470,129,1921.5,.,.,1,1,4,1,.
41,62.1,177.1,18.1505,0.66,17,25,35,4.4,0.8,0,1,0,0,2,109.96875,19.7995116120469,0,470,.,1953.83,.,.,0,2,4,0,0.0635142707256289
57,54.5,171.8,9.0479,0.74,23,17,59,4.2,0.9,1,0,0,0,1,84.9005255255255,18.4650370452688,0,471,129,0,11,24,1,1,4,1,.
57,54.5,171.8,9.0479,0.74,23,17,59,4.2,0.9,1,0,0,0,1,84.9005255255255,18.4650370452688,0,471,129,288,.,.,1,1,4,1,.
57,54.5,171.8,9.0479,0.74,23,17,59,4.2,0.9,1,0,0,0,1,84.9005255255255,18.4650370452688,0,471,.,300.5,.,.,0,2,4,0,0.0430257308667657
57,54.5,171.8,9.0479,0.74,23,17,59,4.2,0.9,1,0,0,0,1,84.9005255255255,18.4650370452688,0,471,129,312,46,24,1,1,4,1,.
57,54.5,171.8,9.0479,0.74,23,17,59,4.2,0.9,1,0,0,0,1,84.9005255255255,18.4650370452688,0,471,129,1441.5,.,.,1,1,4,1,.
57,54.5,171.8,9.0479,0.74,23,17,59,4.2,0.9,1,0,0,0,1,84.9005255255255,18.4650370452688,0,471,.,1451.67,.,.,0,2,4,0,0.359398089958425
57,54.5,171.8,9.0479,0.74,23,17,59,4.2,0.9,1,0,0,0,1,84.9005255255255,18.4650370452688,0,471,129,1465.5,18,24,1,1,4,1,.
57,54.5,171.8,9.0479,0.74,23,17,59,4.2,0.9,1,0,0,0,1,84.9005255255255,18.4650370452688,0,471,129,1945.25,.,.,1,1,4,1,.
57,54.5,171.8,9.0479,0.74,23,17,59,4.2,0.9,1,0,0,0,1,84.9005255255255,18.4650370452688,0,471,.,1955.67,.,.,0,2,4,0,0.159540862620312
29,76.1,140.3,29.9591,0.44,19,20,99,3.9,0.4,1,0,0,0,2,226.642518939394,38.6606645265288,1,472,129,0,9,24,1,1,4,1,.
29,76.1,140.3,29.9591,0.44,19,20,99,3.9,0.4,1,0,0,0,2,226.642518939394,38.6606645265288,1,472,129,240,.,.,1,1,4,1,.
29,76.1,140.3,29.9591,0.44,19,20,99,3.9,0.4,1,0,0,0,2,226.642518939394,38.6606645265288,1,472,.,251,.,.,0,2,4,0,0.252518544939518
29,76.1,140.3,29.9591,0.44,19,20,99,3.9,0.4,1,0,0,0,2,226.642518939394,38.6606645265288,1,472,129,264,46,24,1,1,4,1,.
29,76.1,140.3,29.9591,0.44,19,20,99,3.9,0.4,1,0,0,0,2,226.642518939394,38.6606645265288,1,472,129,1415.5,.,.,1,1,4,1,.
29,76.1,140.3,29.9591,0.44,19,20,99,3.9,0.4,1,0,0,0,2,226.642518939394,38.6606645265288,1,472,.,1427.5,.,.,0,2,4,0,0.240362461330774
21,50.7,156,12.5377,0.75,14,16,60,4.2,0.3,1,0,0,0,2,94.9686111111111,20.8333333333333,0,473,129,0,12,24,1,1,4,1,.
21,50.7,156,12.5377,0.75,14,16,60,4.2,0.3,1,0,0,0,2,94.9686111111111,20.8333333333333,0,473,129,312.42,.,.,1,1,4,1,.
21,50.7,156,12.5377,0.75,14,16,60,4.2,0.3,1,0,0,0,2,94.9686111111111,20.8333333333333,0,473,.,323.75,.,.,0,2,4,0,0.251942586054367
21,50.7,156,12.5377,0.75,14,16,60,4.2,0.3,1,0,0,0,2,94.9686111111111,20.8333333333333,0,473,129,336.42,47,24,1,1,4,1,.
21,50.7,156,12.5377,0.75,14,16,60,4.2,0.3,1,0,0,0,2,94.9686111111111,20.8333333333333,0,473,129,1511.75,.,.,1,1,4,1,.
21,50.7,156,12.5377,0.75,14,16,60,4.2,0.3,1,0,0,0,2,94.9686111111111,20.8333333333333,0,473,.,1523.75,.,.,0,2,4,0,0.660009055110879
21,50.7,156,12.5377,0.75,14,16,60,4.2,0.3,1,0,0,0,2,94.9686111111111,20.8333333333333,0,473,129,1535.75,19,24,1,1,4,1,.
21,50.7,156,12.5377,0.75,14,16,60,4.2,0.3,1,0,0,0,2,94.9686111111111,20.8333333333333,0,473,129,2016.25,.,.,1,1,4,1,.
21,50.7,156,12.5377,0.75,14,16,60,4.2,0.3,1,0,0,0,2,94.9686111111111,20.8333333333333,0,473,.,2026.25,.,.,0,2,4,0,0.280567985741244
34,68.6,182.1,10.8814,0.97,8,27,79,4.7,0.3,0,1,0,0,1,104.117983963345,20.6873196079301,0,474,129,0,10,24,1,1,4,1,.
34,68.6,182.1,10.8814,0.97,8,27,79,4.7,0.3,0,1,0,0,1,104.117983963345,20.6873196079301,0,474,129,278,.,.,1,1,4,1,.
34,68.6,182.1,10.8814,0.97,8,27,79,4.7,0.3,0,1,0,0,1,104.117983963345,20.6873196079301,0,474,.,298,.,.,0,2,4,0,0.290371923178394
34,68.6,182.1,10.8814,0.97,8,27,79,4.7,0.3,0,1,0,0,1,104.117983963345,20.6873196079301,0,474,129,302,.,.,1,1,4,1,.
34,68.6,182.1,10.8814,0.97,8,27,79,4.7,0.3,0,1,0,0,1,104.117983963345,20.6873196079301,0,474,129,739,30,24,1,1,4,1,.
34,68.6,182.1,10.8814,0.97,8,27,79,4.7,0.3,0,1,0,0,1,104.117983963345,20.6873196079301,0,474,129,1487,.,.,1,1,4,1,.
34,68.6,182.1,10.8814,0.97,8,27,79,4.7,0.3,0,1,0,0,1,104.117983963345,20.6873196079301,0,474,.,1498,.,.,0,2,4,0,0.345263211685907
34,68.6,182.1,10.8814,0.97,8,27,79,4.7,0.3,0,1,0,0,1,104.117983963345,20.6873196079301,0,474,129,1511,22,24,1,1,4,1,.
34,68.6,182.1,10.8814,0.97,8,27,79,4.7,0.3,0,1,0,0,1,104.117983963345,20.6873196079301,0,474,129,2064.5,.,.,1,1,4,1,.
34,68.6,182.1,10.8814,0.97,8,27,79,4.7,0.3,0,1,0,0,1,104.117983963345,20.6873196079301,0,474,.,2074.25,.,.,0,2,4,0,0.507432769703166
39,57.7,163.1,22.9148,0.49,13,20,49,4.2,0.6,0,0,0,1,2,140.40660430839,21.6904164823107,0,475,129,0,11,24,1,1,4,1,.
39,57.7,163.1,22.9148,0.49,13,20,49,4.2,0.6,0,0,0,1,2,140.40660430839,21.6904164823107,0,475,129,303.58,.,.,1,1,4,1,.
39,57.7,163.1,22.9148,0.49,13,20,49,4.2,0.6,0,0,0,1,2,140.40660430839,21.6904164823107,0,475,.,327.5,.,.,0,2,4,0,0.32078192651709
39,57.7,163.1,22.9148,0.49,13,20,49,4.2,0.6,0,0,0,1,2,140.40660430839,21.6904164823107,0,475,129,327.58,.,.,1,1,4,1,.
39,57.7,163.1,22.9148,0.49,13,20,49,4.2,0.6,0,0,0,1,2,140.40660430839,21.6904164823107,0,475,129,380.25,.,.,1,1,4,1,.
39,57.7,163.1,22.9148,0.49,13,20,49,4.2,0.6,0,0,0,1,2,140.40660430839,21.6904164823107,0,475,129,1052.25,.,.,1,1,4,1,.
39,57.7,163.1,22.9148,0.49,13,20,49,4.2,0.6,0,0,0,1,2,140.40660430839,21.6904164823107,0,475,129,1580.25,15,24,1,1,4,1,.
39,57.7,163.1,22.9148,0.49,13,20,49,4.2,0.6,0,0,0,1,2,140.40660430839,21.6904164823107,0,475,129,1983.25,.,.,1,1,4,1,.
39,57.7,163.1,22.9148,0.49,13,20,49,4.2,0.6,0,0,0,1,2,140.40660430839,21.6904164823107,0,475,.,2007.25,.,.,0,2,4,0,0.193711341448313
43,73.7,169.6,28.3328,0.67,24,25,45,4.4,0.5,0,1,0,0,2,125.965277777778,25.6221631363475,0,476,129,0,10,24,1,1,4,1,.
43,73.7,169.6,28.3328,0.67,24,25,45,4.4,0.5,0,1,0,0,2,125.965277777778,25.6221631363475,0,476,129,282.17,.,.,1,1,4,1,.
43,73.7,169.6,28.3328,0.67,24,25,45,4.4,0.5,0,1,0,0,2,125.965277777778,25.6221631363475,0,476,.,306.17,.,.,0,2,4,0,0.224181974887871
43,73.7,169.6,28.3328,0.67,24,25,45,4.4,0.5,0,1,0,0,2,125.965277777778,25.6221631363475,0,476,129,1968.17,.,.,1,1,4,1,.
43,73.7,169.6,28.3328,0.67,24,25,45,4.4,0.5,0,1,0,0,2,125.965277777778,25.6221631363475,0,476,.,1980.17,.,.,0,2,4,0,0.0993151608925146
48,73.1,168.8,21.6175,1.09,33,25,68,4.5,0.7,0,1,0,0,1,85.6931702344546,25.6550279643314,0,477,129,0,11,24,1,1,4,1,.
48,73.1,168.8,21.6175,1.09,33,25,68,4.5,0.7,0,1,0,0,1,85.6931702344546,25.6550279643314,0,477,129,311.75,.,.,1,1,4,1,.
48,73.1,168.8,21.6175,1.09,33,25,68,4.5,0.7,0,1,0,0,1,85.6931702344546,25.6550279643314,0,477,.,324.75,.,.,0,2,4,0,0.158555471465574
48,73.1,168.8,21.6175,1.09,33,25,68,4.5,0.7,0,1,0,0,1,85.6931702344546,25.6550279643314,0,477,129,335.75,.,.,1,1,4,1,.
48,73.1,168.8,21.6175,1.09,33,25,68,4.5,0.7,0,1,0,0,1,85.6931702344546,25.6550279643314,0,477,129,716.75,31,24,1,1,4,1,.
48,73.1,168.8,21.6175,1.09,33,25,68,4.5,0.7,0,1,0,0,1,85.6931702344546,25.6550279643314,0,477,129,1488.25,.,.,1,1,4,1,.
48,73.1,168.8,21.6175,1.09,33,25,68,4.5,0.7,0,1,0,0,1,85.6931702344546,25.6550279643314,0,477,.,1500.25,.,.,0,2,4,0,0.307489261316999
48,73.1,168.8,21.6175,1.09,33,25,68,4.5,0.7,0,1,0,0,1,85.6931702344546,25.6550279643314,0,477,129,1512.25,18,24,1,1,4,1,.
48,73.1,168.8,21.6175,1.09,33,25,68,4.5,0.7,0,1,0,0,1,85.6931702344546,25.6550279643314,0,477,129,1968.25,.,.,1,1,4,1,.
48,73.1,168.8,21.6175,1.09,33,25,68,4.5,0.7,0,1,0,0,1,85.6931702344546,25.6550279643314,0,477,.,2003.25,.,.,0,2,4,0,0.174009932798385
41,90.2,167.8,28.7525,0.92,38,31,87,4.5,0.2,1,0,0,0,1,134.809782608696,32.034844819234,1,478,129,0,17,24,1,1,4,1,.
41,90.2,167.8,28.7525,0.92,38,31,87,4.5,0.2,1,0,0,0,1,134.809782608696,32.034844819234,1,478,129,432.5,.,.,1,1,4,1,.
41,90.2,167.8,28.7525,0.92,38,31,87,4.5,0.2,1,0,0,0,1,134.809782608696,32.034844819234,1,478,.,444.25,.,.,0,2,4,0,0.141900400876633
41,90.2,167.8,28.7525,0.92,38,31,87,4.5,0.2,1,0,0,0,1,134.809782608696,32.034844819234,1,478,129,456.5,40,24,1,1,4,1,.
41,90.2,167.8,28.7525,0.92,38,31,87,4.5,0.2,1,0,0,0,1,134.809782608696,32.034844819234,1,478,129,1464,.,.,1,1,4,1,.
41,90.2,167.8,28.7525,0.92,38,31,87,4.5,0.2,1,0,0,0,1,134.809782608696,32.034844819234,1,478,.,1475.33,.,.,0,2,4,0,0.364384202724415
41,90.2,167.8,28.7525,0.92,38,31,87,4.5,0.2,1,0,0,0,1,134.809782608696,32.034844819234,1,478,129,1488,.,.,1,1,4,1,.
41,90.2,167.8,28.7525,0.92,38,31,87,4.5,0.2,1,0,0,0,1,134.809782608696,32.034844819234,1,478,129,1531,18,24,1,1,4,1,.
41,90.2,167.8,28.7525,0.92,38,31,87,4.5,0.2,1,0,0,0,1,134.809782608696,32.034844819234,1,478,129,1991.5,.,.,1,1,4,1,.
41,90.2,167.8,28.7525,0.92,38,31,87,4.5,0.2,1,0,0,0,1,134.809782608696,32.034844819234,1,478,.,2003,.,.,0,2,4,0,0.285381291181403
22,78.3,176.2,16.414,1.27,26,31,44,4.7,3.3,0,0,1,0,1,101.043307086614,25.220282905222,0,479,129,0,11,24,1,1,4,1,.
22,78.3,176.2,16.414,1.27,26,31,44,4.7,3.3,0,0,1,0,1,101.043307086614,25.220282905222,0,479,129,311.75,.,.,1,1,4,1,.
22,78.3,176.2,16.414,1.27,26,31,44,4.7,3.3,0,0,1,0,1,101.043307086614,25.220282905222,0,479,.,321.75,.,.,0,2,4,0,0.0847953642294925
22,78.3,176.2,16.414,1.27,26,31,44,4.7,3.3,0,0,1,0,1,101.043307086614,25.220282905222,0,479,129,335.75,46,24,1,1,4,1,.
22,78.3,176.2,16.414,1.27,26,31,44,4.7,3.3,0,0,1,0,1,101.043307086614,25.220282905222,0,479,129,1487.25,.,.,1,1,4,1,.
22,78.3,176.2,16.414,1.27,26,31,44,4.7,3.3,0,0,1,0,1,101.043307086614,25.220282905222,0,479,.,1499,.,.,0,2,4,0,0.0938865851455625
33,91.5,167.7,40.1274,0.7,19,19,103,3.9,0.2,0,0,0,0,2,165.11755952381,32.5353114802713,1,480,129,0,11,24,1,1,4,1,.
33,91.5,167.7,40.1274,0.7,19,19,103,3.9,0.2,0,0,0,0,2,165.11755952381,32.5353114802713,1,480,129,311.5,.,.,1,1,4,1,.
33,91.5,167.7,40.1274,0.7,19,19,103,3.9,0.2,0,0,0,0,2,165.11755952381,32.5353114802713,1,480,.,330.5,.,.,0,2,4,0,0.135004068463823
33,91.5,167.7,40.1274,0.7,19,19,103,3.9,0.2,0,0,0,0,2,165.11755952381,32.5353114802713,1,480,129,335.5,.,.,1,1,4,1,.
33,91.5,167.7,40.1274,0.7,19,19,103,3.9,0.2,0,0,0,0,2,165.11755952381,32.5353114802713,1,480,129,691.5,26,24,1,1,4,1,.
33,91.5,167.7,40.1274,0.7,19,19,103,3.9,0.2,0,0,0,0,2,165.11755952381,32.5353114802713,1,480,129,1344,.,.,1,1,4,1,.
33,91.5,167.7,40.1274,0.7,19,19,103,3.9,0.2,0,0,0,0,2,165.11755952381,32.5353114802713,1,480,.,1359,.,.,0,2,4,0,0.142766630763159
33,91.5,167.7,40.1274,0.7,19,19,103,3.9,0.2,0,0,0,0,2,165.11755952381,32.5353114802713,1,480,129,1368,24,24,1,1,4,1,.
33,91.5,167.7,40.1274,0.7,19,19,103,3.9,0.2,0,0,0,0,2,165.11755952381,32.5353114802713,1,480,129,1968.5,.,.,1,1,4,1,.
33,91.5,167.7,40.1274,0.7,19,19,103,3.9,0.2,0,0,0,0,2,165.11755952381,32.5353114802713,1,480,.,1986.25,.,.,0,2,4,0,0.218866008497881
35,71.9,178.3,18.612,0.93,22,19,80,3.9,0.6,0,0,0,0,1,112.746415770609,22.6165420345262,0,481,129,0,10,24,1,1,4,1,.
35,71.9,178.3,18.612,0.93,22,19,80,3.9,0.6,0,0,0,0,1,112.746415770609,22.6165420345262,0,481,129,287.5,.,.,1,1,4,1,.
35,71.9,178.3,18.612,0.93,22,19,80,3.9,0.6,0,0,0,0,1,112.746415770609,22.6165420345262,0,481,.,304.98,.,.,0,2,4,0,0.178890864632962
35,71.9,178.3,18.612,0.93,22,19,80,3.9,0.6,0,0,0,0,1,112.746415770609,22.6165420345262,0,481,129,311.5,48,24,1,1,4,1,.
35,71.9,178.3,18.612,0.93,22,19,80,3.9,0.6,0,0,0,0,1,112.746415770609,22.6165420345262,0,481,129,1487.5,.,.,1,1,4,1,.
35,71.9,178.3,18.612,0.93,22,19,80,3.9,0.6,0,0,0,0,1,112.746415770609,22.6165420345262,0,481,.,1504.98,.,.,0,2,4,0,0.188551152818531
35,71.9,178.3,18.612,0.93,22,19,80,3.9,0.6,0,0,0,0,1,112.746415770609,22.6165420345262,0,481,129,1511.5,19,24,1,1,4,1,.
35,71.9,178.3,18.612,0.93,22,19,80,3.9,0.6,0,0,0,0,1,112.746415770609,22.6165420345262,0,481,129,1991.5,.,.,1,1,4,1,.
35,71.9,178.3,18.612,0.93,22,19,80,3.9,0.6,0,0,0,0,1,112.746415770609,22.6165420345262,0,481,.,2007.83,.,.,0,2,4,0,0.153560598620819
46,77.7,155.1,34.1818,0.47,14,14,62,3.9,0.3,0,0,0,1,2,183.458333333333,32.2996207600512,1,482,129,0,10,24,1,1,4,1,.
46,77.7,155.1,34.1818,0.47,14,14,62,3.9,0.3,0,0,0,1,2,183.458333333333,32.2996207600512,1,482,129,287,.,.,1,1,4,1,.
46,77.7,155.1,34.1818,0.47,14,14,62,3.9,0.3,0,0,0,1,2,183.458333333333,32.2996207600512,1,482,.,305.42,.,.,0,2,4,0,0.213793936620761
46,77.7,155.1,34.1818,0.47,14,14,62,3.9,0.3,0,0,0,1,2,183.458333333333,32.2996207600512,1,482,129,311,.,.,1,1,4,1,.
46,77.7,155.1,34.1818,0.47,14,14,62,3.9,0.3,0,0,0,1,2,183.458333333333,32.2996207600512,1,482,129,360,.,.,1,1,4,1,.
46,77.7,155.1,34.1818,0.47,14,14,62,3.9,0.3,0,0,0,1,2,183.458333333333,32.2996207600512,1,482,129,720,.,.,1,1,4,1,.
46,77.7,155.1,34.1818,0.47,14,14,62,3.9,0.3,0,0,0,1,2,183.458333333333,32.2996207600512,1,482,129,1056,42,24,1,1,4,1,.
46,77.7,155.1,34.1818,0.47,14,14,62,3.9,0.3,0,0,0,1,2,183.458333333333,32.2996207600512,1,482,129,2111,.,.,1,1,4,1,.
46,77.7,155.1,34.1818,0.47,14,14,62,3.9,0.3,0,0,0,1,2,183.458333333333,32.2996207600512,1,482,.,2128.28,.,.,0,2,4,0,0.269708044218552
43,56,150.9,24.0304,0.5,18,21,79,3.9,0.4,0,0,0,1,2,128.255555555556,24.5928888783491,0,483,129,0,10,24,1,1,4,1,.
43,56,150.9,24.0304,0.5,18,21,79,3.9,0.4,0,0,0,1,2,128.255555555556,24.5928888783491,0,483,129,286.5,.,.,1,1,4,1,.
43,56,150.9,24.0304,0.5,18,21,79,3.9,0.4,0,0,0,1,2,128.255555555556,24.5928888783491,0,483,.,305.67,.,.,0,2,4,0,0.159210371291037
43,56,150.9,24.0304,0.5,18,21,79,3.9,0.4,0,0,0,1,2,128.255555555556,24.5928888783491,0,483,129,310.5,.,.,1,1,4,1,.
43,56,150.9,24.0304,0.5,18,21,79,3.9,0.4,0,0,0,1,2,128.255555555556,24.5928888783491,0,483,129,1075.5,17,24,1,1,4,1,.
43,56,150.9,24.0304,0.5,18,21,79,3.9,0.4,0,0,0,1,2,128.255555555556,24.5928888783491,0,483,129,1511,.,.,1,1,4,1,.
43,56,150.9,24.0304,0.5,18,21,79,3.9,0.4,0,0,0,1,2,128.255555555556,24.5928888783491,0,483,.,1526.98,.,.,0,2,4,0,0.209450071230435
43,56,150.9,24.0304,0.5,18,21,79,3.9,0.4,0,0,0,1,2,128.255555555556,24.5928888783491,0,483,129,1535,.,.,1,1,4,1,.
43,56,150.9,24.0304,0.5,18,21,79,3.9,0.4,0,0,0,1,2,128.255555555556,24.5928888783491,0,483,129,1579.5,17,24,1,1,4,1,.
43,56,150.9,24.0304,0.5,18,21,79,3.9,0.4,0,0,0,1,2,128.255555555556,24.5928888783491,0,483,129,2015,.,.,1,1,4,1,.
43,56,150.9,24.0304,0.5,18,21,79,3.9,0.4,0,0,0,1,2,128.255555555556,24.5928888783491,0,483,.,2026.33,.,.,0,2,4,0,0.456995618592675
36,61.3,173.8,9.6602,0.98,22,28,69,4.3,0.7,0,0,1,0,1,90.3514739229025,20.2936857173503,0,484,129,0,11,24,1,1,4,1,.
36,61.3,173.8,9.6602,0.98,22,28,69,4.3,0.7,0,0,1,0,1,90.3514739229025,20.2936857173503,0,484,129,307,.,.,1,1,4,1,.
36,61.3,173.8,9.6602,0.98,22,28,69,4.3,0.7,0,0,1,0,1,90.3514739229025,20.2936857173503,0,484,.,321.67,.,.,0,2,4,0,0.123106178246325
36,61.3,173.8,9.6602,0.98,22,28,69,4.3,0.7,0,0,1,0,1,90.3514739229025,20.2936857173503,0,484,129,331,.,.,1,1,4,1,.
36,61.3,173.8,9.6602,0.98,22,28,69,4.3,0.7,0,0,1,0,1,90.3514739229025,20.2936857173503,0,484,129,811.5,18,24,1,1,4,1,.
36,61.3,173.8,9.6602,0.98,22,28,69,4.3,0.7,0,0,1,0,1,90.3514739229025,20.2936857173503,0,484,129,1268.5,.,.,1,1,4,1,.
48,100.5,170.4,42.5443,0.75,18,20,69,4.1,0.4,0,0,1,0,2,145.538888888889,34.612014811876,1,485,129,0,11,24,1,1,4,1,.
48,100.5,170.4,42.5443,0.75,18,20,69,4.1,0.4,0,0,1,0,2,145.538888888889,34.612014811876,1,485,129,310.5,.,.,1,1,4,1,.
48,100.5,170.4,42.5443,0.75,18,20,69,4.1,0.4,0,0,1,0,2,145.538888888889,34.612014811876,1,485,.,326.42,.,.,0,2,4,0,0.469068676669521
48,100.5,170.4,42.5443,0.75,18,20,69,4.1,0.4,0,0,1,0,2,145.538888888889,34.612014811876,1,485,129,334.5,48,24,1,1,4,1,.
48,100.5,170.4,42.5443,0.75,18,20,69,4.1,0.4,0,0,1,0,2,145.538888888889,34.612014811876,1,485,129,1511,.,.,1,1,4,1,.
48,100.5,170.4,42.5443,0.75,18,20,69,4.1,0.4,0,0,1,0,2,145.538888888889,34.612014811876,1,485,.,1535,.,.,0,2,4,0,0.173300674356054
48,100.5,170.4,42.5443,0.75,18,20,69,4.1,0.4,0,0,1,0,2,145.538888888889,34.612014811876,1,485,129,1992,.,.,1,1,4,1,.
32,125.9,170.2,59.5112,0.62,17,18,71,4,0.3,0,1,0,0,2,258.907258064516,43.4616908841606,1,486,129,0,11,24,1,1,4,1,.
32,125.9,170.2,59.5112,0.62,17,18,71,4,0.3,0,1,0,0,2,258.907258064516,43.4616908841606,1,486,129,311.75,.,.,1,1,4,1,.
32,125.9,170.2,59.5112,0.62,17,18,71,4,0.3,0,1,0,0,2,258.907258064516,43.4616908841606,1,486,.,328.92,.,.,0,2,4,0,0.0947466234240666
32,125.9,170.2,59.5112,0.62,17,18,71,4,0.3,0,1,0,0,2,258.907258064516,43.4616908841606,1,486,129,335.75,47,24,1,1,4,1,.
32,125.9,170.2,59.5112,0.62,17,18,71,4,0.3,0,1,0,0,2,258.907258064516,43.4616908841606,1,486,129,1487.75,.,.,1,1,4,1,.
32,125.9,170.2,59.5112,0.62,17,18,71,4,0.3,0,1,0,0,2,258.907258064516,43.4616908841606,1,486,.,1505,.,.,0,2,4,0,0.1063702725984
32,125.9,170.2,59.5112,0.62,17,18,71,4,0.3,0,1,0,0,2,258.907258064516,43.4616908841606,1,486,129,1511.75,19,24,1,1,4,1,.
32,125.9,170.2,59.5112,0.62,17,18,71,4,0.3,0,1,0,0,2,258.907258064516,43.4616908841606,1,486,129,1993.25,.,.,1,1,4,1,.
32,125.9,170.2,59.5112,0.62,17,18,71,4,0.3,0,1,0,0,2,258.907258064516,43.4616908841606,1,486,.,2007.08,.,.,0,2,4,0,0.108859722993172
48,109,176.7,41.9818,0.68,23,21,123,3.9,0.2,0,0,1,0,2,174.097222222222,34.9102853707648,1,487,129,0,12,24,1,1,4,1,.
48,109,176.7,41.9818,0.68,23,21,123,3.9,0.2,0,0,1,0,2,174.097222222222,34.9102853707648,1,487,129,312.5,.,.,1,1,4,1,.
48,109,176.7,41.9818,0.68,23,21,123,3.9,0.2,0,0,1,0,2,174.097222222222,34.9102853707648,1,487,.,330.17,.,.,0,2,4,0,0.163296892308807
48,109,176.7,41.9818,0.68,23,21,123,3.9,0.2,0,0,1,0,2,174.097222222222,34.9102853707648,1,487,129,336.5,48,24,1,1,4,1,.
48,109,176.7,41.9818,0.68,23,21,123,3.9,0.2,0,0,1,0,2,174.097222222222,34.9102853707648,1,487,129,1515.5,.,.,1,1,4,1,.
48,109,176.7,41.9818,0.68,23,21,123,3.9,0.2,0,0,1,0,2,174.097222222222,34.9102853707648,1,487,.,1530,.,.,0,2,4,0,0.505988077276751
48,109,176.7,41.9818,0.68,23,21,123,3.9,0.2,0,0,1,0,2,174.097222222222,34.9102853707648,1,487,129,1539.5,18,24,1,1,4,1,.
48,109,176.7,41.9818,0.68,23,21,123,3.9,0.2,0,0,1,0,2,174.097222222222,34.9102853707648,1,487,129,2017,.,.,1,1,4,1,.
48,109,176.7,41.9818,0.68,23,21,123,3.9,0.2,0,0,1,0,2,174.097222222222,34.9102853707648,1,487,.,2034.33,.,.,0,2,4,0,0.388616006280901
52,51.4,161.9,20.01,0.64,17,19,68,4.2,1,0,0,0,1,2,83.4357638888889,19.609630999393,0,488,129,0,11,24,1,1,4,1,.
52,51.4,161.9,20.01,0.64,17,19,68,4.2,1,0,0,0,1,2,83.4357638888889,19.609630999393,0,488,129,311.25,.,.,1,1,4,1,.
52,51.4,161.9,20.01,0.64,17,19,68,4.2,1,0,0,0,1,2,83.4357638888889,19.609630999393,0,488,.,327.75,.,.,0,2,4,0,0.238962552471944
52,51.4,161.9,20.01,0.64,17,19,68,4.2,1,0,0,0,1,2,83.4357638888889,19.609630999393,0,488,129,335.25,54,24,1,1,4,1,.
52,51.4,161.9,20.01,0.64,17,19,68,4.2,1,0,0,0,1,2,83.4357638888889,19.609630999393,0,488,129,1656.25,.,.,1,1,4,1,.
52,51.4,161.9,20.01,0.64,17,19,68,4.2,1,0,0,0,1,2,83.4357638888889,19.609630999393,0,488,.,1672.08,.,.,0,2,4,0,0.326437178153811
52,51.4,161.9,20.01,0.64,17,19,68,4.2,1,0,0,0,1,2,83.4357638888889,19.609630999393,0,488,129,1680.25,12,24,1,1,4,1,.
52,51.4,161.9,20.01,0.64,17,19,68,4.2,1,0,0,0,1,2,83.4357638888889,19.609630999393,0,488,129,1992.25,.,.,1,1,4,1,.
52,51.4,161.9,20.01,0.64,17,19,68,4.2,1,0,0,0,1,2,83.4357638888889,19.609630999393,0,488,.,2007.33,.,.,0,2,4,0,0.142158945338053
41,62.5,154,18.6191,0.59,17,21,55,4.5,0.3,1,0,0,0,2,123.808262711864,26.3535166132569,0,489,129,0,11,24,1,1,4,1,.
41,62.5,154,18.6191,0.59,17,21,55,4.5,0.3,1,0,0,0,2,123.808262711864,26.3535166132569,0,489,129,311.33,.,.,1,1,4,1,.
41,62.5,154,18.6191,0.59,17,21,55,4.5,0.3,1,0,0,0,2,123.808262711864,26.3535166132569,0,489,.,328.92,.,.,0,2,4,0,0.182286861729015
41,62.5,154,18.6191,0.59,17,21,55,4.5,0.3,1,0,0,0,2,123.808262711864,26.3535166132569,0,489,129,335.33,12,24,1,1,4,1,.
41,62.5,154,18.6191,0.59,17,21,55,4.5,0.3,1,0,0,0,2,123.808262711864,26.3535166132569,0,489,129,647.42,.,.,1,1,4,1,.
41,62.5,154,18.6191,0.59,17,21,55,4.5,0.3,1,0,0,0,2,123.808262711864,26.3535166132569,0,489,.,665.75,.,.,0,2,4,0,0.332226547309584
19,107.9,181.2,34.7126,0.89,30,21,65,4.5,0.9,0,1,0,0,1,203.743757802747,32.8628373999191,1,490,129,0,12,24,1,1,4,1,.
19,107.9,181.2,34.7126,0.89,30,21,65,4.5,0.9,0,1,0,0,1,203.743757802747,32.8628373999191,1,490,129,312,.,.,1,1,4,1,.
19,107.9,181.2,34.7126,0.89,30,21,65,4.5,0.9,0,1,0,0,1,203.743757802747,32.8628373999191,1,490,.,330.33,.,.,0,2,4,0,0.024117992620484
30,84.7,180.2,19.6607,1.2,23,33,36,4.8,1.2,0,1,0,0,1,107.835648148148,26.0839787090679,0,491,129,0,12,24,1,1,4,1,.
30,84.7,180.2,19.6607,1.2,23,33,36,4.8,1.2,0,1,0,0,1,107.835648148148,26.0839787090679,0,491,129,313,.,.,1,1,4,1,.
30,84.7,180.2,19.6607,1.2,23,33,36,4.8,1.2,0,1,0,0,1,107.835648148148,26.0839787090679,0,491,.,331,.,.,0,2,4,0,0.198706531998512
30,84.7,180.2,19.6607,1.2,23,33,36,4.8,1.2,0,1,0,0,1,107.835648148148,26.0839787090679,0,491,129,337,.,.,1,1,4,1,.
30,84.7,180.2,19.6607,1.2,23,33,36,4.8,1.2,0,1,0,0,1,107.835648148148,26.0839787090679,0,491,129,551,38,24,1,1,4,1,.
30,84.7,180.2,19.6607,1.2,23,33,36,4.8,1.2,0,1,0,0,1,107.835648148148,26.0839787090679,0,491,129,1488,.,.,1,1,4,1,.
30,84.7,180.2,19.6607,1.2,23,33,36,4.8,1.2,0,1,0,0,1,107.835648148148,26.0839787090679,0,491,.,1501.5,.,.,0,2,4,0,0.240521095228547
30,84.7,180.2,19.6607,1.2,23,33,36,4.8,1.2,0,1,0,0,1,107.835648148148,26.0839787090679,0,491,129,1512,.,.,1,1,4,1,.
30,84.7,180.2,19.6607,1.2,23,33,36,4.8,1.2,0,1,0,0,1,107.835648148148,26.0839787090679,0,491,129,1559,17,24,1,1,4,1,.
30,84.7,180.2,19.6607,1.2,23,33,36,4.8,1.2,0,1,0,0,1,107.835648148148,26.0839787090679,0,491,129,1991.25,.,.,1,1,4,1,.
30,84.7,180.2,19.6607,1.2,23,33,36,4.8,1.2,0,1,0,0,1,107.835648148148,26.0839787090679,0,491,.,2005.67,.,.,0,2,4,0,0.306778777458689
23,62.3,164.9,18.2819,0.8,22,18,39,4.7,0.7,0,1,0,0,2,107.56484375,22.9111419126427,0,492,129,0,12,24,1,1,4,1,.
23,62.3,164.9,18.2819,0.8,22,18,39,4.7,0.7,0,1,0,0,2,107.56484375,22.9111419126427,0,492,129,316,.,.,1,1,4,1,.
23,62.3,164.9,18.2819,0.8,22,18,39,4.7,0.7,0,1,0,0,2,107.56484375,22.9111419126427,0,492,.,328.05,.,.,0,2,4,0,0.0541639897708277
23,62.3,164.9,18.2819,0.8,22,18,39,4.7,0.7,0,1,0,0,2,107.56484375,22.9111419126427,0,492,129,340,.,.,1,1,4,1,.
23,62.3,164.9,18.2819,0.8,22,18,39,4.7,0.7,0,1,0,0,2,107.56484375,22.9111419126427,0,492,129,720.5,31,24,1,1,4,1,.
23,62.3,164.9,18.2819,0.8,22,18,39,4.7,0.7,0,1,0,0,2,107.56484375,22.9111419126427,0,492,129,1491.5,.,.,1,1,4,1,.
23,62.3,164.9,18.2819,0.8,22,18,39,4.7,0.7,0,1,0,0,2,107.56484375,22.9111419126427,0,492,.,1504.13,.,.,0,2,4,0,0.136470490835654
23,62.3,164.9,18.2819,0.8,22,18,39,4.7,0.7,0,1,0,0,2,107.56484375,22.9111419126427,0,492,129,1515.5,.,.,1,1,4,1,.
23,62.3,164.9,18.2819,0.8,22,18,39,4.7,0.7,0,1,0,0,2,107.56484375,22.9111419126427,0,492,129,1560.5,16,24,1,1,4,1,.
23,62.3,164.9,18.2819,0.8,22,18,39,4.7,0.7,0,1,0,0,2,107.56484375,22.9111419126427,0,492,129,1991,.,.,1,1,4,1,.
23,62.3,164.9,18.2819,0.8,22,18,39,4.7,0.7,0,1,0,0,2,107.56484375,22.9111419126427,0,492,.,2008.58,.,.,0,2,4,0,0.248107880024225
43,74.1,170.1,16.9433,1.2,29,29,76,4.8,0.5,0,1,0,0,1,83.1909722222222,25.6100001347895,0,493,129,0,9,24,1,1,4,1,.
43,74.1,170.1,16.9433,1.2,29,29,76,4.8,0.5,0,1,0,0,1,83.1909722222222,25.6100001347895,0,493,129,263.75,.,.,1,1,4,1,.
43,74.1,170.1,16.9433,1.2,29,29,76,4.8,0.5,0,1,0,0,1,83.1909722222222,25.6100001347895,0,493,.,280.17,.,.,0,2,4,0,0.402653611028247
43,74.1,170.1,16.9433,1.2,29,29,76,4.8,0.5,0,1,0,0,1,83.1909722222222,25.6100001347895,0,493,129,287.75,.,.,1,1,4,1,.
43,74.1,170.1,16.9433,1.2,29,29,76,4.8,0.5,0,1,0,0,1,83.1909722222222,25.6100001347895,0,493,129,358.25,.,.,1,1,4,1,.
43,74.1,170.1,16.9433,1.2,29,29,76,4.8,0.5,0,1,0,0,1,83.1909722222222,25.6100001347895,0,493,129,718.25,21,24,1,1,4,1,.
43,74.1,170.1,16.9433,1.2,29,29,76,4.8,0.5,0,1,0,0,1,83.1909722222222,25.6100001347895,0,493,129,1246.25,.,.,1,1,4,1,.
43,74.1,170.1,16.9433,1.2,29,29,76,4.8,0.5,0,1,0,0,1,83.1909722222222,25.6100001347895,0,493,129,1270.25,7,24,1,1,4,1,.
43,74.1,170.1,16.9433,1.2,29,29,76,4.8,0.5,0,1,0,0,1,83.1909722222222,25.6100001347895,0,493,129,1486.25,.,.,1,1,4,1,.
43,74.1,170.1,16.9433,1.2,29,29,76,4.8,0.5,0,1,0,0,1,83.1909722222222,25.6100001347895,0,493,129,1606.25,14,24,1,1,4,1,.
43,74.1,170.1,16.9433,1.2,29,29,76,4.8,0.5,0,1,0,0,1,83.1909722222222,25.6100001347895,0,493,129,1968.25,.,.,1,1,4,1,.
51,81.6,170.7,18.772,1.26,25,18,40,4.4,1.3,0,1,0,0,1,80.0529100529101,28.0041965112125,0,494,129,0,12,24,1,1,4,1,.
51,81.6,170.7,18.772,1.26,25,18,40,4.4,1.3,0,1,0,0,1,80.0529100529101,28.0041965112125,0,494,129,312.5,.,.,1,1,4,1,.
51,81.6,170.7,18.772,1.26,25,18,40,4.4,1.3,0,1,0,0,1,80.0529100529101,28.0041965112125,0,494,.,333.43,.,.,0,2,4,0,0.293363379473805
51,81.6,170.7,18.772,1.26,25,18,40,4.4,1.3,0,1,0,0,1,80.0529100529101,28.0041965112125,0,494,129,336.5,.,.,1,1,4,1,.
51,81.6,170.7,18.772,1.26,25,18,40,4.4,1.3,0,1,0,0,1,80.0529100529101,28.0041965112125,0,494,129,1056.5,18,24,1,1,4,1,.
51,81.6,170.7,18.772,1.26,25,18,40,4.4,1.3,0,1,0,0,1,80.0529100529101,28.0041965112125,0,494,129,1513.5,.,.,1,1,4,1,.
51,81.6,170.7,18.772,1.26,25,18,40,4.4,1.3,0,1,0,0,1,80.0529100529101,28.0041965112125,0,494,129,1537.5,.,.,1,1,4,1,.
51,81.6,170.7,18.772,1.26,25,18,40,4.4,1.3,0,1,0,0,1,80.0529100529101,28.0041965112125,0,494,258,1560.5,.,.,1,1,4,1,.
51,81.6,170.7,18.772,1.26,25,18,40,4.4,1.3,0,1,0,0,1,80.0529100529101,28.0041965112125,0,494,129,1584.5,16,24,1,1,4,1,.
51,81.6,170.7,18.772,1.26,25,18,40,4.4,1.3,0,1,0,0,1,80.0529100529101,28.0041965112125,0,494,129,1994.5,.,.,1,1,4,1,.
51,81.6,170.7,18.772,1.26,25,18,40,4.4,1.3,0,1,0,0,1,80.0529100529101,28.0041965112125,0,494,.,2013.42,.,.,0,2,4,0,0.203723208814994
38,85.2,157,34.5657,0.66,20,21,67,3.8,0.4,0,1,0,0,2,155.44696969697,34.5652967666031,1,495,129,0,11,24,1,1,4,1,.
38,85.2,157,34.5657,0.66,20,21,67,3.8,0.4,0,1,0,0,2,155.44696969697,34.5652967666031,1,495,129,299.75,.,.,1,1,4,1,.
38,85.2,157,34.5657,0.66,20,21,67,3.8,0.4,0,1,0,0,2,155.44696969697,34.5652967666031,1,495,.,326.17,.,.,0,2,4,0,0.0854897751284932
38,85.2,157,34.5657,0.66,20,21,67,3.8,0.4,0,1,0,0,2,155.44696969697,34.5652967666031,1,495,129,1488,.,.,1,1,4,1,.
38,85.2,157,34.5657,0.66,20,21,67,3.8,0.4,0,1,0,0,2,155.44696969697,34.5652967666031,1,495,.,1508.7,.,.,0,2,4,0,0.122907200129052
44,108.6,176.1,36.7133,1.16,22,24,55,3.9,0.7,0,1,0,0,1,124.827586206897,35.0195945272693,1,496,129,0,11,24,1,1,4,1,.
44,108.6,176.1,36.7133,1.16,22,24,55,3.9,0.7,0,1,0,0,1,124.827586206897,35.0195945272693,1,496,129,311,.,.,1,1,4,1,.
44,108.6,176.1,36.7133,1.16,22,24,55,3.9,0.7,0,1,0,0,1,124.827586206897,35.0195945272693,1,496,.,328.42,.,.,0,2,4,0,0.206784260995611
44,108.6,176.1,36.7133,1.16,22,24,55,3.9,0.7,0,1,0,0,1,124.827586206897,35.0195945272693,1,496,129,335,15,24,1,1,4,1,.
44,108.6,176.1,36.7133,1.16,22,24,55,3.9,0.7,0,1,0,0,1,124.827586206897,35.0195945272693,1,496,129,723.5,.,.,1,1,4,1,.
44,108.6,176.1,36.7133,1.16,22,24,55,3.9,0.7,0,1,0,0,1,124.827586206897,35.0195945272693,1,496,.,927.08,.,.,0,2,4,0,0.0429265790140798
44,71.2,162.5,22.2983,0.81,13,15,45,4.2,0.1,0,1,0,0,2,99.6213991769547,26.9633136094675,0,497,129,0,11,24,1,1,4,1,.
44,71.2,162.5,22.2983,0.81,13,15,45,4.2,0.1,0,1,0,0,2,99.6213991769547,26.9633136094675,0,497,129,311.25,.,.,1,1,4,1,.
44,71.2,162.5,22.2983,0.81,13,15,45,4.2,0.1,0,1,0,0,2,99.6213991769547,26.9633136094675,0,497,.,328.25,.,.,0,2,4,0,0.148043923112025
44,71.2,162.5,22.2983,0.81,13,15,45,4.2,0.1,0,1,0,0,2,99.6213991769547,26.9633136094675,0,497,129,335.25,46,24,1,1,4,1,.
44,71.2,162.5,22.2983,0.81,13,15,45,4.2,0.1,0,1,0,0,2,99.6213991769547,26.9633136094675,0,497,129,1463.75,.,.,1,1,4,1,.
44,71.2,162.5,22.2983,0.81,13,15,45,4.2,0.1,0,1,0,0,2,99.6213991769547,26.9633136094675,0,497,.,1480.92,.,.,0,2,4,0,0.0915265899632037
44,71.2,162.5,22.2983,0.81,13,15,45,4.2,0.1,0,1,0,0,2,99.6213991769547,26.9633136094675,0,497,129,1487.75,19,24,1,1,4,1,.
44,71.2,162.5,22.2983,0.81,13,15,45,4.2,0.1,0,1,0,0,2,99.6213991769547,26.9633136094675,0,497,129,1968.5,.,.,1,1,4,1,.
44,71.2,162.5,22.2983,0.81,13,15,45,4.2,0.1,0,1,0,0,2,99.6213991769547,26.9633136094675,0,497,.,1984.42,.,.,0,2,4,0,0.190400803884231
23,61.6,178.1,18.2677,0.76,15,21,62,4.7,0.9,0,0,0,1,1,131.710526315789,19.4201631104544,0,498,129,0,.,.,1,1,4,1,.
23,61.6,178.1,18.2677,0.76,15,21,62,4.7,0.9,0,0,0,1,1,131.710526315789,19.4201631104544,0,498,129,68,4,24,1,1,4,1,.
23,61.6,178.1,18.2677,0.76,15,21,62,4.7,0.9,0,0,0,1,1,131.710526315789,19.4201631104544,0,498,129,211.5,.,.,1,1,4,1,.
23,61.6,178.1,18.2677,0.76,15,21,62,4.7,0.9,0,0,0,1,1,131.710526315789,19.4201631104544,0,498,.,328.58,.,.,0,2,4,0,0.0538290563737786
43,98.8,174,46.4335,0.89,17,19,61,4,0.4,0,1,0,0,2,127.123283395755,32.6331087329898,1,499,129,0,10,24,1,1,4,1,.
43,98.8,174,46.4335,0.89,17,19,61,4,0.4,0,1,0,0,2,127.123283395755,32.6331087329898,1,499,129,266,.,.,1,1,4,1,.
43,98.8,174,46.4335,0.89,17,19,61,4,0.4,0,1,0,0,2,127.123283395755,32.6331087329898,1,499,.,279.75,.,.,0,2,4,0,0.402250099082657
43,98.8,174,46.4335,0.89,17,19,61,4,0.4,0,1,0,0,2,127.123283395755,32.6331087329898,1,499,129,290,.,.,1,1,4,1,.
43,98.8,174,46.4335,0.89,17,19,61,4,0.4,0,1,0,0,2,127.123283395755,32.6331087329898,1,499,129,336,9,24,1,1,4,1,.
43,98.8,174,46.4335,0.89,17,19,61,4,0.4,0,1,0,0,2,127.123283395755,32.6331087329898,1,499,129,578,.,.,1,1,4,1,.
43,98.8,174,46.4335,0.89,17,19,61,4,0.4,0,1,0,0,2,127.123283395755,32.6331087329898,1,499,.,619.92,.,.,0,2,4,0,0.376569082520752
25,75.8,174.6,24.1525,0.96,19,17,58,4.3,0.8,0,0,0,1,1,126.11400462963,24.8645570500532,0,500,129,0,12,24,1,1,4,1,.
25,75.8,174.6,24.1525,0.96,19,17,58,4.3,0.8,0,0,0,1,1,126.11400462963,24.8645570500532,0,500,129,312,.,.,1,1,4,1,.
25,75.8,174.6,24.1525,0.96,19,17,58,4.3,0.8,0,0,0,1,1,126.11400462963,24.8645570500532,0,500,.,331.83,.,.,0,2,4,0,0.232187557594539
25,75.8,174.6,24.1525,0.96,19,17,58,4.3,0.8,0,0,0,1,1,126.11400462963,24.8645570500532,0,500,129,336,48,24,1,1,4,1,.
25,75.8,174.6,24.1525,0.96,19,17,58,4.3,0.8,0,0,0,1,1,126.11400462963,24.8645570500532,0,500,129,1514.58,.,.,1,1,4,1,.
25,75.8,174.6,24.1525,0.96,19,17,58,4.3,0.8,0,0,0,1,1,126.11400462963,24.8645570500532,0,500,.,1530.17,.,.,0,2,4,0,0.206476685559945
25,75.8,174.6,24.1525,0.96,19,17,58,4.3,0.8,0,0,0,1,1,126.11400462963,24.8645570500532,0,500,129,1538.58,18,24,1,1,4,1,.
25,75.8,174.6,24.1525,0.96,19,17,58,4.3,0.8,0,0,0,1,1,126.11400462963,24.8645570500532,0,500,129,1995.5,.,.,1,1,4,1,.
25,75.8,174.6,24.1525,0.96,19,17,58,4.3,0.8,0,0,0,1,1,126.11400462963,24.8645570500532,0,500,.,2009.33,.,.,0,2,4,0,0.506497790560663
35,67.1,170.2,20.0585,0.78,14,23,46,3.9,0.5,0,1,0,0,2,106.635950854701,23.1634587635201,0,501,129,0,12,24,1,1,4,1,.
35,67.1,170.2,20.0585,0.78,14,23,46,3.9,0.5,0,1,0,0,2,106.635950854701,23.1634587635201,0,501,129,313.5,.,.,1,1,4,1,.
35,67.1,170.2,20.0585,0.78,14,23,46,3.9,0.5,0,1,0,0,2,106.635950854701,23.1634587635201,0,501,.,330.5,.,.,0,2,4,0,0.291390168615127
35,67.1,170.2,20.0585,0.78,14,23,46,3.9,0.5,0,1,0,0,2,106.635950854701,23.1634587635201,0,501,129,337.5,45,24,1,1,4,1,.
35,67.1,170.2,20.0585,0.78,14,23,46,3.9,0.5,0,1,0,0,2,106.635950854701,23.1634587635201,0,501,129,1464,.,.,1,1,4,1,.
35,67.1,170.2,20.0585,0.78,14,23,46,3.9,0.5,0,1,0,0,2,106.635950854701,23.1634587635201,0,501,.,1486.5,.,.,0,2,4,0,0.307426597035919
35,67.1,170.2,20.0585,0.78,14,23,46,3.9,0.5,0,1,0,0,2,106.635950854701,23.1634587635201,0,501,129,1488,23,24,1,1,4,1,.
35,67.1,170.2,20.0585,0.78,14,23,46,3.9,0.5,0,1,0,0,2,106.635950854701,23.1634587635201,0,501,129,2064.5,.,.,1,1,4,1,.
35,67.1,170.2,20.0585,0.78,14,23,46,3.9,0.5,0,1,0,0,2,106.635950854701,23.1634587635201,0,501,.,2086.33,.,.,0,2,4,0,0.153633820095502
51,82,172,21.1393,1.03,25,19,49,4.6,0.7,0,0,0,1,1,98.4088457389428,27.7176852352623,0,502,129,0,13,24,1,1,4,1,.
51,82,172,21.1393,1.03,25,19,49,4.6,0.7,0,0,0,1,1,98.4088457389428,27.7176852352623,0,502,129,336,.,.,1,1,4,1,.
51,82,172,21.1393,1.03,25,19,49,4.6,0.7,0,0,0,1,1,98.4088457389428,27.7176852352623,0,502,.,350,.,.,0,2,4,0,0.188937612523761
51,82,172,21.1393,1.03,25,19,49,4.6,0.7,0,0,0,1,1,98.4088457389428,27.7176852352623,0,502,129,360,46,24,1,1,4,1,.
51,82,172,21.1393,1.03,25,19,49,4.6,0.7,0,0,0,1,1,98.4088457389428,27.7176852352623,0,502,129,1510.5,.,.,1,1,4,1,.
51,82,172,21.1393,1.03,25,19,49,4.6,0.7,0,0,0,1,1,98.4088457389428,27.7176852352623,0,502,.,1526.5,.,.,0,2,4,0,0.136454809067828
51,82,172,21.1393,1.03,25,19,49,4.6,0.7,0,0,0,1,1,98.4088457389428,27.7176852352623,0,502,129,1534.5,19,24,1,1,4,1,.
51,82,172,21.1393,1.03,25,19,49,4.6,0.7,0,0,0,1,1,98.4088457389428,27.7176852352623,0,502,129,2015.3,.,.,1,1,4,1,.
51,82,172,21.1393,1.03,25,19,49,4.6,0.7,0,0,0,1,1,98.4088457389428,27.7176852352623,0,502,.,2030.83,.,.,0,2,4,0,0.099311423310759
48,80.1,162.9,34.1934,0.89,14,21,44,3.7,0.5,0,1,0,0,2,97.75,30.1849421229172,1,503,129,0,11,24,1,1,4,1,.
48,80.1,162.9,34.1934,0.89,14,21,44,3.7,0.5,0,1,0,0,2,97.75,30.1849421229172,1,503,129,291,.,.,1,1,4,1,.
48,80.1,162.9,34.1934,0.89,14,21,44,3.7,0.5,0,1,0,0,2,97.75,30.1849421229172,1,503,.,302.5,.,.,0,2,4,0,0.526220303943016
48,80.1,162.9,34.1934,0.89,14,21,44,3.7,0.5,0,1,0,0,2,97.75,30.1849421229172,1,503,129,315,46,24,1,1,4,1,.
48,80.1,162.9,34.1934,0.89,14,21,44,3.7,0.5,0,1,0,0,2,97.75,30.1849421229172,1,503,129,1466,.,.,1,1,4,1,.
48,80.1,162.9,34.1934,0.89,14,21,44,3.7,0.5,0,1,0,0,2,97.75,30.1849421229172,1,503,.,1477.75,.,.,0,2,4,0,0.713856165996286
48,80.1,162.9,34.1934,0.89,14,21,44,3.7,0.5,0,1,0,0,2,97.75,30.1849421229172,1,503,129,1490,32,24,1,1,4,1,.
48,80.1,162.9,34.1934,0.89,14,21,44,3.7,0.5,0,1,0,0,2,97.75,30.1849421229172,1,503,129,2305,.,.,1,1,4,1,.
48,80.1,162.9,34.1934,0.89,14,21,44,3.7,0.5,0,1,0,0,2,97.75,30.1849421229172,1,503,.,2318.83,.,.,0,2,4,0,0.915949265822727
37,92.3,172.4,35.6317,0.63,20,21,52,4.7,0.4,1,0,0,0,2,178.149581128748,31.0546885514182,1,504,129,0,11,24,1,1,4,1,.
37,92.3,172.4,35.6317,0.63,20,21,52,4.7,0.4,1,0,0,0,2,178.149581128748,31.0546885514182,1,504,129,311.5,.,.,1,1,4,1,.
37,92.3,172.4,35.6317,0.63,20,21,52,4.7,0.4,1,0,0,0,2,178.149581128748,31.0546885514182,1,504,.,325.33,.,.,0,2,4,0,0.196285282720451
37,92.3,172.4,35.6317,0.63,20,21,52,4.7,0.4,1,0,0,0,2,178.149581128748,31.0546885514182,1,504,129,335.5,47,24,1,1,4,1,.
37,92.3,172.4,35.6317,0.63,20,21,52,4.7,0.4,1,0,0,0,2,178.149581128748,31.0546885514182,1,504,129,1489.5,.,.,1,1,4,1,.
37,92.3,172.4,35.6317,0.63,20,21,52,4.7,0.4,1,0,0,0,2,178.149581128748,31.0546885514182,1,504,.,1500.42,.,.,0,2,4,0,0.184230879781498
37,92.3,172.4,35.6317,0.63,20,21,52,4.7,0.4,1,0,0,0,2,178.149581128748,31.0546885514182,1,504,129,1513.5,19,24,1,1,4,1,.
37,92.3,172.4,35.6317,0.63,20,21,52,4.7,0.4,1,0,0,0,2,178.149581128748,31.0546885514182,1,504,129,1994,.,.,1,1,4,1,.
37,92.3,172.4,35.6317,0.63,20,21,52,4.7,0.4,1,0,0,0,2,178.149581128748,31.0546885514182,1,504,.,2005.17,.,.,0,2,4,0,0.192857726297091
40,74.7,168,24.5532,0.84,22,29,64,4.1,0.4,0,0,0,1,1,123.511904761905,26.4668367346939,0,505,129,0,12,24,1,1,4,1,.
40,74.7,168,24.5532,0.84,22,29,64,4.1,0.4,0,0,0,1,1,123.511904761905,26.4668367346939,0,505,129,312,.,.,1,1,4,1,.
40,74.7,168,24.5532,0.84,22,29,64,4.1,0.4,0,0,0,1,1,123.511904761905,26.4668367346939,0,505,.,324.33,.,.,0,2,4,0,0.456015390641283
40,74.7,168,24.5532,0.84,22,29,64,4.1,0.4,0,0,0,1,1,123.511904761905,26.4668367346939,0,505,129,336,47,24,1,1,4,1,.
40,74.7,168,24.5532,0.84,22,29,64,4.1,0.4,0,0,0,1,1,123.511904761905,26.4668367346939,0,505,129,1489,.,.,1,1,4,1,.
40,74.7,168,24.5532,0.84,22,29,64,4.1,0.4,0,0,0,1,1,123.511904761905,26.4668367346939,0,505,.,1500.25,.,.,0,2,4,0,0.282692861692483
40,74.7,168,24.5532,0.84,22,29,64,4.1,0.4,0,0,0,1,1,123.511904761905,26.4668367346939,0,505,129,1513,19,24,1,1,4,1,.
40,74.7,168,24.5532,0.84,22,29,64,4.1,0.4,0,0,0,1,1,123.511904761905,26.4668367346939,0,505,129,1994,.,.,1,1,4,1,.
40,74.7,168,24.5532,0.84,22,29,64,4.1,0.4,0,0,0,1,1,123.511904761905,26.4668367346939,0,505,.,2003.5,.,.,0,2,4,0,0.481334438866923
54,115.9,157.9,56.3358,0.74,18,26,76,4.3,0.7,0,0,1,0,2,159.014451951952,46.4856786808816,1,506,129,0,12,24,1,1,4,1,.
54,115.9,157.9,56.3358,0.74,18,26,76,4.3,0.7,0,0,1,0,2,159.014451951952,46.4856786808816,1,506,129,312.5,.,.,1,1,4,1,.
54,115.9,157.9,56.3358,0.74,18,26,76,4.3,0.7,0,0,1,0,2,159.014451951952,46.4856786808816,1,506,.,325.75,.,.,0,2,4,0,0.268965880320653
54,115.9,157.9,56.3358,0.74,18,26,76,4.3,0.7,0,0,1,0,2,159.014451951952,46.4856786808816,1,506,129,336.5,47,24,1,1,4,1,.
54,115.9,157.9,56.3358,0.74,18,26,76,4.3,0.7,0,0,1,0,2,159.014451951952,46.4856786808816,1,506,129,1512,.,.,1,1,4,1,.
54,115.9,157.9,56.3358,0.74,18,26,76,4.3,0.7,0,0,1,0,2,159.014451951952,46.4856786808816,1,506,.,1528.08,.,.,0,2,4,0,0.180579640856198
51,88.1,155.8,36.8101,0.97,14,30,49,3.9,0.7,0,1,0,0,2,95.4290521191294,36.2945153672873,1,507,129,0,11,24,1,1,4,1,.
51,88.1,155.8,36.8101,0.97,14,30,49,3.9,0.7,0,1,0,0,2,95.4290521191294,36.2945153672873,1,507,129,310,.,.,1,1,4,1,.
51,88.1,155.8,36.8101,0.97,14,30,49,3.9,0.7,0,1,0,0,2,95.4290521191294,36.2945153672873,1,507,.,325,.,.,0,2,4,0,0.356126839132946
51,88.1,155.8,36.8101,0.97,14,30,49,3.9,0.7,0,1,0,0,2,95.4290521191294,36.2945153672873,1,507,129,334,.,.,1,1,4,1,.
51,88.1,155.8,36.8101,0.97,14,30,49,3.9,0.7,0,1,0,0,2,95.4290521191294,36.2945153672873,1,507,129,405,.,.,1,1,4,1,.
51,88.1,155.8,36.8101,0.97,14,30,49,3.9,0.7,0,1,0,0,2,95.4290521191294,36.2945153672873,1,507,129,1489,.,.,1,1,4,1,.
44,77.4,157,32.2919,0.52,15,18,61,4.4,0.9,1,0,0,0,2,168.692307692308,31.4008681893789,1,508,129,0,12,24,1,1,4,1,.
44,77.4,157,32.2919,0.52,15,18,61,4.4,0.9,1,0,0,0,2,168.692307692308,31.4008681893789,1,508,129,312.5,.,.,1,1,4,1,.
44,77.4,157,32.2919,0.52,15,18,61,4.4,0.9,1,0,0,0,2,168.692307692308,31.4008681893789,1,508,.,323.92,.,.,0,2,4,0,0.175748007870005
44,77.4,157,32.2919,0.52,15,18,61,4.4,0.9,1,0,0,0,2,168.692307692308,31.4008681893789,1,508,129,336.5,47,24,1,1,4,1,.
44,77.4,157,32.2919,0.52,15,18,61,4.4,0.9,1,0,0,0,2,168.692307692308,31.4008681893789,1,508,129,1488.5,.,.,1,1,4,1,.
44,77.4,157,32.2919,0.52,15,18,61,4.4,0.9,1,0,0,0,2,168.692307692308,31.4008681893789,1,508,.,1500.25,.,.,0,2,4,0,0.484193018871991
42,93.6,177.3,25.946,1.03,29,27,67,3.9,0.1,0,0,0,0,1,123.68932038835,29.7754530020242,0,509,129,0,11,24,1,1,4,1,.
42,93.6,177.3,25.946,1.03,29,27,67,3.9,0.1,0,0,0,0,1,123.68932038835,29.7754530020242,0,509,129,311.5,.,.,1,1,4,1,.
42,93.6,177.3,25.946,1.03,29,27,67,3.9,0.1,0,0,0,0,1,123.68932038835,29.7754530020242,0,509,.,330.33,.,.,0,2,4,0,0.212305938019794
42,93.6,177.3,25.946,1.03,29,27,67,3.9,0.1,0,0,0,0,1,123.68932038835,29.7754530020242,0,509,129,335.5,46,24,1,1,4,1,.
42,93.6,177.3,25.946,1.03,29,27,67,3.9,0.1,0,0,0,0,1,123.68932038835,29.7754530020242,0,509,129,1487.42,.,.,1,1,4,1,.
42,93.6,177.3,25.946,1.03,29,27,67,3.9,0.1,0,0,0,0,1,123.68932038835,29.7754530020242,0,509,.,1506.92,.,.,0,2,4,0,0.19155325956543
42,93.6,177.3,25.946,1.03,29,27,67,3.9,0.1,0,0,0,0,1,123.68932038835,29.7754530020242,0,509,129,1511.42,20,24,1,1,4,1,.
42,93.6,177.3,25.946,1.03,29,27,67,3.9,0.1,0,0,0,0,1,123.68932038835,29.7754530020242,0,509,129,2018.83,.,.,1,1,4,1,.
42,93.6,177.3,25.946,1.03,29,27,67,3.9,0.1,0,0,0,0,1,123.68932038835,29.7754530020242,0,509,.,2034.42,.,.,0,2,4,0,0.19795827219097
22,59.1,180,12.6222,0.72,13,25,60,4.1,0.4,0,0,0,1,1,134.525462962963,18.2407407407407,0,510,129,0,13,24,1,1,4,1,.
22,59.1,180,12.6222,0.72,13,25,60,4.1,0.4,0,0,0,1,1,134.525462962963,18.2407407407407,0,510,129,359.58,.,.,1,1,4,1,.
22,59.1,180,12.6222,0.72,13,25,60,4.1,0.4,0,0,0,1,1,134.525462962963,18.2407407407407,0,510,.,372.92,.,.,0,2,4,0,0.376724370794735
22,59.1,180,12.6222,0.72,13,25,60,4.1,0.4,0,0,0,1,1,134.525462962963,18.2407407407407,0,510,129,383.58,.,.,1,1,4,1,.
22,59.1,180,12.6222,0.72,13,25,60,4.1,0.4,0,0,0,1,1,134.525462962963,18.2407407407407,0,510,129,1199.08,12,24,1,1,4,1,.
22,59.1,180,12.6222,0.72,13,25,60,4.1,0.4,0,0,0,1,1,134.525462962963,18.2407407407407,0,510,129,1511.17,.,.,1,1,4,1,.
22,59.1,180,12.6222,0.72,13,25,60,4.1,0.4,0,0,0,1,1,134.525462962963,18.2407407407407,0,510,129,1535.17,18,24,1,1,4,1,.
22,59.1,180,12.6222,0.72,13,25,60,4.1,0.4,0,0,0,1,1,134.525462962963,18.2407407407407,0,510,129,1994.5,.,.,1,1,4,1,.
22,59.1,180,12.6222,0.72,13,25,60,4.1,0.4,0,0,0,1,1,134.525462962963,18.2407407407407,0,510,.,2013.75,.,.,0,2,4,0,0.535840161389489
22,92.6,166.1,38.3771,0.53,19,22,63,4.2,0.6,1,0,0,0,2,243.390461215933,33.5638461557979,1,511,129,0,12,24,1,1,4,1,.
22,92.6,166.1,38.3771,0.53,19,22,63,4.2,0.6,1,0,0,0,2,243.390461215933,33.5638461557979,1,511,129,326,.,.,1,1,4,1,.
22,92.6,166.1,38.3771,0.53,19,22,63,4.2,0.6,1,0,0,0,2,243.390461215933,33.5638461557979,1,511,.,349.5,.,.,0,2,4,0,0.104119849331812
22,92.6,166.1,38.3771,0.53,19,22,63,4.2,0.6,1,0,0,0,2,243.390461215933,33.5638461557979,1,511,129,350,.,.,1,1,4,1,.
22,92.6,166.1,38.3771,0.53,19,22,63,4.2,0.6,1,0,0,0,2,243.390461215933,33.5638461557979,1,511,129,476,.,.,1,1,4,1,.
22,92.6,166.1,38.3771,0.53,19,22,63,4.2,0.6,1,0,0,0,2,243.390461215933,33.5638461557979,1,511,129,788,.,.,1,1,4,1,.
22,92.6,166.1,38.3771,0.53,19,22,63,4.2,0.6,1,0,0,0,2,243.390461215933,33.5638461557979,1,511,129,1268,.,.,1,1,4,1,.
22,92.6,166.1,38.3771,0.53,19,22,63,4.2,0.6,1,0,0,0,2,243.390461215933,33.5638461557979,1,511,129,1700,1,24,1,1,4,1,.
22,92.6,166.1,38.3771,0.53,19,22,63,4.2,0.6,1,0,0,0,2,243.390461215933,33.5638461557979,1,511,129,1752,.,.,1,1,4,1,.
22,92.6,166.1,38.3771,0.53,19,22,63,4.2,0.6,1,0,0,0,2,243.390461215933,33.5638461557979,1,511,129,1776,7,24,1,1,4,1,.
22,92.6,166.1,38.3771,0.53,19,22,63,4.2,0.6,1,0,0,0,2,243.390461215933,33.5638461557979,1,511,129,1970,.,.,1,1,4,1,.
32,101.6,174.5,32.3155,0.91,41,25,48,5.1,1,1,0,0,0,1,167.472527472527,33.3659001157626,1,512,129,0,12,24,1,1,4,1,.
32,101.6,174.5,32.3155,0.91,41,25,48,5.1,1,1,0,0,0,1,167.472527472527,33.3659001157626,1,512,129,313.5,.,.,1,1,4,1,.
32,101.6,174.5,32.3155,0.91,41,25,48,5.1,1,1,0,0,0,1,167.472527472527,33.3659001157626,1,512,.,326.5,.,.,0,2,4,0,0.251400167281512
32,101.6,174.5,32.3155,0.91,41,25,48,5.1,1,1,0,0,0,1,167.472527472527,33.3659001157626,1,512,129,337.5,69,24,1,1,4,1,.
32,101.6,174.5,32.3155,0.91,41,25,48,5.1,1,1,0,0,0,1,167.472527472527,33.3659001157626,1,512,129,2019,.,.,1,1,4,1,.
32,101.6,174.5,32.3155,0.91,41,25,48,5.1,1,1,0,0,0,1,167.472527472527,33.3659001157626,1,512,.,2033.67,.,.,0,2,4,0,0.0782225077728975
47,78.2,178.9,15.2473,0.93,13,17,68,3.8,0.4,0,0,1,0,1,108.611111111111,24.4335219172129,0,513,129,0,12,24,1,1,4,1,.
47,78.2,178.9,15.2473,0.93,13,17,68,3.8,0.4,0,0,1,0,1,108.611111111111,24.4335219172129,0,513,129,312.5,.,.,1,1,4,1,.
47,78.2,178.9,15.2473,0.93,13,17,68,3.8,0.4,0,0,1,0,1,108.611111111111,24.4335219172129,0,513,.,323,.,.,0,2,4,0,0.185476300973176
47,78.2,178.9,15.2473,0.93,13,17,68,3.8,0.4,0,0,1,0,1,108.611111111111,24.4335219172129,0,513,129,336.5,47,24,1,1,4,1,.
47,78.2,178.9,15.2473,0.93,13,17,68,3.8,0.4,0,0,1,0,1,108.611111111111,24.4335219172129,0,513,129,1488.5,.,.,1,1,4,1,.
47,78.2,178.9,15.2473,0.93,13,17,68,3.8,0.4,0,0,1,0,1,108.611111111111,24.4335219172129,0,513,.,1498.67,.,.,0,2,4,0,0.207452817598177
47,78.2,178.9,15.2473,0.93,13,17,68,3.8,0.4,0,0,1,0,1,108.611111111111,24.4335219172129,0,513,129,1512.5,18,24,1,1,4,1,.
47,78.2,178.9,15.2473,0.93,13,17,68,3.8,0.4,0,0,1,0,1,108.611111111111,24.4335219172129,0,513,129,1968.5,.,.,1,1,4,1,.
47,78.2,178.9,15.2473,0.93,13,17,68,3.8,0.4,0,0,1,0,1,108.611111111111,24.4335219172129,0,513,.,1984.67,.,.,0,2,4,0,0.228585135026639
35,73.2,166.3,20.8562,0.7,35,23,60,4.7,1.1,1,0,0,0,1,152.5,26.4683325565191,0,514,129,0,14,24,1,1,4,1,.
35,73.2,166.3,20.8562,0.7,35,23,60,4.7,1.1,1,0,0,0,1,152.5,26.4683325565191,0,514,129,360,.,.,1,1,4,1,.
35,73.2,166.3,20.8562,0.7,35,23,60,4.7,1.1,1,0,0,0,1,152.5,26.4683325565191,0,514,.,375.83,.,.,0,2,4,0,0.379345471291129
35,73.2,166.3,20.8562,0.7,35,23,60,4.7,1.1,1,0,0,0,1,152.5,26.4683325565191,0,514,129,384,.,.,1,1,4,1,.
35,73.2,166.3,20.8562,0.7,35,23,60,4.7,1.1,1,0,0,0,1,152.5,26.4683325565191,0,514,129,430,43,24,1,1,4,1,.
35,73.2,166.3,20.8562,0.7,35,23,60,4.7,1.1,1,0,0,0,1,152.5,26.4683325565191,0,514,129,1487,.,.,1,1,4,1,.
35,73.2,166.3,20.8562,0.7,35,23,60,4.7,1.1,1,0,0,0,1,152.5,26.4683325565191,0,514,.,1504.33,.,.,0,2,4,0,0.477763651785112
35,73.2,166.3,20.8562,0.7,35,23,60,4.7,1.1,1,0,0,0,1,152.5,26.4683325565191,0,514,129,1511,.,.,1,1,4,1,.
35,73.2,166.3,20.8562,0.7,35,23,60,4.7,1.1,1,0,0,0,1,152.5,26.4683325565191,0,514,129,1582,16,24,1,1,4,1,.
35,73.2,166.3,20.8562,0.7,35,23,60,4.7,1.1,1,0,0,0,1,152.5,26.4683325565191,0,514,129,1994,.,.,1,1,4,1,.
35,73.2,166.3,20.8562,0.7,35,23,60,4.7,1.1,1,0,0,0,1,152.5,26.4683325565191,0,514,.,2004.67,.,.,0,2,4,0,0.301445254732302
19,139,188,54.5925,0.79,19,21,75,4.4,0.5,0,0,1,0,1,295.692686357243,39.3277501131734,1,515,129,0,12,24,1,1,4,1,.
19,139,188,54.5925,0.79,19,21,75,4.4,0.5,0,0,1,0,1,295.692686357243,39.3277501131734,1,515,129,335.88,.,.,1,1,4,1,.
19,139,188,54.5925,0.79,19,21,75,4.4,0.5,0,0,1,0,1,295.692686357243,39.3277501131734,1,515,.,350.72,.,.,0,2,4,0,0.173203384455222
19,139,188,54.5925,0.79,19,21,75,4.4,0.5,0,0,1,0,1,295.692686357243,39.3277501131734,1,515,129,359.88,47,24,1,1,4,1,.
19,139,188,54.5925,0.79,19,21,75,4.4,0.5,0,0,1,0,1,295.692686357243,39.3277501131734,1,515,129,1515.13,.,.,1,1,4,1,.
19,139,188,54.5925,0.79,19,21,75,4.4,0.5,0,0,1,0,1,295.692686357243,39.3277501131734,1,515,.,1527.47,.,.,0,2,4,0,0.193246059334437
19,139,188,54.5925,0.79,19,21,75,4.4,0.5,0,0,1,0,1,295.692686357243,39.3277501131734,1,515,129,1539.13,18,24,1,1,4,1,.
19,139,188,54.5925,0.79,19,21,75,4.4,0.5,0,0,1,0,1,295.692686357243,39.3277501131734,1,515,129,2015.72,.,.,1,1,4,1,.
19,139,188,54.5925,0.79,19,21,75,4.4,0.5,0,0,1,0,1,295.692686357243,39.3277501131734,1,515,.,2030.3,.,.,0,2,4,0,0.152998335223898
55,81.2,161.2,23.029,0.64,27,27,77,4.6,0.5,1,0,0,0,1,149.782986111111,31.2482682609954,1,516,129,0,11,24,1,1,4,1,.
55,81.2,161.2,23.029,0.64,27,27,77,4.6,0.5,1,0,0,0,1,149.782986111111,31.2482682609954,1,516,129,289,.,.,1,1,4,1,.
55,81.2,161.2,23.029,0.64,27,27,77,4.6,0.5,1,0,0,0,1,149.782986111111,31.2482682609954,1,516,.,301,.,.,0,2,4,0,0.131238861792337
55,81.2,161.2,23.029,0.64,27,27,77,4.6,0.5,1,0,0,0,1,149.782986111111,31.2482682609954,1,516,129,313,.,.,1,1,4,1,.
55,81.2,161.2,23.029,0.64,27,27,77,4.6,0.5,1,0,0,0,1,149.782986111111,31.2482682609954,1,516,129,692.5,31,24,1,1,4,1,.
55,81.2,161.2,23.029,0.64,27,27,77,4.6,0.5,1,0,0,0,1,149.782986111111,31.2482682609954,1,516,129,1464.5,.,.,1,1,4,1,.
55,81.2,161.2,23.029,0.64,27,27,77,4.6,0.5,1,0,0,0,1,149.782986111111,31.2482682609954,1,516,.,1475.42,.,.,0,2,4,0,0.0765604585625642
55,81.2,161.2,23.029,0.64,27,27,77,4.6,0.5,1,0,0,0,1,149.782986111111,31.2482682609954,1,516,129,1488.5,20,24,1,1,4,1,.
55,81.2,161.2,23.029,0.64,27,27,77,4.6,0.5,1,0,0,0,1,149.782986111111,31.2482682609954,1,516,129,2014.5,.,.,1,1,4,1,.
55,81.2,161.2,23.029,0.64,27,27,77,4.6,0.5,1,0,0,0,1,149.782986111111,31.2482682609954,1,516,.,2033.83,.,.,0,2,4,0,0.103350392674883
37,51.9,160.3,16.6961,0.75,14,20,39,4.7,0.5,1,0,0,0,2,84.1452777777778,20.1976253974826,0,517,129,0,12,24,1,1,4,1,.
37,51.9,160.3,16.6961,0.75,14,20,39,4.7,0.5,1,0,0,0,2,84.1452777777778,20.1976253974826,0,517,129,335,.,.,1,1,4,1,.
37,51.9,160.3,16.6961,0.75,14,20,39,4.7,0.5,1,0,0,0,2,84.1452777777778,20.1976253974826,0,517,.,351.75,.,.,0,2,4,0,0.176511181652676
37,51.9,160.3,16.6961,0.75,14,20,39,4.7,0.5,1,0,0,0,2,84.1452777777778,20.1976253974826,0,517,129,359,.,.,1,1,4,1,.
37,51.9,160.3,16.6961,0.75,14,20,39,4.7,0.5,1,0,0,0,2,84.1452777777778,20.1976253974826,0,517,129,404,.,.,1,1,4,1,.
37,51.9,160.3,16.6961,0.75,14,20,39,4.7,0.5,1,0,0,0,2,84.1452777777778,20.1976253974826,0,517,258,716,.,.,1,1,4,1,.
37,51.9,160.3,16.6961,0.75,14,20,39,4.7,0.5,1,0,0,0,2,84.1452777777778,20.1976253974826,0,517,129,740,35,24,1,1,4,1,.
37,51.9,160.3,16.6961,0.75,14,20,39,4.7,0.5,1,0,0,0,2,84.1452777777778,20.1976253974826,0,517,129,1608,.,.,1,1,4,1,.
37,51.9,160.3,16.6961,0.75,14,20,39,4.7,0.5,1,0,0,0,2,84.1452777777778,20.1976253974826,0,517,129,1632,13,24,1,1,4,1,.
37,51.9,160.3,16.6961,0.75,14,20,39,4.7,0.5,1,0,0,0,2,84.1452777777778,20.1976253974826,0,517,129,1990,.,.,1,1,4,1,.
18,82.6,158.8,34.1931,0.58,28,17,68,4.6,1.3,0,0,0,1,2,205.115421455939,32.7551091625478,1,518,129,0,10,24,1,1,4,1,.
18,82.6,158.8,34.1931,0.58,28,17,68,4.6,1.3,0,0,0,1,2,205.115421455939,32.7551091625478,1,518,129,287.5,.,.,1,1,4,1,.
18,82.6,158.8,34.1931,0.58,28,17,68,4.6,1.3,0,0,0,1,2,205.115421455939,32.7551091625478,1,518,129,311.5,47,24,1,1,4,1,.
18,82.6,158.8,34.1931,0.58,28,17,68,4.6,1.3,0,0,0,1,2,205.115421455939,32.7551091625478,1,518,129,1464,.,.,1,1,4,1,.
18,82.6,158.8,34.1931,0.58,28,17,68,4.6,1.3,0,0,0,1,2,205.115421455939,32.7551091625478,1,518,.,1485.95,.,.,0,2,4,0,0.156476826337508
18,82.6,158.8,34.1931,0.58,28,17,68,4.6,1.3,0,0,0,1,2,205.115421455939,32.7551091625478,1,518,129,1488,19,24,1,1,4,1,.
18,82.6,158.8,34.1931,0.58,28,17,68,4.6,1.3,0,0,0,1,2,205.115421455939,32.7551091625478,1,518,129,1969,.,.,1,1,4,1,.
18,82.6,158.8,34.1931,0.58,28,17,68,4.6,1.3,0,0,0,1,2,205.115421455939,32.7551091625478,1,518,.,1988.5,.,.,0,2,4,0,0.0677665396556445
36,94.3,166.4,42.2076,0.66,26,20,94,4.1,0.4,1,0,0,0,2,175.423400673401,34.0568948779586,1,519,129,0,11,24,1,1,4,1,.
36,94.3,166.4,42.2076,0.66,26,20,94,4.1,0.4,1,0,0,0,2,175.423400673401,34.0568948779586,1,519,129,301.67,.,.,1,1,4,1,.
36,94.3,166.4,42.2076,0.66,26,20,94,4.1,0.4,1,0,0,0,2,175.423400673401,34.0568948779586,1,519,.,328.77,.,.,0,2,4,0,0.235295858270551
36,94.3,166.4,42.2076,0.66,26,20,94,4.1,0.4,1,0,0,0,2,175.423400673401,34.0568948779586,1,519,129,1957.67,.,.,1,1,4,1,.
36,94.3,166.4,42.2076,0.66,26,20,94,4.1,0.4,1,0,0,0,2,175.423400673401,34.0568948779586,1,519,.,1987.27,.,.,0,2,4,0,0.0697656550297368
20,74.7,174.8,19.1646,0.87,27,18,77,4.5,0.6,0,1,0,0,1,143.103448275862,24.447685226398,0,520,129,0,12,24,1,1,4,1,.
20,74.7,174.8,19.1646,0.87,27,18,77,4.5,0.6,0,1,0,0,1,143.103448275862,24.447685226398,0,520,129,321.5,.,.,1,1,4,1,.
20,74.7,174.8,19.1646,0.87,27,18,77,4.5,0.6,0,1,0,0,1,143.103448275862,24.447685226398,0,520,.,335.35,.,.,0,2,4,0,0.163729703115029
20,74.7,174.8,19.1646,0.87,27,18,77,4.5,0.6,0,1,0,0,1,143.103448275862,24.447685226398,0,520,129,345.5,47,24,1,1,4,1,.
20,74.7,174.8,19.1646,0.87,27,18,77,4.5,0.6,0,1,0,0,1,143.103448275862,24.447685226398,0,520,129,1497.5,.,.,1,1,4,1,.
20,74.7,174.8,19.1646,0.87,27,18,77,4.5,0.6,0,1,0,0,1,143.103448275862,24.447685226398,0,520,.,1511.43,.,.,0,2,4,0,0.272257439457176
20,74.7,174.8,19.1646,0.87,27,18,77,4.5,0.6,0,1,0,0,1,143.103448275862,24.447685226398,0,520,129,1521.5,19,24,1,1,4,1,.
20,74.7,174.8,19.1646,0.87,27,18,77,4.5,0.6,0,1,0,0,1,143.103448275862,24.447685226398,0,520,129,2001.5,.,.,1,1,4,1,.
27,87.8,160.7,34.7989,0.55,23,25,52,4.2,0.6,0,0,1,0,2,212.959343434343,33.9987353090032,1,521,129,0,9,24,1,1,4,1,.
27,87.8,160.7,34.7989,0.55,23,25,52,4.2,0.6,0,0,1,0,2,212.959343434343,33.9987353090032,1,521,129,263.5,.,.,1,1,4,1,.
27,87.8,160.7,34.7989,0.55,23,25,52,4.2,0.6,0,0,1,0,2,212.959343434343,33.9987353090032,1,521,.,276.52,.,.,0,2,4,0,0.0727482846228768
27,87.8,160.7,34.7989,0.55,23,25,52,4.2,0.6,0,0,1,0,2,212.959343434343,33.9987353090032,1,521,129,287.5,.,.,1,1,4,1,.
27,87.8,160.7,34.7989,0.55,23,25,52,4.2,0.6,0,0,1,0,2,212.959343434343,33.9987353090032,1,521,129,312,.,.,1,1,4,1,.
27,87.8,160.7,34.7989,0.55,23,25,52,4.2,0.6,0,0,1,0,2,212.959343434343,33.9987353090032,1,521,.,329.93,.,.,0,2,4,0,0.118026127155494
32,78.4,166.6,29.3704,0.63,23,21,45,4.1,0.7,0,1,0,0,2,158.666666666667,28.246592754749,0,522,129,0,12,24,1,1,4,1,.
32,78.4,166.6,29.3704,0.63,23,21,45,4.1,0.7,0,1,0,0,2,158.666666666667,28.246592754749,0,522,129,312.5,.,.,1,1,4,1,.
32,78.4,166.6,29.3704,0.63,23,21,45,4.1,0.7,0,1,0,0,2,158.666666666667,28.246592754749,0,522,.,333.75,.,.,0,2,4,0,0.0249889929681644
32,78.4,166.6,29.3704,0.63,23,21,45,4.1,0.7,0,1,0,0,2,158.666666666667,28.246592754749,0,522,129,336.5,68,24,1,1,4,1,.
32,78.4,166.6,29.3704,0.63,23,21,45,4.1,0.7,0,1,0,0,2,158.666666666667,28.246592754749,0,522,129,1993,.,.,1,1,4,1,.
32,78.4,166.6,29.3704,0.63,23,21,45,4.1,0.7,0,1,0,0,2,158.666666666667,28.246592754749,0,522,.,2012.42,.,.,0,2,4,0,0.319724287717761
28,80.9,177.1,17.6522,0.9,20,19,57,4.8,2.2,0,1,0,0,1,139.827160493827,25.7935666572399,0,523,129,0,.,.,1,1,4,1,.
28,80.9,177.1,17.6522,0.9,20,19,57,4.8,2.2,0,1,0,0,1,139.827160493827,25.7935666572399,0,523,129,47.5,8,24,1,1,4,1,.
28,80.9,177.1,17.6522,0.9,20,19,57,4.8,2.2,0,1,0,0,1,139.827160493827,25.7935666572399,0,523,129,277.5,.,.,1,1,4,1,.
28,80.9,177.1,17.6522,0.9,20,19,57,4.8,2.2,0,1,0,0,1,139.827160493827,25.7935666572399,0,523,.,329.47,.,.,0,2,4,0,0.0214516597498118
45,68.9,149.9,27.7439,0.57,16,17,97,4.4,0.5,1,0,0,0,2,135.56712962963,30.6630927178048,1,524,129,0,13,24,1,1,4,1,.
45,68.9,149.9,27.7439,0.57,16,17,97,4.4,0.5,1,0,0,0,2,135.56712962963,30.6630927178048,1,524,129,338,.,.,1,1,4,1,.
45,68.9,149.9,27.7439,0.57,16,17,97,4.4,0.5,1,0,0,0,2,135.56712962963,30.6630927178048,1,524,.,352,.,.,0,2,4,0,0.22490447989187
45,68.9,149.9,27.7439,0.57,16,17,97,4.4,0.5,1,0,0,0,2,135.56712962963,30.6630927178048,1,524,129,362,39,24,1,1,4,1,.
45,68.9,149.9,27.7439,0.57,16,17,97,4.4,0.5,1,0,0,0,2,135.56712962963,30.6630927178048,1,524,129,1322,.,.,1,1,4,1,.
45,68.9,149.9,27.7439,0.57,16,17,97,4.4,0.5,1,0,0,0,2,135.56712962963,30.6630927178048,1,524,.,1335.33,.,.,0,2,4,0,0.408639413103787
45,68.9,149.9,27.7439,0.57,16,17,97,4.4,0.5,1,0,0,0,2,135.56712962963,30.6630927178048,1,524,129,1346,26,24,1,1,4,1,.
45,68.9,149.9,27.7439,0.57,16,17,97,4.4,0.5,1,0,0,0,2,135.56712962963,30.6630927178048,1,524,129,1994,.,.,1,1,4,1,.
45,68.9,149.9,27.7439,0.57,16,17,97,4.4,0.5,1,0,0,0,2,135.56712962963,30.6630927178048,1,524,.,2006.58,.,.,0,2,4,0,0.322280240133988
29,50.2,153.8,19.9091,0.52,12,19,59,4.4,0.5,0,0,0,1,2,126.505608974359,21.2222314288565,0,525,129,0,11,24,1,1,4,1,.
29,50.2,153.8,19.9091,0.52,12,19,59,4.4,0.5,0,0,0,1,2,126.505608974359,21.2222314288565,0,525,129,288.5,.,.,1,1,4,1,.
29,50.2,153.8,19.9091,0.52,12,19,59,4.4,0.5,0,0,0,1,2,126.505608974359,21.2222314288565,0,525,.,302.78,.,.,0,2,4,0,0.187643413046072
29,50.2,153.8,19.9091,0.52,12,19,59,4.4,0.5,0,0,0,1,2,126.505608974359,21.2222314288565,0,525,129,312.5,48,24,1,1,4,1,.
29,50.2,153.8,19.9091,0.52,12,19,59,4.4,0.5,0,0,0,1,2,126.505608974359,21.2222314288565,0,525,129,1489.5,.,.,1,1,4,1,.
29,50.2,153.8,19.9091,0.52,12,19,59,4.4,0.5,0,0,0,1,2,126.505608974359,21.2222314288565,0,525,.,1502.43,.,.,0,2,4,0,0.372533463844414
29,50.2,153.8,19.9091,0.52,12,19,59,4.4,0.5,0,0,0,1,2,126.505608974359,21.2222314288565,0,525,129,1513.5,18,24,1,1,4,1,.
29,50.2,153.8,19.9091,0.52,12,19,59,4.4,0.5,0,0,0,1,2,126.505608974359,21.2222314288565,0,525,129,1993,.,.,1,1,4,1,.
29,50.2,153.8,19.9091,0.52,12,19,59,4.4,0.5,0,0,0,1,2,126.505608974359,21.2222314288565,0,525,.,2006.08,.,.,0,2,4,0,0.169302340156186
50,83.6,154.4,33.3973,0.35,33,29,45,4.4,0.4,1,0,0,0,2,253.785714285714,35.0680555182689,1,526,129,0,12,24,1,1,4,1,.
50,83.6,154.4,33.3973,0.35,33,29,45,4.4,0.4,1,0,0,0,2,253.785714285714,35.0680555182689,1,526,129,312,.,.,1,1,4,1,.
50,83.6,154.4,33.3973,0.35,33,29,45,4.4,0.4,1,0,0,0,2,253.785714285714,35.0680555182689,1,526,.,327.33,.,.,0,2,4,0,0.111972577622945
50,83.6,154.4,33.3973,0.35,33,29,45,4.4,0.4,1,0,0,0,2,253.785714285714,35.0680555182689,1,526,129,336,46,24,1,1,4,1,.
50,83.6,154.4,33.3973,0.35,33,29,45,4.4,0.4,1,0,0,0,2,253.785714285714,35.0680555182689,1,526,129,1486.5,.,.,1,1,4,1,.
50,83.6,154.4,33.3973,0.35,33,29,45,4.4,0.4,1,0,0,0,2,253.785714285714,35.0680555182689,1,526,.,1500.67,.,.,0,2,4,0,0.133627051788004
50,83.6,154.4,33.3973,0.35,33,29,45,4.4,0.4,1,0,0,0,2,253.785714285714,35.0680555182689,1,526,129,1510.5,20,24,1,1,4,1,.
50,83.6,154.4,33.3973,0.35,33,29,45,4.4,0.4,1,0,0,0,2,253.785714285714,35.0680555182689,1,526,129,2014.5,.,.,1,1,4,1,.
50,83.6,154.4,33.3973,0.35,33,29,45,4.4,0.4,1,0,0,0,2,253.785714285714,35.0680555182689,1,526,.,2030.62,.,.,0,2,4,0,0.186054713613239
26,68.1,166.8,14.9697,1.03,31,21,60,4.3,0.9,1,0,0,0,1,104.684466019417,24.4768214205614,0,527,129,0,12,24,1,1,4,1,.
26,68.1,166.8,14.9697,1.03,31,21,60,4.3,0.9,1,0,0,0,1,104.684466019417,24.4768214205614,0,527,129,312,.,.,1,1,4,1,.
26,68.1,166.8,14.9697,1.03,31,21,60,4.3,0.9,1,0,0,0,1,104.684466019417,24.4768214205614,0,527,.,334.42,.,.,0,2,4,0,0.344414835374178
26,68.1,166.8,14.9697,1.03,31,21,60,4.3,0.9,1,0,0,0,1,104.684466019417,24.4768214205614,0,527,129,336,47,24,1,1,4,1,.
26,68.1,166.8,14.9697,1.03,31,21,60,4.3,0.9,1,0,0,0,1,104.684466019417,24.4768214205614,0,527,129,1488.5,.,.,1,1,4,1,.
26,68.1,166.8,14.9697,1.03,31,21,60,4.3,0.9,1,0,0,0,1,104.684466019417,24.4768214205614,0,527,.,1509.17,.,.,0,2,4,0,0.0751131247516935
26,68.1,166.8,14.9697,1.03,31,21,60,4.3,0.9,1,0,0,0,1,104.684466019417,24.4768214205614,0,527,129,1512.5,19,24,1,1,4,1,.
26,68.1,166.8,14.9697,1.03,31,21,60,4.3,0.9,1,0,0,0,1,104.684466019417,24.4768214205614,0,527,129,1992.5,.,.,1,1,4,1,.
26,68.1,166.8,14.9697,1.03,31,21,60,4.3,0.9,1,0,0,0,1,104.684466019417,24.4768214205614,0,527,.,2014.08,.,.,0,2,4,0,0.154510181610225
56,90.2,189,28.89,0.9,20,22,52,4.6,0.4,0,1,0,0,1,116.925925925926,25.2512527644803,0,528,129,0,10,24,1,1,4,1,.
56,90.2,189,28.89,0.9,20,22,52,4.6,0.4,0,1,0,0,1,116.925925925926,25.2512527644803,0,528,129,287.75,.,.,1,1,4,1,.
56,90.2,189,28.89,0.9,20,22,52,4.6,0.4,0,1,0,0,1,116.925925925926,25.2512527644803,0,528,.,305.12,.,.,0,2,4,0,0.211846978379305
56,90.2,189,28.89,0.9,20,22,52,4.6,0.4,0,1,0,0,1,116.925925925926,25.2512527644803,0,528,129,311.75,47,24,1,1,4,1,.
56,90.2,189,28.89,0.9,20,22,52,4.6,0.4,0,1,0,0,1,116.925925925926,25.2512527644803,0,528,129,1464.25,.,.,1,1,4,1,.
56,90.2,189,28.89,0.9,20,22,52,4.6,0.4,0,1,0,0,1,116.925925925926,25.2512527644803,0,528,.,1475.42,.,.,0,2,4,0,0.220685654979381
56,90.2,189,28.89,0.9,20,22,52,4.6,0.4,0,1,0,0,1,116.925925925926,25.2512527644803,0,528,129,1488.25,18,24,1,1,4,1,.
56,90.2,189,28.89,0.9,20,22,52,4.6,0.4,0,1,0,0,1,116.925925925926,25.2512527644803,0,528,129,1967.35,.,.,1,1,4,1,.
56,90.2,189,28.89,0.9,20,22,52,4.6,0.4,0,1,0,0,1,116.925925925926,25.2512527644803,0,528,.,1979.33,.,.,0,2,4,0,0.279529442826253
18,71.9,173.7,18.7454,0.83,32,24,80,4.8,1,0,1,0,0,1,146.783801874163,23.8302859402307,0,529,129,0,11,24,1,1,4,1,.
18,71.9,173.7,18.7454,0.83,32,24,80,4.8,1,0,1,0,0,1,146.783801874163,23.8302859402307,0,529,129,311,.,.,1,1,4,1,.
18,71.9,173.7,18.7454,0.83,32,24,80,4.8,1,0,1,0,0,1,146.783801874163,23.8302859402307,0,529,.,325.25,.,.,0,2,4,0,0.235819087333296
18,71.9,173.7,18.7454,0.83,32,24,80,4.8,1,0,1,0,0,1,146.783801874163,23.8302859402307,0,529,129,335,48,24,1,1,4,1,.
18,71.9,173.7,18.7454,0.83,32,24,80,4.8,1,0,1,0,0,1,146.783801874163,23.8302859402307,0,529,129,1511,.,.,1,1,4,1,.
18,71.9,173.7,18.7454,0.83,32,24,80,4.8,1,0,1,0,0,1,146.783801874163,23.8302859402307,0,529,.,1529.25,.,.,0,2,4,0,0.361192163514724
18,71.9,173.7,18.7454,0.83,32,24,80,4.8,1,0,1,0,0,1,146.783801874163,23.8302859402307,0,529,129,1535,19,24,1,1,4,1,.
18,71.9,173.7,18.7454,0.83,32,24,80,4.8,1,0,1,0,0,1,146.783801874163,23.8302859402307,0,529,129,2016,.,.,1,1,4,1,.
18,71.9,173.7,18.7454,0.83,32,24,80,4.8,1,0,1,0,0,1,146.783801874163,23.8302859402307,0,529,.,2032,.,.,0,2,4,0,0.229587922786988
44,113.7,187.4,39.0559,1.13,18,21,47,4.1,0.5,0,1,0,0,1,134.159292035398,32.3758583731316,1,530,129,0,12,24,1,1,4,1,.
44,113.7,187.4,39.0559,1.13,18,21,47,4.1,0.5,0,1,0,0,1,134.159292035398,32.3758583731316,1,530,129,312,.,.,1,1,4,1,.
44,113.7,187.4,39.0559,1.13,18,21,47,4.1,0.5,0,1,0,0,1,134.159292035398,32.3758583731316,1,530,.,330.5,.,.,0,2,4,0,0.185271117220251
44,113.7,187.4,39.0559,1.13,18,21,47,4.1,0.5,0,1,0,0,1,134.159292035398,32.3758583731316,1,530,129,336,.,.,1,1,4,1,.
44,113.7,187.4,39.0559,1.13,18,21,47,4.1,0.5,0,1,0,0,1,134.159292035398,32.3758583731316,1,530,129,382,45,24,1,1,4,1,.
44,113.7,187.4,39.0559,1.13,18,21,47,4.1,0.5,0,1,0,0,1,134.159292035398,32.3758583731316,1,530,129,1488,.,.,1,1,4,1,.
44,113.7,187.4,39.0559,1.13,18,21,47,4.1,0.5,0,1,0,0,1,134.159292035398,32.3758583731316,1,530,.,1502,.,.,0,2,4,0,0.403567956388351
44,113.7,187.4,39.0559,1.13,18,21,47,4.1,0.5,0,1,0,0,1,134.159292035398,32.3758583731316,1,530,129,1512,.,.,1,1,4,1,.
44,113.7,187.4,39.0559,1.13,18,21,47,4.1,0.5,0,1,0,0,1,134.159292035398,32.3758583731316,1,530,129,1702,15,24,1,1,4,1,.
44,113.7,187.4,39.0559,1.13,18,21,47,4.1,0.5,0,1,0,0,1,134.159292035398,32.3758583731316,1,530,129,2087,.,.,1,1,4,1,.
31,62.2,156.7,22.5847,0.89,11,16,56,3.5,0.5,0,1,0,0,2,89.9318039950062,25.3310033154292,0,531,129,0,12,24,1,1,4,1,.
31,62.2,156.7,22.5847,0.89,11,16,56,3.5,0.5,0,1,0,0,2,89.9318039950062,25.3310033154292,0,531,129,312,.,.,1,1,4,1,.
31,62.2,156.7,22.5847,0.89,11,16,56,3.5,0.5,0,1,0,0,2,89.9318039950062,25.3310033154292,0,531,.,329.17,.,.,0,2,4,0,0.259172336932526
31,62.2,156.7,22.5847,0.89,11,16,56,3.5,0.5,0,1,0,0,2,89.9318039950062,25.3310033154292,0,531,129,336,47,24,1,1,4,1,.
31,62.2,156.7,22.5847,0.89,11,16,56,3.5,0.5,0,1,0,0,2,89.9318039950062,25.3310033154292,0,531,129,1488,.,.,1,1,4,1,.
31,62.2,156.7,22.5847,0.89,11,16,56,3.5,0.5,0,1,0,0,2,89.9318039950062,25.3310033154292,0,531,129,1512,22,24,1,1,4,1,.
31,62.2,156.7,22.5847,0.89,11,16,56,3.5,0.5,0,1,0,0,2,89.9318039950062,25.3310033154292,0,531,129,2064,.,.,1,1,4,1,.
31,62.2,156.7,22.5847,0.89,11,16,56,3.5,0.5,0,1,0,0,2,89.9318039950062,25.3310033154292,0,531,.,2080.75,.,.,0,2,4,0,0.314790073953586
46,118.1,180.5,37.735,0.59,21,18,97,4.7,0.2,0,0,1,0,1,261.332391713748,36.2489545046462,1,532,129,0,12,24,1,1,4,1,.
46,118.1,180.5,37.735,0.59,21,18,97,4.7,0.2,0,0,1,0,1,261.332391713748,36.2489545046462,1,532,129,312.63,.,.,1,1,4,1,.
46,118.1,180.5,37.735,0.59,21,18,97,4.7,0.2,0,0,1,0,1,261.332391713748,36.2489545046462,1,532,.,326,.,.,0,2,4,0,0.161409584634255
46,118.1,180.5,37.735,0.59,21,18,97,4.7,0.2,0,0,1,0,1,261.332391713748,36.2489545046462,1,532,129,336.63,47,24,1,1,4,1,.
46,118.1,180.5,37.735,0.59,21,18,97,4.7,0.2,0,0,1,0,1,261.332391713748,36.2489545046462,1,532,129,1491,.,.,1,1,4,1,.
46,118.1,180.5,37.735,0.59,21,18,97,4.7,0.2,0,0,1,0,1,261.332391713748,36.2489545046462,1,532,.,1503.92,.,.,0,2,4,0,0.197770462186918
46,118.1,180.5,37.735,0.59,21,18,97,4.7,0.2,0,0,1,0,1,261.332391713748,36.2489545046462,1,532,129,1515,19,24,1,1,4,1,.
46,118.1,180.5,37.735,0.59,21,18,97,4.7,0.2,0,0,1,0,1,261.332391713748,36.2489545046462,1,532,129,1995,.,.,1,1,4,1,.
46,118.1,180.5,37.735,0.59,21,18,97,4.7,0.2,0,0,1,0,1,261.332391713748,36.2489545046462,1,532,.,2008,.,.,0,2,4,0,0.259704837384884
28,67.5,163.7,22.5649,0.76,10,11,50,4.5,0.8,1,0,0,0,2,117.434210526316,25.1887382830386,0,533,129,0,14,24,1,1,4,1,.
28,67.5,163.7,22.5649,0.76,10,11,50,4.5,0.8,1,0,0,0,2,117.434210526316,25.1887382830386,0,533,129,360.5,.,.,1,1,4,1,.
28,67.5,163.7,22.5649,0.76,10,11,50,4.5,0.8,1,0,0,0,2,117.434210526316,25.1887382830386,0,533,.,373,.,.,0,2,4,0,0.221750850389414
28,67.5,163.7,22.5649,0.76,10,11,50,4.5,0.8,1,0,0,0,2,117.434210526316,25.1887382830386,0,533,129,384.5,.,.,1,1,4,1,.
28,67.5,163.7,22.5649,0.76,10,11,50,4.5,0.8,1,0,0,0,2,117.434210526316,25.1887382830386,0,533,129,1101.5,16,24,1,1,4,1,.
28,67.5,163.7,22.5649,0.76,10,11,50,4.5,0.8,1,0,0,0,2,117.434210526316,25.1887382830386,0,533,129,1511,.,.,1,1,4,1,.
28,67.5,163.7,22.5649,0.76,10,11,50,4.5,0.8,1,0,0,0,2,117.434210526316,25.1887382830386,0,533,.,1522.83,.,.,0,2,4,0,0.287289093206656
28,67.5,163.7,22.5649,0.76,10,11,50,4.5,0.8,1,0,0,0,2,117.434210526316,25.1887382830386,0,533,129,1535,.,.,1,1,4,1,.
28,67.5,163.7,22.5649,0.76,10,11,50,4.5,0.8,1,0,0,0,2,117.434210526316,25.1887382830386,0,533,129,1629.5,15,24,1,1,4,1,.
28,67.5,163.7,22.5649,0.76,10,11,50,4.5,0.8,1,0,0,0,2,117.434210526316,25.1887382830386,0,533,129,2016.08,.,.,1,1,4,1,.
50,75.8,158.9,30.0696,0.73,10,22,48,4.6,0.5,0,0,1,0,2,110.325342465753,30.0207412429933,1,534,129,0,10,24,1,1,4,1,.
50,75.8,158.9,30.0696,0.73,10,22,48,4.6,0.5,0,0,1,0,2,110.325342465753,30.0207412429933,1,534,129,268,.,.,1,1,4,1,.
50,75.8,158.9,30.0696,0.73,10,22,48,4.6,0.5,0,0,1,0,2,110.325342465753,30.0207412429933,1,534,129,292,48,24,1,1,4,1,.
50,75.8,158.9,30.0696,0.73,10,22,48,4.6,0.5,0,0,1,0,2,110.325342465753,30.0207412429933,1,534,.,300.17,.,.,0,2,4,0,0.0880772055467803
50,75.8,158.9,30.0696,0.73,10,22,48,4.6,0.5,0,0,1,0,2,110.325342465753,30.0207412429933,1,534,129,1487.5,.,.,1,1,4,1,.
50,75.8,158.9,30.0696,0.73,10,22,48,4.6,0.5,0,0,1,0,2,110.325342465753,30.0207412429933,1,534,.,1500,.,.,0,2,4,0,0.23324980149483
50,75.8,158.9,30.0696,0.73,10,22,48,4.6,0.5,0,0,1,0,2,110.325342465753,30.0207412429933,1,534,129,1511.5,18,24,1,1,4,1,.
50,75.8,158.9,30.0696,0.73,10,22,48,4.6,0.5,0,0,1,0,2,110.325342465753,30.0207412429933,1,534,129,1991,.,.,1,1,4,1,.
50,75.8,158.9,30.0696,0.73,10,22,48,4.6,0.5,0,0,1,0,2,110.325342465753,30.0207412429933,1,534,.,2004.75,.,.,0,2,4,0,0.238268012814837
24,58.9,176.4,9.614,0.83,21,23,64,4.9,0.4,0,1,0,0,1,114.330655957162,18.9285842832976,0,535,129,0,13,24,1,1,4,1,.
24,58.9,176.4,9.614,0.83,21,23,64,4.9,0.4,0,1,0,0,1,114.330655957162,18.9285842832976,0,535,129,336.25,.,.,1,1,4,1,.
24,58.9,176.4,9.614,0.83,21,23,64,4.9,0.4,0,1,0,0,1,114.330655957162,18.9285842832976,0,535,129,360.25,46,24,1,1,4,1,.
24,58.9,176.4,9.614,0.83,21,23,64,4.9,0.4,0,1,0,0,1,114.330655957162,18.9285842832976,0,535,129,1510.25,.,.,1,1,4,1,.
24,58.9,176.4,9.614,0.83,21,23,64,4.9,0.4,0,1,0,0,1,114.330655957162,18.9285842832976,0,535,.,1534.67,.,.,0,2,4,0,0.429808766756754
24,58.9,176.4,9.614,0.83,21,23,64,4.9,0.4,0,1,0,0,1,114.330655957162,18.9285842832976,0,535,129,2005.87,.,.,1,1,4,1,.
24,58.9,176.4,9.614,0.83,21,23,64,4.9,0.4,0,1,0,0,1,114.330655957162,18.9285842832976,0,535,.,2038.58,.,.,0,2,4,0,0.0559796159785954
36,70.5,160.7,23.8667,0.79,17,18,73,4.6,0.9,0,1,0,0,2,109.567510548523,27.2996678734023,0,536,129,0,11,24,1,1,4,1,.
36,70.5,160.7,23.8667,0.79,17,18,73,4.6,0.9,0,1,0,0,2,109.567510548523,27.2996678734023,0,536,129,311.5,.,.,1,1,4,1,.
36,70.5,160.7,23.8667,0.79,17,18,73,4.6,0.9,0,1,0,0,2,109.567510548523,27.2996678734023,0,536,.,328.17,.,.,0,2,4,0,0.217631029801393
36,70.5,160.7,23.8667,0.79,17,18,73,4.6,0.9,0,1,0,0,2,109.567510548523,27.2996678734023,0,536,129,335.5,.,.,1,1,4,1,.
36,70.5,160.7,23.8667,0.79,17,18,73,4.6,0.9,0,1,0,0,2,109.567510548523,27.2996678734023,0,536,129,694.5,32,24,1,1,4,1,.
36,70.5,160.7,23.8667,0.79,17,18,73,4.6,0.9,0,1,0,0,2,109.567510548523,27.2996678734023,0,536,129,1488.5,.,.,1,1,4,1,.
36,70.5,160.7,23.8667,0.79,17,18,73,4.6,0.9,0,1,0,0,2,109.567510548523,27.2996678734023,0,536,.,1504.5,.,.,0,2,4,0,0.106896081523807
36,70.5,160.7,23.8667,0.79,17,18,73,4.6,0.9,0,1,0,0,2,109.567510548523,27.2996678734023,0,536,129,1512.5,18,24,1,1,4,1,.
36,70.5,160.7,23.8667,0.79,17,18,73,4.6,0.9,0,1,0,0,2,109.567510548523,27.2996678734023,0,536,129,1991.5,.,.,1,1,4,1,.
36,70.5,160.7,23.8667,0.79,17,18,73,4.6,0.9,0,1,0,0,2,109.567510548523,27.2996678734023,0,536,.,2008.25,.,.,0,2,4,0,0.202752330347398
59,70.6,173.1,19.5433,0.69,18,21,89,3.8,0.8,0,1,0,0,1,115.108695652174,23.5619139349364,0,537,129,0,12,24,1,1,4,1,.
59,70.6,173.1,19.5433,0.69,18,21,89,3.8,0.8,0,1,0,0,1,115.108695652174,23.5619139349364,0,537,129,313.5,.,.,1,1,4,1,.
59,70.6,173.1,19.5433,0.69,18,21,89,3.8,0.8,0,1,0,0,1,115.108695652174,23.5619139349364,0,537,.,328.5,.,.,0,2,4,0,0.192474842831207
59,70.6,173.1,19.5433,0.69,18,21,89,3.8,0.8,0,1,0,0,1,115.108695652174,23.5619139349364,0,537,129,337.5,46,24,1,1,4,1,.
59,70.6,173.1,19.5433,0.69,18,21,89,3.8,0.8,0,1,0,0,1,115.108695652174,23.5619139349364,0,537,129,1488.25,.,.,1,1,4,1,.
59,70.6,173.1,19.5433,0.69,18,21,89,3.8,0.8,0,1,0,0,1,115.108695652174,23.5619139349364,0,537,.,1504.33,.,.,0,2,4,0,0.182094765790083
59,70.6,173.1,19.5433,0.69,18,21,89,3.8,0.8,0,1,0,0,1,115.108695652174,23.5619139349364,0,537,129,1512.25,18,24,1,1,4,1,.
59,70.6,173.1,19.5433,0.69,18,21,89,3.8,0.8,0,1,0,0,1,115.108695652174,23.5619139349364,0,537,129,1991,.,.,1,1,4,1,.
59,70.6,173.1,19.5433,0.69,18,21,89,3.8,0.8,0,1,0,0,1,115.108695652174,23.5619139349364,0,537,.,2008.75,.,.,0,2,4,0,0.0577965274388355
18,71.5,158.4,26.969,0.61,14,21,91,3.9,0.5,1,0,0,0,2,168.819444444444,28.49677328844,0,538,129,0,12,24,1,1,4,1,.
18,71.5,158.4,26.969,0.61,14,21,91,3.9,0.5,1,0,0,0,2,168.819444444444,28.49677328844,0,538,129,313.5,.,.,1,1,4,1,.
18,71.5,158.4,26.969,0.61,14,21,91,3.9,0.5,1,0,0,0,2,168.819444444444,28.49677328844,0,538,.,324,.,.,0,2,4,0,0.186234251109316
18,71.5,158.4,26.969,0.61,14,21,91,3.9,0.5,1,0,0,0,2,168.819444444444,28.49677328844,0,538,129,337.5,47,24,1,1,4,1,.
18,71.5,158.4,26.969,0.61,14,21,91,3.9,0.5,1,0,0,0,2,168.819444444444,28.49677328844,0,538,129,1489.75,.,.,1,1,4,1,.
18,71.5,158.4,26.969,0.61,14,21,91,3.9,0.5,1,0,0,0,2,168.819444444444,28.49677328844,0,538,.,1499.25,.,.,0,2,4,0,0.343310641539577
18,71.5,158.4,26.969,0.61,14,21,91,3.9,0.5,1,0,0,0,2,168.819444444444,28.49677328844,0,538,129,1513.75,17,24,1,1,4,1,.
18,71.5,158.4,26.969,0.61,14,21,91,3.9,0.5,1,0,0,0,2,168.819444444444,28.49677328844,0,538,129,1947.5,.,.,1,1,4,1,.
18,71.5,158.4,26.969,0.61,14,21,91,3.9,0.5,1,0,0,0,2,168.819444444444,28.49677328844,0,538,.,1979.25,.,.,0,2,4,0,0.0965687859884019
23,110.9,177.8,28.5666,0.92,42,28,68,4.7,0.7,0,0,1,0,1,195.883152173913,35.0806824062628,1,539,129,0,12,24,1,1,4,1,.
23,110.9,177.8,28.5666,0.92,42,28,68,4.7,0.7,0,0,1,0,1,195.883152173913,35.0806824062628,1,539,129,312,.,.,1,1,4,1,.
23,110.9,177.8,28.5666,0.92,42,28,68,4.7,0.7,0,0,1,0,1,195.883152173913,35.0806824062628,1,539,.,321.5,.,.,0,2,4,0,0.327536853456712
23,110.9,177.8,28.5666,0.92,42,28,68,4.7,0.7,0,0,1,0,1,195.883152173913,35.0806824062628,1,539,129,336,45,24,1,1,4,1,.
23,110.9,177.8,28.5666,0.92,42,28,68,4.7,0.7,0,0,1,0,1,195.883152173913,35.0806824062628,1,539,129,1440,.,.,1,1,4,1,.
23,110.9,177.8,28.5666,0.92,42,28,68,4.7,0.7,0,0,1,0,1,195.883152173913,35.0806824062628,1,539,129,1464,20,24,1,1,4,1,.
23,110.9,177.8,28.5666,0.92,42,28,68,4.7,0.7,0,0,1,0,1,195.883152173913,35.0806824062628,1,539,129,1969,.,.,1,1,4,1,.
25,79.2,173.5,18.3668,0.97,26,25,56,4.8,1,1,0,0,0,1,130.412371134021,26.31032564011,0,540,129,0,13,24,1,1,4,1,.
25,79.2,173.5,18.3668,0.97,26,25,56,4.8,1,1,0,0,0,1,130.412371134021,26.31032564011,0,540,129,336,.,.,1,1,4,1,.
25,79.2,173.5,18.3668,0.97,26,25,56,4.8,1,1,0,0,0,1,130.412371134021,26.31032564011,0,540,129,360,.,.,1,1,4,1,.
25,79.2,173.5,18.3668,0.97,26,25,56,4.8,1,1,0,0,0,1,130.412371134021,26.31032564011,0,540,129,405.5,38,24,1,1,4,1,.
25,79.2,173.5,18.3668,0.97,26,25,56,4.8,1,1,0,0,0,1,130.412371134021,26.31032564011,0,540,129,1343,.,.,1,1,4,1,.
25,79.2,173.5,18.3668,0.97,26,25,56,4.8,1,1,0,0,0,1,130.412371134021,26.31032564011,0,540,.,1363.23,.,.,0,2,4,0,0.0940151895274089
25,79.2,173.5,18.3668,0.97,26,25,56,4.8,1,1,0,0,0,1,130.412371134021,26.31032564011,0,540,129,1367,26,24,1,1,4,1,.
25,79.2,173.5,18.3668,0.97,26,25,56,4.8,1,1,0,0,0,1,130.412371134021,26.31032564011,0,540,129,2015,.,.,1,1,4,1,.
52,79.8,160.7,27.9283,0.67,40,28,103,4.5,0.3,1,0,0,0,1,145.572139303483,30.9009006567022,1,541,129,0,12,24,1,1,4,1,.
52,79.8,160.7,27.9283,0.67,40,28,103,4.5,0.3,1,0,0,0,1,145.572139303483,30.9009006567022,1,541,129,313.5,.,.,1,1,4,1,.
52,79.8,160.7,27.9283,0.67,40,28,103,4.5,0.3,1,0,0,0,1,145.572139303483,30.9009006567022,1,541,.,326.72,.,.,0,2,4,0,0.21532744873042
52,79.8,160.7,27.9283,0.67,40,28,103,4.5,0.3,1,0,0,0,1,145.572139303483,30.9009006567022,1,541,129,337.5,47,24,1,1,4,1,.
52,79.8,160.7,27.9283,0.67,40,28,103,4.5,0.3,1,0,0,0,1,145.572139303483,30.9009006567022,1,541,129,1492.5,.,.,1,1,4,1,.
52,79.8,160.7,27.9283,0.67,40,28,103,4.5,0.3,1,0,0,0,1,145.572139303483,30.9009006567022,1,541,.,1502.38,.,.,0,2,4,0,0.147159281523291
52,79.8,160.7,27.9283,0.67,40,28,103,4.5,0.3,1,0,0,0,1,145.572139303483,30.9009006567022,1,541,129,1516.5,18,24,1,1,4,1,.
52,79.8,160.7,27.9283,0.67,40,28,103,4.5,0.3,1,0,0,0,1,145.572139303483,30.9009006567022,1,541,129,1994.5,.,.,1,1,4,1,.
52,79.8,160.7,27.9283,0.67,40,28,103,4.5,0.3,1,0,0,0,1,145.572139303483,30.9009006567022,1,541,.,2006.5,.,.,0,2,4,0,0.203333445430405
22,94.6,174.5,24.8721,0.91,39,33,62,4.3,0.3,0,0,0,0,1,170.372405372405,31.0670684148734,1,542,129,0,12,24,1,1,4,1,.
22,94.6,174.5,24.8721,0.91,39,33,62,4.3,0.3,0,0,0,0,1,170.372405372405,31.0670684148734,1,542,129,315,.,.,1,1,4,1,.
22,94.6,174.5,24.8721,0.91,39,33,62,4.3,0.3,0,0,0,0,1,170.372405372405,31.0670684148734,1,542,.,329.42,.,.,0,2,4,0,0.195631411853251
22,94.6,174.5,24.8721,0.91,39,33,62,4.3,0.3,0,0,0,0,1,170.372405372405,31.0670684148734,1,542,129,339,47,24,1,1,4,1,.
22,94.6,174.5,24.8721,0.91,39,33,62,4.3,0.3,0,0,0,0,1,170.372405372405,31.0670684148734,1,542,129,1491,.,.,1,1,4,1,.
22,94.6,174.5,24.8721,0.91,39,33,62,4.3,0.3,0,0,0,0,1,170.372405372405,31.0670684148734,1,542,.,1505.25,.,.,0,2,4,0,0.22117496716108
22,94.6,174.5,24.8721,0.91,39,33,62,4.3,0.3,0,0,0,0,1,170.372405372405,31.0670684148734,1,542,129,1515,18,24,1,1,4,1,.
22,94.6,174.5,24.8721,0.91,39,33,62,4.3,0.3,0,0,0,0,1,170.372405372405,31.0670684148734,1,542,129,1994,.,.,1,1,4,1,.
22,94.6,174.5,24.8721,0.91,39,33,62,4.3,0.3,0,0,0,0,1,170.372405372405,31.0670684148734,1,542,.,2009.25,.,.,0,2,4,0,0.2536523098174
53,72.5,160.4,27.5315,0.77,14,16,85,3.9,0.4,0,1,0,0,2,96.7058982683983,28.1792401788546,0,543,129,0,11,24,1,1,4,1,.
53,72.5,160.4,27.5315,0.77,14,16,85,3.9,0.4,0,1,0,0,2,96.7058982683983,28.1792401788546,0,543,129,310.75,.,.,1,1,4,1,.
53,72.5,160.4,27.5315,0.77,14,16,85,3.9,0.4,0,1,0,0,2,96.7058982683983,28.1792401788546,0,543,.,324.42,.,.,0,2,4,0,0.422846243521475
53,72.5,160.4,27.5315,0.77,14,16,85,3.9,0.4,0,1,0,0,2,96.7058982683983,28.1792401788546,0,543,129,334.75,47,24,1,1,4,1,.
53,72.5,160.4,27.5315,0.77,14,16,85,3.9,0.4,0,1,0,0,2,96.7058982683983,28.1792401788546,0,543,129,1486.75,.,.,1,1,4,1,.
53,72.5,160.4,27.5315,0.77,14,16,85,3.9,0.4,0,1,0,0,2,96.7058982683983,28.1792401788546,0,543,.,1500.33,.,.,0,2,4,0,0.716266836910612
53,72.5,160.4,27.5315,0.77,14,16,85,3.9,0.4,0,1,0,0,2,96.7058982683983,28.1792401788546,0,543,129,1510.75,19,24,1,1,4,1,.
53,72.5,160.4,27.5315,0.77,14,16,85,3.9,0.4,0,1,0,0,2,96.7058982683983,28.1792401788546,0,543,129,1991.75,.,.,1,1,4,1,.
53,72.5,160.4,27.5315,0.77,14,16,85,3.9,0.4,0,1,0,0,2,96.7058982683983,28.1792401788546,0,543,.,2004.58,.,.,0,2,4,0,0.263098563079179
47,79.1,164.1,23.7911,0.83,11,20,66,4.1,0.5,0,0,1,0,2,104.632781124498,29.3737450707996,0,544,129,0,11,24,1,1,4,1,.
47,79.1,164.1,23.7911,0.83,11,20,66,4.1,0.5,0,0,1,0,2,104.632781124498,29.3737450707996,0,544,129,311.5,.,.,1,1,4,1,.
47,79.1,164.1,23.7911,0.83,11,20,66,4.1,0.5,0,0,1,0,2,104.632781124498,29.3737450707996,0,544,.,328.5,.,.,0,2,4,0,0.0520488135191085
47,79.1,164.1,23.7911,0.83,11,20,66,4.1,0.5,0,0,1,0,2,104.632781124498,29.3737450707996,0,544,129,335.5,11,24,1,1,4,1,.
47,79.1,164.1,23.7911,0.83,11,20,66,4.1,0.5,0,0,1,0,2,104.632781124498,29.3737450707996,0,544,129,623.5,.,.,1,1,4,1,.
56,59.5,156.4,26.9835,0.35,24,27,61,4.3,0.2,0,0,0,1,2,168.583333333333,24.3244745913488,0,545,129,0,12,24,1,1,4,1,.
56,59.5,156.4,26.9835,0.35,24,27,61,4.3,0.2,0,0,0,1,2,168.583333333333,24.3244745913488,0,545,129,313,.,.,1,1,4,1,.
56,59.5,156.4,26.9835,0.35,24,27,61,4.3,0.2,0,0,0,1,2,168.583333333333,24.3244745913488,0,545,.,326.75,.,.,0,2,4,0,0.525842517215453
56,59.5,156.4,26.9835,0.35,24,27,61,4.3,0.2,0,0,0,1,2,168.583333333333,24.3244745913488,0,545,129,337,.,.,1,1,4,1,.
56,59.5,156.4,26.9835,0.35,24,27,61,4.3,0.2,0,0,0,1,2,168.583333333333,24.3244745913488,0,545,129,1103,15,24,1,1,4,1,.
56,59.5,156.4,26.9835,0.35,24,27,61,4.3,0.2,0,0,0,1,2,168.583333333333,24.3244745913488,0,545,129,1488.17,.,.,1,1,4,1,.
56,59.5,156.4,26.9835,0.35,24,27,61,4.3,0.2,0,0,0,1,2,168.583333333333,24.3244745913488,0,545,.,1502.75,.,.,0,2,4,0,0.377216979346298
56,59.5,156.4,26.9835,0.35,24,27,61,4.3,0.2,0,0,0,1,2,168.583333333333,24.3244745913488,0,545,129,1512.17,18,24,1,1,4,1,.
56,59.5,156.4,26.9835,0.35,24,27,61,4.3,0.2,0,0,0,1,2,168.583333333333,24.3244745913488,0,545,129,1992,.,.,1,1,4,1,.
56,59.5,156.4,26.9835,0.35,24,27,61,4.3,0.2,0,0,0,1,2,168.583333333333,24.3244745913488,0,545,.,2007.42,.,.,0,2,4,0,0.211805807512164
40,78.9,188.6,17.6292,0.8,13,16,130,4.1,0.5,0,0,1,0,1,136.979166666667,22.1816386636364,0,546,129,0,11,24,1,1,4,1,.
40,78.9,188.6,17.6292,0.8,13,16,130,4.1,0.5,0,0,1,0,1,136.979166666667,22.1816386636364,0,546,129,310.45,.,.,1,1,4,1,.
40,78.9,188.6,17.6292,0.8,13,16,130,4.1,0.5,0,0,1,0,1,136.979166666667,22.1816386636364,0,546,.,324.78,.,.,0,2,4,0,0.267663798844946
40,78.9,188.6,17.6292,0.8,13,16,130,4.1,0.5,0,0,1,0,1,136.979166666667,22.1816386636364,0,546,129,334.45,.,.,1,1,4,1,.
40,78.9,188.6,17.6292,0.8,13,16,130,4.1,0.5,0,0,1,0,1,136.979166666667,22.1816386636364,0,546,129,381.7,10,24,1,1,4,1,.
40,78.9,188.6,17.6292,0.8,13,16,130,4.1,0.5,0,0,1,0,1,136.979166666667,22.1816386636364,0,546,129,646.2,.,.,1,1,4,1,.
40,78.9,188.6,17.6292,0.8,13,16,130,4.1,0.5,0,0,1,0,1,136.979166666667,22.1816386636364,0,546,.,661.12,.,.,0,2,4,0,0.238083996477651
23,100.8,174.8,35.4903,1,22,23,43,4.6,0.3,0,1,0,0,1,163.8,32.9896475344166,1,547,129,0,15,24,1,1,4,1,.
23,100.8,174.8,35.4903,1,22,23,43,4.6,0.3,0,1,0,0,1,163.8,32.9896475344166,1,547,129,407.75,.,.,1,1,4,1,.
23,100.8,174.8,35.4903,1,22,23,43,4.6,0.3,0,1,0,0,1,163.8,32.9896475344166,1,547,.,427.08,.,.,0,2,4,0,0.119684962805165
23,100.8,174.8,35.4903,1,22,23,43,4.6,0.3,0,1,0,0,1,163.8,32.9896475344166,1,547,129,431.75,.,.,1,1,4,1,.
23,100.8,174.8,35.4903,1,22,23,43,4.6,0.3,0,1,0,0,1,163.8,32.9896475344166,1,547,129,1055.5,17,24,1,1,4,1,.
23,100.8,174.8,35.4903,1,22,23,43,4.6,0.3,0,1,0,0,1,163.8,32.9896475344166,1,547,129,1488,.,.,1,1,4,1,.
23,100.8,174.8,35.4903,1,22,23,43,4.6,0.3,0,1,0,0,1,163.8,32.9896475344166,1,547,.,1502.92,.,.,0,2,4,0,0.232905348092504
23,100.8,174.8,35.4903,1,22,23,43,4.6,0.3,0,1,0,0,1,163.8,32.9896475344166,1,547,129,1512,19,24,1,1,4,1,.
23,100.8,174.8,35.4903,1,22,23,43,4.6,0.3,0,1,0,0,1,163.8,32.9896475344166,1,547,129,1992.5,.,.,1,1,4,1,.
23,100.8,174.8,35.4903,1,22,23,43,4.6,0.3,0,1,0,0,1,163.8,32.9896475344166,1,547,.,2007.7,.,.,0,2,4,0,0.192816183609595
38,119.7,183.5,42.7572,0.92,22,24,44,4.6,0.7,0,1,0,0,1,184.320652173913,35.5485600160369,1,548,129,0,18,24,1,1,4,1,.
38,119.7,183.5,42.7572,0.92,22,24,44,4.6,0.7,0,1,0,0,1,184.320652173913,35.5485600160369,1,548,129,456.25,.,.,1,1,4,1,.
38,119.7,183.5,42.7572,0.92,22,24,44,4.6,0.7,0,1,0,0,1,184.320652173913,35.5485600160369,1,548,.,473.17,.,.,0,2,4,0,0.294752239682135
38,119.7,183.5,42.7572,0.92,22,24,44,4.6,0.7,0,1,0,0,1,184.320652173913,35.5485600160369,1,548,129,480.25,39,24,1,1,4,1,.
38,119.7,183.5,42.7572,0.92,22,24,44,4.6,0.7,0,1,0,0,1,184.320652173913,35.5485600160369,1,548,129,1461.75,.,.,1,1,4,1,.
38,119.7,183.5,42.7572,0.92,22,24,44,4.6,0.7,0,1,0,0,1,184.320652173913,35.5485600160369,1,548,.,1481.08,.,.,0,2,4,0,0.145858341780235
38,119.7,183.5,42.7572,0.92,22,24,44,4.6,0.7,0,1,0,0,1,184.320652173913,35.5485600160369,1,548,129,1485.75,21,24,1,1,4,1,.
38,119.7,183.5,42.7572,0.92,22,24,44,4.6,0.7,0,1,0,0,1,184.320652173913,35.5485600160369,1,548,129,2014.75,.,.,1,1,4,1,.
38,119.7,183.5,42.7572,0.92,22,24,44,4.6,0.7,0,1,0,0,1,184.320652173913,35.5485600160369,1,548,.,2029.75,.,.,0,2,4,0,0.17889470175198
39,56.8,163.1,17.226,0.54,16,21,49,4.7,0.3,0,1,0,0,2,125.418724279835,21.3520910952382,0,549,129,0,12,24,1,1,4,1,.
39,56.8,163.1,17.226,0.54,16,21,49,4.7,0.3,0,1,0,0,2,125.418724279835,21.3520910952382,0,549,129,312,.,.,1,1,4,1,.
39,56.8,163.1,17.226,0.54,16,21,49,4.7,0.3,0,1,0,0,2,125.418724279835,21.3520910952382,0,549,.,328,.,.,0,2,4,0,0.257790458931923
39,56.8,163.1,17.226,0.54,16,21,49,4.7,0.3,0,1,0,0,2,125.418724279835,21.3520910952382,0,549,129,336,55,24,1,1,4,1,.
39,56.8,163.1,17.226,0.54,16,21,49,4.7,0.3,0,1,0,0,2,125.418724279835,21.3520910952382,0,549,129,1683.75,.,.,1,1,4,1,.
39,56.8,163.1,17.226,0.54,16,21,49,4.7,0.3,0,1,0,0,2,125.418724279835,21.3520910952382,0,549,.,1696.33,.,.,0,2,4,0,0.241953098871025
39,56.8,163.1,17.226,0.54,16,21,49,4.7,0.3,0,1,0,0,2,125.418724279835,21.3520910952382,0,549,129,1707.75,21,24,1,1,4,1,.
39,56.8,163.1,17.226,0.54,16,21,49,4.7,0.3,0,1,0,0,2,125.418724279835,21.3520910952382,0,549,129,2255.5,.,.,1,1,4,1,.
39,56.8,163.1,17.226,0.54,16,21,49,4.7,0.3,0,1,0,0,2,125.418724279835,21.3520910952382,0,549,.,2320.58,.,.,0,2,4,0,0.440870175435029
43,127.6,184.1,45.9668,1.8,28,29,41,4.5,1.3,0,0,1,0,1,95.5030864197531,37.648102945728,1,550,129,0,12,24,1,1,4,1,.
43,127.6,184.1,45.9668,1.8,28,29,41,4.5,1.3,0,0,1,0,1,95.5030864197531,37.648102945728,1,550,129,317,.,.,1,1,4,1,.
43,127.6,184.1,45.9668,1.8,28,29,41,4.5,1.3,0,0,1,0,1,95.5030864197531,37.648102945728,1,550,129,341,.,.,1,1,4,1,.
43,127.6,184.1,45.9668,1.8,28,29,41,4.5,1.3,0,0,1,0,1,95.5030864197531,37.648102945728,1,550,129,1008,26,24,1,1,4,1,.
43,127.6,184.1,45.9668,1.8,28,29,41,4.5,1.3,0,0,1,0,1,95.5030864197531,37.648102945728,1,550,129,1661,.,.,1,1,4,1,.
43,127.6,184.1,45.9668,1.8,28,29,41,4.5,1.3,0,0,1,0,1,95.5030864197531,37.648102945728,1,550,.,1672.67,.,.,0,2,4,0,0.405697544535136
25,55.4,172.4,17.3268,0.59,17,16,30,4.1,0.3,0,1,0,0,2,127.479990583804,18.6395422074601,0,551,129,0,12,24,1,1,4,1,.
25,55.4,172.4,17.3268,0.59,17,16,30,4.1,0.3,0,1,0,0,2,127.479990583804,18.6395422074601,0,551,129,312.5,.,.,1,1,4,1,.
25,55.4,172.4,17.3268,0.59,17,16,30,4.1,0.3,0,1,0,0,2,127.479990583804,18.6395422074601,0,551,.,328.33,.,.,0,2,4,0,-0.00352231957344033
25,55.4,172.4,17.3268,0.59,17,16,30,4.1,0.3,0,1,0,0,2,127.479990583804,18.6395422074601,0,551,129,336.5,12,24,1,1,4,1,.
25,55.4,172.4,17.3268,0.59,17,16,30,4.1,0.3,0,1,0,0,2,127.479990583804,18.6395422074601,0,551,129,648.5,.,.,1,1,4,1,.
25,55.4,172.4,17.3268,0.59,17,16,30,4.1,0.3,0,1,0,0,2,127.479990583804,18.6395422074601,0,551,.,664.92,.,.,0,2,4,0,0.288404331418684
19,67.3,171.2,13.2594,0.96,16,20,85,4.6,0.7,0,0,0,0,1,117.813946759259,22.961885317495,0,552,129,0,11,24,1,1,4,1,.
19,67.3,171.2,13.2594,0.96,16,20,85,4.6,0.7,0,0,0,0,1,117.813946759259,22.961885317495,0,552,129,289.37,.,.,1,1,4,1,.
19,67.3,171.2,13.2594,0.96,16,20,85,4.6,0.7,0,0,0,0,1,117.813946759259,22.961885317495,0,552,.,302.87,.,.,0,2,4,0,0.384662446955514
19,67.3,171.2,13.2594,0.96,16,20,85,4.6,0.7,0,0,0,0,1,117.813946759259,22.961885317495,0,552,129,313.37,46,24,1,1,4,1,.
19,67.3,171.2,13.2594,0.96,16,20,85,4.6,0.7,0,0,0,0,1,117.813946759259,22.961885317495,0,552,129,1464.62,.,.,1,1,4,1,.
19,67.3,171.2,13.2594,0.96,16,20,85,4.6,0.7,0,0,0,0,1,117.813946759259,22.961885317495,0,552,.,1480.62,.,.,0,2,4,0,0.244128701029836
19,67.3,171.2,13.2594,0.96,16,20,85,4.6,0.7,0,0,0,0,1,117.813946759259,22.961885317495,0,552,129,1488.62,20,24,1,1,4,1,.
19,67.3,171.2,13.2594,0.96,16,20,85,4.6,0.7,0,0,0,0,1,117.813946759259,22.961885317495,0,552,129,1992.87,.,.,1,1,4,1,.
19,67.3,171.2,13.2594,0.96,16,20,85,4.6,0.7,0,0,0,0,1,117.813946759259,22.961885317495,0,552,.,2008.12,.,.,0,2,4,0,0.265491168440771
47,52.9,165.8,13.6173,0.84,13,22,86,3.8,0.4,0,0,1,0,1,81.344246031746,19.2436132302933,0,553,129,0,12,24,1,1,4,1,.
47,52.9,165.8,13.6173,0.84,13,22,86,3.8,0.4,0,0,1,0,1,81.344246031746,19.2436132302933,0,553,129,312,.,.,1,1,4,1,.
47,52.9,165.8,13.6173,0.84,13,22,86,3.8,0.4,0,0,1,0,1,81.344246031746,19.2436132302933,0,553,.,328,.,.,0,2,4,0,0.401063982272989
47,52.9,165.8,13.6173,0.84,13,22,86,3.8,0.4,0,0,1,0,1,81.344246031746,19.2436132302933,0,553,129,336,47,24,1,1,4,1,.
47,52.9,165.8,13.6173,0.84,13,22,86,3.8,0.4,0,0,1,0,1,81.344246031746,19.2436132302933,0,553,129,1489.5,.,.,1,1,4,1,.
47,52.9,165.8,13.6173,0.84,13,22,86,3.8,0.4,0,0,1,0,1,81.344246031746,19.2436132302933,0,553,.,1503.5,.,.,0,2,4,0,0.238762460853484
47,52.9,165.8,13.6173,0.84,13,22,86,3.8,0.4,0,0,1,0,1,81.344246031746,19.2436132302933,0,553,129,1513.5,.,.,1,1,4,1,.
47,52.9,165.8,13.6173,0.84,13,22,86,3.8,0.4,0,0,1,0,1,81.344246031746,19.2436132302933,0,553,129,1559.5,16,24,1,1,4,1,.
47,52.9,165.8,13.6173,0.84,13,22,86,3.8,0.4,0,0,1,0,1,81.344246031746,19.2436132302933,0,553,129,1967.5,.,.,1,1,4,1,.
47,52.9,165.8,13.6173,0.84,13,22,86,3.8,0.4,0,0,1,0,1,81.344246031746,19.2436132302933,0,553,.,2010.58,.,.,0,2,4,0,0.288411593481873
33,137.8,169.1,63.4045,0.74,37,25,71,4.2,1,0,1,0,0,1,276.737987987988,48.1905632525623,1,554,129,0,11,24,1,1,4,1,.
33,137.8,169.1,63.4045,0.74,37,25,71,4.2,1,0,1,0,0,1,276.737987987988,48.1905632525623,1,554,129,288,.,.,1,1,4,1,.
33,137.8,169.1,63.4045,0.74,37,25,71,4.2,1,0,1,0,0,1,276.737987987988,48.1905632525623,1,554,.,303.9,.,.,0,2,4,0,0.0895317731195287
33,137.8,169.1,63.4045,0.74,37,25,71,4.2,1,0,1,0,0,1,276.737987987988,48.1905632525623,1,554,129,312,.,.,1,1,4,1,.
33,137.8,169.1,63.4045,0.74,37,25,71,4.2,1,0,1,0,0,1,276.737987987988,48.1905632525623,1,554,129,695.25,52,24,1,1,4,1,.
33,137.8,169.1,63.4045,0.74,37,25,71,4.2,1,0,1,0,0,1,276.737987987988,48.1905632525623,1,554,129,1968.25,.,.,1,1,4,1,.
33,137.8,169.1,63.4045,0.74,37,25,71,4.2,1,0,1,0,0,1,276.737987987988,48.1905632525623,1,554,.,1983.87,.,.,0,2,4,0,0.124512498145892
41,94.3,171,23.0788,0.88,34,29,65,4.9,0.9,0,1,0,0,1,147.34375,32.2492390821107,1,555,129,0,11,24,1,1,4,1,.
41,94.3,171,23.0788,0.88,34,29,65,4.9,0.9,0,1,0,0,1,147.34375,32.2492390821107,1,555,129,310.25,.,.,1,1,4,1,.
41,94.3,171,23.0788,0.88,34,29,65,4.9,0.9,0,1,0,0,1,147.34375,32.2492390821107,1,555,.,320.17,.,.,0,2,4,0,0.256063929143028
41,94.3,171,23.0788,0.88,34,29,65,4.9,0.9,0,1,0,0,1,147.34375,32.2492390821107,1,555,129,334.25,.,.,1,1,4,1,.
41,94.3,171,23.0788,0.88,34,29,65,4.9,0.9,0,1,0,0,1,147.34375,32.2492390821107,1,555,129,379.5,.,.,1,1,4,1,.
41,94.3,171,23.0788,0.88,34,29,65,4.9,0.9,0,1,0,0,1,147.34375,32.2492390821107,1,555,129,667.5,31,24,1,1,4,1,.
41,94.3,171,23.0788,0.88,34,29,65,4.9,0.9,0,1,0,0,1,147.34375,32.2492390821107,1,555,129,1437.5,.,.,1,1,4,1,.
41,94.3,171,23.0788,0.88,34,29,65,4.9,0.9,0,1,0,0,1,147.34375,32.2492390821107,1,555,.,1448.92,.,.,0,2,4,0,0.257352716051602
20,69,171.9,25.4454,0.75,16,20,38,4.3,0.4,0,1,0,0,2,130.333333333333,23.3505619871125,0,556,129,0,12,24,1,1,4,1,.
20,69,171.9,25.4454,0.75,16,20,38,4.3,0.4,0,1,0,0,2,130.333333333333,23.3505619871125,0,556,129,313,.,.,1,1,4,1,.
20,69,171.9,25.4454,0.75,16,20,38,4.3,0.4,0,1,0,0,2,130.333333333333,23.3505619871125,0,556,.,328.55,.,.,0,2,4,0,0.185531803312659
20,69,171.9,25.4454,0.75,16,20,38,4.3,0.4,0,1,0,0,2,130.333333333333,23.3505619871125,0,556,129,337,47,24,1,1,4,1,.
20,69,171.9,25.4454,0.75,16,20,38,4.3,0.4,0,1,0,0,2,130.333333333333,23.3505619871125,0,556,129,1489,.,.,1,1,4,1,.
20,69,171.9,25.4454,0.75,16,20,38,4.3,0.4,0,1,0,0,2,130.333333333333,23.3505619871125,0,556,.,1504.72,.,.,0,2,4,0,0.712564240148795
20,69,171.9,25.4454,0.75,16,20,38,4.3,0.4,0,1,0,0,2,130.333333333333,23.3505619871125,0,556,129,1513,21,24,1,1,4,1,.
20,69,171.9,25.4454,0.75,16,20,38,4.3,0.4,0,1,0,0,2,130.333333333333,23.3505619871125,0,556,129,2042,.,.,1,1,4,1,.
20,69,171.9,25.4454,0.75,16,20,38,4.3,0.4,0,1,0,0,2,130.333333333333,23.3505619871125,0,556,.,2056.8,.,.,0,2,4,0,0.734400918127604
20,86.2,165.5,23.4625,1.02,31,23,58,4.6,0.6,0,1,0,0,1,140.849673202614,31.4710526555982,1,557,129,0,12,24,1,1,4,1,.
20,86.2,165.5,23.4625,1.02,31,23,58,4.6,0.6,0,1,0,0,1,140.849673202614,31.4710526555982,1,557,129,312.92,.,.,1,1,4,1,.
20,86.2,165.5,23.4625,1.02,31,23,58,4.6,0.6,0,1,0,0,1,140.849673202614,31.4710526555982,1,557,.,329.25,.,.,0,2,4,0,0.0720680283559805
20,86.2,165.5,23.4625,1.02,31,23,58,4.6,0.6,0,1,0,0,1,140.849673202614,31.4710526555982,1,557,129,336.92,46,24,1,1,4,1,.
20,86.2,165.5,23.4625,1.02,31,23,58,4.6,0.6,0,1,0,0,1,140.849673202614,31.4710526555982,1,557,129,1466.42,.,.,1,1,4,1,.
20,86.2,165.5,23.4625,1.02,31,23,58,4.6,0.6,0,1,0,0,1,140.849673202614,31.4710526555982,1,557,.,1481.37,.,.,0,2,4,0,0.267262667625364
20,86.2,165.5,23.4625,1.02,31,23,58,4.6,0.6,0,1,0,0,1,140.849673202614,31.4710526555982,1,557,129,1490.42,18,24,1,1,4,1,.
20,86.2,165.5,23.4625,1.02,31,23,58,4.6,0.6,0,1,0,0,1,140.849673202614,31.4710526555982,1,557,129,1969.92,.,.,1,1,4,1,.
20,86.2,165.5,23.4625,1.02,31,23,58,4.6,0.6,0,1,0,0,1,140.849673202614,31.4710526555982,1,557,.,1985.53,.,.,0,2,4,0,0.171298927170464
54,73.7,169.1,35.1437,0.68,28,28,122,4.7,0.1,0,1,0,0,2,110.038194444444,25.7739079224517,0,558,129,0,12,24,1,1,4,1,.
54,73.7,169.1,35.1437,0.68,28,28,122,4.7,0.1,0,1,0,0,2,110.038194444444,25.7739079224517,0,558,129,312,.,.,1,1,4,1,.
54,73.7,169.1,35.1437,0.68,28,28,122,4.7,0.1,0,1,0,0,2,110.038194444444,25.7739079224517,0,558,.,324.75,.,.,0,2,4,0,0.31614101302593
27,83.2,166.6,36.4986,0.63,16,19,66,4.2,0.9,0,1,0,0,2,176.176366843034,29.9759759846315,0,559,129,0,12,24,1,1,4,1,.
27,83.2,166.6,36.4986,0.63,16,19,66,4.2,0.9,0,1,0,0,2,176.176366843034,29.9759759846315,0,559,129,312,.,.,1,1,4,1,.
27,83.2,166.6,36.4986,0.63,16,19,66,4.2,0.9,0,1,0,0,2,176.176366843034,29.9759759846315,0,559,.,324.5,.,.,0,2,4,0,0.191446652057273
27,83.2,166.6,36.4986,0.63,16,19,66,4.2,0.9,0,1,0,0,2,176.176366843034,29.9759759846315,0,559,129,336,26,24,1,1,4,1,.
27,83.2,166.6,36.4986,0.63,16,19,66,4.2,0.9,0,1,0,0,2,176.176366843034,29.9759759846315,0,559,129,984,.,.,1,1,4,1,.
27,83.2,166.6,36.4986,0.63,16,19,66,4.2,0.9,0,1,0,0,2,176.176366843034,29.9759759846315,0,559,.,1020,.,.,0,2,4,0,0.175596179084494
27,77.6,173.6,17.1182,1.14,19,19,58,4.3,1.5,0,1,0,0,1,106.832358674464,25.7491133810444,0,560,129,0,13,24,1,1,4,1,.
27,77.6,173.6,17.1182,1.14,19,19,58,4.3,1.5,0,1,0,0,1,106.832358674464,25.7491133810444,0,560,129,337.5,.,.,1,1,4,1,.
27,77.6,173.6,17.1182,1.14,19,19,58,4.3,1.5,0,1,0,0,1,106.832358674464,25.7491133810444,0,560,.,351,.,.,0,2,4,0,0.282158327029167
27,77.6,173.6,17.1182,1.14,19,19,58,4.3,1.5,0,1,0,0,1,106.832358674464,25.7491133810444,0,560,129,361.5,.,.,1,1,4,1,.
27,77.6,173.6,17.1182,1.14,19,19,58,4.3,1.5,0,1,0,0,1,106.832358674464,25.7491133810444,0,560,129,624,.,.,1,1,4,1,.
27,77.6,173.6,17.1182,1.14,19,19,58,4.3,1.5,0,1,0,0,1,106.832358674464,25.7491133810444,0,560,129,1248,1,24,1,1,4,1,.
27,77.6,173.6,17.1182,1.14,19,19,58,4.3,1.5,0,1,0,0,1,106.832358674464,25.7491133810444,0,560,129,1298,.,.,1,1,4,1,.
30,87.6,176.7,24.4341,0.74,34,26,93,4.8,0.6,0,0,0,1,1,180.855855855856,28.0563394355872,0,561,129,0,11,24,1,1,4,1,.
30,87.6,176.7,24.4341,0.74,34,26,93,4.8,0.6,0,0,0,1,1,180.855855855856,28.0563394355872,0,561,129,311.83,.,.,1,1,4,1,.
30,87.6,176.7,24.4341,0.74,34,26,93,4.8,0.6,0,0,0,1,1,180.855855855856,28.0563394355872,0,561,.,327.8,.,.,0,2,4,0,0.165047345128412
30,87.6,176.7,24.4341,0.74,34,26,93,4.8,0.6,0,0,0,1,1,180.855855855856,28.0563394355872,0,561,129,335.83,47,24,1,1,4,1,.
30,87.6,176.7,24.4341,0.74,34,26,93,4.8,0.6,0,0,0,1,1,180.855855855856,28.0563394355872,0,561,129,1489.5,.,.,1,1,4,1,.
30,87.6,176.7,24.4341,0.74,34,26,93,4.8,0.6,0,0,0,1,1,180.855855855856,28.0563394355872,0,561,.,1504.08,.,.,0,2,4,0,0.131299594539847
30,87.6,176.7,24.4341,0.74,34,26,93,4.8,0.6,0,0,0,1,1,180.855855855856,28.0563394355872,0,561,129,1513.5,19,24,1,1,4,1,.
30,87.6,176.7,24.4341,0.74,34,26,93,4.8,0.6,0,0,0,1,1,180.855855855856,28.0563394355872,0,561,129,1994.5,.,.,1,1,4,1,.
30,87.6,176.7,24.4341,0.74,34,26,93,4.8,0.6,0,0,0,1,1,180.855855855856,28.0563394355872,0,561,.,2007.95,.,.,0,2,4,0,0.230442203695577
41,70.2,171.6,18.2976,0.92,12,19,75,4.5,1,1,0,0,0,1,104.91847826087,23.8397965670693,0,562,129,0,11,24,1,1,4,1,.
41,70.2,171.6,18.2976,0.92,12,19,75,4.5,1,1,0,0,0,1,104.91847826087,23.8397965670693,0,562,129,311.5,.,.,1,1,4,1,.
41,70.2,171.6,18.2976,0.92,12,19,75,4.5,1,1,0,0,0,1,104.91847826087,23.8397965670693,0,562,.,325.42,.,.,0,2,4,0,0.126651153153796
41,70.2,171.6,18.2976,0.92,12,19,75,4.5,1,1,0,0,0,1,104.91847826087,23.8397965670693,0,562,129,335.5,.,.,1,1,4,1,.
41,70.2,171.6,18.2976,0.92,12,19,75,4.5,1,1,0,0,0,1,104.91847826087,23.8397965670693,0,562,129,383.5,.,.,1,1,4,1,.
41,70.2,171.6,18.2976,0.92,12,19,75,4.5,1,1,0,0,0,1,104.91847826087,23.8397965670693,0,562,129,719.5,.,.,1,1,4,1,.
41,70.2,171.6,18.2976,0.92,12,19,75,4.5,1,1,0,0,0,1,104.91847826087,23.8397965670693,0,562,129,1055.5,.,.,1,1,4,1,.
41,70.2,171.6,18.2976,0.92,12,19,75,4.5,1,1,0,0,0,1,104.91847826087,23.8397965670693,0,562,129,1583.5,15,24,1,1,4,1,.
41,70.2,171.6,18.2976,0.92,12,19,75,4.5,1,1,0,0,0,1,104.91847826087,23.8397965670693,0,562,129,1968,.,.,1,1,4,1,.
29,64.9,167.3,13.5489,0.97,22,24,57,5,0.5,1,0,0,0,1,103.148625429553,23.1874406246103,0,563,129,0,12,24,1,1,4,1,.
29,64.9,167.3,13.5489,0.97,22,24,57,5,0.5,1,0,0,0,1,103.148625429553,23.1874406246103,0,563,129,313.25,.,.,1,1,4,1,.
29,64.9,167.3,13.5489,0.97,22,24,57,5,0.5,1,0,0,0,1,103.148625429553,23.1874406246103,0,563,.,324.58,.,.,0,2,4,0,0.250746753876459
29,64.9,167.3,13.5489,0.97,22,24,57,5,0.5,1,0,0,0,1,103.148625429553,23.1874406246103,0,563,129,337.25,47,24,1,1,4,1,.
29,64.9,167.3,13.5489,0.97,22,24,57,5,0.5,1,0,0,0,1,103.148625429553,23.1874406246103,0,563,129,1489.5,.,.,1,1,4,1,.
29,64.9,167.3,13.5489,0.97,22,24,57,5,0.5,1,0,0,0,1,103.148625429553,23.1874406246103,0,563,.,1500.42,.,.,0,2,4,0,0.218576382619152
38,108,184.4,34.4674,1.39,43,30,70,4.6,0.4,1,0,0,0,1,110.071942446043,31.7615670921932,1,564,129,0,11,24,1,1,4,1,.
38,108,184.4,34.4674,1.39,43,30,70,4.6,0.4,1,0,0,0,1,110.071942446043,31.7615670921932,1,564,129,309.58,.,.,1,1,4,1,.
38,108,184.4,34.4674,1.39,43,30,70,4.6,0.4,1,0,0,0,1,110.071942446043,31.7615670921932,1,564,.,323.58,.,.,0,2,4,0,0.25701215693516
38,108,184.4,34.4674,1.39,43,30,70,4.6,0.4,1,0,0,0,1,110.071942446043,31.7615670921932,1,564,129,333.58,.,.,1,1,4,1,.
38,108,184.4,34.4674,1.39,43,30,70,4.6,0.4,1,0,0,0,1,110.071942446043,31.7615670921932,1,564,129,1125.08,14,24,1,1,4,1,.
38,108,184.4,34.4674,1.39,43,30,70,4.6,0.4,1,0,0,0,1,110.071942446043,31.7615670921932,1,564,129,1485.58,.,.,1,1,4,1,.
38,108,184.4,34.4674,1.39,43,30,70,4.6,0.4,1,0,0,0,1,110.071942446043,31.7615670921932,1,564,.,1499.08,.,.,0,2,4,0,0.260743647833615
38,108,184.4,34.4674,1.39,43,30,70,4.6,0.4,1,0,0,0,1,110.071942446043,31.7615670921932,1,564,129,1509.58,.,.,1,1,4,1,.
38,108,184.4,34.4674,1.39,43,30,70,4.6,0.4,1,0,0,0,1,110.071942446043,31.7615670921932,1,564,129,1581.08,18,24,1,1,4,1,.
38,108,184.4,34.4674,1.39,43,30,70,4.6,0.4,1,0,0,0,1,110.071942446043,31.7615670921932,1,564,129,2060.58,.,.,1,1,4,1,.
38,108,184.4,34.4674,1.39,43,30,70,4.6,0.4,1,0,0,0,1,110.071942446043,31.7615670921932,1,564,.,2077.82,.,.,0,2,4,0,0.159842311412069
34,70.1,157.1,28.4358,0.73,25,26,71,4.7,0.9,0,1,0,0,2,120.167617960426,28.4030937897709,0,565,129,0,12,24,1,1,4,1,.
34,70.1,157.1,28.4358,0.73,25,26,71,4.7,0.9,0,1,0,0,2,120.167617960426,28.4030937897709,0,565,129,335.92,.,.,1,1,4,1,.
34,70.1,157.1,28.4358,0.73,25,26,71,4.7,0.9,0,1,0,0,2,120.167617960426,28.4030937897709,0,565,.,351.42,.,.,0,2,4,0,0.137347404693368
34,70.1,157.1,28.4358,0.73,25,26,71,4.7,0.9,0,1,0,0,2,120.167617960426,28.4030937897709,0,565,129,359.92,47,24,1,1,4,1,.
34,70.1,157.1,28.4358,0.73,25,26,71,4.7,0.9,0,1,0,0,2,120.167617960426,28.4030937897709,0,565,129,1511.92,.,.,1,1,4,1,.
34,70.1,157.1,28.4358,0.73,25,26,71,4.7,0.9,0,1,0,0,2,120.167617960426,28.4030937897709,0,565,.,1527.33,.,.,0,2,4,0,0.132917003042272
34,70.1,157.1,28.4358,0.73,25,26,71,4.7,0.9,0,1,0,0,2,120.167617960426,28.4030937897709,0,565,129,1535.92,18,24,1,1,4,1,.
34,70.1,157.1,28.4358,0.73,25,26,71,4.7,0.9,0,1,0,0,2,120.167617960426,28.4030937897709,0,565,129,1991.92,.,.,1,1,4,1,.
34,70.1,157.1,28.4358,0.73,25,26,71,4.7,0.9,0,1,0,0,2,120.167617960426,28.4030937897709,0,565,.,2007.3,.,.,0,2,4,0,0.164569247626688
19,75.6,154.1,31.9497,0.61,16,21,60,4.2,0.7,1,0,0,0,2,177.036885245902,31.835855005367,1,566,129,0,12,24,1,1,4,1,.
19,75.6,154.1,31.9497,0.61,16,21,60,4.2,0.7,1,0,0,0,2,177.036885245902,31.835855005367,1,566,129,312,.,.,1,1,4,1,.
19,75.6,154.1,31.9497,0.61,16,21,60,4.2,0.7,1,0,0,0,2,177.036885245902,31.835855005367,1,566,.,323.83,.,.,0,2,4,0,0.256666816705859
19,75.6,154.1,31.9497,0.61,16,21,60,4.2,0.7,1,0,0,0,2,177.036885245902,31.835855005367,1,566,129,336,.,.,1,1,4,1,.
19,75.6,154.1,31.9497,0.61,16,21,60,4.2,0.7,1,0,0,0,2,177.036885245902,31.835855005367,1,566,129,814.33,.,.,1,1,4,1,.
19,75.6,154.1,31.9497,0.61,16,21,60,4.2,0.7,1,0,0,0,2,177.036885245902,31.835855005367,1,566,129,1054.33,16,24,1,1,4,1,.
19,75.6,154.1,31.9497,0.61,16,21,60,4.2,0.7,1,0,0,0,2,177.036885245902,31.835855005367,1,566,129,1463.33,.,.,1,1,4,1,.
19,75.6,154.1,31.9497,0.61,16,21,60,4.2,0.7,1,0,0,0,2,177.036885245902,31.835855005367,1,566,.,1485.1,.,.,0,2,4,0,-0.0240390552876286
19,75.6,154.1,31.9497,0.61,16,21,60,4.2,0.7,1,0,0,0,2,177.036885245902,31.835855005367,1,566,129,1487.33,.,.,1,1,4,1,.
19,75.6,154.1,31.9497,0.61,16,21,60,4.2,0.7,1,0,0,0,2,177.036885245902,31.835855005367,1,566,129,1534.33,18,24,1,1,4,1,.
19,75.6,154.1,31.9497,0.61,16,21,60,4.2,0.7,1,0,0,0,2,177.036885245902,31.835855005367,1,566,129,1990.83,.,.,1,1,4,1,.
19,75.6,154.1,31.9497,0.61,16,21,60,4.2,0.7,1,0,0,0,2,177.036885245902,31.835855005367,1,566,.,2003.48,.,.,0,2,4,0,0.29897114008615
51,65.5,155.7,24.0762,0.65,24,21,90,4.5,0.3,1,0,0,0,2,105.877670940171,27.0186767118394,0,567,129,0,12,24,1,1,4,1,.
51,65.5,155.7,24.0762,0.65,24,21,90,4.5,0.3,1,0,0,0,2,105.877670940171,27.0186767118394,0,567,129,312,.,.,1,1,4,1,.
51,65.5,155.7,24.0762,0.65,24,21,90,4.5,0.3,1,0,0,0,2,105.877670940171,27.0186767118394,0,567,129,336,45,24,1,1,4,1,.
51,65.5,155.7,24.0762,0.65,24,21,90,4.5,0.3,1,0,0,0,2,105.877670940171,27.0186767118394,0,567,129,1440,.,.,1,1,4,1,.
51,65.5,155.7,24.0762,0.65,24,21,90,4.5,0.3,1,0,0,0,2,105.877670940171,27.0186767118394,0,567,.,1456.58,.,.,0,2,4,0,0.276203555953692
51,65.5,155.7,24.0762,0.65,24,21,90,4.5,0.3,1,0,0,0,2,105.877670940171,27.0186767118394,0,567,129,1464,20,24,1,1,4,1,.
51,65.5,155.7,24.0762,0.65,24,21,90,4.5,0.3,1,0,0,0,2,105.877670940171,27.0186767118394,0,567,129,1990,.,.,1,1,4,1,.
51,65.5,155.7,24.0762,0.65,24,21,90,4.5,0.3,1,0,0,0,2,105.877670940171,27.0186767118394,0,567,.,2006.75,.,.,0,2,4,0,0.107657594265549
27,78.8,170.5,25.3747,0.84,32,23,61,4.1,0.9,0,0,0,1,1,147.228835978836,27.1067500279495,0,568,129,0,12,24,1,1,4,1,.
27,78.8,170.5,25.3747,0.84,32,23,61,4.1,0.9,0,0,0,1,1,147.228835978836,27.1067500279495,0,568,129,312,.,.,1,1,4,1,.
27,78.8,170.5,25.3747,0.84,32,23,61,4.1,0.9,0,0,0,1,1,147.228835978836,27.1067500279495,0,568,.,332.67,.,.,0,2,4,0,0.173230002648651
27,78.8,170.5,25.3747,0.84,32,23,61,4.1,0.9,0,0,0,1,1,147.228835978836,27.1067500279495,0,568,129,336,.,.,1,1,4,1,.
27,78.8,170.5,25.3747,0.84,32,23,61,4.1,0.9,0,0,0,1,1,147.228835978836,27.1067500279495,0,568,129,743,30,24,1,1,4,1,.
27,78.8,170.5,25.3747,0.84,32,23,61,4.1,0.9,0,0,0,1,1,147.228835978836,27.1067500279495,0,568,129,1488,.,.,1,1,4,1,.
27,78.8,170.5,25.3747,0.84,32,23,61,4.1,0.9,0,0,0,1,1,147.228835978836,27.1067500279495,0,568,.,1508.58,.,.,0,2,4,0,0.247020913533009
27,78.8,170.5,25.3747,0.84,32,23,61,4.1,0.9,0,0,0,1,1,147.228835978836,27.1067500279495,0,568,129,1512,19,24,1,1,4,1,.
27,78.8,170.5,25.3747,0.84,32,23,61,4.1,0.9,0,0,0,1,1,147.228835978836,27.1067500279495,0,568,129,1992,.,.,1,1,4,1,.
27,78.8,170.5,25.3747,0.84,32,23,61,4.1,0.9,0,0,0,1,1,147.228835978836,27.1067500279495,0,568,.,2006.17,.,.,0,2,4,0,0.20244024556179
27,72.5,179.1,15.6532,0.91,18,24,52,4.9,1.3,0,1,0,0,1,125.038156288156,22.6019981413364,0,569,129,0,12,24,1,1,4,1,.
27,72.5,179.1,15.6532,0.91,18,24,52,4.9,1.3,0,1,0,0,1,125.038156288156,22.6019981413364,0,569,129,316.5,.,.,1,1,4,1,.
27,72.5,179.1,15.6532,0.91,18,24,52,4.9,1.3,0,1,0,0,1,125.038156288156,22.6019981413364,0,569,.,334.75,.,.,0,2,4,0,0.144793551383909
27,73.7,176.4,21.2023,0.83,25,24,86,4.7,0.7,1,0,0,0,1,139.359103078983,23.6848329656882,0,570,129,0,13,24,1,1,4,1,.
27,73.7,176.4,21.2023,0.83,25,24,86,4.7,0.7,1,0,0,0,1,139.359103078983,23.6848329656882,0,570,129,337,.,.,1,1,4,1,.
27,73.7,176.4,21.2023,0.83,25,24,86,4.7,0.7,1,0,0,0,1,139.359103078983,23.6848329656882,0,570,.,355.8,.,.,0,2,4,0,0.201702184097465
41,74.7,172.8,17.2357,0.81,26,24,60,4.3,1.2,0,0,0,0,1,126.805555555556,25.0168788580247,0,571,129,0,12,24,1,1,4,1,.
41,74.7,172.8,17.2357,0.81,26,24,60,4.3,1.2,0,0,0,0,1,126.805555555556,25.0168788580247,0,571,129,313,.,.,1,1,4,1,.
41,74.7,172.8,17.2357,0.81,26,24,60,4.3,1.2,0,0,0,0,1,126.805555555556,25.0168788580247,0,571,.,325.17,.,.,0,2,4,0,0.0323923644976121
41,74.7,172.8,17.2357,0.81,26,24,60,4.3,1.2,0,0,0,0,1,126.805555555556,25.0168788580247,0,571,129,337,47,24,1,1,4,1,.
41,74.7,172.8,17.2357,0.81,26,24,60,4.3,1.2,0,0,0,0,1,126.805555555556,25.0168788580247,0,571,129,1512,.,.,1,1,4,1,.
41,74.7,172.8,17.2357,0.81,26,24,60,4.3,1.2,0,0,0,0,1,126.805555555556,25.0168788580247,0,571,.,1524.75,.,.,0,2,4,0,0.158271742195284
41,74.7,172.8,17.2357,0.81,26,24,60,4.3,1.2,0,0,0,0,1,126.805555555556,25.0168788580247,0,571,129,1536,.,.,1,1,4,1,.
41,74.7,172.8,17.2357,0.81,26,24,60,4.3,1.2,0,0,0,0,1,126.805555555556,25.0168788580247,0,571,129,1583,18,24,1,1,4,1,.
41,74.7,172.8,17.2357,0.81,26,24,60,4.3,1.2,0,0,0,0,1,126.805555555556,25.0168788580247,0,571,129,2039,.,.,1,1,4,1,.
41,74.7,172.8,17.2357,0.81,26,24,60,4.3,1.2,0,0,0,0,1,126.805555555556,25.0168788580247,0,571,.,2052.83,.,.,0,2,4,0,0.361185150119191
19,88.7,174.9,29.6768,0.69,22,26,50,4.4,0.5,0,0,1,0,2,183.631139291465,28.9963945745686,0,572,129,0,12,24,1,1,4,1,.
19,88.7,174.9,29.6768,0.69,22,26,50,4.4,0.5,0,0,1,0,2,183.631139291465,28.9963945745686,0,572,129,335.5,.,.,1,1,4,1,.
19,88.7,174.9,29.6768,0.69,22,26,50,4.4,0.5,0,0,1,0,2,183.631139291465,28.9963945745686,0,572,.,348.83,.,.,0,2,4,0,0.290254041208561
19,88.7,174.9,29.6768,0.69,22,26,50,4.4,0.5,0,0,1,0,2,183.631139291465,28.9963945745686,0,572,129,359.5,46,24,1,1,4,1,.
19,88.7,174.9,29.6768,0.69,22,26,50,4.4,0.5,0,0,1,0,2,183.631139291465,28.9963945745686,0,572,129,1501.5,.,.,1,1,4,1,.
19,88.7,174.9,29.6768,0.69,22,26,50,4.4,0.5,0,0,1,0,2,183.631139291465,28.9963945745686,0,572,.,1525.75,.,.,0,2,4,0,0.00780641693984639
19,88.7,174.9,29.6768,0.69,22,26,50,4.4,0.5,0,0,1,0,2,183.631139291465,28.9963945745686,0,572,129,1992.5,.,.,1,1,4,1,.
19,88.7,174.9,29.6768,0.69,22,26,50,4.4,0.5,0,0,1,0,2,183.631139291465,28.9963945745686,0,572,.,2004.83,.,.,0,2,4,0,0.0954467387411949
34,93.2,176.1,26.1693,1.03,33,29,56,4.2,0.6,0,1,0,0,1,133.214670981661,30.0536483420028,1,573,129,0,14,24,1,1,4,1,.
34,93.2,176.1,26.1693,1.03,33,29,56,4.2,0.6,0,1,0,0,1,133.214670981661,30.0536483420028,1,573,129,361,.,.,1,1,4,1,.
34,93.2,176.1,26.1693,1.03,33,29,56,4.2,0.6,0,1,0,0,1,133.214670981661,30.0536483420028,1,573,.,373.5,.,.,0,2,4,0,0.359108195160532
34,93.2,176.1,26.1693,1.03,33,29,56,4.2,0.6,0,1,0,0,1,133.214670981661,30.0536483420028,1,573,129,385,45,24,1,1,4,1,.
34,93.2,176.1,26.1693,1.03,33,29,56,4.2,0.6,0,1,0,0,1,133.214670981661,30.0536483420028,1,573,129,1512,.,.,1,1,4,1,.
34,93.2,176.1,26.1693,1.03,33,29,56,4.2,0.6,0,1,0,0,1,133.214670981661,30.0536483420028,1,573,.,1524.83,.,.,0,2,4,0,0.294540240459932
34,93.2,176.1,26.1693,1.03,33,29,56,4.2,0.6,0,1,0,0,1,133.214670981661,30.0536483420028,1,573,129,1536,19,24,1,1,4,1,.
34,93.2,176.1,26.1693,1.03,33,29,56,4.2,0.6,0,1,0,0,1,133.214670981661,30.0536483420028,1,573,129,2017,.,.,1,1,4,1,.
34,93.2,176.1,26.1693,1.03,33,29,56,4.2,0.6,0,1,0,0,1,133.214670981661,30.0536483420028,1,573,.,2029.5,.,.,0,2,4,0,0.316407148039798
26,121.6,168,55.9103,0.63,21,20,65,3.3,0.4,0,0,1,0,2,259.767195767196,43.0839002267574,1,574,129,0,11,24,1,1,4,1,.
26,121.6,168,55.9103,0.63,21,20,65,3.3,0.4,0,0,1,0,2,259.767195767196,43.0839002267574,1,574,129,288.75,.,.,1,1,4,1,.
26,121.6,168,55.9103,0.63,21,20,65,3.3,0.4,0,0,1,0,2,259.767195767196,43.0839002267574,1,574,.,302.25,.,.,0,2,4,0,0.121815248065526
56,70.8,143.7,32.2887,0.57,27,26,123,3.6,0.2,1,0,0,0,2,123.175438596491,34.2862289942367,1,575,129,0,11,24,1,1,4,1,.
56,70.8,143.7,32.2887,0.57,27,26,123,3.6,0.2,1,0,0,0,2,123.175438596491,34.2862289942367,1,575,129,311,.,.,1,1,4,1,.
56,70.8,143.7,32.2887,0.57,27,26,123,3.6,0.2,1,0,0,0,2,123.175438596491,34.2862289942367,1,575,.,324.75,.,.,0,2,4,0,0.0279411276165086
56,70.8,143.7,32.2887,0.57,27,26,123,3.6,0.2,1,0,0,0,2,123.175438596491,34.2862289942367,1,575,129,335,48,24,1,1,4,1,.
56,70.8,143.7,32.2887,0.57,27,26,123,3.6,0.2,1,0,0,0,2,123.175438596491,34.2862289942367,1,575,129,1511.13,.,.,1,1,4,1,.
56,70.8,143.7,32.2887,0.57,27,26,123,3.6,0.2,1,0,0,0,2,123.175438596491,34.2862289942367,1,575,129,1535.13,19,24,1,1,4,1,.
56,70.8,143.7,32.2887,0.57,27,26,123,3.6,0.2,1,0,0,0,2,123.175438596491,34.2862289942367,1,575,129,2039,.,.,1,1,4,1,.
56,70.8,143.7,32.2887,0.57,27,26,123,3.6,0.2,1,0,0,0,2,123.175438596491,34.2862289942367,1,575,.,2054.5,.,.,0,2,4,0,0.37984856444826
56,81.8,170.2,35.2816,0.99,28,23,88,4.1,0.6,0,0,1,0,2,81.9377104377104,28.2380167936802,0,576,129,0,12,24,1,1,4,1,.
56,81.8,170.2,35.2816,0.99,28,23,88,4.1,0.6,0,0,1,0,2,81.9377104377104,28.2380167936802,0,576,129,328,.,.,1,1,4,1,.
56,81.8,170.2,35.2816,0.99,28,23,88,4.1,0.6,0,0,1,0,2,81.9377104377104,28.2380167936802,0,576,129,352,47,24,1,1,4,1,.
56,81.8,170.2,35.2816,0.99,28,23,88,4.1,0.6,0,0,1,0,2,81.9377104377104,28.2380167936802,0,576,129,1511.5,.,.,1,1,4,1,.
56,81.8,170.2,35.2816,0.99,28,23,88,4.1,0.6,0,0,1,0,2,81.9377104377104,28.2380167936802,0,576,129,1535.5,19,24,1,1,4,1,.
56,81.8,170.2,35.2816,0.99,28,23,88,4.1,0.6,0,0,1,0,2,81.9377104377104,28.2380167936802,0,576,129,2017,.,.,1,1,4,1,.
56,81.8,170.2,35.2816,0.99,28,23,88,4.1,0.6,0,0,1,0,2,81.9377104377104,28.2380167936802,0,576,.,2032.25,.,.,0,2,4,0,0.166241828058598
53,83.9,168.1,25.3736,0.72,18,17,60,4.3,0.8,1,0,0,0,1,140.804398148148,29.6911168354295,0,577,129,0,12,24,1,1,4,1,.
53,83.9,168.1,25.3736,0.72,18,17,60,4.3,0.8,1,0,0,0,1,140.804398148148,29.6911168354295,0,577,129,314,.,.,1,1,4,1,.
53,83.9,168.1,25.3736,0.72,18,17,60,4.3,0.8,1,0,0,0,1,140.804398148148,29.6911168354295,0,577,.,328.17,.,.,0,2,4,0,0.218963295842806
53,83.9,168.1,25.3736,0.72,18,17,60,4.3,0.8,1,0,0,0,1,140.804398148148,29.6911168354295,0,577,129,338,46,24,1,1,4,1,.
53,83.9,168.1,25.3736,0.72,18,17,60,4.3,0.8,1,0,0,0,1,140.804398148148,29.6911168354295,0,577,129,1489,.,.,1,1,4,1,.
53,83.9,168.1,25.3736,0.72,18,17,60,4.3,0.8,1,0,0,0,1,140.804398148148,29.6911168354295,0,577,.,1507.5,.,.,0,2,4,0,0.18032811844081
53,83.9,168.1,25.3736,0.72,18,17,60,4.3,0.8,1,0,0,0,1,140.804398148148,29.6911168354295,0,577,129,1513,.,.,1,1,4,1,.
53,83.9,168.1,25.3736,0.72,18,17,60,4.3,0.8,1,0,0,0,1,140.804398148148,29.6911168354295,0,577,129,1560,17,24,1,1,4,1,.
53,83.9,168.1,25.3736,0.72,18,17,60,4.3,0.8,1,0,0,0,1,140.804398148148,29.6911168354295,0,577,129,1994.5,.,.,1,1,4,1,.
53,83.9,168.1,25.3736,0.72,18,17,60,4.3,0.8,1,0,0,0,1,140.804398148148,29.6911168354295,0,577,.,2009.33,.,.,0,2,4,0,0.149876547811268
39,99,175.7,33.8941,0.85,40,26,44,3.9,0.6,0,1,0,0,1,163.382352941176,32.0694618064048,1,578,129,0,14,24,1,1,4,1,.
39,99,175.7,33.8941,0.85,40,26,44,3.9,0.6,0,1,0,0,1,163.382352941176,32.0694618064048,1,578,129,361.5,.,.,1,1,4,1,.
39,99,175.7,33.8941,0.85,40,26,44,3.9,0.6,0,1,0,0,1,163.382352941176,32.0694618064048,1,578,.,374.58,.,.,0,2,4,0,0.258190428469077
39,99,175.7,33.8941,0.85,40,26,44,3.9,0.6,0,1,0,0,1,163.382352941176,32.0694618064048,1,578,129,385.5,52,24,1,1,4,1,.
39,99,175.7,33.8941,0.85,40,26,44,3.9,0.6,0,1,0,0,1,163.382352941176,32.0694618064048,1,578,129,1680,.,.,1,1,4,1,.
39,99,175.7,33.8941,0.85,40,26,44,3.9,0.6,0,1,0,0,1,163.382352941176,32.0694618064048,1,578,.,1693.33,.,.,0,2,4,0,0.196265468725212
39,99,175.7,33.8941,0.85,40,26,44,3.9,0.6,0,1,0,0,1,163.382352941176,32.0694618064048,1,578,129,1704,21,24,1,1,4,1,.
39,99,175.7,33.8941,0.85,40,26,44,3.9,0.6,0,1,0,0,1,163.382352941176,32.0694618064048,1,578,129,2234.5,.,.,1,1,4,1,.
39,99,175.7,33.8941,0.85,40,26,44,3.9,0.6,0,1,0,0,1,163.382352941176,32.0694618064048,1,578,.,2246.75,.,.,0,2,4,0,0.164661002748004
26,48,155.3,13.498,0.67,13,21,29,4.7,0.8,0,0,0,1,2,96.4179104477612,19.9020735058207,0,579,129,0,11,24,1,1,4,1,.
26,48,155.3,13.498,0.67,13,21,29,4.7,0.8,0,0,0,1,2,96.4179104477612,19.9020735058207,0,579,129,309,.,.,1,1,4,1,.
26,48,155.3,13.498,0.67,13,21,29,4.7,0.8,0,0,0,1,2,96.4179104477612,19.9020735058207,0,579,.,325.33,.,.,0,2,4,0,-0.0529336592471442
26,48,155.3,13.498,0.67,13,21,29,4.7,0.8,0,0,0,1,2,96.4179104477612,19.9020735058207,0,579,129,333,53,24,1,1,4,1,.
26,48,155.3,13.498,0.67,13,21,29,4.7,0.8,0,0,0,1,2,96.4179104477612,19.9020735058207,0,579,129,1652,.,.,1,1,4,1,.
26,48,155.3,13.498,0.67,13,21,29,4.7,0.8,0,0,0,1,2,96.4179104477612,19.9020735058207,0,579,.,1669.5,.,.,0,2,4,0,0.317280672552906
26,48,155.3,13.498,0.67,13,21,29,4.7,0.8,0,0,0,1,2,96.4179104477612,19.9020735058207,0,579,129,1676,19,24,1,1,4,1,.
26,48,155.3,13.498,0.67,13,21,29,4.7,0.8,0,0,0,1,2,96.4179104477612,19.9020735058207,0,579,129,2156,.,.,1,1,4,1,.
26,48,155.3,13.498,0.67,13,21,29,4.7,0.8,0,0,0,1,2,96.4179104477612,19.9020735058207,0,579,.,2173.33,.,.,0,2,4,0,0.320639123655366
54,100.3,175.4,40.2046,0.95,22,23,46,3.8,0.06,1,0,0,0,2,107.191959064327,32.601813219889,1,580,129,0,12,24,1,1,4,1,.
54,100.3,175.4,40.2046,0.95,22,23,46,3.8,0.06,1,0,0,0,2,107.191959064327,32.601813219889,1,580,129,312,.,.,1,1,4,1,.
54,100.3,175.4,40.2046,0.95,22,23,46,3.8,0.06,1,0,0,0,2,107.191959064327,32.601813219889,1,580,.,328.42,.,.,0,2,4,0,0.215183067598609
54,100.3,175.4,40.2046,0.95,22,23,46,3.8,0.06,1,0,0,0,2,107.191959064327,32.601813219889,1,580,129,336,.,.,1,1,4,1,.
54,100.3,175.4,40.2046,0.95,22,23,46,3.8,0.06,1,0,0,0,2,107.191959064327,32.601813219889,1,580,129,1056,19,24,1,1,4,1,.
54,100.3,175.4,40.2046,0.95,22,23,46,3.8,0.06,1,0,0,0,2,107.191959064327,32.601813219889,1,580,129,1536,.,.,1,1,4,1,.
54,100.3,175.4,40.2046,0.95,22,23,46,3.8,0.06,1,0,0,0,2,107.191959064327,32.601813219889,1,580,.,1552.58,.,.,0,2,4,0,0.33970968337664
54,100.3,175.4,40.2046,0.95,22,23,46,3.8,0.06,1,0,0,0,2,107.191959064327,32.601813219889,1,580,129,1560,19,24,1,1,4,1,.
54,100.3,175.4,40.2046,0.95,22,23,46,3.8,0.06,1,0,0,0,2,107.191959064327,32.601813219889,1,580,129,2040,.,.,1,1,4,1,.
54,100.3,175.4,40.2046,0.95,22,23,46,3.8,0.06,1,0,0,0,2,107.191959064327,32.601813219889,1,580,.,2056.25,.,.,0,2,4,0,0.431482169147039
27,60.3,171.3,17.8585,0.64,28,20,51,4.6,0.5,0,0,0,1,1,147.87109375,20.5495627850485,0,581,129,0,26,24,1,1,4,1,.
27,60.3,171.3,17.8585,0.64,28,20,51,4.6,0.5,0,0,0,1,1,147.87109375,20.5495627850485,0,581,129,670.5,.,.,1,1,4,1,.
27,60.3,171.3,17.8585,0.64,28,20,51,4.6,0.5,0,0,0,1,1,147.87109375,20.5495627850485,0,581,.,691.5,.,.,0,2,4,0,0.18012513610191
27,60.3,171.3,17.8585,0.64,28,20,51,4.6,0.5,0,0,0,1,1,147.87109375,20.5495627850485,0,581,129,694.5,32,24,1,1,4,1,.
27,60.3,171.3,17.8585,0.64,28,20,51,4.6,0.5,0,0,0,1,1,147.87109375,20.5495627850485,0,581,129,1487,.,.,1,1,4,1,.
27,60.3,171.3,17.8585,0.64,28,20,51,4.6,0.5,0,0,0,1,1,147.87109375,20.5495627850485,0,581,.,1500,.,.,0,2,4,0,0.160245389337468
27,60.3,171.3,17.8585,0.64,28,20,51,4.6,0.5,0,0,0,1,1,147.87109375,20.5495627850485,0,581,129,1511,19,24,1,1,4,1,.
27,60.3,171.3,17.8585,0.64,28,20,51,4.6,0.5,0,0,0,1,1,147.87109375,20.5495627850485,0,581,129,1991.5,.,.,1,1,4,1,.
27,60.3,171.3,17.8585,0.64,28,20,51,4.6,0.5,0,0,0,1,1,147.87109375,20.5495627850485,0,581,.,2004,.,.,0,2,4,0,0.381311248534783
55,87.5,177.7,27.5917,0.69,26,17,61,4.2,0.8,0,1,0,0,1,149.708132045089,27.7097876353544,0,582,129,0,11,24,1,1,4,1,.
55,87.5,177.7,27.5917,0.69,26,17,61,4.2,0.8,0,1,0,0,1,149.708132045089,27.7097876353544,0,582,129,310,.,.,1,1,4,1,.
55,87.5,177.7,27.5917,0.69,26,17,61,4.2,0.8,0,1,0,0,1,149.708132045089,27.7097876353544,0,582,.,331.5,.,.,0,2,4,0,0.178945949163489
55,87.5,177.7,27.5917,0.69,26,17,61,4.2,0.8,0,1,0,0,1,149.708132045089,27.7097876353544,0,582,129,334,47,24,1,1,4,1,.
55,87.5,177.7,27.5917,0.69,26,17,61,4.2,0.8,0,1,0,0,1,149.708132045089,27.7097876353544,0,582,129,1486,.,.,1,1,4,1,.
55,87.5,177.7,27.5917,0.69,26,17,61,4.2,0.8,0,1,0,0,1,149.708132045089,27.7097876353544,0,582,.,1506.67,.,.,0,2,4,0,0.0761355709699275
55,87.5,177.7,27.5917,0.69,26,17,61,4.2,0.8,0,1,0,0,1,149.708132045089,27.7097876353544,0,582,129,1510,.,.,1,1,4,1,.
55,87.5,177.7,27.5917,0.69,26,17,61,4.2,0.8,0,1,0,0,1,149.708132045089,27.7097876353544,0,582,129,1558,17,24,1,1,4,1,.
55,87.5,177.7,27.5917,0.69,26,17,61,4.2,0.8,0,1,0,0,1,149.708132045089,27.7097876353544,0,582,129,1990.5,.,.,1,1,4,1,.
55,87.5,177.7,27.5917,0.69,26,17,61,4.2,0.8,0,1,0,0,1,149.708132045089,27.7097876353544,0,582,.,2006.17,.,.,0,2,4,0,0.0416423759805349
36,94.1,173.9,30.5736,0.87,21,21,62,4.2,0.8,0,0,0,1,1,156.232439335888,31.1164797969393,1,583,129,0,12,24,1,1,4,1,.
36,94.1,173.9,30.5736,0.87,21,21,62,4.2,0.8,0,0,0,1,1,156.232439335888,31.1164797969393,1,583,129,312,.,.,1,1,4,1,.
36,94.1,173.9,30.5736,0.87,21,21,62,4.2,0.8,0,0,0,1,1,156.232439335888,31.1164797969393,1,583,.,325.5,.,.,0,2,4,0,0.119882852286298
36,94.1,173.9,30.5736,0.87,21,21,62,4.2,0.8,0,0,0,1,1,156.232439335888,31.1164797969393,1,583,129,336,46,24,1,1,4,1,.
36,94.1,173.9,30.5736,0.87,21,21,62,4.2,0.8,0,0,0,1,1,156.232439335888,31.1164797969393,1,583,129,1487,.,.,1,1,4,1,.
36,94.1,173.9,30.5736,0.87,21,21,62,4.2,0.8,0,0,0,1,1,156.232439335888,31.1164797969393,1,583,129,1511,20,24,1,1,4,1,.
36,94.1,173.9,30.5736,0.87,21,21,62,4.2,0.8,0,0,0,1,1,156.232439335888,31.1164797969393,1,583,129,2015,.,.,1,1,4,1,.
36,94.1,173.9,30.5736,0.87,21,21,62,4.2,0.8,0,0,0,1,1,156.232439335888,31.1164797969393,1,583,.,2034.25,.,.,0,2,4,0,0.00365284001185422
45,76.1,152.5,32.8297,0.52,20,20,109,3.9,0.3,0,1,0,0,2,164.131276709402,32.722386455254,1,584,129,0,12,24,1,1,4,1,.
45,76.1,152.5,32.8297,0.52,20,20,109,3.9,0.3,0,1,0,0,2,164.131276709402,32.722386455254,1,584,129,312,.,.,1,1,4,1,.
45,76.1,152.5,32.8297,0.52,20,20,109,3.9,0.3,0,1,0,0,2,164.131276709402,32.722386455254,1,584,.,330.75,.,.,0,2,4,0,0.229848685665734
45,76.1,152.5,32.8297,0.52,20,20,109,3.9,0.3,0,1,0,0,2,164.131276709402,32.722386455254,1,584,129,336,.,.,1,1,4,1,.
45,76.1,152.5,32.8297,0.52,20,20,109,3.9,0.3,0,1,0,0,2,164.131276709402,32.722386455254,1,584,129,1055,38,24,1,1,4,1,.
45,76.1,152.5,32.8297,0.52,20,20,109,3.9,0.3,0,1,0,0,2,164.131276709402,32.722386455254,1,584,129,2014,.,.,1,1,4,1,.
45,76.1,152.5,32.8297,0.52,20,20,109,3.9,0.3,0,1,0,0,2,164.131276709402,32.722386455254,1,584,.,2034.5,.,.,0,2,4,0,0.23296151596042
29,168.1,186.5,70.419,1.04,36,25,137,3.8,0.8,0,0,0,1,1,249.186698717949,48.3292483953741,1,585,129,0,12,24,1,1,4,1,.
29,168.1,186.5,70.419,1.04,36,25,137,3.8,0.8,0,0,0,1,1,249.186698717949,48.3292483953741,1,585,129,312,.,.,1,1,4,1,.
29,168.1,186.5,70.419,1.04,36,25,137,3.8,0.8,0,0,0,1,1,249.186698717949,48.3292483953741,1,585,.,331,.,.,0,2,4,0,0.21935536658662
29,168.1,186.5,70.419,1.04,36,25,137,3.8,0.8,0,0,0,1,1,249.186698717949,48.3292483953741,1,585,129,336,.,.,1,1,4,1,.
29,168.1,186.5,70.419,1.04,36,25,137,3.8,0.8,0,0,0,1,1,249.186698717949,48.3292483953741,1,585,129,408,.,.,1,1,4,1,.
29,168.1,186.5,70.419,1.04,36,25,137,3.8,0.8,0,0,0,1,1,249.186698717949,48.3292483953741,1,585,129,768,.,.,1,1,4,1,.
29,168.1,186.5,70.419,1.04,36,25,137,3.8,0.8,0,0,0,1,1,249.186698717949,48.3292483953741,1,585,129,1176,11,24,1,1,4,1,.
29,168.1,186.5,70.419,1.04,36,25,137,3.8,0.8,0,0,0,1,1,249.186698717949,48.3292483953741,1,585,129,1464,.,.,1,1,4,1,.
29,168.1,186.5,70.419,1.04,36,25,137,3.8,0.8,0,0,0,1,1,249.186698717949,48.3292483953741,1,585,.,1483,.,.,0,2,4,0,0.0963933805530537
29,168.1,186.5,70.419,1.04,36,25,137,3.8,0.8,0,0,0,1,1,249.186698717949,48.3292483953741,1,585,129,1488,20,24,1,1,4,1,.
29,168.1,186.5,70.419,1.04,36,25,137,3.8,0.8,0,0,0,1,1,249.186698717949,48.3292483953741,1,585,129,1992,.,.,1,1,4,1,.
29,168.1,186.5,70.419,1.04,36,25,137,3.8,0.8,0,0,0,1,1,249.186698717949,48.3292483953741,1,585,.,2011.5,.,.,0,2,4,0,0.163358444434954
36,126.9,172.8,60.8429,0.55,22,27,71,3.9,0.6,1,0,0,0,2,283.281818181818,42.4985532407407,1,586,129,0,11,24,1,1,4,1,.
36,126.9,172.8,60.8429,0.55,22,27,71,3.9,0.6,1,0,0,0,2,283.281818181818,42.4985532407407,1,586,129,308.5,.,.,1,1,4,1,.
36,126.9,172.8,60.8429,0.55,22,27,71,3.9,0.6,1,0,0,0,2,283.281818181818,42.4985532407407,1,586,.,330.5,.,.,0,2,4,0,0.181675446926247
36,126.9,172.8,60.8429,0.55,22,27,71,3.9,0.6,1,0,0,0,2,283.281818181818,42.4985532407407,1,586,129,332.5,.,.,1,1,4,1,.
36,126.9,172.8,60.8429,0.55,22,27,71,3.9,0.6,1,0,0,0,2,283.281818181818,42.4985532407407,1,586,129,428,.,.,1,1,4,1,.
36,126.9,172.8,60.8429,0.55,22,27,71,3.9,0.6,1,0,0,0,2,283.281818181818,42.4985532407407,1,586,129,692,.,.,1,1,4,1,.
36,126.9,172.8,60.8429,0.55,22,27,71,3.9,0.6,1,0,0,0,2,283.281818181818,42.4985532407407,1,586,129,1196,14,24,1,1,4,1,.
36,126.9,172.8,60.8429,0.55,22,27,71,3.9,0.6,1,0,0,0,2,283.281818181818,42.4985532407407,1,586,129,1558,.,.,1,1,4,1,.
36,126.9,172.8,60.8429,0.55,22,27,71,3.9,0.6,1,0,0,0,2,283.281818181818,42.4985532407407,1,586,129,1606,.,.,1,1,4,1,.
36,126.9,172.8,60.8429,0.55,22,27,71,3.9,0.6,1,0,0,0,2,283.281818181818,42.4985532407407,1,586,129,1772,6,24,1,1,4,1,.
36,126.9,172.8,60.8429,0.55,22,27,71,3.9,0.6,1,0,0,0,2,283.281818181818,42.4985532407407,1,586,129,1942,.,.,1,1,4,1,.
27,93.9,185.3,24.9639,0.96,21,20,68,4.8,1.2,0,1,0,0,1,153.511284722222,27.3473188123633,0,587,129,0,12,24,1,1,4,1,.
27,93.9,185.3,24.9639,0.96,21,20,68,4.8,1.2,0,1,0,0,1,153.511284722222,27.3473188123633,0,587,129,312,.,.,1,1,4,1,.
27,93.9,185.3,24.9639,0.96,21,20,68,4.8,1.2,0,1,0,0,1,153.511284722222,27.3473188123633,0,587,.,331.18,.,.,0,2,4,0,0.156232388056576
27,93.9,185.3,24.9639,0.96,21,20,68,4.8,1.2,0,1,0,0,1,153.511284722222,27.3473188123633,0,587,129,336,46,24,1,1,4,1,.
27,93.9,185.3,24.9639,0.96,21,20,68,4.8,1.2,0,1,0,0,1,153.511284722222,27.3473188123633,0,587,129,1466.25,.,.,1,1,4,1,.
27,93.9,185.3,24.9639,0.96,21,20,68,4.8,1.2,0,1,0,0,1,153.511284722222,27.3473188123633,0,587,.,1477.25,.,.,0,2,4,0,0.269318916687544
27,93.9,185.3,24.9639,0.96,21,20,68,4.8,1.2,0,1,0,0,1,153.511284722222,27.3473188123633,0,587,129,1490.25,.,.,1,1,4,1,.
27,93.9,185.3,24.9639,0.96,21,20,68,4.8,1.2,0,1,0,0,1,153.511284722222,27.3473188123633,0,587,129,1535,23,24,1,1,4,1,.
27,93.9,185.3,24.9639,0.96,21,20,68,4.8,1.2,0,1,0,0,1,153.511284722222,27.3473188123633,0,587,129,2113,.,.,1,1,4,1,.
27,93.9,185.3,24.9639,0.96,21,20,68,4.8,1.2,0,1,0,0,1,153.511284722222,27.3473188123633,0,587,.,2134.43,.,.,0,2,4,0,0.260968292609137
28,79.1,165.1,18.3109,0.92,17,20,53,4.6,0.2,1,0,0,0,1,133.743961352657,29.0189929492285,0,588,129,0,12,24,1,1,4,1,.
28,79.1,165.1,18.3109,0.92,17,20,53,4.6,0.2,1,0,0,0,1,133.743961352657,29.0189929492285,0,588,129,312.5,.,.,1,1,4,1,.
28,79.1,165.1,18.3109,0.92,17,20,53,4.6,0.2,1,0,0,0,1,133.743961352657,29.0189929492285,0,588,.,324.33,.,.,0,2,4,0,0.112972303635801
28,79.1,165.1,18.3109,0.92,17,20,53,4.6,0.2,1,0,0,0,1,133.743961352657,29.0189929492285,0,588,129,336.5,47,24,1,1,4,1,.
28,79.1,165.1,18.3109,0.92,17,20,53,4.6,0.2,1,0,0,0,1,133.743961352657,29.0189929492285,0,588,129,1511.5,.,.,1,1,4,1,.
28,79.1,165.1,18.3109,0.92,17,20,53,4.6,0.2,1,0,0,0,1,133.743961352657,29.0189929492285,0,588,.,1524.25,.,.,0,2,4,0,0.225301552930762
28,79.1,165.1,18.3109,0.92,17,20,53,4.6,0.2,1,0,0,0,1,133.743961352657,29.0189929492285,0,588,129,1535.5,20,24,1,1,4,1,.
28,79.1,165.1,18.3109,0.92,17,20,53,4.6,0.2,1,0,0,0,1,133.743961352657,29.0189929492285,0,588,129,2040.5,.,.,1,1,4,1,.
28,79.1,165.1,18.3109,0.92,17,20,53,4.6,0.2,1,0,0,0,1,133.743961352657,29.0189929492285,0,588,.,2050.83,.,.,0,2,4,0,0.390600629641687
54,65.9,172.3,14.748,0.97,21,23,79,4.2,0.4,1,0,0,0,1,81.1483390607102,22.1980517588503,0,589,129,0,12,24,1,1,4,1,.
54,65.9,172.3,14.748,0.97,21,23,79,4.2,0.4,1,0,0,0,1,81.1483390607102,22.1980517588503,0,589,129,334.5,.,.,1,1,4,1,.
54,65.9,172.3,14.748,0.97,21,23,79,4.2,0.4,1,0,0,0,1,81.1483390607102,22.1980517588503,0,589,129,358.5,47,24,1,1,4,1,.
54,65.9,172.3,14.748,0.97,21,23,79,4.2,0.4,1,0,0,0,1,81.1483390607102,22.1980517588503,0,589,129,1511,.,.,1,1,4,1,.
54,65.9,172.3,14.748,0.97,21,23,79,4.2,0.4,1,0,0,0,1,81.1483390607102,22.1980517588503,0,589,129,1535,20,24,1,1,4,1,.
54,65.9,172.3,14.748,0.97,21,23,79,4.2,0.4,1,0,0,0,1,81.1483390607102,22.1980517588503,0,589,129,2042,.,.,1,1,4,1,.
54,65.9,172.3,14.748,0.97,21,23,79,4.2,0.4,1,0,0,0,1,81.1483390607102,22.1980517588503,0,589,.,2058.12,.,.,0,2,4,0,0.162816374099918
31,101.8,167.3,28.6785,0.84,41,28,165,4.2,0.6,1,0,0,0,1,183.468915343915,36.3710547855983,1,590,129,0,12,24,1,1,4,1,.
31,101.8,167.3,28.6785,0.84,41,28,165,4.2,0.6,1,0,0,0,1,183.468915343915,36.3710547855983,1,590,129,312,.,.,1,1,4,1,.
31,101.8,167.3,28.6785,0.84,41,28,165,4.2,0.6,1,0,0,0,1,183.468915343915,36.3710547855983,1,590,.,326.33,.,.,0,2,4,0,0.212883524460199
31,101.8,167.3,28.6785,0.84,41,28,165,4.2,0.6,1,0,0,0,1,183.468915343915,36.3710547855983,1,590,129,336,47,24,1,1,4,1,.
31,101.8,167.3,28.6785,0.84,41,28,165,4.2,0.6,1,0,0,0,1,183.468915343915,36.3710547855983,1,590,129,1488,.,.,1,1,4,1,.
31,101.8,167.3,28.6785,0.84,41,28,165,4.2,0.6,1,0,0,0,1,183.468915343915,36.3710547855983,1,590,129,1512,19,24,1,1,4,1,.
31,101.8,167.3,28.6785,0.84,41,28,165,4.2,0.6,1,0,0,0,1,183.468915343915,36.3710547855983,1,590,129,2008,.,.,1,1,4,1,.
48,89.6,178.6,32.6642,1.06,17,18,76,4,0.4,0,1,0,0,2,91.8071278825996,28.0895706183091,0,591,129,0,12,24,1,1,4,1,.
48,89.6,178.6,32.6642,1.06,17,18,76,4,0.4,0,1,0,0,2,91.8071278825996,28.0895706183091,0,591,129,312,.,.,1,1,4,1,.
48,89.6,178.6,32.6642,1.06,17,18,76,4,0.4,0,1,0,0,2,91.8071278825996,28.0895706183091,0,591,.,333.25,.,.,0,2,4,0,0.170327845538509
48,89.6,178.6,32.6642,1.06,17,18,76,4,0.4,0,1,0,0,2,91.8071278825996,28.0895706183091,0,591,129,336,47,24,1,1,4,1,.
48,89.6,178.6,32.6642,1.06,17,18,76,4,0.4,0,1,0,0,2,91.8071278825996,28.0895706183091,0,591,129,1488,.,.,1,1,4,1,.
48,89.6,178.6,32.6642,1.06,17,18,76,4,0.4,0,1,0,0,2,91.8071278825996,28.0895706183091,0,591,.,1508.5,.,.,0,2,4,0,0.323454400603712
48,89.6,178.6,32.6642,1.06,17,18,76,4,0.4,0,1,0,0,2,91.8071278825996,28.0895706183091,0,591,129,1512,.,.,1,1,4,1,.
48,89.6,178.6,32.6642,1.06,17,18,76,4,0.4,0,1,0,0,2,91.8071278825996,28.0895706183091,0,591,129,1559,18,24,1,1,4,1,.
48,89.6,178.6,32.6642,1.06,17,18,76,4,0.4,0,1,0,0,2,91.8071278825996,28.0895706183091,0,591,129,2016,.,.,1,1,4,1,.
36,70.2,164.1,20.8757,1.07,41,33,57,4.7,0.6,0,0,0,1,1,94.7663551401869,26.0687345634657,0,592,129,0,12,24,1,1,4,1,.
36,70.2,164.1,20.8757,1.07,41,33,57,4.7,0.6,0,0,0,1,1,94.7663551401869,26.0687345634657,0,592,129,313.5,.,.,1,1,4,1,.
36,70.2,164.1,20.8757,1.07,41,33,57,4.7,0.6,0,0,0,1,1,94.7663551401869,26.0687345634657,0,592,.,324,.,.,0,2,4,0,0.0530643458932979
36,70.2,164.1,20.8757,1.07,41,33,57,4.7,0.6,0,0,0,1,1,94.7663551401869,26.0687345634657,0,592,129,337.5,46,24,1,1,4,1,.
36,70.2,164.1,20.8757,1.07,41,33,57,4.7,0.6,0,0,0,1,1,94.7663551401869,26.0687345634657,0,592,129,1488.5,.,.,1,1,4,1,.
36,70.2,164.1,20.8757,1.07,41,33,57,4.7,0.6,0,0,0,1,1,94.7663551401869,26.0687345634657,0,592,.,1500,.,.,0,2,4,0,0.0951465164994489
36,70.2,164.1,20.8757,1.07,41,33,57,4.7,0.6,0,0,0,1,1,94.7663551401869,26.0687345634657,0,592,129,1512.5,19,24,1,1,4,1,.
36,70.2,164.1,20.8757,1.07,41,33,57,4.7,0.6,0,0,0,1,1,94.7663551401869,26.0687345634657,0,592,129,1992.5,.,.,1,1,4,1,.
36,70.2,164.1,20.8757,1.07,41,33,57,4.7,0.6,0,0,0,1,1,94.7663551401869,26.0687345634657,0,592,.,2004,.,.,0,2,4,0,0.0804022034186626
48,83.7,178.5,19.9013,1.3,15,20,54,4,0.4,0,0,1,0,1,82.2692307692308,26.2693312619165,0,593,129,0,13,24,1,1,4,1,.
48,83.7,178.5,19.9013,1.3,15,20,54,4,0.4,0,0,1,0,1,82.2692307692308,26.2693312619165,0,593,129,337,.,.,1,1,4,1,.
48,83.7,178.5,19.9013,1.3,15,20,54,4,0.4,0,0,1,0,1,82.2692307692308,26.2693312619165,0,593,.,351.08,.,.,0,2,4,0,0.333473199514546
48,83.7,178.5,19.9013,1.3,15,20,54,4,0.4,0,0,1,0,1,82.2692307692308,26.2693312619165,0,593,129,361,46,24,1,1,4,1,.
48,83.7,178.5,19.9013,1.3,15,20,54,4,0.4,0,0,1,0,1,82.2692307692308,26.2693312619165,0,593,129,1512,.,.,1,1,4,1,.
48,83.7,178.5,19.9013,1.3,15,20,54,4,0.4,0,0,1,0,1,82.2692307692308,26.2693312619165,0,593,.,1525.92,.,.,0,2,4,0,0.249831699090245
48,83.7,178.5,19.9013,1.3,15,20,54,4,0.4,0,0,1,0,1,82.2692307692308,26.2693312619165,0,593,129,1536,19,24,1,1,4,1,.
48,83.7,178.5,19.9013,1.3,15,20,54,4,0.4,0,0,1,0,1,82.2692307692308,26.2693312619165,0,593,129,2016,.,.,1,1,4,1,.
48,83.7,178.5,19.9013,1.3,15,20,54,4,0.4,0,0,1,0,1,82.2692307692308,26.2693312619165,0,593,.,2028.92,.,.,0,2,4,0,0.610804277741232
51,89,163.3,37.4222,0.91,20,23,93,4.3,0.3,0,1,0,0,2,102.760225885226,33.3747204867159,1,594,129,0,13,24,1,1,4,1,.
51,89,163.3,37.4222,0.91,20,23,93,4.3,0.3,0,1,0,0,2,102.760225885226,33.3747204867159,1,594,129,336,.,.,1,1,4,1,.
51,89,163.3,37.4222,0.91,20,23,93,4.3,0.3,0,1,0,0,2,102.760225885226,33.3747204867159,1,594,.,346.5,.,.,0,2,4,0,0.368080100372743
39,89.7,177.6,28.1545,0.79,19,21,61,4.5,0.5,0,1,0,0,1,159.277426160338,28.4384891648405,0,595,129,0,12,24,1,1,4,1,.
39,89.7,177.6,28.1545,0.79,19,21,61,4.5,0.5,0,1,0,0,1,159.277426160338,28.4384891648405,0,595,129,312.5,.,.,1,1,4,1,.
39,89.7,177.6,28.1545,0.79,19,21,61,4.5,0.5,0,1,0,0,1,159.277426160338,28.4384891648405,0,595,.,323.67,.,.,0,2,4,0,0.158835858043431
39,89.7,177.6,28.1545,0.79,19,21,61,4.5,0.5,0,1,0,0,1,159.277426160338,28.4384891648405,0,595,129,336.5,.,.,1,1,4,1,.
39,89.7,177.6,28.1545,0.79,19,21,61,4.5,0.5,0,1,0,0,1,159.277426160338,28.4384891648405,0,595,129,474.75,.,.,1,1,4,1,.
39,89.7,177.6,28.1545,0.79,19,21,61,4.5,0.5,0,1,0,0,1,159.277426160338,28.4384891648405,0,595,129,481.75,.,.,1,1,4,1,.
32,105.8,160.9,48.6599,0.74,25,29,83,4.6,1,1,0,0,0,2,182.290540540541,40.8670773202785,1,596,129,0,12,24,1,1,4,1,.
32,105.8,160.9,48.6599,0.74,25,29,83,4.6,1,1,0,0,0,2,182.290540540541,40.8670773202785,1,596,129,312.5,.,.,1,1,4,1,.
32,105.8,160.9,48.6599,0.74,25,29,83,4.6,1,1,0,0,0,2,182.290540540541,40.8670773202785,1,596,.,324.5,.,.,0,2,4,0,0.164032310585596
32,105.8,160.9,48.6599,0.74,25,29,83,4.6,1,1,0,0,0,2,182.290540540541,40.8670773202785,1,596,129,336.5,46,24,1,1,4,1,.
32,105.8,160.9,48.6599,0.74,25,29,83,4.6,1,1,0,0,0,2,182.290540540541,40.8670773202785,1,596,129,1465,.,.,1,1,4,1,.
32,105.8,160.9,48.6599,0.74,25,29,83,4.6,1,1,0,0,0,2,182.290540540541,40.8670773202785,1,596,.,1505.5,.,.,0,2,4,0,0.0492337168718276
32,105.8,160.9,48.6599,0.74,25,29,83,4.6,1,1,0,0,0,2,182.290540540541,40.8670773202785,1,596,129,1981.5,.,.,1,1,4,1,.
19,72.4,156.5,31.1809,0.69,12,18,69,3.9,0.6,0,0,1,0,2,149.886070853462,29.5603711378089,0,597,129,0,8,24,1,1,4,1,.
19,72.4,156.5,31.1809,0.69,12,18,69,3.9,0.6,0,0,1,0,2,149.886070853462,29.5603711378089,0,597,129,216.83,.,.,1,1,4,1,.
19,72.4,156.5,31.1809,0.69,12,18,69,3.9,0.6,0,0,1,0,2,149.886070853462,29.5603711378089,0,597,.,237.42,.,.,0,2,4,0,0.169139093441196
19,72.4,156.5,31.1809,0.69,12,18,69,3.9,0.6,0,0,1,0,2,149.886070853462,29.5603711378089,0,597,129,240.83,48,24,1,1,4,1,.
19,72.4,156.5,31.1809,0.69,12,18,69,3.9,0.6,0,0,1,0,2,149.886070853462,29.5603711378089,0,597,129,1418.33,.,.,1,1,4,1,.
19,72.4,156.5,31.1809,0.69,12,18,69,3.9,0.6,0,0,1,0,2,149.886070853462,29.5603711378089,0,597,.,1437.58,.,.,0,2,4,0,0.321974173604124
19,72.4,156.5,31.1809,0.69,12,18,69,3.9,0.6,0,0,1,0,2,149.886070853462,29.5603711378089,0,597,129,1442.33,24,24,1,1,4,1,.
19,72.4,156.5,31.1809,0.69,12,18,69,3.9,0.6,0,0,1,0,2,149.886070853462,29.5603711378089,0,597,129,2064.83,.,.,1,1,4,1,.
19,72.4,156.5,31.1809,0.69,12,18,69,3.9,0.6,0,0,1,0,2,149.886070853462,29.5603711378089,0,597,.,2085.75,.,.,0,2,4,0,0.372946496093508
46,46,151.8,13.3378,0.46,17,20,61,4.4,0.5,1,0,0,0,2,110.972222222222,19.9624705553559,0,598,129,0,8,24,1,1,4,1,.
46,46,151.8,13.3378,0.46,17,20,61,4.4,0.5,1,0,0,0,2,110.972222222222,19.9624705553559,0,598,129,216,.,.,1,1,4,1,.
46,46,151.8,13.3378,0.46,17,20,61,4.4,0.5,1,0,0,0,2,110.972222222222,19.9624705553559,0,598,.,238,.,.,0,2,4,0,0.17666057054413
46,46,151.8,13.3378,0.46,17,20,61,4.4,0.5,1,0,0,0,2,110.972222222222,19.9624705553559,0,598,129,240,.,.,1,1,4,1,.
46,46,151.8,13.3378,0.46,17,20,61,4.4,0.5,1,0,0,0,2,110.972222222222,19.9624705553559,0,598,129,619,21,24,1,1,4,1,.
46,46,151.8,13.3378,0.46,17,20,61,4.4,0.5,1,0,0,0,2,110.972222222222,19.9624705553559,0,598,129,1150,.,.,1,1,4,1,.
46,46,151.8,13.3378,0.46,17,20,61,4.4,0.5,1,0,0,0,2,110.972222222222,19.9624705553559,0,598,129,1171,7,24,1,1,4,1,.
37,75.5,174.2,16.7492,1.06,19,21,75,4.3,0.4,0,0,1,0,1,101.893343815514,24.8800157123066,0,599,129,0,12,24,1,1,4,1,.
37,75.5,174.2,16.7492,1.06,19,21,75,4.3,0.4,0,0,1,0,1,101.893343815514,24.8800157123066,0,599,129,312,.,.,1,1,4,1,.
37,75.5,174.2,16.7492,1.06,19,21,75,4.3,0.4,0,0,1,0,1,101.893343815514,24.8800157123066,0,599,.,332,.,.,0,2,4,0,0.231121844088594
37,75.5,174.2,16.7492,1.06,19,21,75,4.3,0.4,0,0,1,0,1,101.893343815514,24.8800157123066,0,599,129,336,47,24,1,1,4,1,.
37,75.5,174.2,16.7492,1.06,19,21,75,4.3,0.4,0,0,1,0,1,101.893343815514,24.8800157123066,0,599,129,1488.5,.,.,1,1,4,1,.
37,75.5,174.2,16.7492,1.06,19,21,75,4.3,0.4,0,0,1,0,1,101.893343815514,24.8800157123066,0,599,.,1512.5,.,.,0,2,4,0,0.0826468238922528
37,75.5,174.2,16.7492,1.06,19,21,75,4.3,0.4,0,0,1,0,1,101.893343815514,24.8800157123066,0,599,129,1992,.,.,1,1,4,1,.
37,75.5,174.2,16.7492,1.06,19,21,75,4.3,0.4,0,0,1,0,1,101.893343815514,24.8800157123066,0,599,.,2013,.,.,0,2,4,0,0.0504199586215837
34,58.5,164.1,20.6631,0.82,22,26,65,4.4,0.9,0,0,0,1,2,89.2759146341463,21.7239454695547,0,600,129,0,11,24,1,1,4,1,.
34,58.5,164.1,20.6631,0.82,22,26,65,4.4,0.9,0,0,0,1,2,89.2759146341463,21.7239454695547,0,600,129,309.42,.,.,1,1,4,1,.
34,58.5,164.1,20.6631,0.82,22,26,65,4.4,0.9,0,0,0,1,2,89.2759146341463,21.7239454695547,0,600,.,333.5,.,.,0,2,4,0,0.057065335577162
34,58.5,164.1,20.6631,0.82,22,26,65,4.4,0.9,0,0,0,1,2,89.2759146341463,21.7239454695547,0,600,129,382,17,24,1,1,4,1,.
34,58.5,164.1,20.6631,0.82,22,26,65,4.4,0.9,0,0,0,1,2,89.2759146341463,21.7239454695547,0,600,129,816,.,.,1,1,4,1,.
38,69.9,158.2,29.0727,0.78,15,22,55,4.6,0.5,0,1,0,0,2,107.911858974359,27.9295679427696,0,601,129,0,11,24,1,1,4,1,.
38,69.9,158.2,29.0727,0.78,15,22,55,4.6,0.5,0,1,0,0,2,107.911858974359,27.9295679427696,0,601,129,311.5,.,.,1,1,4,1,.
38,69.9,158.2,29.0727,0.78,15,22,55,4.6,0.5,0,1,0,0,2,107.911858974359,27.9295679427696,0,601,.,330,.,.,0,2,4,0,0.0711387668591955
38,69.9,158.2,29.0727,0.78,15,22,55,4.6,0.5,0,1,0,0,2,107.911858974359,27.9295679427696,0,601,129,335.5,47,24,1,1,4,1,.
38,69.9,158.2,29.0727,0.78,15,22,55,4.6,0.5,0,1,0,0,2,107.911858974359,27.9295679427696,0,601,129,1488.08,.,.,1,1,4,1,.
38,69.9,158.2,29.0727,0.78,15,22,55,4.6,0.5,0,1,0,0,2,107.911858974359,27.9295679427696,0,601,129,1512.08,18,24,1,1,4,1,.
38,69.9,158.2,29.0727,0.78,15,22,55,4.6,0.5,0,1,0,0,2,107.911858974359,27.9295679427696,0,601,129,1990.92,.,.,1,1,4,1,.
38,69.9,158.2,29.0727,0.78,15,22,55,4.6,0.5,0,1,0,0,2,107.911858974359,27.9295679427696,0,601,.,2012.33,.,.,0,2,4,0,0.1517375464729
31,45.2,162.7,11.4925,0.7,15,19,36,4.4,0.5,0,1,0,0,2,83.090873015873,17.075102875606,0,602,129,0,.,.,1,1,4,1,.
31,45.2,162.7,11.4925,0.7,15,19,36,4.4,0.5,0,1,0,0,2,83.090873015873,17.075102875606,0,602,.,22.67,.,.,0,2,4,0,0.0434938106125134
31,45.2,162.7,11.4925,0.7,15,19,36,4.4,0.5,0,1,0,0,2,83.090873015873,17.075102875606,0,602,129,432.58,60,24,1,1,4,1,.
31,45.2,162.7,11.4925,0.7,15,19,36,4.4,0.5,0,1,0,0,2,83.090873015873,17.075102875606,0,602,129,1897,.,.,1,1,4,1,.
31,45.2,162.7,11.4925,0.7,15,19,36,4.4,0.5,0,1,0,0,2,83.090873015873,17.075102875606,0,602,129,1921,19,24,1,1,4,1,.
31,45.2,162.7,11.4925,0.7,15,19,36,4.4,0.5,0,1,0,0,2,83.090873015873,17.075102875606,0,602,129,2403.58,.,.,1,1,4,1,.
28,85,165.5,22.5661,0.87,28,27,85,4.4,0.5,1,0,0,0,1,151.979565772669,31.0329405536642,1,603,129,0,11,24,1,1,4,1,.
28,85,165.5,22.5661,0.87,28,27,85,4.4,0.5,1,0,0,0,1,151.979565772669,31.0329405536642,1,603,129,311.5,.,.,1,1,4,1,.
28,85,165.5,22.5661,0.87,28,27,85,4.4,0.5,1,0,0,0,1,151.979565772669,31.0329405536642,1,603,.,326.5,.,.,0,2,4,0,0.10296287800359
28,85,165.5,22.5661,0.87,28,27,85,4.4,0.5,1,0,0,0,1,151.979565772669,31.0329405536642,1,603,129,335.5,47,24,1,1,4,1,.
28,85,165.5,22.5661,0.87,28,27,85,4.4,0.5,1,0,0,0,1,151.979565772669,31.0329405536642,1,603,129,1487.5,.,.,1,1,4,1,.
28,85,165.5,22.5661,0.87,28,27,85,4.4,0.5,1,0,0,0,1,151.979565772669,31.0329405536642,1,603,.,1506,.,.,0,2,4,0,0.157192920552205
28,85,165.5,22.5661,0.87,28,27,85,4.4,0.5,1,0,0,0,1,151.979565772669,31.0329405536642,1,603,129,1511.5,18,24,1,1,4,1,.
28,85,165.5,22.5661,0.87,28,27,85,4.4,0.5,1,0,0,0,1,151.979565772669,31.0329405536642,1,603,129,1982.75,.,.,1,1,4,1,.
28,85,165.5,22.5661,0.87,28,27,85,4.4,0.5,1,0,0,0,1,151.979565772669,31.0329405536642,1,603,.,2012.75,.,.,0,2,4,0,0.0895875108596972
49,60.9,157.1,14.8792,0.64,20,20,70,4.3,1.1,1,0,0,0,1,120.266927083333,24.6754409671476,0,604,129,0,12,24,1,1,4,1,.
49,60.9,157.1,14.8792,0.64,20,20,70,4.3,1.1,1,0,0,0,1,120.266927083333,24.6754409671476,0,604,129,335,.,.,1,1,4,1,.
49,60.9,157.1,14.8792,0.64,20,20,70,4.3,1.1,1,0,0,0,1,120.266927083333,24.6754409671476,0,604,.,354.67,.,.,0,2,4,0,0.168079515305473
49,60.9,157.1,14.8792,0.64,20,20,70,4.3,1.1,1,0,0,0,1,120.266927083333,24.6754409671476,0,604,129,359,46,24,1,1,4,1,.
49,60.9,157.1,14.8792,0.64,20,20,70,4.3,1.1,1,0,0,0,1,120.266927083333,24.6754409671476,0,604,129,1488,.,.,1,1,4,1,.
49,60.9,157.1,14.8792,0.64,20,20,70,4.3,1.1,1,0,0,0,1,120.266927083333,24.6754409671476,0,604,129,1512,18,24,1,1,4,1,.
49,60.9,157.1,14.8792,0.64,20,20,70,4.3,1.1,1,0,0,0,1,120.266927083333,24.6754409671476,0,604,129,1990,.,.,1,1,4,1,.
30,77.7,172.1,23.4189,0.99,42,24,72,4.7,0.7,0,0,0,1,1,119.907407407407,26.2336837122587,0,605,129,0,12,24,1,1,4,1,.
30,77.7,172.1,23.4189,0.99,42,24,72,4.7,0.7,0,0,0,1,1,119.907407407407,26.2336837122587,0,605,129,332.58,.,.,1,1,4,1,.
30,77.7,172.1,23.4189,0.99,42,24,72,4.7,0.7,0,0,0,1,1,119.907407407407,26.2336837122587,0,605,129,356.58,46,24,1,1,4,1,.
30,77.7,172.1,23.4189,0.99,42,24,72,4.7,0.7,0,0,0,1,1,119.907407407407,26.2336837122587,0,605,129,1507.42,.,.,1,1,4,1,.
30,77.7,172.1,23.4189,0.99,42,24,72,4.7,0.7,0,0,0,1,1,119.907407407407,26.2336837122587,0,605,.,1531,.,.,0,2,4,0,0.178013874856149
30,77.7,172.1,23.4189,0.99,42,24,72,4.7,0.7,0,0,0,1,1,119.907407407407,26.2336837122587,0,605,129,1531.42,16,24,1,1,4,1,.
30,77.7,172.1,23.4189,0.99,42,24,72,4.7,0.7,0,0,0,1,1,119.907407407407,26.2336837122587,0,605,129,1940.33,.,.,1,1,4,1,.
29,67.8,189.9,10.7277,0.93,20,29,72,5,0.8,0,1,0,0,1,112.39247311828,18.800948699199,0,606,129,0,12,24,1,1,4,1,.
29,67.8,189.9,10.7277,0.93,20,29,72,5,0.8,0,1,0,0,1,112.39247311828,18.800948699199,0,606,129,313.67,.,.,1,1,4,1,.
29,67.8,189.9,10.7277,0.93,20,29,72,5,0.8,0,1,0,0,1,112.39247311828,18.800948699199,0,606,.,335.53,.,.,0,2,4,0,0.147531003086485
29,67.8,189.9,10.7277,0.93,20,29,72,5,0.8,0,1,0,0,1,112.39247311828,18.800948699199,0,606,129,337.67,46,24,1,1,4,1,.
29,67.8,189.9,10.7277,0.93,20,29,72,5,0.8,0,1,0,0,1,112.39247311828,18.800948699199,0,606,129,1488,.,.,1,1,4,1,.
29,67.8,189.9,10.7277,0.93,20,29,72,5,0.8,0,1,0,0,1,112.39247311828,18.800948699199,0,606,.,1507.58,.,.,0,2,4,0,0.163391497988245
29,67.8,189.9,10.7277,0.93,20,29,72,5,0.8,0,1,0,0,1,112.39247311828,18.800948699199,0,606,129,1512,19,24,1,1,4,1,.
29,67.8,189.9,10.7277,0.93,20,29,72,5,0.8,0,1,0,0,1,112.39247311828,18.800948699199,0,606,129,1994,.,.,1,1,4,1,.
58,65.6,152.8,27.8429,0.78,12,21,106,4.3,0.3,0,0,1,0,2,81.4159544159544,28.0968175214495,0,607,129,0,11,24,1,1,4,1,.
58,65.6,152.8,27.8429,0.78,12,21,106,4.3,0.3,0,0,1,0,2,81.4159544159544,28.0968175214495,0,607,129,308.92,.,.,1,1,4,1,.
58,65.6,152.8,27.8429,0.78,12,21,106,4.3,0.3,0,0,1,0,2,81.4159544159544,28.0968175214495,0,607,.,331.58,.,.,0,2,4,0,0.153678587668261
58,65.6,152.8,27.8429,0.78,12,21,106,4.3,0.3,0,0,1,0,2,81.4159544159544,28.0968175214495,0,607,129,332.92,47,24,1,1,4,1,.
58,65.6,152.8,27.8429,0.78,12,21,106,4.3,0.3,0,0,1,0,2,81.4159544159544,28.0968175214495,0,607,129,1485.58,.,.,1,1,4,1,.
58,65.6,152.8,27.8429,0.78,12,21,106,4.3,0.3,0,0,1,0,2,81.4159544159544,28.0968175214495,0,607,.,1504,.,.,0,2,4,0,0.280468958727279
58,65.6,152.8,27.8429,0.78,12,21,106,4.3,0.3,0,0,1,0,2,81.4159544159544,28.0968175214495,0,607,129,1509.58,18,24,1,1,4,1,.
58,65.6,152.8,27.8429,0.78,12,21,106,4.3,0.3,0,0,1,0,2,81.4159544159544,28.0968175214495,0,607,129,1988.5,.,.,1,1,4,1,.
59,141.9,185.3,46.0706,1.18,19,23,45,4.3,0.7,0,0,1,0,1,135.286016949153,41.3267789081401,1,608,129,0,12,24,1,1,4,1,.
59,141.9,185.3,46.0706,1.18,19,23,45,4.3,0.7,0,0,1,0,1,135.286016949153,41.3267789081401,1,608,129,313,.,.,1,1,4,1,.
59,141.9,185.3,46.0706,1.18,19,23,45,4.3,0.7,0,0,1,0,1,135.286016949153,41.3267789081401,1,608,.,329,.,.,0,2,4,0,0.160935839587464
59,141.9,185.3,46.0706,1.18,19,23,45,4.3,0.7,0,0,1,0,1,135.286016949153,41.3267789081401,1,608,129,337,46,24,1,1,4,1,.
59,141.9,185.3,46.0706,1.18,19,23,45,4.3,0.7,0,0,1,0,1,135.286016949153,41.3267789081401,1,608,129,1488,.,.,1,1,4,1,.
59,141.9,185.3,46.0706,1.18,19,23,45,4.3,0.7,0,0,1,0,1,135.286016949153,41.3267789081401,1,608,.,1504.53,.,.,0,2,4,0,0.155356390851142
28,87.8,172.8,26.6638,1.11,21,19,55,4.7,1,0,0,1,0,1,123.043043043043,29.4040423525377,0,609,129,0,12,24,1,1,4,1,.
28,87.8,172.8,26.6638,1.11,21,19,55,4.7,1,0,0,1,0,1,123.043043043043,29.4040423525377,0,609,129,335,.,.,1,1,4,1,.
28,87.8,172.8,26.6638,1.11,21,19,55,4.7,1,0,0,1,0,1,123.043043043043,29.4040423525377,0,609,.,351.42,.,.,0,2,4,0,0.0409669300018333
28,87.8,172.8,26.6638,1.11,21,19,55,4.7,1,0,0,1,0,1,123.043043043043,29.4040423525377,0,609,129,359,46,24,1,1,4,1,.
28,87.8,172.8,26.6638,1.11,21,19,55,4.7,1,0,0,1,0,1,123.043043043043,29.4040423525377,0,609,129,1489,.,.,1,1,4,1,.
28,87.8,172.8,26.6638,1.11,21,19,55,4.7,1,0,0,1,0,1,123.043043043043,29.4040423525377,0,609,129,1513,20,24,1,1,4,1,.
28,87.8,172.8,26.6638,1.11,21,19,55,4.7,1,0,0,1,0,1,123.043043043043,29.4040423525377,0,609,129,2019.5,.,.,1,1,4,1,.
28,87.8,172.8,26.6638,1.11,21,19,55,4.7,1,0,0,1,0,1,123.043043043043,29.4040423525377,0,609,.,2033.92,.,.,0,2,4,0,0.0916188433184726
58,46.6,162.7,12.0396,0.5,21,26,72,4.4,0.7,0,0,1,0,2,90.2227777777778,17.6039777434345,0,610,129,0,.,.,1,1,4,1,.
58,46.6,162.7,12.0396,0.5,21,26,72,4.4,0.7,0,0,1,0,2,90.2227777777778,17.6039777434345,0,610,129,47,2,24,1,1,4,1,.
58,46.6,162.7,12.0396,0.5,21,26,72,4.4,0.7,0,0,1,0,2,90.2227777777778,17.6039777434345,0,610,129,120,.,.,1,1,4,1,.
58,46.6,162.7,12.0396,0.5,21,26,72,4.4,0.7,0,0,1,0,2,90.2227777777778,17.6039777434345,0,610,.,158.7,.,.,0,2,4,0,0.258064428777564
31,59.1,174.8,14.5948,0.7,17,18,45,4.4,0.7,0,1,0,0,2,108.643154761905,19.3421445365478,0,611,129,0,13,24,1,1,4,1,.
31,59.1,174.8,14.5948,0.7,17,18,45,4.4,0.7,0,1,0,0,2,108.643154761905,19.3421445365478,0,611,129,336.67,.,.,1,1,4,1,.
31,59.1,174.8,14.5948,0.7,17,18,45,4.4,0.7,0,1,0,0,2,108.643154761905,19.3421445365478,0,611,.,349.42,.,.,0,2,4,0,0.374186635969016
31,59.1,174.8,14.5948,0.7,17,18,45,4.4,0.7,0,1,0,0,2,108.643154761905,19.3421445365478,0,611,129,360.67,.,.,1,1,4,1,.
31,59.1,174.8,14.5948,0.7,17,18,45,4.4,0.7,0,1,0,0,2,108.643154761905,19.3421445365478,0,611,129,765.67,.,.,1,1,4,1,.
31,59.1,174.8,14.5948,0.7,17,18,45,4.4,0.7,0,1,0,0,2,108.643154761905,19.3421445365478,0,611,129,1293.67,7,24,1,1,4,1,.
31,59.1,174.8,14.5948,0.7,17,18,45,4.4,0.7,0,1,0,0,2,108.643154761905,19.3421445365478,0,611,129,1488.67,.,.,1,1,4,1,.
31,59.1,174.8,14.5948,0.7,17,18,45,4.4,0.7,0,1,0,0,2,108.643154761905,19.3421445365478,0,611,129,1512.67,21,24,1,1,4,1,.
31,59.1,174.8,14.5948,0.7,17,18,45,4.4,0.7,0,1,0,0,2,108.643154761905,19.3421445365478,0,611,129,2041.17,.,.,1,1,4,1,.
31,59.1,174.8,14.5948,0.7,17,18,45,4.4,0.7,0,1,0,0,2,108.643154761905,19.3421445365478,0,611,.,2052.5,.,.,0,2,4,0,0.227920197647044
42,52.3,156.6,15.1284,0.62,20,21,53,4.7,1.1,0,0,0,0,2,97.5938620071684,21.3264305834879,0,612,129,0,11,24,1,1,4,1,.
42,52.3,156.6,15.1284,0.62,20,21,53,4.7,1.1,0,0,0,0,2,97.5938620071684,21.3264305834879,0,612,129,311,.,.,1,1,4,1,.
42,52.3,156.6,15.1284,0.62,20,21,53,4.7,1.1,0,0,0,0,2,97.5938620071684,21.3264305834879,0,612,.,326.75,.,.,0,2,4,0,0.300995099235335
42,52.3,156.6,15.1284,0.62,20,21,53,4.7,1.1,0,0,0,0,2,97.5938620071684,21.3264305834879,0,612,129,335,.,.,1,1,4,1,.
42,52.3,156.6,15.1284,0.62,20,21,53,4.7,1.1,0,0,0,0,2,97.5938620071684,21.3264305834879,0,612,258,359.5,.,.,1,1,4,1,.
42,52.3,156.6,15.1284,0.62,20,21,53,4.7,1.1,0,0,0,0,2,97.5938620071684,21.3264305834879,0,612,129,383.5,45,24,1,1,4,1,.
42,52.3,156.6,15.1284,0.62,20,21,53,4.7,1.1,0,0,0,0,2,97.5938620071684,21.3264305834879,0,612,129,1487.5,.,.,1,1,4,1,.
42,52.3,156.6,15.1284,0.62,20,21,53,4.7,1.1,0,0,0,0,2,97.5938620071684,21.3264305834879,0,612,.,1504.33,.,.,0,2,4,0,0.292467597232087
42,52.3,156.6,15.1284,0.62,20,21,53,4.7,1.1,0,0,0,0,2,97.5938620071684,21.3264305834879,0,612,129,1511.5,19,24,1,1,4,1,.
42,52.3,156.6,15.1284,0.62,20,21,53,4.7,1.1,0,0,0,0,2,97.5938620071684,21.3264305834879,0,612,129,1992,.,.,1,1,4,1,.
55,93.1,162.1,42.7769,0.8,17,22,81,4.3,0.2,0,1,0,0,2,116.779079861111,35.4310196864792,1,613,129,0,12,24,1,1,4,1,.
55,93.1,162.1,42.7769,0.8,17,22,81,4.3,0.2,0,1,0,0,2,116.779079861111,35.4310196864792,1,613,129,312,.,.,1,1,4,1,.
55,93.1,162.1,42.7769,0.8,17,22,81,4.3,0.2,0,1,0,0,2,116.779079861111,35.4310196864792,1,613,.,328.5,.,.,0,2,4,0,0.183695412006428
55,93.1,162.1,42.7769,0.8,17,22,81,4.3,0.2,0,1,0,0,2,116.779079861111,35.4310196864792,1,613,129,336,34,24,1,1,4,1,.
55,93.1,162.1,42.7769,0.8,17,22,81,4.3,0.2,0,1,0,0,2,116.779079861111,35.4310196864792,1,613,129,1199.5,.,.,1,1,4,1,.
35,64.1,172.1,16.6485,0.85,18,21,88,4.5,0.6,0,0,0,1,1,109.975490196078,21.6419449929959,0,614,129,0,13,24,1,1,4,1,.
35,64.1,172.1,16.6485,0.85,18,21,88,4.5,0.6,0,0,0,1,1,109.975490196078,21.6419449929959,0,614,129,336,.,.,1,1,4,1,.
35,64.1,172.1,16.6485,0.85,18,21,88,4.5,0.6,0,0,0,1,1,109.975490196078,21.6419449929959,0,614,.,353,.,.,0,2,4,0,0.0510114901800315
35,64.1,172.1,16.6485,0.85,18,21,88,4.5,0.6,0,0,0,1,1,109.975490196078,21.6419449929959,0,614,129,360,47,24,1,1,4,1,.
35,64.1,172.1,16.6485,0.85,18,21,88,4.5,0.6,0,0,0,1,1,109.975490196078,21.6419449929959,0,614,129,1512,.,.,1,1,4,1,.
35,64.1,172.1,16.6485,0.85,18,21,88,4.5,0.6,0,0,0,1,1,109.975490196078,21.6419449929959,0,614,.,1527.33,.,.,0,2,4,0,0.321332579481559
35,64.1,172.1,16.6485,0.85,18,21,88,4.5,0.6,0,0,0,1,1,109.975490196078,21.6419449929959,0,614,129,1536,20,24,1,1,4,1,.
35,64.1,172.1,16.6485,0.85,18,21,88,4.5,0.6,0,0,0,1,1,109.975490196078,21.6419449929959,0,614,129,2040,.,.,1,1,4,1,.
35,64.1,172.1,16.6485,0.85,18,21,88,4.5,0.6,0,0,0,1,1,109.975490196078,21.6419449929959,0,614,.,2056.75,.,.,0,2,4,0,0.315604477079541
36,116.5,169.8,54.5857,0.76,30,29,57,3.8,0.7,0,1,0,0,2,188.205409356725,40.406436728029,1,615,129,0,11,24,1,1,4,1,.
36,116.5,169.8,54.5857,0.76,30,29,57,3.8,0.7,0,1,0,0,2,188.205409356725,40.406436728029,1,615,129,311.8,.,.,1,1,4,1,.
36,116.5,169.8,54.5857,0.76,30,29,57,3.8,0.7,0,1,0,0,2,188.205409356725,40.406436728029,1,615,.,331.3,.,.,0,2,4,0,0.220861399928174
36,116.5,169.8,54.5857,0.76,30,29,57,3.8,0.7,0,1,0,0,2,188.205409356725,40.406436728029,1,615,129,335.8,.,.,1,1,4,1,.
36,116.5,169.8,54.5857,0.76,30,29,57,3.8,0.7,0,1,0,0,2,188.205409356725,40.406436728029,1,615,258,1055.8,.,.,1,1,4,1,.
36,116.5,169.8,54.5857,0.76,30,29,57,3.8,0.7,0,1,0,0,2,188.205409356725,40.406436728029,1,615,129,1079.8,16,24,1,1,4,1,.
36,116.5,169.8,54.5857,0.76,30,29,57,3.8,0.7,0,1,0,0,2,188.205409356725,40.406436728029,1,615,129,1487.8,.,.,1,1,4,1,.
36,116.5,169.8,54.5857,0.76,30,29,57,3.8,0.7,0,1,0,0,2,188.205409356725,40.406436728029,1,615,.,1504.47,.,.,0,2,4,0,0.0895681209786925
24,62.6,172.8,11.5917,1.12,24,28,74,4.6,0.6,1,0,0,0,1,90.0496031746032,20.964613340192,0,616,129,0,11,24,1,1,4,1,.
24,62.6,172.8,11.5917,1.12,24,28,74,4.6,0.6,1,0,0,0,1,90.0496031746032,20.964613340192,0,616,129,311.5,.,.,1,1,4,1,.
24,62.6,172.8,11.5917,1.12,24,28,74,4.6,0.6,1,0,0,0,1,90.0496031746032,20.964613340192,0,616,.,324.25,.,.,0,2,4,0,0.327413012146916
24,62.6,172.8,11.5917,1.12,24,28,74,4.6,0.6,1,0,0,0,1,90.0496031746032,20.964613340192,0,616,129,335.5,47,24,1,1,4,1,.
24,62.6,172.8,11.5917,1.12,24,28,74,4.6,0.6,1,0,0,0,1,90.0496031746032,20.964613340192,0,616,129,1487.67,.,.,1,1,4,1,.
24,62.6,172.8,11.5917,1.12,24,28,74,4.6,0.6,1,0,0,0,1,90.0496031746032,20.964613340192,0,616,.,1500.47,.,.,0,2,4,0,0.385373118230336
24,62.6,172.8,11.5917,1.12,24,28,74,4.6,0.6,1,0,0,0,1,90.0496031746032,20.964613340192,0,616,129,1511.67,18,24,1,1,4,1,.
24,62.6,172.8,11.5917,1.12,24,28,74,4.6,0.6,1,0,0,0,1,90.0496031746032,20.964613340192,0,616,129,1991.5,.,.,1,1,4,1,.
24,62.6,172.8,11.5917,1.12,24,28,74,4.6,0.6,1,0,0,0,1,90.0496031746032,20.964613340192,0,616,.,2004.48,.,.,0,2,4,0,0.214981115046336
51,102.8,161.8,48.1285,0.5,15,11,72,4,0.4,1,0,0,0,2,216.022777777778,39.2677556720516,1,617,129,0,13,24,1,1,4,1,.
51,102.8,161.8,48.1285,0.5,15,11,72,4,0.4,1,0,0,0,2,216.022777777778,39.2677556720516,1,617,129,336,.,.,1,1,4,1,.
51,102.8,161.8,48.1285,0.5,15,11,72,4,0.4,1,0,0,0,2,216.022777777778,39.2677556720516,1,617,.,350.42,.,.,0,2,4,0,0.224940289893761
51,102.8,161.8,48.1285,0.5,15,11,72,4,0.4,1,0,0,0,2,216.022777777778,39.2677556720516,1,617,129,360,46,24,1,1,4,1,.
51,102.8,161.8,48.1285,0.5,15,11,72,4,0.4,1,0,0,0,2,216.022777777778,39.2677556720516,1,617,129,1489.5,.,.,1,1,4,1,.
51,102.8,161.8,48.1285,0.5,15,11,72,4,0.4,1,0,0,0,2,216.022777777778,39.2677556720516,1,617,.,1502.83,.,.,0,2,4,0,0.129557538218888
51,102.8,161.8,48.1285,0.5,15,11,72,4,0.4,1,0,0,0,2,216.022777777778,39.2677556720516,1,617,129,1513.5,19,24,1,1,4,1,.
51,102.8,161.8,48.1285,0.5,15,11,72,4,0.4,1,0,0,0,2,216.022777777778,39.2677556720516,1,617,129,1993.5,.,.,1,1,4,1,.
51,102.8,161.8,48.1285,0.5,15,11,72,4,0.4,1,0,0,0,2,216.022777777778,39.2677556720516,1,617,.,2030.75,.,.,0,2,4,0,0.138326136437488
31,91,176,18.7815,1.42,20,28,56,3.8,1.1,0,0,1,0,1,97.0168231611894,29.3775826446281,0,618,129,0,10,24,1,1,4,1,.
31,91,176,18.7815,1.42,20,28,56,3.8,1.1,0,0,1,0,1,97.0168231611894,29.3775826446281,0,618,129,287,.,.,1,1,4,1,.
31,91,176,18.7815,1.42,20,28,56,3.8,1.1,0,0,1,0,1,97.0168231611894,29.3775826446281,0,618,.,302.83,.,.,0,2,4,0,0.195219551339574
31,91,176,18.7815,1.42,20,28,56,3.8,1.1,0,0,1,0,1,97.0168231611894,29.3775826446281,0,618,129,311,47,24,1,1,4,1,.
31,91,176,18.7815,1.42,20,28,56,3.8,1.1,0,0,1,0,1,97.0168231611894,29.3775826446281,0,618,129,1465,.,.,1,1,4,1,.
31,91,176,18.7815,1.42,20,28,56,3.8,1.1,0,0,1,0,1,97.0168231611894,29.3775826446281,0,618,129,1489,19,24,1,1,4,1,.
31,91,176,18.7815,1.42,20,28,56,3.8,1.1,0,0,1,0,1,97.0168231611894,29.3775826446281,0,618,129,1969,.,.,1,1,4,1,.
34,70.4,171.3,19.9718,0.9,19,23,71,4.8,1.2,0,1,0,0,1,115.160493827161,23.9915293543518,0,619,129,0,10,24,1,1,4,1,.
34,70.4,171.3,19.9718,0.9,19,23,71,4.8,1.2,0,1,0,0,1,115.160493827161,23.9915293543518,0,619,129,284.5,.,.,1,1,4,1,.
34,70.4,171.3,19.9718,0.9,19,23,71,4.8,1.2,0,1,0,0,1,115.160493827161,23.9915293543518,0,619,.,299.67,.,.,0,2,4,0,0.139911616518984
34,70.4,171.3,19.9718,0.9,19,23,71,4.8,1.2,0,1,0,0,1,115.160493827161,23.9915293543518,0,619,129,308.5,48,24,1,1,4,1,.
34,70.4,171.3,19.9718,0.9,19,23,71,4.8,1.2,0,1,0,0,1,115.160493827161,23.9915293543518,0,619,129,1485,.,.,1,1,4,1,.
34,70.4,171.3,19.9718,0.9,19,23,71,4.8,1.2,0,1,0,0,1,115.160493827161,23.9915293543518,0,619,.,1499.08,.,.,0,2,4,0,0.159769791903952
34,70.4,171.3,19.9718,0.9,19,23,71,4.8,1.2,0,1,0,0,1,115.160493827161,23.9915293543518,0,619,129,1509,22,24,1,1,4,1,.
34,70.4,171.3,19.9718,0.9,19,23,71,4.8,1.2,0,1,0,0,1,115.160493827161,23.9915293543518,0,619,129,2061.5,.,.,1,1,4,1,.
34,70.4,171.3,19.9718,0.9,19,23,71,4.8,1.2,0,1,0,0,1,115.160493827161,23.9915293543518,0,619,.,2080.83,.,.,0,2,4,0,0.0865840721133203
59,85.6,157.3,43.9944,0.73,18,20,74,4.3,0.7,0,1,0,0,2,112.130136986301,34.5952377392012,1,620,129,0,19,24,1,1,4,1,.
59,85.6,157.3,43.9944,0.73,18,20,74,4.3,0.7,0,1,0,0,2,112.130136986301,34.5952377392012,1,620,129,480,.,.,1,1,4,1,.
59,85.6,157.3,43.9944,0.73,18,20,74,4.3,0.7,0,1,0,0,2,112.130136986301,34.5952377392012,1,620,.,500.25,.,.,0,2,4,0,0.239656496017977
59,85.6,157.3,43.9944,0.73,18,20,74,4.3,0.7,0,1,0,0,2,112.130136986301,34.5952377392012,1,620,129,504,.,.,1,1,4,1,.
59,85.6,157.3,43.9944,0.73,18,20,74,4.3,0.7,0,1,0,0,2,112.130136986301,34.5952377392012,1,620,129,1344,10,24,1,1,4,1,.
59,85.6,157.3,43.9944,0.73,18,20,74,4.3,0.7,0,1,0,0,2,112.130136986301,34.5952377392012,1,620,129,1609.75,.,.,1,1,4,1,.
59,85.6,157.3,43.9944,0.73,18,20,74,4.3,0.7,0,1,0,0,2,112.130136986301,34.5952377392012,1,620,.,1623.33,.,.,0,2,4,0,0.182543920430327
59,85.6,157.3,43.9944,0.73,18,20,74,4.3,0.7,0,1,0,0,2,112.130136986301,34.5952377392012,1,620,129,1633.75,.,.,1,1,4,1,.
59,85.6,157.3,43.9944,0.73,18,20,74,4.3,0.7,0,1,0,0,2,112.130136986301,34.5952377392012,1,620,129,1776,12,24,1,1,4,1,.
59,85.6,157.3,43.9944,0.73,18,20,74,4.3,0.7,0,1,0,0,2,112.130136986301,34.5952377392012,1,620,129,2088,.,.,1,1,4,1,.
20,84.3,160.7,35.1242,0.55,22,21,71,4.3,0.6,1,0,0,0,2,217.136363636364,32.6434326486215,1,621,129,0,11,24,1,1,4,1,.
20,84.3,160.7,35.1242,0.55,22,21,71,4.3,0.6,1,0,0,0,2,217.136363636364,32.6434326486215,1,621,129,310.08,.,.,1,1,4,1,.
20,84.3,160.7,35.1242,0.55,22,21,71,4.3,0.6,1,0,0,0,2,217.136363636364,32.6434326486215,1,621,.,324.58,.,.,0,2,4,0,0.0714066455384861
20,84.3,160.7,35.1242,0.55,22,21,71,4.3,0.6,1,0,0,0,2,217.136363636364,32.6434326486215,1,621,129,334.08,47,24,1,1,4,1,.
20,84.3,160.7,35.1242,0.55,22,21,71,4.3,0.6,1,0,0,0,2,217.136363636364,32.6434326486215,1,621,129,1500.33,.,.,1,1,4,1,.
20,84.3,160.7,35.1242,0.55,22,21,71,4.3,0.6,1,0,0,0,2,217.136363636364,32.6434326486215,1,621,.,1524.33,.,.,0,2,4,0,0.0451770553460048
20,84.3,160.7,35.1242,0.55,22,21,71,4.3,0.6,1,0,0,0,2,217.136363636364,32.6434326486215,1,621,129,1580.33,17,24,1,1,4,1,.
20,84.3,160.7,35.1242,0.55,22,21,71,4.3,0.6,1,0,0,0,2,217.136363636364,32.6434326486215,1,621,129,2013.33,.,.,1,1,4,1,.
20,84.3,160.7,35.1242,0.55,22,21,71,4.3,0.6,1,0,0,0,2,217.136363636364,32.6434326486215,1,621,.,2028.42,.,.,0,2,4,0,0.0907920504987495
53,101.7,182.9,31.6692,1.2,23,26,65,4.2,0.5,0,1,0,0,1,102.40625,30.4013970891783,1,622,129,0,11,24,1,1,4,1,.
53,101.7,182.9,31.6692,1.2,23,26,65,4.2,0.5,0,1,0,0,1,102.40625,30.4013970891783,1,622,129,311.5,.,.,1,1,4,1,.
53,101.7,182.9,31.6692,1.2,23,26,65,4.2,0.5,0,1,0,0,1,102.40625,30.4013970891783,1,622,.,328,.,.,0,2,4,0,0.0556272199520707
53,101.7,182.9,31.6692,1.2,23,26,65,4.2,0.5,0,1,0,0,1,102.40625,30.4013970891783,1,622,129,335.5,47,24,1,1,4,1,.
53,101.7,182.9,31.6692,1.2,23,26,65,4.2,0.5,0,1,0,0,1,102.40625,30.4013970891783,1,622,129,1487.5,.,.,1,1,4,1,.
53,101.7,182.9,31.6692,1.2,23,26,65,4.2,0.5,0,1,0,0,1,102.40625,30.4013970891783,1,622,.,1503.75,.,.,0,2,4,0,0.0813979457637697
53,101.7,182.9,31.6692,1.2,23,26,65,4.2,0.5,0,1,0,0,1,102.40625,30.4013970891783,1,622,129,1511.5,20,24,1,1,4,1,.
53,101.7,182.9,31.6692,1.2,23,26,65,4.2,0.5,0,1,0,0,1,102.40625,30.4013970891783,1,622,129,2015.5,.,.,1,1,4,1,.
53,101.7,182.9,31.6692,1.2,23,26,65,4.2,0.5,0,1,0,0,1,102.40625,30.4013970891783,1,622,.,2031.5,.,.,0,2,4,0,0.259654661961838
40,85.7,168.4,27.341,1.09,34,26,69,4.2,0.7,1,0,0,0,1,109.199796126402,30.2201522221156,1,623,129,0,10,24,1,1,4,1,.
40,85.7,168.4,27.341,1.09,34,26,69,4.2,0.7,1,0,0,0,1,109.199796126402,30.2201522221156,1,623,129,287,.,.,1,1,4,1,.
40,85.7,168.4,27.341,1.09,34,26,69,4.2,0.7,1,0,0,0,1,109.199796126402,30.2201522221156,1,623,.,308,.,.,0,2,4,0,0.106654562937883
40,85.7,168.4,27.341,1.09,34,26,69,4.2,0.7,1,0,0,0,1,109.199796126402,30.2201522221156,1,623,129,311,.,.,1,1,4,1,.
40,85.7,168.4,27.341,1.09,34,26,69,4.2,0.7,1,0,0,0,1,109.199796126402,30.2201522221156,1,623,129,696,.,.,1,1,4,1,.
40,85.7,168.4,27.341,1.09,34,26,69,4.2,0.7,1,0,0,0,1,109.199796126402,30.2201522221156,1,623,129,1224,16,24,1,1,4,1,.
40,85.7,168.4,27.341,1.09,34,26,69,4.2,0.7,1,0,0,0,1,109.199796126402,30.2201522221156,1,623,129,1632.83,.,.,1,1,4,1,.
40,85.7,168.4,27.341,1.09,34,26,69,4.2,0.7,1,0,0,0,1,109.199796126402,30.2201522221156,1,623,.,1652,.,.,0,2,4,0,0.0531757528251459
40,85.7,168.4,27.341,1.09,34,26,69,4.2,0.7,1,0,0,0,1,109.199796126402,30.2201522221156,1,623,129,1656.83,.,.,1,1,4,1,.
40,85.7,168.4,27.341,1.09,34,26,69,4.2,0.7,1,0,0,0,1,109.199796126402,30.2201522221156,1,623,129,1704,17,24,1,1,4,1,.
40,85.7,168.4,27.341,1.09,34,26,69,4.2,0.7,1,0,0,0,1,109.199796126402,30.2201522221156,1,623,129,2136,.,.,1,1,4,1,.
40,85.7,168.4,27.341,1.09,34,26,69,4.2,0.7,1,0,0,0,1,109.199796126402,30.2201522221156,1,623,.,2156.25,.,.,0,2,4,0,0.13608482133948
22,65.7,172.5,17.753,1.01,19,20,51,5.1,0.8,0,1,0,0,1,106.608910891089,22.0793950850662,0,624,129,0,12,24,1,1,4,1,.
22,65.7,172.5,17.753,1.01,19,20,51,5.1,0.8,0,1,0,0,1,106.608910891089,22.0793950850662,0,624,129,312.5,.,.,1,1,4,1,.
22,65.7,172.5,17.753,1.01,19,20,51,5.1,0.8,0,1,0,0,1,106.608910891089,22.0793950850662,0,624,.,329.75,.,.,0,2,4,0,0.299443363282477
22,65.7,172.5,17.753,1.01,19,20,51,5.1,0.8,0,1,0,0,1,106.608910891089,22.0793950850662,0,624,129,336.5,49,24,1,1,4,1,.
22,65.7,172.5,17.753,1.01,19,20,51,5.1,0.8,0,1,0,0,1,106.608910891089,22.0793950850662,0,624,129,1547.5,.,.,1,1,4,1,.
22,65.7,172.5,17.753,1.01,19,20,51,5.1,0.8,0,1,0,0,1,106.608910891089,22.0793950850662,0,624,129,1992.5,.,.,1,1,4,1,.
22,65.7,172.5,17.753,1.01,19,20,51,5.1,0.8,0,1,0,0,1,106.608910891089,22.0793950850662,0,624,.,2005.75,.,.,0,2,4,0,0.105580121913409
23,63.5,163.3,22.2937,0.73,11,20,49,4.4,0.7,0,1,0,0,2,120.149828767123,23.8123005719827,0,625,129,0,13,24,1,1,4,1,.
23,63.5,163.3,22.2937,0.73,11,20,49,4.4,0.7,0,1,0,0,2,120.149828767123,23.8123005719827,0,625,129,357,.,.,1,1,4,1,.
23,63.5,163.3,22.2937,0.73,11,20,49,4.4,0.7,0,1,0,0,2,120.149828767123,23.8123005719827,0,625,.,378.68,.,.,0,2,4,0,0.147942420038067
23,63.5,163.3,22.2937,0.73,11,20,49,4.4,0.7,0,1,0,0,2,120.149828767123,23.8123005719827,0,625,129,381,45,24,1,1,4,1,.
23,63.5,163.3,22.2937,0.73,11,20,49,4.4,0.7,0,1,0,0,2,120.149828767123,23.8123005719827,0,625,129,1485,.,.,1,1,4,1,.
23,63.5,163.3,22.2937,0.73,11,20,49,4.4,0.7,0,1,0,0,2,120.149828767123,23.8123005719827,0,625,129,1509,20,24,1,1,4,1,.
23,63.5,163.3,22.2937,0.73,11,20,49,4.4,0.7,0,1,0,0,2,120.149828767123,23.8123005719827,0,625,129,2016,.,.,1,1,4,1,.
23,63.5,163.3,22.2937,0.73,11,20,49,4.4,0.7,0,1,0,0,2,120.149828767123,23.8123005719827,0,625,.,2034.75,.,.,0,2,4,0,0.197692798467861
20,81.9,185.3,21.7389,1.04,19,30,72,4.5,1.1,1,0,0,0,1,131.25,23.8524537884191,0,626,129,0,11,24,1,1,4,1,.
20,81.9,185.3,21.7389,1.04,19,30,72,4.5,1.1,1,0,0,0,1,131.25,23.8524537884191,0,626,129,311,.,.,1,1,4,1,.
20,81.9,185.3,21.7389,1.04,19,30,72,4.5,1.1,1,0,0,0,1,131.25,23.8524537884191,0,626,.,331.85,.,.,0,2,4,0,0.221229118061487
20,81.9,185.3,21.7389,1.04,19,30,72,4.5,1.1,1,0,0,0,1,131.25,23.8524537884191,0,626,129,335,.,.,1,1,4,1,.
20,81.9,185.3,21.7389,1.04,19,30,72,4.5,1.1,1,0,0,0,1,131.25,23.8524537884191,0,626,129,1055,16,24,1,1,4,1,.
20,81.9,185.3,21.7389,1.04,19,30,72,4.5,1.1,1,0,0,0,1,131.25,23.8524537884191,0,626,129,1486.17,.,.,1,1,4,1,.
20,81.9,185.3,21.7389,1.04,19,30,72,4.5,1.1,1,0,0,0,1,131.25,23.8524537884191,0,626,.,1510.25,.,.,0,2,4,0,0.294213332748571
20,81.9,185.3,21.7389,1.04,19,30,72,4.5,1.1,1,0,0,0,1,131.25,23.8524537884191,0,626,129,1990.5,.,.,1,1,4,1,.
20,81.9,185.3,21.7389,1.04,19,30,72,4.5,1.1,1,0,0,0,1,131.25,23.8524537884191,0,626,.,2014.5,.,.,0,2,4,0,0.0724106821768073
51,76.9,160.3,31.9129,1,31,20,37,4.5,0.2,0,0,1,0,2,80.7984027777778,29.9267320436689,0,627,129,0,11,24,1,1,4,1,.
51,76.9,160.3,31.9129,1,31,20,37,4.5,0.2,0,0,1,0,2,80.7984027777778,29.9267320436689,0,627,129,311.75,.,.,1,1,4,1,.
51,76.9,160.3,31.9129,1,31,20,37,4.5,0.2,0,0,1,0,2,80.7984027777778,29.9267320436689,0,627,.,337,.,.,0,2,4,0,0.24349333846289
51,76.9,160.3,31.9129,1,31,20,37,4.5,0.2,0,0,1,0,2,80.7984027777778,29.9267320436689,0,627,129,1513.5,.,.,1,1,4,1,.
51,76.9,160.3,31.9129,1,31,20,37,4.5,0.2,0,0,1,0,2,80.7984027777778,29.9267320436689,0,627,.,1531.75,.,.,0,2,4,0,0.0719408382191256
51,76.9,160.3,31.9129,1,31,20,37,4.5,0.2,0,0,1,0,2,80.7984027777778,29.9267320436689,0,627,129,1537.5,16,24,1,1,4,1,.
51,76.9,160.3,31.9129,1,31,20,37,4.5,0.2,0,0,1,0,2,80.7984027777778,29.9267320436689,0,627,129,1945.5,.,.,1,1,4,1,.
51,76.9,160.3,31.9129,1,31,20,37,4.5,0.2,0,0,1,0,2,80.7984027777778,29.9267320436689,0,627,.,1967,.,.,0,2,4,0,0.397925599243095
44,58.4,148.8,22.7544,0.58,16,21,57,4.5,0.3,0,0,0,1,2,114.114942528736,26.3758816048098,0,628,129,0,13,24,1,1,4,1,.
44,58.4,148.8,22.7544,0.58,16,21,57,4.5,0.3,0,0,0,1,2,114.114942528736,26.3758816048098,0,628,129,336,.,.,1,1,4,1,.
44,58.4,148.8,22.7544,0.58,16,21,57,4.5,0.3,0,0,0,1,2,114.114942528736,26.3758816048098,0,628,.,352.87,.,.,0,2,4,0,0.219625644682478
44,58.4,148.8,22.7544,0.58,16,21,57,4.5,0.3,0,0,0,1,2,114.114942528736,26.3758816048098,0,628,129,360,44,24,1,1,4,1,.
44,58.4,148.8,22.7544,0.58,16,21,57,4.5,0.3,0,0,0,1,2,114.114942528736,26.3758816048098,0,628,129,1461.5,.,.,1,1,4,1,.
44,58.4,148.8,22.7544,0.58,16,21,57,4.5,0.3,0,0,0,1,2,114.114942528736,26.3758816048098,0,628,.,1476.75,.,.,0,2,4,0,0.446768174833618
44,58.4,148.8,22.7544,0.58,16,21,57,4.5,0.3,0,0,0,1,2,114.114942528736,26.3758816048098,0,628,129,1485.5,.,.,1,1,4,1,.
44,58.4,148.8,22.7544,0.58,16,21,57,4.5,0.3,0,0,0,1,2,114.114942528736,26.3758816048098,0,628,129,1629,8,24,1,1,4,1,.
44,58.4,148.8,22.7544,0.58,16,21,57,4.5,0.3,0,0,0,1,2,114.114942528736,26.3758816048098,0,628,129,1847,.,.,1,1,4,1,.
22,54.5,164.1,7.3458,1.04,22,26,88,4.4,0.9,0,0,1,0,1,85.8840811965812,20.2385474887305,0,629,129,0,12,24,1,1,4,1,.
22,54.5,164.1,7.3458,1.04,22,26,88,4.4,0.9,0,0,1,0,1,85.8840811965812,20.2385474887305,0,629,129,313.17,.,.,1,1,4,1,.
22,54.5,164.1,7.3458,1.04,22,26,88,4.4,0.9,0,0,1,0,1,85.8840811965812,20.2385474887305,0,629,.,326.67,.,.,0,2,4,0,0.129851960032648
22,54.5,164.1,7.3458,1.04,22,26,88,4.4,0.9,0,0,1,0,1,85.8840811965812,20.2385474887305,0,629,129,337.17,47,24,1,1,4,1,.
22,54.5,164.1,7.3458,1.04,22,26,88,4.4,0.9,0,0,1,0,1,85.8840811965812,20.2385474887305,0,629,129,1491,.,.,1,1,4,1,.
22,54.5,164.1,7.3458,1.04,22,26,88,4.4,0.9,0,0,1,0,1,85.8840811965812,20.2385474887305,0,629,129,1515,17,24,1,1,4,1,.
22,54.5,164.1,7.3458,1.04,22,26,88,4.4,0.9,0,0,1,0,1,85.8840811965812,20.2385474887305,0,629,129,1970.5,.,.,1,1,4,1,.
22,54.5,164.1,7.3458,1.04,22,26,88,4.4,0.9,0,0,1,0,1,85.8840811965812,20.2385474887305,0,629,.,1986.13,.,.,0,2,4,0,0.178226282263985
57,75.8,164.7,21.2152,0.89,19,19,83,4.2,0.7,0,1,0,0,1,98.1803995006242,27.943577566837,0,630,129,0,12,24,1,1,4,1,.
57,75.8,164.7,21.2152,0.89,19,19,83,4.2,0.7,0,1,0,0,1,98.1803995006242,27.943577566837,0,630,129,312,.,.,1,1,4,1,.
57,75.8,164.7,21.2152,0.89,19,19,83,4.2,0.7,0,1,0,0,1,98.1803995006242,27.943577566837,0,630,.,328.02,.,.,0,2,4,0,0.401161900173152
32,93.5,166.6,38.4711,0.91,14,19,68,3.9,0.3,0,0,1,0,2,131.002747252747,33.6869441654213,1,631,129,0,81,24,1,1,4,1,.
32,93.5,166.6,38.4711,0.91,14,19,68,3.9,0.3,0,0,1,0,2,131.002747252747,33.6869441654213,1,631,129,1968,.,.,1,1,4,1,.
32,93.5,166.6,38.4711,0.91,14,19,68,3.9,0.3,0,0,1,0,2,131.002747252747,33.6869441654213,1,631,.,1989.57,.,.,0,2,4,0,0.113597024189295
45,62.8,163.2,26.0308,0.68,17,19,57,4.1,0.5,0,1,0,0,2,103.576388888889,23.5786716647443,0,632,129,0,82,24,1,1,4,1,.
45,62.8,163.2,26.0308,0.68,17,19,57,4.1,0.5,0,1,0,0,2,103.576388888889,23.5786716647443,0,632,129,1992,.,.,1,1,4,1,.
45,62.8,163.2,26.0308,0.68,17,19,57,4.1,0.5,0,1,0,0,2,103.576388888889,23.5786716647443,0,632,.,2011.5,.,.,0,2,4,0,0.271861358824669
27,89.7,178.5,23.2253,1.04,8,14,49,4.6,0.7,0,0,0,0,1,135.364583333333,28.1524374455665,0,633,129,0,12,24,1,1,4,1,.
27,89.7,178.5,23.2253,1.04,8,14,49,4.6,0.7,0,0,0,0,1,135.364583333333,28.1524374455665,0,633,129,312.5,.,.,1,1,4,1,.
27,89.7,178.5,23.2253,1.04,8,14,49,4.6,0.7,0,0,0,0,1,135.364583333333,28.1524374455665,0,633,.,326,.,.,0,2,4,0,0.197118645313981
27,89.7,178.5,23.2253,1.04,8,14,49,4.6,0.7,0,0,0,0,1,135.364583333333,28.1524374455665,0,633,129,336.5,47,24,1,1,4,1,.
27,89.7,178.5,23.2253,1.04,8,14,49,4.6,0.7,0,0,0,0,1,135.364583333333,28.1524374455665,0,633,129,1488.5,.,.,1,1,4,1,.
27,89.7,178.5,23.2253,1.04,8,14,49,4.6,0.7,0,0,0,0,1,135.364583333333,28.1524374455665,0,633,.,1502.5,.,.,0,2,4,0,0.209051561947091
27,89.7,178.5,23.2253,1.04,8,14,49,4.6,0.7,0,0,0,0,1,135.364583333333,28.1524374455665,0,633,129,1512.5,19,24,1,1,4,1,.
27,89.7,178.5,23.2253,1.04,8,14,49,4.6,0.7,0,0,0,0,1,135.364583333333,28.1524374455665,0,633,129,1992.5,.,.,1,1,4,1,.
27,89.7,178.5,23.2253,1.04,8,14,49,4.6,0.7,0,0,0,0,1,135.364583333333,28.1524374455665,0,633,.,2007.47,.,.,0,2,4,0,0.2871989115875
22,45.7,159.5,9.1128,0.77,21,24,69,4.5,0.5,0,0,1,0,2,82.6787518037518,17.9636599483103,0,634,129,0,11,24,1,1,4,1,.
22,45.7,159.5,9.1128,0.77,21,24,69,4.5,0.5,0,0,1,0,2,82.6787518037518,17.9636599483103,0,634,129,311.08,.,.,1,1,4,1,.
22,45.7,159.5,9.1128,0.77,21,24,69,4.5,0.5,0,0,1,0,2,82.6787518037518,17.9636599483103,0,634,.,331.58,.,.,0,2,4,0,0.0939771268307624
22,45.7,159.5,9.1128,0.77,21,24,69,4.5,0.5,0,0,1,0,2,82.6787518037518,17.9636599483103,0,634,129,335.08,50,24,1,1,4,1,.
22,45.7,159.5,9.1128,0.77,21,24,69,4.5,0.5,0,0,1,0,2,82.6787518037518,17.9636599483103,0,634,129,1559.33,.,.,1,1,4,1,.
22,45.7,159.5,9.1128,0.77,21,24,69,4.5,0.5,0,0,1,0,2,82.6787518037518,17.9636599483103,0,634,.,1579.83,.,.,0,2,4,0,0.065758702218913
22,45.7,159.5,9.1128,0.77,21,24,69,4.5,0.5,0,0,1,0,2,82.6787518037518,17.9636599483103,0,634,129,1583.33,.,.,1,1,4,1,.
22,45.7,159.5,9.1128,0.77,21,24,69,4.5,0.5,0,0,1,0,2,82.6787518037518,17.9636599483103,0,634,129,1629.33,14,24,1,1,4,1,.
22,45.7,159.5,9.1128,0.77,21,24,69,4.5,0.5,0,0,1,0,2,82.6787518037518,17.9636599483103,0,634,129,1993.08,.,.,1,1,4,1,.
22,45.7,159.5,9.1128,0.77,21,24,69,4.5,0.5,0,0,1,0,2,82.6787518037518,17.9636599483103,0,634,.,2011.17,.,.,0,2,4,0,0.0690538852030542
33,94.8,172.4,26.6178,0.94,38,28,53,4.6,0.5,0,1,0,0,1,149.875886524823,31.8958231275671,1,635,129,0,.,.,1,1,4,1,.
33,94.8,172.4,26.6178,0.94,38,28,53,4.6,0.5,0,1,0,0,1,149.875886524823,31.8958231275671,1,635,129,334.95,45,24,1,1,4,1,.
33,94.8,172.4,26.6178,0.94,38,28,53,4.6,0.5,0,1,0,0,1,149.875886524823,31.8958231275671,1,635,129,1442.2,.,.,1,1,4,1,.
33,94.8,172.4,26.6178,0.94,38,28,53,4.6,0.5,0,1,0,0,1,149.875886524823,31.8958231275671,1,635,.,1454.7,.,.,0,2,4,0,0.187581761322604
33,94.8,172.4,26.6178,0.94,38,28,53,4.6,0.5,0,1,0,0,1,149.875886524823,31.8958231275671,1,635,129,1466.2,20,24,1,1,4,1,.
33,94.8,172.4,26.6178,0.94,38,28,53,4.6,0.5,0,1,0,0,1,149.875886524823,31.8958231275671,1,635,129,1992.95,.,.,1,1,4,1,.
33,94.8,172.4,26.6178,0.94,38,28,53,4.6,0.5,0,1,0,0,1,149.875886524823,31.8958231275671,1,635,.,2006.12,.,.,0,2,4,0,0.342503681520602
43,106.1,173.9,42.1173,0.78,16,22,45,4,0.2,0,1,0,0,2,155.768251424501,35.0845749888976,1,636,129,0,10,24,1,1,4,1,.
43,106.1,173.9,42.1173,0.78,16,22,45,4,0.2,0,1,0,0,2,155.768251424501,35.0845749888976,1,636,129,287.75,.,.,1,1,4,1,.
43,106.1,173.9,42.1173,0.78,16,22,45,4,0.2,0,1,0,0,2,155.768251424501,35.0845749888976,1,636,.,309.75,.,.,0,2,4,0,0.0833820427686396
43,106.1,173.9,42.1173,0.78,16,22,45,4,0.2,0,1,0,0,2,155.768251424501,35.0845749888976,1,636,129,311.75,4,24,1,1,4,1,.
43,106.1,173.9,42.1173,0.78,16,22,45,4,0.2,0,1,0,0,2,155.768251424501,35.0845749888976,1,636,129,432.17,.,.,1,1,4,1,.
43,106.1,173.9,42.1173,0.78,16,22,45,4,0.2,0,1,0,0,2,155.768251424501,35.0845749888976,1,636,.,448.5,.,.,0,2,4,0,0.0476026711694126
31,102.6,192.8,19.6961,1.1,18,19,43,5.1,0.8,0,1,0,0,1,141.204545454545,27.6015392296965,0,637,129,0,12,24,1,1,4,1,.
31,102.6,192.8,19.6961,1.1,18,19,43,5.1,0.8,0,1,0,0,1,141.204545454545,27.6015392296965,0,637,129,314,.,.,1,1,4,1,.
31,102.6,192.8,19.6961,1.1,18,19,43,5.1,0.8,0,1,0,0,1,141.204545454545,27.6015392296965,0,637,.,327.25,.,.,0,2,4,0,0.17030620417282
31,102.6,192.8,19.6961,1.1,18,19,43,5.1,0.8,0,1,0,0,1,141.204545454545,27.6015392296965,0,637,129,338,.,.,1,1,4,1,.
31,102.6,192.8,19.6961,1.1,18,19,43,5.1,0.8,0,1,0,0,1,141.204545454545,27.6015392296965,0,637,129,862,17,24,1,1,4,1,.
31,102.6,192.8,19.6961,1.1,18,19,43,5.1,0.8,0,1,0,0,1,141.204545454545,27.6015392296965,0,637,129,1298,.,.,1,1,4,1,.
31,102.6,192.8,19.6961,1.1,18,19,43,5.1,0.8,0,1,0,0,1,141.204545454545,27.6015392296965,0,637,129,1322,25,24,1,1,4,1,.
31,102.6,192.8,19.6961,1.1,18,19,43,5.1,0.8,0,1,0,0,1,141.204545454545,27.6015392296965,0,637,129,1946,.,.,1,1,4,1,.
